subject,session,condition,epoch,theta_frontal_uv2,alpha_posterior_uv2
P01,S1,base,0,2.9259310948811637,13.776043712222041
P01,S1,base,1,2.9387345038877695,8.92984259971565
P01,S1,base,2,6.040772640746978,32.49791856087645
P01,S1,base,3,3.9112431971780923,16.64592014989169
P01,S1,base,4,10.78723652076294,33.00006578427852
P01,S1,base,5,6.716646705774805,11.2508063398689
P01,S1,base,6,8.056601745664338,65.74297321901187
P01,S1,base,7,6.349335500617804,9.810885029749803
P01,S1,base,8,9.063687922868661,15.83575308179314
P01,S1,base,9,2.511827121698945,4.269650813680019
P01,S1,base,10,3.3740734407493913,5.7827244495665
P01,S1,base,11,3.712698453774255,5.024293486314479
P01,S1,base,12,2.551916160113058,6.09387308258789
P01,S1,base,13,4.084698716879917,4.535795976224757
P01,S1,base,14,4.350119380043248,7.570653418420869
P01,S1,base,15,3.5497988410908583,9.065702694614211
P01,S1,base,16,2.756301948491989,6.8002683240840005
P01,S1,base,17,3.789493306210671,4.095202315877547
P01,S1,base,18,5.10059865170334,17.173148639665747
P01,S1,base,19,8.627459356945137,11.419673406447277
P01,S1,base,20,4.0750334576290275,12.730543175560461
P01,S1,base,21,6.517861865270064,10.785231007186638
P01,S1,base,22,3.6414264708763735,11.236345886323614
P01,S1,base,23,3.3571894871479326,8.937556317921619
P01,S1,base,24,2.764043398260805,24.5950671056396
P01,S1,base,25,5.361330825761168,20.220237194827508
P01,S1,base,26,7.380017001075341,21.600007484688753
P01,S1,base,27,3.9714771398917157,4.707858444908263
P01,S1,base,28,5.403382823989387,23.40541879182533
P01,S1,base,29,4.894073134411586,32.49982686847549
P01,S1,lv0,0,7.65485356561724,9.80566945965236
P01,S1,lv0,1,3.866470474869841,4.538212326539566
P01,S1,lv0,2,6.919620913359843,4.303797645021335
P01,S1,lv0,3,6.837322895622002,7.076907780616287
P01,S1,lv0,4,9.087956992342818,10.771199093414257
P01,S1,lv0,5,4.728323760546049,4.193980923953626
P01,S1,lv0,6,3.812888588423639,6.799785448405522
P01,S1,lv0,7,11.03356917874073,9.16915552530402
P01,S1,lv0,8,13.294499317961707,5.78022535664586
P01,S1,lv0,9,6.241151970501619,6.16080114191027
P01,S1,lv0,10,8.047930759002655,5.9266238939698725
P01,S1,lv0,11,4.284841779751225,4.970947205910207
P01,S1,lv0,12,5.318095063711625,10.563488336466163
P01,S1,lv0,13,4.581684824084216,4.942953250696526
P01,S1,lv0,14,3.87431366223834,7.9013001264579
P01,S1,lv0,15,5.845984527682883,6.151188592151746
P01,S1,lv0,16,8.297674741798984,9.511917142712363
P01,S1,lv0,17,23.52361591890079,9.077249402945915
P01,S1,lv0,18,5.482705817794852,3.3196438804785764
P01,S1,lv0,19,6.578662826762352,6.479858926512312
P01,S1,lv0,20,5.182975612876196,7.289821806518557
P01,S1,lv0,21,8.46166540211606,2.7677361124562814
P01,S1,lv0,22,5.267640335534098,3.811157163002649
P01,S1,lv0,23,8.78833088748643,6.055419796337572
P01,S1,lv0,24,7.2532199471590255,6.109848947450024
P01,S1,lv0,25,5.378241424904558,5.678481048908208
P01,S1,lv0,26,5.356772577817996,4.06702611873526
P01,S1,lv0,27,5.915678385495603,7.165564040198485
P01,S1,lv0,28,5.8880701220311495,6.44618869410439
P01,S1,lv0,29,5.333877978099236,8.474210660936208
P01,S1,lv0,30,5.289163456987692,11.762714998538796
P01,S1,lv0,31,7.353861512662746,8.777623534090088
P01,S1,lv0,32,12.64733516916361,6.579879667592048
P01,S1,lv0,33,8.537882259924938,5.844308214725969
P01,S1,lv0,34,9.02483830356706,7.454292558403291
P01,S1,lv0,35,5.048887285392288,2.9945036068732325
P01,S1,lv0,36,5.93222435895175,6.557029840041463
P01,S1,lv0,37,4.047148939877785,7.2805446956885564
P01,S1,lv0,38,12.289301998026678,4.683321641955241
P01,S1,lv0,39,19.75924394903075,11.818388031673248
P01,S1,lv0,40,12.327740080970317,6.886992112781492
P01,S1,lv0,41,8.467402294956155,5.274982677207584
P01,S1,lv0,42,5.740417654021063,3.787030641227962
P01,S1,lv0,43,7.2526752705174,7.966357407623684
P01,S1,lv0,44,13.753080238422648,13.189767422078434
P01,S1,lv0,45,7.610272884072473,8.355707102455746
P01,S1,lv0,46,3.1871163148157855,5.769002738333738
P01,S1,lv0,47,11.32179323603954,6.270653704178292
P01,S1,lv0,48,6.92027236859179,3.5562133403744522
P01,S1,lv0,49,3.7122183794006114,4.346930210000643
P01,S1,lv0,50,7.15012090622799,4.854512197941265
P01,S1,lv0,51,8.32198020438448,5.213735543254697
P01,S1,lv0,52,10.872083438449001,20.886579910918467
P01,S1,lv0,53,6.238929837517126,8.769397093677826
P01,S1,lv0,54,16.677080676124874,7.562133945179608
P01,S1,lv0,55,7.646146677846689,6.259678395969343
P01,S1,lv0,56,5.9499513951283625,7.441849097805212
P01,S1,lv0,57,6.9681859890458595,7.658371300252192
P01,S1,lv0,58,3.7217748800525934,7.810685883560757
P01,S1,lv0,59,10.514684110649355,9.462830744728123
P01,S1,lv0,60,10.965908513562196,6.155602567437219
P01,S1,lv0,61,6.752245928340724,5.148201884758455
P01,S1,lv0,62,4.636585406076501,3.784727135635604
P01,S1,lv0,63,6.592442329046628,5.551569040300665
P01,S1,lv0,64,2.714483164405926,4.871320337388268
P01,S1,lv0,65,7.487915569868489,5.926144951161523
P01,S1,lv0,66,10.823862091286118,7.382882653632379
P01,S1,lv0,67,9.981924580067687,5.418677679259364
P01,S1,lv0,68,4.5195427436578175,4.881386558074899
P01,S1,lv0,69,6.245682855493301,7.175885714918835
P01,S1,lv0,70,7.245097339137357,9.955361998999768
P01,S1,lv0,71,22.068812871618864,7.041794361337428
P01,S1,lv0,72,8.44500804730783,6.615153514960276
P01,S1,lv0,73,9.374284040128336,6.646227444822897
P01,S1,lv0,74,5.380169402661173,12.786277948737265
P01,S1,lv0,75,12.50824099445906,4.322800386941596
P01,S1,lv0,76,11.729984707890871,7.639892901232466
P01,S1,lv0,77,4.125066308670221,5.529588893532721
P01,S1,lv0,78,4.3387233652716075,4.909147407718518
P01,S1,lv0,79,12.204673036904886,6.58777407839633
P01,S1,lv0,80,5.733792740771552,20.444009671510333
P01,S1,lv0,81,7.284750675376517,8.50609706024219
P01,S1,lv0,82,5.375561421676851,8.808842806984758
P01,S1,lv0,83,6.993396610712981,5.064772503887485
P01,S1,lv0,84,3.860297528290687,4.581545746370031
P01,S1,lv0,85,4.712820497037703,7.645770235196033
P01,S1,lv0,86,8.612530494761774,4.496801896455095
P01,S1,lv0,87,3.622323435789417,7.2268856794887295
P01,S1,lv0,88,21.762123525204053,11.559112319665553
P01,S1,lv0,89,6.024044631884691,7.423243922700823
P01,S1,lv0,90,7.568218339510587,8.657483424652945
P01,S1,lv0,91,7.108402757717791,17.662395184024017
P01,S1,lv0,92,4.124704444437117,7.453143214691148
P01,S1,lv0,93,5.02547035177375,4.866664882024598
P01,S1,lv0,94,8.272073997037673,6.850072614496768
P01,S1,lv0,95,5.028988675839907,5.122239435693234
P01,S1,lv0,96,10.798588674315356,11.46676208611908
P01,S1,lv0,97,25.336359207331864,5.519668392737917
P01,S1,lv0,98,6.973599377851141,8.614937830373197
P01,S1,lv0,99,4.054492537764003,5.6012123507847
P01,S1,lv0,100,6.039514101895954,13.60158503378155
P01,S1,lv0,101,8.44318428455533,6.908214795215194
P01,S1,lv0,102,4.499013841310468,14.41965929194747
P01,S1,lv0,103,7.81293451357452,9.68614175127443
P01,S1,lv0,104,11.083120574935553,5.243487459390914
P01,S1,lv0,105,8.952586787421607,6.167189065509471
P01,S1,lv0,106,6.424588419555243,5.9937568410221616
P01,S1,lv0,107,7.021097253575495,5.361774741467137
P01,S1,lv0,108,2.6412186859453888,5.7943171877795505
P01,S1,lv0,109,3.761687349570334,3.207712200436388
P01,S1,lv0,110,4.080696838103909,5.467184939157177
P01,S1,lv0,111,5.661415658259808,3.4443564570659198
P01,S1,lv0,112,5.5151894078392685,6.559097285398768
P01,S1,lv0,113,5.54520725035419,8.486974131639062
P01,S1,lv0,114,7.109900258951739,5.5443754754842445
P01,S1,lv0,115,7.810979722881916,7.731144266670815
P01,S1,lv0,116,9.318227047414124,5.375206196808229
P01,S1,lv0,117,4.050643440767168,5.884493075441921
P01,S1,lv0,118,2.4858230271121866,6.776729388645081
P01,S1,lv0,119,3.5548021190142816,8.179490719543645
P01,S1,lv0,120,3.699638438453371,8.27876045600252
P01,S1,lv0,121,4.159501241962495,9.866576237325745
P01,S1,lv0,122,4.085173572123758,9.468005724136784
P01,S1,lv0,123,2.1076605366794223,6.749059542394762
P01,S1,lv0,124,5.294100503922546,7.56777100600906
P01,S1,lv0,125,11.099584351915967,2.978167975543966
P01,S1,lv0,126,6.737663940405412,3.328889742843741
P01,S1,lv0,127,8.092627960043467,7.892574817627375
P01,S1,lv0,128,4.523573423792836,5.2128225662920356
P01,S1,lv0,129,3.7647313925462,4.773230818902591
P01,S1,lv0,130,4.644265148389072,5.881293923658412
P01,S1,lv0,131,5.913504547645632,3.855211055810449
P01,S1,lv0,132,8.271904251415508,6.150473807779352
P01,S1,lv0,133,5.103279798532657,5.699430785834667
P01,S1,lv0,134,5.339567183395974,7.28658509662052
P01,S1,lv0,135,5.795896315125049,18.788533841991285
P01,S1,lv0,136,4.9621806096200185,6.79074778148051
P01,S1,lv0,137,7.873166284367126,9.686690905202646
P01,S1,lv0,138,4.321112087925731,4.800634370738609
P01,S1,lv0,139,6.222283948173265,4.225877506331435
P01,S1,lv0,140,7.89102817624226,8.158443139669549
P01,S1,lv0,141,4.6476932985062165,5.227970197173289
P01,S1,lv0,142,3.732313886439967,4.850776839777478
P01,S1,lv0,143,8.187926816303136,6.42308983496602
P01,S1,lv0,144,5.019329358057333,4.721036024086435
P01,S1,lv0,145,3.840648311051002,8.07146265134579
P01,S1,lv0,146,3.7456781411512483,5.45337713980729
P01,S1,lv0,147,22.99208372744275,6.404462447663569
P01,S1,lv0,148,6.916468201587185,9.440270225014016
P01,S1,lv1,0,6.227667010603666,4.4176286054629665
P01,S1,lv1,1,14.566657533967916,17.746783245523023
P01,S1,lv1,2,10.258330980226708,5.353707401774938
P01,S1,lv1,3,6.33230721481924,5.280183477808768
P01,S1,lv1,4,5.046354879680162,8.697339545753266
P01,S1,lv1,5,7.41627609491958,12.118040748455861
P01,S1,lv1,6,4.730325210310487,6.495765204030467
P01,S1,lv1,7,6.803480732624755,14.199654618695057
P01,S1,lv1,8,9.011406541061067,9.511965958603158
P01,S1,lv1,9,7.76147234398956,14.924691292910696
P01,S1,lv1,10,5.332990679534898,5.390145377052978
P01,S1,lv1,11,26.316531232726373,16.264500439058605
P01,S1,lv1,12,11.868808186124362,5.247164185109827
P01,S1,lv1,13,5.779750979517705,6.21341342684009
P01,S1,lv1,14,6.159927139161914,13.608742543255211
P01,S1,lv1,15,9.606795204425904,4.254967977407141
P01,S1,lv1,16,8.642265874045101,4.632922168226009
P01,S1,lv1,17,6.944481320586648,5.964543197796009
P01,S1,lv1,18,27.5708187266044,15.959173558205778
P01,S1,lv1,19,8.789895246949182,7.016325798900504
P01,S1,lv1,20,4.8066786513623345,5.129266399970669
P01,S1,lv1,21,6.550240864621272,7.901965326375605
P01,S1,lv1,22,9.376437479990908,2.3997185205173337
P01,S1,lv1,23,28.808934100425805,17.944132769807364
P01,S1,lv1,24,6.807557026079077,11.37219519264564
P01,S1,lv1,25,14.892630502003394,8.860317648122919
P01,S1,lv1,26,6.460482199840738,8.03054093240151
P01,S1,lv1,27,11.349201657441338,6.111307647982109
P01,S1,lv1,28,7.883974638125669,10.480256587742415
P01,S1,lv1,29,12.93254746558766,6.048735379230627
P01,S1,lv1,30,8.030654417518626,12.09173061587182
P01,S1,lv1,31,33.28016825307156,12.397460631191443
P01,S1,lv1,32,3.7520683293269674,9.701812981138607
P01,S1,lv1,33,7.265815404597895,7.727152511077212
P01,S1,lv1,34,13.217156978047196,16.57993444182613
P01,S1,lv1,35,6.409202154209355,13.516381442176181
P01,S1,lv1,36,6.800593038777385,6.937521201982511
P01,S1,lv1,37,8.301156660156177,4.777299666872541
P01,S1,lv1,38,6.513478790371032,9.481526151860194
P01,S1,lv1,39,14.531212743722902,9.302855366073048
P01,S1,lv1,40,6.353872289207885,6.656714939795555
P01,S1,lv1,41,9.16050917989433,7.673260732720457
P01,S1,lv1,42,6.174300032999474,5.707775097838332
P01,S1,lv1,43,8.698819847087998,9.59700451176448
P01,S1,lv1,44,5.765880185783196,14.964675409635264
P01,S1,lv1,45,19.58384001665427,32.81591337088713
P01,S1,lv1,46,6.364998285165941,6.2174150928293415
P01,S1,lv1,47,33.76741643286363,24.76572035559147
P01,S1,lv1,48,6.470611058562445,4.16285751121499
P01,S1,lv1,49,9.49766645311264,11.387169756738553
P01,S1,lv1,50,5.3470279656477055,3.5113084764765006
P01,S1,lv1,51,10.1845472233665,5.64595874398208
P01,S1,lv1,52,24.057692172914088,39.301242744373965
P01,S1,lv1,53,14.122356991759402,8.271615525976173
P01,S1,lv1,54,5.807410276930336,5.657979489320016
P01,S1,lv1,55,5.562547411160796,8.795700183649904
P01,S1,lv1,56,26.02075496519026,9.918892468634136
P01,S1,lv1,57,8.707647562802443,7.999999090899036
P01,S1,lv1,58,8.871030710167778,5.809866795429283
P01,S1,lv1,59,4.262930793951069,3.7362063912308767
P01,S1,lv1,60,5.283936312116605,5.915772150608169
P01,S1,lv1,61,7.147783666572184,8.345943865896878
P01,S1,lv1,62,5.170922747420475,9.730310328010212
P01,S1,lv1,63,14.669192758702957,17.593772100290483
P01,S1,lv1,64,15.1233033892369,16.71634188726433
P01,S1,lv1,65,6.419488431174313,11.940864032907688
P01,S1,lv1,66,5.347985052945895,3.4472613748010694
P01,S1,lv1,67,4.161282908075168,7.049794138363558
P01,S1,lv1,68,11.200541351145395,12.84898137998494
P01,S1,lv1,69,4.841850904723818,2.8964244787207654
P01,S1,lv1,70,8.818352568011038,9.216941174074593
P01,S1,lv1,71,5.757038500306969,6.166754965133685
P01,S1,lv1,72,11.689550948410188,8.826476218968267
P01,S1,lv1,73,14.361904477010452,10.893527224665167
P01,S1,lv1,74,5.269350096989687,8.279311194381727
P01,S1,lv1,75,13.899208676488751,7.065066630513734
P01,S1,lv1,76,25.710785746994198,9.405148276336261
P01,S1,lv1,77,12.645731669807143,9.545783184157104
P01,S1,lv1,78,7.00661953832143,8.615419140879016
P01,S1,lv1,79,3.7918650434439685,5.139129783455624
P01,S1,lv1,80,12.211864033505195,9.894180529885574
P01,S1,lv1,81,26.663227086071064,17.81604046945458
P01,S1,lv1,82,5.152108600800751,11.226568457746543
P01,S1,lv1,83,13.247689309686509,16.21279764968283
P01,S1,lv1,84,18.44655574336148,20.76375676899758
P01,S1,lv1,85,4.472015742805366,6.599957085553906
P01,S1,lv1,86,10.191308445898672,3.1350258132731583
P01,S1,lv1,87,6.848063691250515,4.891615100947571
P01,S1,lv1,88,8.456757899357607,13.427106129956176
P01,S1,lv1,89,8.34425039106122,12.055970861871446
P01,S1,lv1,90,26.87200022125023,13.80963528915403
P01,S1,lv1,91,5.694239722724485,4.369736143308657
P01,S1,lv1,92,10.21270950253722,5.6189083274738465
P01,S1,lv1,93,8.257278395600322,5.779676653118142
P01,S1,lv1,94,24.1337250768,16.161221423553254
P01,S1,lv1,95,8.758682196237517,12.613919631048606
P01,S1,lv1,96,12.655639441776733,8.759567358531879
P01,S1,lv1,97,10.816225161859634,7.993513815870898
P01,S1,lv1,98,12.267682985074407,10.901033803279848
P01,S1,lv1,99,7.612490169926133,6.107286057701591
P01,S1,lv1,100,9.168717347562,15.788055756678673
P01,S1,lv1,101,6.068215085314949,12.650353124813819
P01,S1,lv1,102,15.855747309008427,7.082526674003074
P01,S1,lv1,103,16.236279757159807,16.201629686284747
P01,S1,lv1,104,4.264599630640975,6.731106679182832
P01,S1,lv1,105,13.453993358431015,13.130804010508717
P01,S1,lv1,106,10.08530463489699,6.446882769038943
P01,S1,lv1,107,7.607432862142595,18.30277842840188
P01,S1,lv1,108,11.313061365549059,11.658812408139164
P01,S1,lv1,109,6.696972648883165,8.337299676993633
P01,S1,lv1,110,5.207213766364834,4.992543175561989
P01,S1,lv1,111,3.3582249166496947,4.564878734878803
P01,S1,lv1,112,10.952733991491332,13.279534219776853
P01,S1,lv1,113,12.20449528475961,14.823617254690742
P01,S1,lv1,114,17.141117285071772,9.280813656051437
P01,S1,lv1,115,11.762427979445407,6.962169986116727
P01,S1,lv1,116,8.403977226366402,6.301358828262418
P01,S1,lv1,117,3.9468726193090293,9.388884817404152
P01,S1,lv1,118,3.5289877692621796,8.651279431385534
P01,S1,lv1,119,8.946244127702544,6.729904231516288
P01,S1,lv1,120,9.727361708632444,6.444837002745245
P01,S1,lv1,121,9.453206367020769,11.650215799001222
P01,S1,lv1,122,8.942932189294318,7.918517935005018
P01,S1,lv1,123,7.992648894712139,11.858821696052592
P01,S1,lv1,124,18.737605132390158,7.723360953814458
P01,S1,lv1,125,18.595631703592208,8.436427428249505
P01,S1,lv1,126,4.454128551204232,7.744943587104963
P01,S1,lv1,127,9.135135386439584,9.46405326659261
P01,S1,lv1,128,16.833457385929737,25.50857552762733
P01,S1,lv1,129,12.526381757184346,11.858299905076622
P01,S1,lv1,130,13.703786317968607,17.797646672662015
P01,S1,lv1,131,4.58808932611886,6.266411296533673
P01,S1,lv1,132,10.736652639287263,4.7376381572796
P01,S1,lv1,133,5.948788000839709,5.579973478551582
P01,S1,lv1,134,12.706955007559275,14.681138752688181
P01,S1,lv1,135,8.34901383825908,10.042661011196563
P01,S1,lv1,136,5.9253519939032495,7.418065586855505
P01,S1,lv1,137,16.186555265309302,20.10551981740736
P01,S1,lv1,138,9.802246618763387,6.575532508334006
P01,S1,lv1,139,19.29977247845657,13.319514737086843
P01,S1,lv1,140,13.628057195748879,8.047032502899228
P01,S1,lv1,141,34.86665271134644,19.567738855463475
P01,S1,lv1,142,3.761174990584027,5.928850291289012
P01,S1,lv1,143,5.028139501149325,4.3087346541597435
P01,S1,lv1,144,17.82920966617802,8.567094760001249
P01,S1,lv1,145,13.46612791312392,10.914970194102711
P01,S1,lv1,146,16.845410501073072,11.295627236449254
P01,S1,lv1,147,21.56657800737333,11.618925596087994
P01,S1,lv1,148,11.36931855034903,13.785013397030035
P01,S1,lv2,0,16.472822528416025,14.232097063313342
P01,S1,lv2,1,4.5617308016943285,43.72581400956004
P01,S1,lv2,2,19.27822275493499,42.22449288586939
P01,S1,lv2,3,6.00440760383202,11.875584306773192
P01,S1,lv2,4,8.843057029925031,17.291486322690364
P01,S1,lv2,5,11.156613517454,10.86195038396782
P01,S1,lv2,6,6.656951076271389,7.794264325071291
P01,S1,lv2,7,9.689178429430571,40.20152266105858
P01,S1,lv2,8,3.4914638082678953,17.762171004421138
P01,S1,lv2,9,7.979188379721539,9.780666396504543
P01,S1,lv2,10,20.05138936439264,23.910746681880735
P01,S1,lv2,11,5.539527386579103,10.021654183864404
P01,S1,lv2,12,7.582830510988788,6.077764054139259
P01,S1,lv2,13,11.842015659748514,21.820916536938608
P01,S1,lv2,14,9.395335106242696,9.46917179326869
P01,S1,lv2,15,12.043319514736615,22.060910250006796
P01,S1,lv2,16,9.461162532963481,23.271875741637007
P01,S1,lv2,17,8.898142574659618,7.836323317719477
P01,S1,lv2,18,6.9368453140231585,5.092325926989577
P01,S1,lv2,19,8.055646581548794,6.432588327935243
P01,S1,lv2,20,19.32989328372976,7.515735259082203
P01,S1,lv2,21,25.809928067669915,11.255193325965209
P01,S1,lv2,22,10.003634062423172,9.547425796509025
P01,S1,lv2,23,7.243020215179153,11.149190689822511
P01,S1,lv2,24,10.058996946580859,10.945400468705724
P01,S1,lv2,25,6.486714048788802,7.246806321735171
P01,S1,lv2,26,19.19020996955041,26.95491710373711
P01,S1,lv2,27,17.439505105785397,15.98441744538244
P01,S1,lv2,28,7.475722320522645,6.074060497730098
P01,S1,lv2,29,3.430244789875357,13.228355863454947
P01,S1,lv2,30,7.918723196383984,11.648318410451843
P01,S1,lv2,31,5.717363067562707,4.108030651180165
P01,S1,lv2,32,5.975072015580737,11.50251348573769
P01,S1,lv2,33,9.993699726174448,7.445584924457808
P01,S1,lv2,34,8.331768663631841,11.64519445998317
P01,S1,lv2,35,19.18382069025018,40.292078127932136
P01,S1,lv2,36,18.62077157717524,26.11203820108922
P01,S1,lv2,37,8.873006646285953,8.187869357047028
P01,S1,lv2,38,8.855892498768286,6.505625322095602
P01,S1,lv2,39,9.589196989674406,9.415383301158993
P01,S1,lv2,40,7.163315358449728,10.413906760245874
P01,S1,lv2,41,11.00054247000843,21.1769505172725
P01,S1,lv2,42,4.677575476306429,12.764471948182068
P01,S1,lv2,43,11.013886637393373,12.924994891750048
P01,S1,lv2,44,9.11479278123938,22.771468258085342
P01,S1,lv2,45,8.793761168114159,9.111577967729994
P01,S1,lv2,46,11.189543148913343,7.06629040222624
P01,S1,lv2,47,12.269707204580232,14.28459981418321
P01,S1,lv2,48,11.779811446295598,12.331314065431144
P01,S1,lv2,49,5.309054183767872,9.287008545980674
P01,S1,lv2,50,4.53169362145891,12.276441160086334
P01,S1,lv2,51,22.866050726274963,16.9085150534822
P01,S1,lv2,52,15.043718090755862,8.979064587414435
P01,S1,lv2,53,6.919186787763181,5.187900075902983
P01,S1,lv2,54,13.589291553345184,11.88320082008968
P01,S1,lv2,55,25.905559287803502,22.413743034814207
P01,S1,lv2,56,17.528372063258114,10.050272886593257
P01,S1,lv2,57,11.151927319989852,25.766703442001173
P01,S1,lv2,58,33.63630126934837,21.384966680432747
P01,S1,lv2,59,8.562829054877701,8.738767169188845
P01,S1,lv2,60,8.314998620037873,17.978052264509547
P01,S1,lv2,61,4.684198037293023,17.640306260519143
P01,S1,lv2,62,14.127109269401688,12.778086798778709
P01,S1,lv2,63,8.762656268576393,20.04495880432573
P01,S1,lv2,64,11.405166540756502,4.516875474545597
P01,S1,lv2,65,9.558490063258803,5.825862951788066
P01,S1,lv2,66,8.730467489040828,10.658116753367546
P01,S1,lv2,67,6.991731840269614,6.850816610684738
P01,S1,lv2,68,27.133659275942122,12.841412072444493
P01,S1,lv2,69,14.876415305523746,19.61759562366138
P01,S1,lv2,70,24.618863454442504,22.129035756953296
P01,S1,lv2,71,5.534741241454269,7.128390496604018
P01,S1,lv2,72,8.107184171523086,13.10813183743221
P01,S1,lv2,73,10.493812655372723,6.908003299949917
P01,S1,lv2,74,14.08003365287879,9.436673168796784
P01,S1,lv2,75,9.616601540260048,12.954616635846033
P01,S1,lv2,76,8.671238120117646,6.698130640516791
P01,S1,lv2,77,7.396452400319077,8.233161916785372
P01,S1,lv2,78,10.19899983103486,19.116725104787076
P01,S1,lv2,79,9.23607196374809,16.1273483150828
P01,S1,lv2,80,15.053576883039531,19.453180597095358
P01,S1,lv2,81,17.432668833339807,10.073707559339773
P01,S1,lv2,82,13.599919017662884,9.875020776617456
P01,S1,lv2,83,12.003095531233694,10.248700292034703
P01,S1,lv2,84,9.553451221123533,12.618844979105416
P01,S1,lv2,85,5.381808643378175,2.996983528583546
P01,S1,lv2,86,9.687108171287683,8.569211062216745
P01,S1,lv2,87,7.106132023526346,7.099325487638378
P01,S1,lv2,88,6.443475020908698,7.376911711172345
P01,S1,lv2,89,5.997472041320083,8.140647846314772
P01,S1,lv2,90,10.827950311331298,12.796301949710639
P01,S1,lv2,91,12.66771279649872,15.876520934179604
P01,S1,lv2,92,23.559454929516363,7.217266592553902
P01,S1,lv2,93,8.69538773736079,13.214444743569924
P01,S1,lv2,94,15.347539645394264,15.59763841306523
P01,S1,lv2,95,9.40309157283442,21.991913849387124
P01,S1,lv2,96,6.914422164663147,12.106581160770222
P01,S1,lv2,97,7.442223459782567,6.0053286143458875
P01,S1,lv2,98,7.082149915689898,7.5745472383060815
P01,S1,lv2,99,33.41834774162453,11.349145817326255
P01,S1,lv2,100,11.152744788357747,9.610638155688186
P01,S1,lv2,101,8.277665602791666,13.176624559386369
P01,S1,lv2,102,5.623513119033225,6.502167192304855
P01,S1,lv2,103,12.233076473840306,14.280459251225453
P01,S1,lv2,104,6.616421609457838,7.270165170388085
P01,S1,lv2,105,16.3115092651484,14.233935575404535
P01,S1,lv2,106,26.253228051329174,27.618331603309546
P01,S1,lv2,107,12.848443284503208,10.943610949394362
P01,S1,lv2,108,5.525416886397459,14.591440331049817
P01,S1,lv2,109,5.40975650382751,16.93857149816703
P01,S1,lv2,110,5.56540510644358,7.298884524782485
P01,S1,lv2,111,10.779643847557075,10.432429708888629
P01,S1,lv2,112,6.078780927631078,10.82336783779705
P01,S1,lv2,113,20.81110300794741,20.010214681521806
P01,S1,lv2,114,4.345219402265059,5.061589416399696
P01,S1,lv2,115,4.135775287931083,6.1544337329004355
P01,S1,lv2,116,9.38386617323204,6.541668246763851
P01,S1,lv2,117,15.842695630761712,15.802335928706174
P01,S1,lv2,118,7.695603547533723,21.31851506681904
P01,S1,lv2,119,7.5755894701493665,9.994707246418582
P01,S1,lv2,120,7.102227267277493,9.992490046333739
P01,S1,lv2,121,7.197771215773021,10.36914952131329
P01,S1,lv2,122,17.765508414231185,18.903562258884495
P01,S1,lv2,123,8.47016414793798,14.140450443895828
P01,S1,lv2,124,13.765987056868392,43.08336120276865
P01,S1,lv2,125,8.092839211351482,10.838964929294763
P01,S1,lv2,126,13.583828263922117,26.201888795050582
P01,S1,lv2,127,9.11691766191434,15.08989807331554
P01,S1,lv2,128,22.98672216911106,29.967765999243774
P01,S1,lv2,129,3.575531221712003,10.269197393695544
P01,S1,lv2,130,8.480176738738388,16.90741680317233
P01,S1,lv2,131,12.588199245996057,9.15074395778906
P01,S1,lv2,132,16.97951885036675,42.716261753889
P01,S1,lv2,133,11.139599074543654,10.767493532842929
P01,S1,lv2,134,11.24444870929572,6.908727162112075
P01,S1,lv2,135,5.989968341009638,6.387459873179412
P01,S1,lv2,136,4.817513990649598,8.045662118304858
P01,S1,lv2,137,6.595821820273309,11.949598415116213
P01,S1,lv2,138,6.033797003168839,5.188136188338231
P01,S1,lv2,139,15.503926522299132,9.7179867725685
P01,S1,lv2,140,7.383892076039395,8.389455059706497
P01,S1,lv2,141,8.778999132458347,5.798034580046222
P01,S1,lv2,142,14.633299460277746,16.77916939496596
P01,S1,lv2,143,4.584229590987754,8.24479542797851
P01,S1,lv2,144,6.006891351116957,5.192614450553253
P01,S1,lv2,145,10.931080514314301,8.671169419036492
P01,S1,lv2,146,6.489503432073118,7.539416143367884
P01,S1,lv2,147,10.94376280584862,19.139755760973042
P01,S1,lv2,148,9.110002636574272,19.690874645541527
P01,S2,base,0,3.5305628192298424,10.510479683063435
P01,S2,base,1,2.312488304099481,15.746182505078798
P01,S2,base,2,4.110003266974275,9.18677511567141
P01,S2,base,3,3.6048274923448673,12.498010117931848
P01,S2,base,4,9.112145816143338,8.145128156101233
P01,S2,base,5,3.6398307059509754,8.77407558940073
P01,S2,base,6,4.598558677385329,5.560119530026934
P01,S2,base,7,3.7044562792717803,2.8627679133188253
P01,S2,base,8,3.600841316730948,6.7023973107421915
P01,S2,base,9,2.7335874737470687,5.186866425776166
P01,S2,base,10,2.7527769523015517,5.312793468690426
P01,S2,base,11,2.905732785915753,6.504050882596558
P01,S2,base,12,4.070684495808372,6.578840223364099
P01,S2,base,13,1.835050967616319,4.147409715409794
P01,S2,base,14,2.8920033679854127,2.034532606594049
P01,S2,base,15,8.097299313712087,19.174904807272437
P01,S2,base,16,3.598713857522521,8.398266141392892
P01,S2,base,17,4.337048846493479,4.0231008184981825
P01,S2,base,18,2.7706823517799894,2.190811222724067
P01,S2,base,19,2.7521922841507833,2.905853199860125
P01,S2,base,20,1.9991630607462556,2.6435301979643415
P01,S2,base,21,2.3901175016648293,5.145336052700291
P01,S2,base,22,4.466300719870031,5.533304613913365
P01,S2,base,23,3.5095948442593103,3.244189797048511
P01,S2,base,24,5.022373016977263,8.709686119530133
P01,S2,base,25,6.740828993284714,6.174006100137089
P01,S2,base,26,2.072967715670084,10.595887278227856
P01,S2,base,27,3.2837747872090124,30.958076473648475
P01,S2,base,28,1.7585031248022582,32.40661166787453
P01,S2,base,29,3.035510311990671,17.315748907701522
P01,S2,lv0,0,7.321598085263107,5.289755772258856
P01,S2,lv0,1,10.406553902846744,8.839994054834982
P01,S2,lv0,2,8.80478552882569,4.833798895099048
P01,S2,lv0,3,9.23427911739691,3.0206039729771983
P01,S2,lv0,4,6.072928705443636,5.842086206586449
P01,S2,lv0,5,5.991559565760469,5.305596169095622
P01,S2,lv0,6,8.422608637486194,6.619065918884332
P01,S2,lv0,7,10.293299886355591,8.657552590671475
P01,S2,lv0,8,8.601710567214505,5.514721866001964
P01,S2,lv0,9,5.934107692255075,11.7721796684077
P01,S2,lv0,10,5.241507783538233,6.248529111506604
P01,S2,lv0,11,5.0797462914729055,6.730667377981657
P01,S2,lv0,12,9.067805769223755,5.808460473343891
P01,S2,lv0,13,10.141701905606327,4.92058294462839
P01,S2,lv0,14,4.728595703174173,6.51665629587884
P01,S2,lv0,15,6.670844686785906,5.114811350373256
P01,S2,lv0,16,4.987568564364561,5.917717197494291
P01,S2,lv0,17,5.221111912374973,4.157967221453322
P01,S2,lv0,18,4.087676265396118,6.997803444904991
P01,S2,lv0,19,5.295832040086732,5.284969289318031
P01,S2,lv0,20,12.978676804765326,7.209848593163542
P01,S2,lv0,21,19.61867154627218,4.073285633154371
P01,S2,lv0,22,10.793833278364195,5.14496884530471
P01,S2,lv0,23,7.722166934007277,5.006093962077495
P01,S2,lv0,24,4.600828620562186,5.451225157031415
P01,S2,lv0,25,4.924964232796669,6.074158656898048
P01,S2,lv0,26,12.55995003679649,9.96228124390572
P01,S2,lv0,27,10.772501501055512,20.365145390533986
P01,S2,lv0,28,11.585893947874323,8.410533831381452
P01,S2,lv0,29,2.2531771481310545,5.316810264311653
P01,S2,lv0,30,51.680800831787,14.150996728414599
P01,S2,lv0,31,4.212466790751778,6.329364475868111
P01,S2,lv0,32,5.009826105073307,3.0908721281523786
P01,S2,lv0,33,10.574875385543164,5.200482791324651
P01,S2,lv0,34,10.611509166045307,2.947672140088592
P01,S2,lv0,35,4.590626333076498,5.975090906863575
P01,S2,lv0,36,4.79256065162813,6.758085548480412
P01,S2,lv0,37,6.487148884376091,6.988846305951175
P01,S2,lv0,38,6.578004208621416,6.142558776524199
P01,S2,lv0,39,8.049114618480145,5.7068651655212985
P01,S2,lv0,40,7.73837192627164,3.92317855676677
P01,S2,lv0,41,8.547761016670474,2.9604177779408203
P01,S2,lv0,42,16.151046672516074,7.254593621166206
P01,S2,lv0,43,4.250733356743936,1.9123589730279622
P01,S2,lv0,44,8.546557611707321,7.800329740998809
P01,S2,lv0,45,5.366182028606302,7.712852561885762
P01,S2,lv0,46,4.648572477270872,7.975138350591547
P01,S2,lv0,47,2.170393243481584,4.468293589597918
P01,S2,lv0,48,6.07252169275813,4.690413826843762
P01,S2,lv0,49,3.793033685322389,4.0552237346953905
P01,S2,lv0,50,3.029144994520262,6.767994262873959
P01,S2,lv0,51,6.320771649014769,4.0821188552436425
P01,S2,lv0,52,5.474680844294936,7.31859764937904
P01,S2,lv0,53,7.08598096599971,8.470420601629955
P01,S2,lv0,54,10.036755659052973,6.296607320496273
P01,S2,lv0,55,4.724282178579157,4.617567438510889
P01,S2,lv0,56,5.462155866480224,3.1077618747993743
P01,S2,lv0,57,4.7246237900308605,5.422420200066254
P01,S2,lv0,58,9.718765885080346,3.9575917340273015
P01,S2,lv0,59,5.066424342676204,7.275070761136036
P01,S2,lv0,60,15.196666246522685,6.695579907483077
P01,S2,lv0,61,4.256935313904323,4.611662973803039
P01,S2,lv0,62,5.890409542829674,4.468258655118841
P01,S2,lv0,63,2.8578443897438635,6.201643388917301
P01,S2,lv0,64,5.721167620818953,10.33878543245897
P01,S2,lv0,65,8.990768836636322,4.154976671980503
P01,S2,lv0,66,9.673183255128432,4.68387916729148
P01,S2,lv0,67,16.622188512332084,13.104122563061654
P01,S2,lv0,68,11.16937611764309,7.899161788316151
P01,S2,lv0,69,8.124292477377045,5.833000217996117
P01,S2,lv0,70,8.913498808944745,9.938968974824641
P01,S2,lv0,71,4.605481409869585,5.767861300016292
P01,S2,lv0,72,2.7345370490882215,5.535091177861542
P01,S2,lv0,73,4.086781397713663,2.8898441433366564
P01,S2,lv0,74,9.798654912687116,17.63299688238227
P01,S2,lv0,75,4.532223441779285,4.476388451173992
P01,S2,lv0,76,14.756056231059485,9.693322698854429
P01,S2,lv0,77,11.581554658879933,16.20008374104023
P01,S2,lv0,78,17.7577092308314,10.200374399304508
P01,S2,lv0,79,6.025372066478828,4.612118527431892
P01,S2,lv0,80,3.5498169542760687,7.98122567632669
P01,S2,lv0,81,24.613255769698608,8.17320555310635
P01,S2,lv0,82,7.7893361381889346,3.2260539985695
P01,S2,lv0,83,6.192250867711965,8.312680711836515
P01,S2,lv0,84,26.019245228467046,4.280686380174468
P01,S2,lv0,85,18.096793976153243,6.310641601428911
P01,S2,lv0,86,8.864320391888514,2.5373482261350717
P01,S2,lv0,87,9.535843834223305,6.854124335581404
P01,S2,lv0,88,5.254244491565556,4.990349660649829
P01,S2,lv0,89,36.68098741594512,8.135306320981606
P01,S2,lv0,90,4.7185315280054905,8.102808879603483
P01,S2,lv0,91,6.333997445343033,4.773872220415011
P01,S2,lv0,92,7.2352698926144985,4.212943339019183
P01,S2,lv0,93,9.67054800948617,4.264737387647229
P01,S2,lv0,94,7.7347845446806485,5.460725167723033
P01,S2,lv0,95,6.205923279381016,5.554448028784887
P01,S2,lv0,96,5.544864610798218,8.740550051677708
P01,S2,lv0,97,6.395916047157307,6.608562632935244
P01,S2,lv0,98,3.8239938005009395,6.511298530283835
P01,S2,lv0,99,6.660683091204036,4.4130332109818315
P01,S2,lv0,100,6.411817920048675,9.529155525608255
P01,S2,lv0,101,4.746231577345147,6.269059901847682
P01,S2,lv0,102,7.12143749557502,4.511163931215254
P01,S2,lv0,103,9.111464236806261,4.006211312948476
P01,S2,lv0,104,22.036860943282736,17.793582506118668
P01,S2,lv0,105,15.866801564752862,5.791834473609144
P01,S2,lv0,106,6.372025122460603,10.452598585386504
P01,S2,lv0,107,4.636373423996956,3.869397477819196
P01,S2,lv0,108,7.6752025831872865,3.602973283325991
P01,S2,lv0,109,3.863942254022184,4.663264617591863
P01,S2,lv0,110,5.3078356198218515,13.915187686817477
P01,S2,lv0,111,8.056253393990673,5.204873339888332
P01,S2,lv0,112,9.299634275902982,8.701509258403883
P01,S2,lv0,113,11.477567080733351,5.048084433328357
P01,S2,lv0,114,4.848386287417304,4.613729560543475
P01,S2,lv0,115,4.668813421033251,4.622085497488156
P01,S2,lv0,116,3.219815765623165,4.132745825659609
P01,S2,lv0,117,4.636421870424591,4.120629726008818
P01,S2,lv0,118,5.365849996901022,6.500274413849887
P01,S2,lv0,119,4.394712585360004,6.887450036840033
P01,S2,lv0,120,3.3472832182937027,14.933589790409773
P01,S2,lv0,121,6.784888419872038,6.303885925973653
P01,S2,lv0,122,3.6091453871597396,4.2569784077965425
P01,S2,lv0,123,6.824225369641107,3.964645143489028
P01,S2,lv0,124,4.866729104502246,6.444698065242684
P01,S2,lv0,125,10.467751013785858,8.29359657321211
P01,S2,lv0,126,6.638308027969106,7.516992880575178
P01,S2,lv0,127,5.441801217998708,6.853212144719636
P01,S2,lv0,128,8.701989922759061,6.64460067543655
P01,S2,lv0,129,3.911539911324629,3.019872551817475
P01,S2,lv0,130,3.378711278467668,9.121734165707561
P01,S2,lv0,131,6.1577830752495,3.1926498876102243
P01,S2,lv0,132,4.969578350604422,5.5346790316188255
P01,S2,lv0,133,5.281519188027647,5.282460159937965
P01,S2,lv0,134,5.7538596432464475,2.8699813979389264
P01,S2,lv0,135,4.475063416511974,6.857767153636921
P01,S2,lv0,136,8.503398831275236,6.256053855553224
P01,S2,lv0,137,7.706795248491447,4.747651037606988
P01,S2,lv0,138,4.137407097214476,8.2332492990822
P01,S2,lv0,139,8.901384757813148,10.357041333754601
P01,S2,lv0,140,13.958340866395773,7.3244001372022725
P01,S2,lv0,141,13.806494175469963,5.605508949864081
P01,S2,lv0,142,15.771997665885532,6.5303188487735415
P01,S2,lv0,143,5.441393576125205,4.614080720531263
P01,S2,lv0,144,3.9310642421182087,8.129796349333205
P01,S2,lv0,145,6.15907693711447,4.994168405196304
P01,S2,lv0,146,6.592611067084487,7.700515460955682
P01,S2,lv0,147,6.3793232525576675,6.45230100152227
P01,S2,lv0,148,7.818114541616672,8.564696162666786
P01,S2,lv1,0,9.421541508853563,8.218942285157286
P01,S2,lv1,1,6.190010257125206,5.9501337255299385
P01,S2,lv1,2,9.32797127989074,10.074266077133897
P01,S2,lv1,3,17.103018864457624,5.755319153094694
P01,S2,lv1,4,4.2718031996752845,9.500284510075904
P01,S2,lv1,5,15.541991224839698,7.179746473440628
P01,S2,lv1,6,8.61198937603409,9.059925496153435
P01,S2,lv1,7,6.3064515541282455,3.356829680125975
P01,S2,lv1,8,4.742471211175346,4.14002813451756
P01,S2,lv1,9,7.472899500386416,7.409048721629408
P01,S2,lv1,10,15.692919511834374,3.994272381995011
P01,S2,lv1,11,15.542210415463337,6.817053767059161
P01,S2,lv1,12,4.915336453588833,5.173987135111248
P01,S2,lv1,13,13.300398674760888,6.792953488666599
P01,S2,lv1,14,7.738792721461347,6.702271412533571
P01,S2,lv1,15,9.798094384488715,9.640864509688184
P01,S2,lv1,16,6.730853538584845,7.617371879640785
P01,S2,lv1,17,5.274205277528864,7.444630565341769
P01,S2,lv1,18,14.493485929544775,7.003934429918952
P01,S2,lv1,19,8.735365085228688,7.517086760375013
P01,S2,lv1,20,12.275535532883513,5.322893030328291
P01,S2,lv1,21,24.654632922419573,5.762596316578604
P01,S2,lv1,22,37.7663590072142,7.9736623959859205
P01,S2,lv1,23,75.29632034624221,12.76417448854807
P01,S2,lv1,24,7.839910055261902,4.7059769322500244
P01,S2,lv1,25,9.694659643759328,7.140308273840318
P01,S2,lv1,26,4.058812773936847,5.134986997204282
P01,S2,lv1,27,13.197648504957307,7.803627610013039
P01,S2,lv1,28,39.314999009327934,19.70972362554578
P01,S2,lv1,29,4.695355853240908,5.175289196417289
P01,S2,lv1,30,10.443273949930104,6.590241901844916
P01,S2,lv1,31,10.26008835728998,6.557946330513966
P01,S2,lv1,32,10.601185528583015,5.182570429242585
P01,S2,lv1,33,13.076116998426619,8.35129516854732
P01,S2,lv1,34,7.644295680227163,5.566011323488569
P01,S2,lv1,35,3.2277663380264157,2.4376602564572694
P01,S2,lv1,36,19.831122238526472,6.4616661123604455
P01,S2,lv1,37,12.396946079129814,3.1939278346863436
P01,S2,lv1,38,6.08795050720529,3.1487277737460415
P01,S2,lv1,39,3.0423133466020222,6.22647580356075
P01,S2,lv1,40,11.748559700714909,9.236969361171496
P01,S2,lv1,41,8.960311894147553,4.502992511513382
P01,S2,lv1,42,25.535042508501036,5.3661305852360615
P01,S2,lv1,43,10.915310883945475,5.595055755276129
P01,S2,lv1,44,10.399222393549463,6.619391296858356
P01,S2,lv1,45,3.050367676494135,6.783020004643197
P01,S2,lv1,46,41.93011804354659,14.15651741941248
P01,S2,lv1,47,8.403632945435808,7.384599779716882
P01,S2,lv1,48,8.310387202599403,7.11841936209122
P01,S2,lv1,49,11.501298056516989,13.938326436718372
P01,S2,lv1,50,9.064829709630569,11.018663435726902
P01,S2,lv1,51,6.309689750847273,3.252343853873054
P01,S2,lv1,52,3.62693890850006,5.118010384644959
P01,S2,lv1,53,3.226408242664264,2.8543452203602406
P01,S2,lv1,54,8.196075976187664,7.469118218030013
P01,S2,lv1,55,8.032995920121405,4.7845228567990885
P01,S2,lv1,56,18.744314408855,8.178454982182812
P01,S2,lv1,57,13.474384150417807,8.877149586366466
P01,S2,lv1,58,3.903944760027944,3.163674350724715
P01,S2,lv1,59,8.491449627602433,4.376528646181949
P01,S2,lv1,60,19.812415522992165,5.469766010478775
P01,S2,lv1,61,15.896369176076677,4.377544892056602
P01,S2,lv1,62,9.331916633333071,6.321140088830658
P01,S2,lv1,63,5.731493699863246,3.586333658584218
P01,S2,lv1,64,12.841023939142982,8.967734330596874
P01,S2,lv1,65,11.905978750074967,6.055911181115168
P01,S2,lv1,66,4.197188938155509,6.130220483802572
P01,S2,lv1,67,12.228689891949786,6.868451949367594
P01,S2,lv1,68,30.303709496134278,8.146380824515353
P01,S2,lv1,69,6.146824478808532,5.066409246927988
P01,S2,lv1,70,11.876928222438176,12.863060472274823
P01,S2,lv1,71,7.160371232935212,2.3578811436104092
P01,S2,lv1,72,9.119682347343693,6.148162225059691
P01,S2,lv1,73,14.683084580662669,4.533337874360401
P01,S2,lv1,74,9.290868122188343,3.5713112563092473
P01,S2,lv1,75,3.602903182667752,4.770112430827691
P01,S2,lv1,76,9.062006502368845,4.318747688740832
P01,S2,lv1,77,18.967114455338113,11.551232271944292
P01,S2,lv1,78,6.507580946599652,8.223450332938757
P01,S2,lv1,79,5.882344759814846,5.581966737292661
P01,S2,lv1,80,4.371200079754471,2.992082283201004
P01,S2,lv1,81,5.1187226577913485,6.60315172660261
P01,S2,lv1,82,6.495600652472523,5.221082406129649
P01,S2,lv1,83,11.327436596184393,6.510510718975006
P01,S2,lv1,84,61.20661969620279,5.5092785541944735
P01,S2,lv1,85,10.123517040780555,5.7933167125514275
P01,S2,lv1,86,9.006842729905308,5.700080687512795
P01,S2,lv1,87,13.58619608288213,7.930162149891327
P01,S2,lv1,88,3.789574914733756,5.880959873464544
P01,S2,lv1,89,5.382126978777172,3.5540635136899597
P01,S2,lv1,90,12.379547308725737,4.834432101425702
P01,S2,lv1,91,6.802048132111373,4.465096897431552
P01,S2,lv1,92,6.1609602982898615,10.76936859550274
P01,S2,lv1,93,33.30667568151272,5.112537607984154
P01,S2,lv1,94,7.479673764297329,5.521571708963604
P01,S2,lv1,95,6.597054799712087,3.626380261681774
P01,S2,lv1,96,13.523328847623466,5.271034934253708
P01,S2,lv1,97,6.061468681424527,3.4944788920767706
P01,S2,lv1,98,21.804375482561163,7.73020572479216
P01,S2,lv1,99,11.633616337819861,5.293923410998892
P01,S2,lv1,100,10.554672632403541,3.223583358419166
P01,S2,lv1,101,66.21525188073822,7.8529344642468315
P01,S2,lv1,102,7.2017169673256225,3.3228133232650414
P01,S2,lv1,103,8.208758886297362,5.758893860356103
P01,S2,lv1,104,11.360126365492388,5.899692531859977
P01,S2,lv1,105,18.415881898933407,6.334257736493666
P01,S2,lv1,106,11.09249549293888,3.9461929439540238
P01,S2,lv1,107,6.91272791271656,4.9076599386487345
P01,S2,lv1,108,35.20311269639014,7.07576397561556
P01,S2,lv1,109,8.792222917516773,4.174924090422297
P01,S2,lv1,110,29.10087240051686,7.0447621036277175
P01,S2,lv1,111,8.003219492008883,2.4377398872159417
P01,S2,lv1,112,9.035620405872427,6.903915821059977
P01,S2,lv1,113,6.950944952370234,6.87790398757169
P01,S2,lv1,114,4.295938418585172,3.9359935790783718
P01,S2,lv1,115,7.103792512174135,9.586174960482191
P01,S2,lv1,116,13.05618575019597,10.77070733188651
P01,S2,lv1,117,27.262255060072317,5.5194465177956795
P01,S2,lv1,118,27.871290584140862,7.64700406361221
P01,S2,lv1,119,12.456952171420065,4.788551738649875
P01,S2,lv1,120,5.495183423386344,3.587102874144824
P01,S2,lv1,121,7.344459940403355,4.387662004691775
P01,S2,lv1,122,7.013762104907564,7.553594508687441
P01,S2,lv1,123,6.277189791702409,6.235787919339702
P01,S2,lv1,124,17.381606423488492,7.265827377369697
P01,S2,lv1,125,11.319672726708419,10.608587803876029
P01,S2,lv1,126,8.210153028413238,4.262639257330762
P01,S2,lv1,127,4.888616846701727,5.7701145975617765
P01,S2,lv1,128,36.45918068082334,4.779355159894195
P01,S2,lv1,129,6.696540925560055,5.7300766402046905
P01,S2,lv1,130,17.650942088175004,4.788107348229718
P01,S2,lv1,131,8.206916439413916,5.168168762032056
P01,S2,lv1,132,20.046544235696214,6.504701312240823
P01,S2,lv1,133,35.29122729385004,11.277511800586593
P01,S2,lv1,134,14.772316877950063,4.382729078614935
P01,S2,lv1,135,15.284459627987223,4.1823456888276205
P01,S2,lv1,136,7.7218948700621795,6.181144603918797
P01,S2,lv1,137,15.274609244544855,5.033091351511567
P01,S2,lv1,138,11.35850066111908,16.365891590543804
P01,S2,lv1,139,11.23554825126162,4.742024304292528
P01,S2,lv1,140,10.646402640873392,10.010211500920144
P01,S2,lv1,141,7.750195744872384,4.1939928362361325
P01,S2,lv1,142,5.491247958363209,5.605882597461624
P01,S2,lv1,143,7.12112563559757,6.245812880349068
P01,S2,lv1,144,4.842047661100323,8.001057422238869
P01,S2,lv1,145,6.064597403714168,10.18198293302851
P01,S2,lv1,146,6.437583540015577,9.162142901570903
P01,S2,lv1,147,23.975663827834282,2.677785886450569
P01,S2,lv1,148,7.724549789382236,3.5021809024194974
P01,S2,lv2,0,19.382178208365243,26.78766404200263
P01,S2,lv2,1,8.075767562194603,9.592841182056828
P01,S2,lv2,2,7.380856520019235,5.528899993961925
P01,S2,lv2,3,11.452810926436438,6.673605227628637
P01,S2,lv2,4,14.197620637082931,13.479619413847944
P01,S2,lv2,5,9.522740456459651,5.313635706926381
P01,S2,lv2,6,6.880899823671329,6.0044745400976245
P01,S2,lv2,7,6.199813190325711,4.347535040795867
P01,S2,lv2,8,10.744815873439812,6.263917392322661
P01,S2,lv2,9,6.227790775658686,4.6061504981245855
P01,S2,lv2,10,5.685866946575727,2.9767480208003123
P01,S2,lv2,11,11.070904113574931,4.849266013241748
P01,S2,lv2,12,5.465224631725072,7.204332518291013
P01,S2,lv2,13,9.44892582139691,7.710397109964812
P01,S2,lv2,14,10.463448189661582,4.690252973820848
P01,S2,lv2,15,9.616466378094971,12.847338815142443
P01,S2,lv2,16,29.799277999200203,13.819706635133281
P01,S2,lv2,17,14.207141174881444,9.815214255435203
P01,S2,lv2,18,9.142914748573723,5.478055004786929
P01,S2,lv2,19,7.727341725000195,5.454193094497062
P01,S2,lv2,20,9.09532771982196,6.906372072161278
P01,S2,lv2,21,19.280147747239393,4.328009811429532
P01,S2,lv2,22,24.3503094592048,17.019764663163574
P01,S2,lv2,23,5.1230229976423445,7.335264514988261
P01,S2,lv2,24,10.748262699302186,9.528836721910857
P01,S2,lv2,25,65.96071967136356,17.32332867922011
P01,S2,lv2,26,7.586193742151242,14.029166031742852
P01,S2,lv2,27,6.916878666874048,9.70996105261926
P01,S2,lv2,28,9.896868978013256,5.642926270049947
P01,S2,lv2,29,7.218995428119653,7.6682939196116635
P01,S2,lv2,30,10.498621786042488,6.921533748918921
P01,S2,lv2,31,7.523680769118805,3.787092176014463
P01,S2,lv2,32,9.724644370160698,3.8350184659041364
P01,S2,lv2,33,11.264715586472246,5.983896498819083
P01,S2,lv2,34,14.26203223283418,5.126274311937012
P01,S2,lv2,35,10.807441060266555,13.702140278691935
P01,S2,lv2,36,19.647533963453224,6.345473124186599
P01,S2,lv2,37,18.489641248441668,6.938507127610063
P01,S2,lv2,38,7.210879463260178,4.212697870235891
P01,S2,lv2,39,10.689043978316347,5.026865943937852
P01,S2,lv2,40,12.911167984766392,6.783038351664354
P01,S2,lv2,41,12.773205113734551,19.585707191954423
P01,S2,lv2,42,13.102738106312572,16.026386827004696
P01,S2,lv2,43,10.297523898169814,8.534936555855365
P01,S2,lv2,44,18.03323335809858,13.744964286475211
P01,S2,lv2,45,14.378575583140154,4.903074574115522
P01,S2,lv2,46,6.33853152352937,7.692156224702494
P01,S2,lv2,47,8.92602540714955,2.777416493890818
P01,S2,lv2,48,18.700626121390897,4.325922998058407
P01,S2,lv2,49,26.572858320916062,14.663839637241779
P01,S2,lv2,50,11.42338544699672,10.703119533128227
P01,S2,lv2,51,10.309299030263636,8.369098567073273
P01,S2,lv2,52,11.16931588046831,10.753898908008763
P01,S2,lv2,53,3.843734581475806,6.10193499831022
P01,S2,lv2,54,12.5761958747744,7.722268818906387
P01,S2,lv2,55,8.886498447579784,10.14177208535041
P01,S2,lv2,56,9.312038839916578,8.06944654294387
P01,S2,lv2,57,4.924792535444231,5.533933413403741
P01,S2,lv2,58,6.016600881874101,11.033228418722546
P01,S2,lv2,59,5.460111902509291,2.6089851736123437
P01,S2,lv2,60,21.440401070795446,8.397358676598111
P01,S2,lv2,61,12.014307546619817,14.2217789968839
P01,S2,lv2,62,11.240523777922105,8.092396731286977
P01,S2,lv2,63,6.3307301541395065,6.9857936692289755
P01,S2,lv2,64,7.551538853206637,5.45849337734725
P01,S2,lv2,65,8.28340126789837,6.244566023441789
P01,S2,lv2,66,9.565716327623424,7.455019010427741
P01,S2,lv2,67,4.52164844668698,4.7760137291143225
P01,S2,lv2,68,7.233491440849961,3.7423773996147784
P01,S2,lv2,69,8.992523282748714,4.626766547190338
P01,S2,lv2,70,21.21421563171447,6.1615970411807215
P01,S2,lv2,71,12.593601558354898,5.7213153560900265
P01,S2,lv2,72,8.674684191549947,11.214486139796506
P01,S2,lv2,73,6.299607446841633,3.6969511985873416
P01,S2,lv2,74,7.089710195072671,5.625933960727491
P01,S2,lv2,75,8.374464772772056,4.989057499022046
P01,S2,lv2,76,14.163975209358508,8.838609399585172
P01,S2,lv2,77,8.606746481490033,5.907941680743613
P01,S2,lv2,78,11.527242294667541,13.45290510778509
P01,S2,lv2,79,15.281572960088223,8.072326234839736
P01,S2,lv2,80,6.15150569086231,3.682502392811489
P01,S2,lv2,81,15.899190128209167,11.49789759652751
P01,S2,lv2,82,9.626564833538467,6.2476490337148896
P01,S2,lv2,83,16.348268009663144,12.579980893019249
P01,S2,lv2,84,6.966373804529371,8.678051627146854
P01,S2,lv2,85,16.991572248225363,5.657829467377009
P01,S2,lv2,86,25.62420344257391,13.228063547019952
P01,S2,lv2,87,11.29797582421669,4.540463071938053
P01,S2,lv2,88,11.63644877094783,18.146690640870123
P01,S2,lv2,89,8.733674825404323,7.3248054152923885
P01,S2,lv2,90,11.901679941961659,3.8919598658710837
P01,S2,lv2,91,6.6226832411486845,8.257639106071986
P01,S2,lv2,92,8.435467707853435,12.367055131685623
P01,S2,lv2,93,8.911441713648824,7.3677848252568765
P01,S2,lv2,94,6.450069523500532,10.130096447579657
P01,S2,lv2,95,16.05981007122641,11.149457802751554
P01,S2,lv2,96,15.232654243087277,7.9345026080641725
P01,S2,lv2,97,5.742936951216457,6.8403141954508175
P01,S2,lv2,98,11.644700566769622,7.503530174678452
P01,S2,lv2,99,16.165638608149987,10.559415802348173
P01,S2,lv2,100,4.28956369537664,3.3660674329356213
P01,S2,lv2,101,23.87539038093218,8.975668819818265
P01,S2,lv2,102,10.626530785970093,6.350222261404717
P01,S2,lv2,103,7.470615194238787,2.685786312078694
P01,S2,lv2,104,37.656387103285226,21.261476136013297
P01,S2,lv2,105,7.3870558353675,10.496569149095508
P01,S2,lv2,106,9.209545600788285,7.5556460481591685
P01,S2,lv2,107,77.81366792290774,11.075256070891353
P01,S2,lv2,108,9.801061808281359,6.302565614718567
P01,S2,lv2,109,5.260088437371605,9.79847746954325
P01,S2,lv2,110,6.398070038686679,7.826038243029344
P01,S2,lv2,111,12.880489701060428,6.37522794050347
P01,S2,lv2,112,13.50261962675464,14.436033156089513
P01,S2,lv2,113,3.6747783280502158,8.236912545500326
P01,S2,lv2,114,22.100358603388578,11.242275861069704
P01,S2,lv2,115,9.099289891302943,4.82069888100609
P01,S2,lv2,116,11.51124621177995,9.747912069618105
P01,S2,lv2,117,11.611360027668072,5.8443362768305
P01,S2,lv2,118,14.252958790358022,12.218027468376597
P01,S2,lv2,119,9.009272414668098,6.481056982685615
P01,S2,lv2,120,9.692110442567806,5.6593962838427805
P01,S2,lv2,121,6.919158309282504,11.799788203958025
P01,S2,lv2,122,7.700510206271183,2.4784791320895523
P01,S2,lv2,123,12.11848183478081,9.359000405926029
P01,S2,lv2,124,19.86326934182336,7.58143872882147
P01,S2,lv2,125,17.290641341013746,9.069304811626273
P01,S2,lv2,126,18.490855401819402,11.239914141060986
P01,S2,lv2,127,6.660285128311457,3.7511193367483227
P01,S2,lv2,128,10.774593162750634,13.966952013638334
P01,S2,lv2,129,9.485890257904284,7.237962994281833
P01,S2,lv2,130,23.53413832169976,5.84592206933646
P01,S2,lv2,131,9.513234418954779,3.6816388505079036
P01,S2,lv2,132,7.792638423295775,6.1778594995649
P01,S2,lv2,133,18.12370293070995,6.2681495660389235
P01,S2,lv2,134,12.856140117681045,8.042224369259722
P01,S2,lv2,135,10.010305793849154,7.089362531838667
P01,S2,lv2,136,32.7254436202628,6.699165674434339
P01,S2,lv2,137,15.857686701070113,12.506278046595247
P01,S2,lv2,138,5.160435487217712,6.5769922267714165
P01,S2,lv2,139,10.203158280268303,12.888252711487652
P01,S2,lv2,140,8.844778101740063,6.928826349228986
P01,S2,lv2,141,10.604619560582705,10.090913905055407
P01,S2,lv2,142,9.261271505061602,6.625701605339301
P01,S2,lv2,143,13.401906426711939,10.354813324909141
P01,S2,lv2,144,11.661585287539754,5.428802350200654
P01,S2,lv2,145,16.71908461361645,12.10299169227923
P01,S2,lv2,146,11.051993186421207,9.180166782034016
P01,S2,lv2,147,14.368844369358678,6.022477757793725
P01,S2,lv2,148,7.246104696639531,4.459642796472468
P02,S1,base,0,8.639938231528985,3.5551837488894282
P02,S1,base,1,47.58557005068986,2.919076779936616
P02,S1,base,2,2.1040658216476014,1.9303052695236984
P02,S1,base,3,7.548461278687763,2.4438166915242867
P02,S1,base,4,2.203528092840515,23.836388487375462
P02,S1,base,5,4.769835290846959,5.3006012382248535
P02,S1,base,6,28.01392403325045,10.715086168070833
P02,S1,base,7,3.789656008618584,2.0600383893427208
P02,S1,base,8,1.622594951444596,2.0346065067850616
P02,S1,base,9,5.517734172231648,1.7823602268796033
P02,S1,base,10,18.33647639835592,3.125302702318246
P02,S1,base,11,1.940836719927071,2.239716502049711
P02,S1,base,12,1.8259586374604941,7.071541979132172
P02,S1,base,13,1.5109753697843853,1.4894271053865469
P02,S1,base,14,0.966658754297857,1.3700787667644718
P02,S1,base,15,1.661219472044924,2.0161669382534204
P02,S1,base,16,1.593645666129346,0.9449678506213768
P02,S1,base,17,2.406468478685394,2.7954641310947754
P02,S1,base,18,0.8611291329292675,2.7964541369438622
P02,S1,base,19,4.42864929882242,1.4351730131978895
P02,S1,base,20,0.924789722698852,2.031349241286654
P02,S1,base,21,1.12665442730017,1.3182845003744097
P02,S1,base,22,1.5888020409558021,1.9659786440331977
P02,S1,base,23,2.4224066475249884,1.7191791388388664
P02,S1,base,24,3.3416416319109925,1.4739524087125873
P02,S1,base,25,17.864441971614003,1.6538813094853602
P02,S1,base,26,9.429871858313945,6.9941778811157675
P02,S1,base,27,5.945626936314371,6.23120946234283
P02,S1,base,28,2.219013934306347,7.483578028522179
P02,S1,base,29,12.72982825920827,3.4642055015184363
P02,S1,lv0,0,7.4388004421343,2.8607915679943776
P02,S1,lv0,1,3.9205892490200993,2.7663569958999616
P02,S1,lv0,2,4.082301774399203,2.575688001516871
P02,S1,lv0,3,4.205264554240672,1.704588652213532
P02,S1,lv0,4,3.811547085173891,1.8361631959925864
P02,S1,lv0,5,23.965975104905905,3.5992559206388766
P02,S1,lv0,6,4.134437340940447,2.4205262119178186
P02,S1,lv0,7,3.652118731637358,1.431850025555179
P02,S1,lv0,8,8.790871767100825,2.3793792319193896
P02,S1,lv0,9,4.612496257944344,2.767627954367947
P02,S1,lv0,10,7.560054400601566,2.715216168695097
P02,S1,lv0,11,6.1354588733071145,2.9163042606885567
P02,S1,lv0,12,5.131724594726937,3.3131842422971656
P02,S1,lv0,13,10.775190473492684,3.87021569130477
P02,S1,lv0,14,6.018213276388149,2.247492040538642
P02,S1,lv0,15,6.492032015229403,2.049348305865331
P02,S1,lv0,16,7.782357230267937,2.8033889757835437
P02,S1,lv0,17,3.886069551045974,2.1512435878223535
P02,S1,lv0,18,2.715801816994662,1.669901933619001
P02,S1,lv0,19,3.0229158433414502,2.3795004534028994
P02,S1,lv0,20,1.5537694511886169,1.6485903487908218
P02,S1,lv0,21,22.001851709510614,2.4190957117986756
P02,S1,lv0,22,3.300761504510404,3.236045812055701
P02,S1,lv0,23,2.694877053566694,1.252427800931692
P02,S1,lv0,24,3.7333711060591095,1.5279912094490962
P02,S1,lv0,25,5.930882618038854,1.6386314475883028
P02,S1,lv0,26,2.1685774851282313,1.8044601826285895
P02,S1,lv0,27,17.8944799943011,8.738866516170773
P02,S1,lv0,28,3.543107783570161,2.6273062617096827
P02,S1,lv0,29,22.28694748634875,4.636187764922789
P02,S1,lv0,30,5.101945923551154,2.961431142842487
P02,S1,lv0,31,9.512866448351168,2.1850707666188804
P02,S1,lv0,32,3.388595831548492,2.130333015441073
P02,S1,lv0,33,2.587506519152901,2.4025596043844515
P02,S1,lv0,34,5.170944256213131,2.746286438227293
P02,S1,lv0,35,8.574727440121382,2.68167409149192
P02,S1,lv0,36,24.97557983735123,2.579342068435877
P02,S1,lv0,37,29.04819387818015,5.571231295025961
P02,S1,lv0,38,5.924378613880156,2.621481390914965
P02,S1,lv0,39,16.31719357446614,5.615438582783799
P02,S1,lv0,40,3.1516860362742567,1.6026423788186572
P02,S1,lv0,41,8.9686879744292,2.2503690042003774
P02,S1,lv0,42,8.558670730145913,2.6426893615023257
P02,S1,lv0,43,26.18391103752387,6.848654087936462
P02,S1,lv0,44,7.687055617961568,2.5410607958090092
P02,S1,lv0,45,16.371422871705235,3.976194052142608
P02,S1,lv0,46,4.074297254011028,1.5188437624429973
P02,S1,lv0,47,4.903772323963751,1.7208495812996418
P02,S1,lv0,48,11.003466990824988,4.70194580862065
P02,S1,lv0,49,5.674206748001469,2.5193285352047767
P02,S1,lv0,50,7.282268646357028,1.9516888525415854
P02,S1,lv0,51,6.578939199133619,4.058626636549055
P02,S1,lv0,52,5.686043504845404,2.3944959514250277
P02,S1,lv0,53,5.719619560088653,1.2214306220937858
P02,S1,lv0,54,4.362258972387006,3.908789002716358
P02,S1,lv0,55,13.323251852467157,1.9379796388017485
P02,S1,lv0,56,3.297535895820452,1.840517168534404
P02,S1,lv0,57,5.672001766972052,2.2582304973467338
P02,S1,lv0,58,3.848282499874144,2.2526937282988433
P02,S1,lv0,59,3.1038580968869125,3.2544813008413205
P02,S1,lv0,60,5.230778725340956,1.7467898879801655
P02,S1,lv0,61,5.671355830664142,3.951056171625652
P02,S1,lv0,62,12.146346512688373,2.928042623280596
P02,S1,lv0,63,6.407820700424154,1.4985301742233599
P02,S1,lv0,64,5.544727193478126,1.86181424922817
P02,S1,lv0,65,6.694540190520018,1.8411803686829813
P02,S1,lv0,66,3.650167177456526,1.660596107981934
P02,S1,lv0,67,14.872176032848358,5.256448221081066
P02,S1,lv0,68,4.809563379510957,1.5568133421472923
P02,S1,lv0,69,4.540631668416029,2.7624331804591917
P02,S1,lv0,70,4.423052635324927,2.1004078219391893
P02,S1,lv0,71,6.370005180226997,4.450158335737989
P02,S1,lv0,72,15.800427708497352,6.020010159026316
P02,S1,lv0,73,14.230339260411037,2.9673704396203604
P02,S1,lv0,74,8.3748197250099,3.6576469039185073
P02,S1,lv0,75,15.886390489098536,4.844784721492187
P02,S1,lv0,76,13.722583638650635,5.685739278324738
P02,S1,lv0,77,3.6113311687319967,4.142086398214039
P02,S1,lv0,78,4.201557146218937,1.9703074761877233
P02,S1,lv0,79,4.725368274749333,2.4628721396573203
P02,S1,lv0,80,6.258166191336672,4.264891102981908
P02,S1,lv0,81,2.126114321134122,1.6892161017949674
P02,S1,lv0,82,3.68278213801764,2.05867046884331
P02,S1,lv0,83,3.6226329821842063,8.792064837490564
P02,S1,lv0,84,5.222245252828346,2.278651134360249
P02,S1,lv0,85,4.920811433529217,1.5443080288414788
P02,S1,lv0,86,3.466683576634166,1.765309901184027
P02,S1,lv0,87,5.546969310075062,2.5095694721640136
P02,S1,lv0,88,6.866311287292108,1.6128076565596259
P02,S1,lv0,89,11.221993319135883,1.9840667866059913
P02,S1,lv0,90,2.3278699641540403,0.9234473524681439
P02,S1,lv0,91,21.125440159308173,3.510314725132707
P02,S1,lv0,92,4.480072978979823,2.8298188742763184
P02,S1,lv0,93,2.329125320604806,2.542817383952766
P02,S1,lv0,94,3.9347763588549713,1.3634970059590616
P02,S1,lv0,95,10.91318828835005,2.886747180449219
P02,S1,lv0,96,6.346483411041671,2.547102940806107
P02,S1,lv0,97,2.6082367925313,1.8636795835060374
P02,S1,lv0,98,7.602938811335343,1.8056851406098295
P02,S1,lv0,99,1.9126833858179901,1.9250683265947668
P02,S1,lv0,100,7.135293744148443,2.755655787006415
P02,S1,lv0,101,2.96098385786965,2.874798563313533
P02,S1,lv0,102,11.838737992655721,1.4650130547583853
P02,S1,lv0,103,4.618426405441226,2.12617050081953
P02,S1,lv0,104,13.651778635520882,2.409664005982263
P02,S1,lv0,105,12.0687039822207,2.739037751582318
P02,S1,lv0,106,58.25599281864407,5.4094104768565
P02,S1,lv0,107,16.586535594281926,2.730947092868268
P02,S1,lv0,108,4.411355509571622,3.2595673728827803
P02,S1,lv0,109,13.822500643289516,2.6937777328340458
P02,S1,lv0,110,5.158508116606676,1.4397472420996766
P02,S1,lv0,111,7.078440987289791,3.1115188890261383
P02,S1,lv0,112,6.657159699848232,2.127849447840307
P02,S1,lv0,113,3.828952495513685,1.6635150001147891
P02,S1,lv0,114,3.6135225679852234,3.364777146432804
P02,S1,lv0,115,4.116210563947812,1.6547649935490982
P02,S1,lv0,116,10.942438826400938,3.941930717458864
P02,S1,lv0,117,7.121349335147056,3.0546722652146627
P02,S1,lv0,118,7.427752344654532,2.178923616867042
P02,S1,lv0,119,5.998013024788985,2.1581140053656265
P02,S1,lv0,120,5.984006875968288,3.437151557746528
P02,S1,lv0,121,2.5913607109853043,1.6665658151657177
P02,S1,lv0,122,4.8035097481864835,1.6029909356140315
P02,S1,lv0,123,3.2055837473683617,1.9310679504824393
P02,S1,lv0,124,6.878560248528688,2.72232034357428
P02,S1,lv0,125,6.214734521958809,2.1994155535088886
P02,S1,lv0,126,7.526622388233666,2.6090100935073255
P02,S1,lv0,127,14.92154038020982,2.2934040433679685
P02,S1,lv0,128,8.53995462161375,1.8623383907894195
P02,S1,lv0,129,13.455328795206029,2.489829481850928
P02,S1,lv0,130,7.136203969935948,2.2114553224477884
P02,S1,lv0,131,9.114990484220767,2.288443761167683
P02,S1,lv0,132,5.15135083977073,2.099390711319273
P02,S1,lv0,133,3.9392839818398055,1.749348559390586
P02,S1,lv0,134,6.243866652547031,2.6676442130583684
P02,S1,lv0,135,13.337552131325687,2.1273125757193454
P02,S1,lv0,136,4.644530036360527,2.3199880748680664
P02,S1,lv0,137,28.695138267939075,6.085386604126596
P02,S1,lv0,138,1.6492183620251026,1.7497744962588566
P02,S1,lv0,139,8.513016381827313,2.3070362245014904
P02,S1,lv0,140,2.6025522220992667,2.296276867279831
P02,S1,lv0,141,6.658105225018828,1.8440686390150909
P02,S1,lv0,142,9.185260087397268,4.089733195138756
P02,S1,lv0,143,4.6482527481610045,1.3155370022935284
P02,S1,lv0,144,17.79840247650699,3.869263695128479
P02,S1,lv0,145,5.577103273690635,2.785706698922592
P02,S1,lv0,146,5.6401827641375935,1.537259983724614
P02,S1,lv0,147,6.290494877438493,2.1712451233020347
P02,S1,lv0,148,5.771965917506569,2.1062873855549524
P02,S1,lv1,0,6.269358741120755,3.3089706578211837
P02,S1,lv1,1,17.108387788510544,4.9836490754314156
P02,S1,lv1,2,38.881757483498504,8.745024159867194
P02,S1,lv1,3,22.08892205513442,7.484459211123373
P02,S1,lv1,4,10.847781605971026,4.838403381535509
P02,S1,lv1,5,12.774720202141632,7.571730403745608
P02,S1,lv1,6,4.975469866548622,1.4125608622248103
P02,S1,lv1,7,2.5051340970098916,1.9048688294309073
P02,S1,lv1,8,3.333368907482237,1.6336269824084568
P02,S1,lv1,9,8.572786001456244,2.078919838633597
P02,S1,lv1,10,2.3098638168943464,2.1507997059335735
P02,S1,lv1,11,36.49798276386511,6.308938972790692
P02,S1,lv1,12,7.597908102942796,5.808311523341655
P02,S1,lv1,13,9.151790074944046,3.489398694566938
P02,S1,lv1,14,3.1909144505392,3.3383410709073935
P02,S1,lv1,15,27.131879102279328,8.525887004142783
P02,S1,lv1,16,22.207803676603394,17.33282396910659
P02,S1,lv1,17,22.493263689118763,6.592832486255671
P02,S1,lv1,18,9.212709495377066,3.894400829997927
P02,S1,lv1,19,7.150571334419203,3.9754906766881684
P02,S1,lv1,20,8.706262776254489,3.4309202482663212
P02,S1,lv1,21,5.4133315905788795,3.142322405803293
P02,S1,lv1,22,1.8279560050150512,4.164788632446254
P02,S1,lv1,23,5.963635911232021,2.765449628976423
P02,S1,lv1,24,2.0258404270830948,3.8089542301198565
P02,S1,lv1,25,4.8806176520326465,2.1564582146911846
P02,S1,lv1,26,3.786946004798334,2.5462357919217076
P02,S1,lv1,27,28.646838101822187,4.902299792574868
P02,S1,lv1,28,10.487708977680686,4.732167256708265
P02,S1,lv1,29,8.033972332997186,7.494193271126918
P02,S1,lv1,30,4.581411665444686,3.3211499624180543
P02,S1,lv1,31,7.713848304675584,7.186761656756669
P02,S1,lv1,32,4.275480225158942,3.1073872989319833
P02,S1,lv1,33,35.554889592962496,9.090097255256278
P02,S1,lv1,34,3.299751985220296,3.2319905823935784
P02,S1,lv1,35,29.9940312061097,9.023422027972687
P02,S1,lv1,36,9.461922635991106,7.00037704798166
P02,S1,lv1,37,8.718417096002163,2.40623902762388
P02,S1,lv1,38,5.042105173510642,2.352038613847991
P02,S1,lv1,39,27.975800656331984,9.873368024609992
P02,S1,lv1,40,2.6891386132709925,1.8543771296047282
P02,S1,lv1,41,5.239396373011903,3.0255033059141625
P02,S1,lv1,42,20.114419453985413,7.189797173114578
P02,S1,lv1,43,8.608371750326741,2.1091763039990057
P02,S1,lv1,44,17.09299696072258,8.31877769002802
P02,S1,lv1,45,4.188087939460369,3.40169513583063
P02,S1,lv1,46,3.810231174073698,2.7503793494998288
P02,S1,lv1,47,4.212713369535749,2.4080150721502935
P02,S1,lv1,48,15.479426267688634,4.319973406783446
P02,S1,lv1,49,3.7914936370632413,3.4039225868293297
P02,S1,lv1,50,25.55686797334566,4.130022521193549
P02,S1,lv1,51,8.20688608638215,3.3912624474052917
P02,S1,lv1,52,38.65259590806994,6.046157747642732
P02,S1,lv1,53,9.157890174442397,6.262733370826714
P02,S1,lv1,54,13.157870870408258,4.041813825784359
P02,S1,lv1,55,14.958132093800723,3.489614573478019
P02,S1,lv1,56,16.44265645647595,6.989879346192886
P02,S1,lv1,57,3.559302162105913,3.0676546652826437
P02,S1,lv1,58,10.891318727608201,3.794830990241925
P02,S1,lv1,59,3.701552630181158,3.2051746021231566
P02,S1,lv1,60,6.3272481770329785,4.55592388783163
P02,S1,lv1,61,4.707778839669005,2.8512296920774554
P02,S1,lv1,62,8.684947989118617,3.715536848973973
P02,S1,lv1,63,8.86611174714358,3.15091686679033
P02,S1,lv1,64,9.967952802455109,5.2050179748763945
P02,S1,lv1,65,3.8761334250069903,3.631265723196614
P02,S1,lv1,66,4.597786231557648,3.6286147641003077
P02,S1,lv1,67,23.708132781848867,4.288521646007163
P02,S1,lv1,68,7.941382288979331,2.8864972163445066
P02,S1,lv1,69,5.353607677130213,5.566035266865112
P02,S1,lv1,70,6.172000020729012,3.034946814711597
P02,S1,lv1,71,5.377329954167471,2.3285600351850153
P02,S1,lv1,72,51.89619531658199,4.597518372858156
P02,S1,lv1,73,20.360180892896047,4.303136475643893
P02,S1,lv1,74,29.40058758703948,5.8235227538853795
P02,S1,lv1,75,9.636482954605354,6.483701750362558
P02,S1,lv1,76,11.303898236124788,11.48919950407296
P02,S1,lv1,77,3.65901379631776,4.602944923897015
P02,S1,lv1,78,20.734359733225617,6.163765928503764
P02,S1,lv1,79,12.504196899911474,3.755440191564021
P02,S1,lv1,80,11.040660225464627,3.182255382369527
P02,S1,lv1,81,3.0932568660627577,2.4197674101529656
P02,S1,lv1,82,20.92519077739553,2.3664951174543942
P02,S1,lv1,83,14.936926262713644,7.306424911946601
P02,S1,lv1,84,18.307441629495095,5.079482658344782
P02,S1,lv1,85,28.996536530904454,8.435730067357778
P02,S1,lv1,86,11.195067110928372,8.78364477780932
P02,S1,lv1,87,28.386474965725558,8.389643773371525
P02,S1,lv1,88,11.525946581582174,5.460031656282428
P02,S1,lv1,89,30.731962853667255,6.693573056786528
P02,S1,lv1,90,8.58227715827745,4.010760580130386
P02,S1,lv1,91,11.829153044414253,8.537561976479696
P02,S1,lv1,92,97.26388457393354,7.279240220125093
P02,S1,lv1,93,34.46172264374075,3.264049383398075
P02,S1,lv1,94,8.60177884151079,8.170910957498396
P02,S1,lv1,95,6.278291358442622,4.636698113975226
P02,S1,lv1,96,39.902501616803924,6.721989009248598
P02,S1,lv1,97,16.406302785876136,13.246616098463619
P02,S1,lv1,98,4.367779806905594,6.0868641685979
P02,S1,lv1,99,5.820005168922966,3.501137055346454
P02,S1,lv1,100,3.601716599499599,5.835393678351539
P02,S1,lv1,101,8.522873715271524,2.3615319811454833
P02,S1,lv1,102,51.85764250209615,10.090692946050076
P02,S1,lv1,103,6.604762401293472,5.371892936416018
P02,S1,lv1,104,27.67852888559542,14.691415240623861
P02,S1,lv1,105,11.461730132087919,6.303721089695493
P02,S1,lv1,106,16.125143918187742,7.722351306410594
P02,S1,lv1,107,24.1997528609392,5.681548121238568
P02,S1,lv1,108,15.07339484533579,5.158193831789376
P02,S1,lv1,109,8.139245659221888,6.390193913588004
P02,S1,lv1,110,4.344557125660693,5.635590530215296
P02,S1,lv1,111,3.0999913937918016,3.452419024863698
P02,S1,lv1,112,6.349596012600199,4.127042901565686
P02,S1,lv1,113,10.730220490127012,4.730978016977113
P02,S1,lv1,114,3.869756576738803,5.580663634145502
P02,S1,lv1,115,24.904087498440408,14.456209018746462
P02,S1,lv1,116,12.173939672937957,6.346970093005242
P02,S1,lv1,117,5.431582527838047,6.231675298554308
P02,S1,lv1,118,9.066835058724807,2.9111762337178857
P02,S1,lv1,119,7.002442601842743,2.5156007234412425
P02,S1,lv1,120,15.385709001997464,4.530077317825161
P02,S1,lv1,121,7.825480007442015,3.812465889831837
P02,S1,lv1,122,32.00076514727246,6.293862545050813
P02,S1,lv1,123,3.9214399437927514,2.5347172911296205
P02,S1,lv1,124,16.991008204108063,3.7961437619868397
P02,S1,lv1,125,7.687483543320053,2.41492120084904
P02,S1,lv1,126,14.044899646376452,3.4595970777537186
P02,S1,lv1,127,3.18116672596954,3.190489931430289
P02,S1,lv1,128,17.62868818982034,5.856106524990722
P02,S1,lv1,129,39.52894713083818,8.356576182194308
P02,S1,lv1,130,32.29783714982922,8.183875037859234
P02,S1,lv1,131,6.6024029580442285,2.8401217940929695
P02,S1,lv1,132,6.5895698020361255,3.723559796423604
P02,S1,lv1,133,20.531422888337197,7.653211187762284
P02,S1,lv1,134,8.026428635802022,3.3853476260563475
P02,S1,lv1,135,4.2293513310007205,2.970079115775357
P02,S1,lv1,136,6.070702038744554,2.722110601494294
P02,S1,lv1,137,3.5751038983229564,3.6423544219119166
P02,S1,lv1,138,29.73233945887063,10.226899152756639
P02,S1,lv1,139,28.218976541383093,6.9120713823048865
P02,S1,lv1,140,4.015005363659058,4.591417989415418
P02,S1,lv1,141,17.846373282088567,6.352862848874861
P02,S1,lv1,142,5.387534479746812,4.453602157262137
P02,S1,lv1,143,12.895584389725729,4.290103217454395
P02,S1,lv1,144,24.80595577439953,10.93961264815511
P02,S1,lv1,145,5.720106467516523,2.4439539261581693
P02,S1,lv1,146,10.830569951819282,3.844473157676773
P02,S1,lv1,147,7.1540153633876775,3.7154982096807467
P02,S1,lv1,148,2.6016509882790273,1.9003362206534602
P02,S1,lv2,0,4.93487958764453,3.0360705308529816
P02,S1,lv2,1,16.09136966326353,5.779849906944385
P02,S1,lv2,2,27.720986277034786,7.149587942507421
P02,S1,lv2,3,8.284009546346706,6.196141390679318
P02,S1,lv2,4,2.785685241846398,1.6836341195036477
P02,S1,lv2,5,25.146282702073865,10.423225498100749
P02,S1,lv2,6,10.685582323578773,4.125007933153866
P02,S1,lv2,7,10.81975608879453,6.036249221702827
P02,S1,lv2,8,3.6388771917955287,3.9588946357316948
P02,S1,lv2,9,5.8709766741827485,2.9262318217833814
P02,S1,lv2,10,9.103211662136957,3.249763175092009
P02,S1,lv2,11,10.770052544760594,3.627364160498144
P02,S1,lv2,12,8.069003149437169,4.073170568367504
P02,S1,lv2,13,12.470280117082838,4.111339127912444
P02,S1,lv2,14,4.137943624693558,5.4323909428778645
P02,S1,lv2,15,4.07676666752696,1.7226640507562971
P02,S1,lv2,16,4.131901449189362,3.0247795530105925
P02,S1,lv2,17,13.24057946859084,5.617523245788352
P02,S1,lv2,18,7.485853191752036,6.983529071251754
P02,S1,lv2,19,10.64565219479798,11.72005493284889
P02,S1,lv2,20,5.676825623942453,2.8443793550459686
P02,S1,lv2,21,14.854465325737458,8.098572271419876
P02,S1,lv2,22,39.90475021631605,9.261952094195475
P02,S1,lv2,23,23.45626949494684,12.723916346123824
P02,S1,lv2,24,5.009139803369546,4.541032577284651
P02,S1,lv2,25,34.14148761229074,13.179550426582571
P02,S1,lv2,26,6.24474003572198,4.17596825691104
P02,S1,lv2,27,6.067974021492291,3.769506567822905
P02,S1,lv2,28,15.226609409745054,8.552864976143416
P02,S1,lv2,29,15.75506679928378,4.269659361124913
P02,S1,lv2,30,8.371356594534571,3.260662090833521
P02,S1,lv2,31,9.661435975918781,5.834220584179937
P02,S1,lv2,32,7.393881928871606,3.8368336124843805
P02,S1,lv2,33,9.70235985371675,4.4258275735077515
P02,S1,lv2,34,6.180166166616732,2.0544685627451
P02,S1,lv2,35,9.176355212181104,3.9578600394015697
P02,S1,lv2,36,5.50256462729209,3.1459579153556496
P02,S1,lv2,37,5.297028710824083,2.3106755061733506
P02,S1,lv2,38,13.715438617953069,5.030769869427092
P02,S1,lv2,39,9.28628101043844,3.7493762486479802
P02,S1,lv2,40,8.538696129990974,2.6883695039759403
P02,S1,lv2,41,30.863013716599372,9.062638744061232
P02,S1,lv2,42,29.543554339426723,14.02673311652555
P02,S1,lv2,43,34.160158725891144,9.966855526822004
P02,S1,lv2,44,11.719257161182524,8.886424931912288
P02,S1,lv2,45,8.088091027605985,12.219557380645009
P02,S1,lv2,46,18.806450262399874,5.409472666211611
P02,S1,lv2,47,11.004469145959265,9.294374027845242
P02,S1,lv2,48,9.857434130834129,6.235442869928484
P02,S1,lv2,49,9.633243227823632,2.4907739980818135
P02,S1,lv2,50,4.4544931795277245,2.9897818638590192
P02,S1,lv2,51,38.47515543523737,11.626759802457732
P02,S1,lv2,52,6.645810293706222,4.386931725684513
P02,S1,lv2,53,2.531625424295254,2.4309667597151354
P02,S1,lv2,54,5.9441162016759685,3.190398705493615
P02,S1,lv2,55,3.9939810370688007,2.2529965941199146
P02,S1,lv2,56,18.78824095491237,5.024622813150794
P02,S1,lv2,57,6.930157184256954,3.9619332449366618
P02,S1,lv2,58,5.7634617897787965,3.590570313033092
P02,S1,lv2,59,11.919360313452732,3.528050560082111
P02,S1,lv2,60,27.694246128728338,6.6507344564979505
P02,S1,lv2,61,41.12234565397598,5.704062813830588
P02,S1,lv2,62,3.42485387360362,3.0295820694962
P02,S1,lv2,63,11.436106453535162,4.007030161759153
P02,S1,lv2,64,6.794291235140867,8.404165017558764
P02,S1,lv2,65,8.677451791561118,3.020382603627516
P02,S1,lv2,66,3.3323167424672366,4.723990731256601
P02,S1,lv2,67,36.100903221894086,6.117397319318538
P02,S1,lv2,68,37.753962659302566,7.953717527855686
P02,S1,lv2,69,4.786086919214648,2.7172231838582577
P02,S1,lv2,70,27.843175892038495,14.21073578818117
P02,S1,lv2,71,38.975637080083075,4.982184214555491
P02,S1,lv2,72,7.4518288011240035,8.536272837118933
P02,S1,lv2,73,7.842180041101479,2.5577176431395294
P02,S1,lv2,74,12.045028995991549,4.730196414839678
P02,S1,lv2,75,6.738367784481476,4.756070584348099
P02,S1,lv2,76,27.264448624093387,5.225707466687292
P02,S1,lv2,77,4.623417302715008,5.351402032714274
P02,S1,lv2,78,6.467149672466825,3.6669477484422424
P02,S1,lv2,79,31.29881735885139,14.657592644503595
P02,S1,lv2,80,9.539458855483932,7.578938581454454
P02,S1,lv2,81,7.695676822706852,7.164792614030384
P02,S1,lv2,82,10.095487635470532,3.701969014142209
P02,S1,lv2,83,7.538625903984119,5.407147749544105
P02,S1,lv2,84,5.5943793803201,4.34993557089609
P02,S1,lv2,85,2.3032708344684845,2.6206282742632863
P02,S1,lv2,86,1.7094207398121701,2.85901317535973
P02,S1,lv2,87,6.326097057233142,2.274608341948158
P02,S1,lv2,88,32.1397520114343,3.7268781563016398
P02,S1,lv2,89,14.532255112166556,8.567273923714867
P02,S1,lv2,90,2.7662687741650736,2.6602235953576643
P02,S1,lv2,91,27.7427032017408,7.802987998603317
P02,S1,lv2,92,6.785311679946923,5.7040737181243895
P02,S1,lv2,93,7.744387693825648,4.317092356013968
P02,S1,lv2,94,15.659404566491002,3.9027671970718707
P02,S1,lv2,95,3.944093606182005,5.037756267226169
P02,S1,lv2,96,13.143867125734435,5.5254176946795175
P02,S1,lv2,97,1.9135660332113835,2.294013981510011
P02,S1,lv2,98,33.67795533494949,4.052174701189081
P02,S1,lv2,99,18.65652402056159,5.644068302437288
P02,S1,lv2,100,17.81096486118724,7.6344362719571235
P02,S1,lv2,101,23.737227327370622,6.834039517806414
P02,S1,lv2,102,2.489021538003907,5.7156189597456395
P02,S1,lv2,103,13.105656005465677,3.9899341000036483
P02,S1,lv2,104,7.718320341857435,6.561408829833946
P02,S1,lv2,105,6.785858563006368,1.9637802238819135
P02,S1,lv2,106,39.71884137168451,9.504261402857209
P02,S1,lv2,107,19.442032139363196,6.6306591077577375
P02,S1,lv2,108,7.891760801618688,3.359720401792614
P02,S1,lv2,109,5.859690314015059,2.6430836660046255
P02,S1,lv2,110,6.033691076386666,4.769601398896349
P02,S1,lv2,111,18.05411598133555,7.936753990994681
P02,S1,lv2,112,8.745738467119484,3.372701703255686
P02,S1,lv2,113,16.90272661649818,9.481271161174686
P02,S1,lv2,114,4.100499686513853,9.396314253873896
P02,S1,lv2,115,8.149220788666444,5.557156205630101
P02,S1,lv2,116,7.1177885388513,5.372890216554154
P02,S1,lv2,117,19.016908319932377,9.981440000012192
P02,S1,lv2,118,36.58306965159292,4.735946266547759
P02,S1,lv2,119,18.132191324967806,7.7433699338091655
P02,S1,lv2,120,3.4128888271670625,4.688498937452836
P02,S1,lv2,121,3.8082750605338536,3.0850717176116795
P02,S1,lv2,122,2.9251631457839755,2.0000719130464226
P02,S1,lv2,123,8.465608829032101,4.061010762173654
P02,S1,lv2,124,18.46705262615518,9.72952378871188
P02,S1,lv2,125,10.873696272260688,6.848007656216827
P02,S1,lv2,126,36.667367781638994,9.94671052987713
P02,S1,lv2,127,39.0454270285502,9.876947423357352
P02,S1,lv2,128,13.473021764652053,5.683550780927753
P02,S1,lv2,129,13.083573491402259,3.143249844843066
P02,S1,lv2,130,30.328805037500235,18.60311335161309
P02,S1,lv2,131,6.183774226113149,2.659845548751038
P02,S1,lv2,132,4.845396936369452,4.490821207959081
P02,S1,lv2,133,15.102331712114275,6.39303752034258
P02,S1,lv2,134,8.356462224713537,5.791961850443731
P02,S1,lv2,135,18.424685945313602,4.477793634209288
P02,S1,lv2,136,5.667032024406887,2.7869635959336447
P02,S1,lv2,137,36.00341009546157,8.608844355559365
P02,S1,lv2,138,24.310550329431127,9.964888684451484
P02,S1,lv2,139,6.363218758317423,4.301438328983264
P02,S1,lv2,140,2.4051888937662147,3.075291702318121
P02,S1,lv2,141,8.118585631449003,6.484000262447326
P02,S1,lv2,142,21.412952098351248,5.323180252948455
P02,S1,lv2,143,15.858080732047604,7.465788078679454
P02,S1,lv2,144,24.20285078890261,4.083289739033341
P02,S1,lv2,145,1.2247315487802135,1.657180568079335
P02,S1,lv2,146,13.197715908100195,4.306286176453785
P02,S1,lv2,147,5.73383088603497,5.161106666459975
P02,S1,lv2,148,3.0324544560149174,3.0919553273275167
P02,S2,base,0,65.27988647181749,2.4798364140874622
P02,S2,base,1,30.885883173681837,2.896110806794057
P02,S2,base,2,0.8535586776373768,1.4251450446187612
P02,S2,base,3,10.311070235506824,1.2390776029947503
P02,S2,base,4,1.7028220919499915,0.9072965095405882
P02,S2,base,5,6.467601303920516,16.6377429158809
P02,S2,base,6,2.0138493053028057,32.31525437510735
P02,S2,base,7,46.975242891030895,4.381553909657215
P02,S2,base,8,51.58155655294544,3.755927369348224
P02,S2,base,9,10.853502678599474,1.2586511802536704
P02,S2,base,10,24.092699209907305,1.773441696043241
P02,S2,base,11,52.459215188190406,3.1989230764339647
P02,S2,base,12,11.692068966722092,10.398923501382766
P02,S2,base,13,11.413089177183725,2.449018180920494
P02,S2,base,14,26.582677925240432,3.1458147964997054
P02,S2,base,15,13.111411177105584,1.9085197238916556
P02,S2,base,16,7.206776110279366,6.416778832024882
P02,S2,base,17,5.376180153047885,19.771253967524057
P02,S2,base,18,8.264077551523615,1.7100579712346242
P02,S2,base,19,44.17818603575632,3.185631048064344
P02,S2,base,20,14.254790126619957,4.939788477708606
P02,S2,base,21,9.076014270138051,2.346937757754804
P02,S2,base,22,7.483194226767271,1.566364357096312
P02,S2,base,23,13.060861546603492,2.3867637792041974
P02,S2,base,24,6.2246391307938875,1.8681651230934946
P02,S2,base,25,2.0163273360623237,1.888494999457464
P02,S2,base,26,7.977379407972321,1.3462504134466293
P02,S2,base,27,15.267092677170805,2.242964258214453
P02,S2,base,28,1.3796119508990219,3.8549758762079014
P02,S2,base,29,1.309909200116822,8.849909884273268
P02,S2,lv0,0,6.352426956703595,5.302145032890708
P02,S2,lv0,1,18.563078239348688,3.540136369637736
P02,S2,lv0,2,5.904514952752866,1.523666119044903
P02,S2,lv0,3,8.181054727952686,3.4442024777389557
P02,S2,lv0,4,3.3777968605376185,1.4299239885556374
P02,S2,lv0,5,3.4832201476036,1.7154785079748298
P02,S2,lv0,6,4.6582612278409545,1.6782792386677774
P02,S2,lv0,7,4.874184936309631,1.7279715665685909
P02,S2,lv0,8,17.329659669816145,2.859953272932735
P02,S2,lv0,9,9.02018425569752,2.308048690332448
P02,S2,lv0,10,7.25533978030325,1.9271740474347643
P02,S2,lv0,11,17.179307227936025,3.594464209944403
P02,S2,lv0,12,6.472625581227289,2.055490440485936
P02,S2,lv0,13,6.0003361540991405,3.1674384244314537
P02,S2,lv0,14,5.847488596027243,3.62667311022069
P02,S2,lv0,15,16.933356180470266,3.473893033414098
P02,S2,lv0,16,6.81882764672938,2.624703896518328
P02,S2,lv0,17,6.645485640838273,2.3962645969494445
P02,S2,lv0,18,6.473193968296704,2.307560104658707
P02,S2,lv0,19,6.018500231001282,1.6457531001226697
P02,S2,lv0,20,13.302081994896541,1.6572215603906637
P02,S2,lv0,21,29.0702239611157,5.874576201313797
P02,S2,lv0,22,18.898758071094765,3.3166750108326855
P02,S2,lv0,23,4.254801670588854,1.9044530431216404
P02,S2,lv0,24,5.769828551076159,1.3603764806880672
P02,S2,lv0,25,5.195602311050648,1.4414718133316107
P02,S2,lv0,26,4.5591909928744165,2.0428660753391754
P02,S2,lv0,27,18.421166276761685,1.8795965992463464
P02,S2,lv0,28,24.31032194437953,2.3990774876281247
P02,S2,lv0,29,29.99466816789571,5.01355457393413
P02,S2,lv0,30,4.379480721142817,4.9483461767503165
P02,S2,lv0,31,6.300538055438832,0.9736620195930596
P02,S2,lv0,32,3.8035731447301773,2.594762905462364
P02,S2,lv0,33,7.789899257716003,1.7974546215413039
P02,S2,lv0,34,6.106489673058979,2.061031194550312
P02,S2,lv0,35,3.0783382904626926,2.610887982996488
P02,S2,lv0,36,5.7622970885023275,1.8588829112252447
P02,S2,lv0,37,12.67415054643698,2.1749389102620764
P02,S2,lv0,38,9.765491244734257,1.5180086420829857
P02,S2,lv0,39,6.756763266174329,2.774478632710887
P02,S2,lv0,40,5.490032791285311,3.3808651913321284
P02,S2,lv0,41,6.819815229971851,2.3235203956280834
P02,S2,lv0,42,3.9493241039373777,2.085183535022708
P02,S2,lv0,43,15.827762351673735,2.712314456945201
P02,S2,lv0,44,16.896312597871333,3.1747568370115586
P02,S2,lv0,45,29.441567058068244,3.9798392332313006
P02,S2,lv0,46,6.139012454679827,2.528791423029904
P02,S2,lv0,47,5.287037826182236,2.5109123058220617
P02,S2,lv0,48,5.483711274854629,1.5760582869624293
P02,S2,lv0,49,4.251903089233708,1.0091131442213281
P02,S2,lv0,50,18.86853736758792,2.067558603883493
P02,S2,lv0,51,3.1093150976923423,2.033169301003312
P02,S2,lv0,52,2.885310773062597,2.378912898612345
P02,S2,lv0,53,43.611717464983634,5.446227697468882
P02,S2,lv0,54,70.874486806421,5.9535241718449585
P02,S2,lv0,55,11.00524223322511,2.5127554979215008
P02,S2,lv0,56,6.844812466510213,2.1134533712130135
P02,S2,lv0,57,6.0899349406042065,2.666214537329013
P02,S2,lv0,58,6.534840853754609,1.9487983548755548
P02,S2,lv0,59,3.4324736803074445,2.6429774738421905
P02,S2,lv0,60,3.899494332775486,1.5049037785831663
P02,S2,lv0,61,8.527231373232638,2.2546035435440492
P02,S2,lv0,62,5.940572338026824,3.053604203983934
P02,S2,lv0,63,4.757398823515874,3.5194109878418756
P02,S2,lv0,64,12.462665283975266,2.0124883381293315
P02,S2,lv0,65,2.859265405344755,1.6615194212489937
P02,S2,lv0,66,6.550379550658932,2.7541986572382324
P02,S2,lv0,67,19.335582595166652,3.6730448485667586
P02,S2,lv0,68,6.434452950656378,1.9541692845603753
P02,S2,lv0,69,3.343345062958223,2.5509044850953675
P02,S2,lv0,70,2.95118917282969,2.739777171371362
P02,S2,lv0,71,4.7916951811292385,2.5126973096200023
P02,S2,lv0,72,15.001608828538794,2.4754113499598085
P02,S2,lv0,73,3.4495184232254363,2.333999115342182
P02,S2,lv0,74,15.69944637742383,2.9104658968776693
P02,S2,lv0,75,11.827174268111708,3.299268743064122
P02,S2,lv0,76,22.74961073622187,4.276745940301368
P02,S2,lv0,77,11.461878778034576,2.4563856962033763
P02,S2,lv0,78,5.902983538449341,2.461544481326112
P02,S2,lv0,79,5.71495859275111,1.6296114083838413
P02,S2,lv0,80,7.574705095819435,2.2442027571671535
P02,S2,lv0,81,11.219667692483972,1.6962781908447822
P02,S2,lv0,82,5.406514487773097,2.8479892935444924
P02,S2,lv0,83,32.584428177740335,2.0399727185187064
P02,S2,lv0,84,4.506650409702909,1.262889670100774
P02,S2,lv0,85,5.6033057015430945,2.6016751319632987
P02,S2,lv0,86,9.236450518028406,3.492419665147662
P02,S2,lv0,87,6.268738819914044,1.6345448053615173
P02,S2,lv0,88,3.7766750073514097,1.510635400915353
P02,S2,lv0,89,2.6169915529091097,1.2835524409601144
P02,S2,lv0,90,14.70230855939897,2.733387368032962
P02,S2,lv0,91,17.492077904377215,5.7414036930918675
P02,S2,lv0,92,4.493891376061666,3.7267500110493472
P02,S2,lv0,93,2.7597715232722777,2.2661138971089527
P02,S2,lv0,94,5.646760778813085,2.2034919411055154
P02,S2,lv0,95,5.893054325813934,3.1190999956980643
P02,S2,lv0,96,6.573816587926937,2.126434041106734
P02,S2,lv0,97,6.879720397092882,2.8607822176421234
P02,S2,lv0,98,5.058433135430421,3.1238369327676723
P02,S2,lv0,99,5.501443569512513,3.7498721512770565
P02,S2,lv0,100,5.0637047869699705,1.2293109648045852
P02,S2,lv0,101,10.0069973902991,2.6057276677612116
P02,S2,lv0,102,2.9130541784540713,2.768053645432509
P02,S2,lv0,103,5.904605894987729,1.7861941303362574
P02,S2,lv0,104,2.1710458563737465,2.0881691464679655
P02,S2,lv0,105,5.520349713951983,2.4412326908922117
P02,S2,lv0,106,3.3873850780383785,2.51546735512367
P02,S2,lv0,107,16.137216177263603,2.2533976855538094
P02,S2,lv0,108,4.105254638814282,4.043788438846431
P02,S2,lv0,109,6.487196288792021,1.7693101630114616
P02,S2,lv0,110,6.659115452988191,1.734453710539753
P02,S2,lv0,111,2.835861332125333,1.4546562655239617
P02,S2,lv0,112,5.505597356244493,3.9937493380194327
P02,S2,lv0,113,34.64981250690813,3.0084557075240888
P02,S2,lv0,114,3.201952963461694,2.2684726290443895
P02,S2,lv0,115,3.2706006021541776,1.516468955766427
P02,S2,lv0,116,2.510282064805866,1.8405194817086992
P02,S2,lv0,117,26.776078242580983,2.3857142658585873
P02,S2,lv0,118,2.6563736436979575,2.2068154268363154
P02,S2,lv0,119,4.397642439737338,3.431322370252345
P02,S2,lv0,120,1.4832328056692317,1.4387148767023497
P02,S2,lv0,121,1.513742184049338,1.365565541749424
P02,S2,lv0,122,11.810969354126618,3.3419169550456016
P02,S2,lv0,123,5.169812283322,1.445551625253726
P02,S2,lv0,124,5.196158039345011,2.168127127291843
P02,S2,lv0,125,17.663244895684066,4.835646966591741
P02,S2,lv0,126,5.500216627730573,1.568062038506082
P02,S2,lv0,127,6.974372293678033,2.2981364790495586
P02,S2,lv0,128,4.6752646913285885,1.6815454082356998
P02,S2,lv0,129,19.86049584486823,3.149562670146313
P02,S2,lv0,130,39.08244347689027,6.653879135236862
P02,S2,lv0,131,9.412137604867546,2.039091024541118
P02,S2,lv0,132,5.162504131169515,3.487097994287033
P02,S2,lv0,133,7.134463583813711,2.3848851383502767
P02,S2,lv0,134,3.466677850648253,1.9271020628897435
P02,S2,lv0,135,19.864556328287662,2.5724043209301213
P02,S2,lv0,136,4.3617944319814415,2.1453621924837507
P02,S2,lv0,137,4.3781804317334165,5.678365697299758
P02,S2,lv0,138,16.02220564528845,4.443840924671177
P02,S2,lv0,139,25.016101622059207,2.4322444771177127
P02,S2,lv0,140,24.04859724935956,3.7803696867534113
P02,S2,lv0,141,2.9488792192356366,1.2137623396672523
P02,S2,lv0,142,6.154091276063527,1.439834515615344
P02,S2,lv0,143,4.62446257307839,1.8904950693241078
P02,S2,lv0,144,4.642126107808633,1.0145660350568202
P02,S2,lv0,145,26.67737045521371,1.8600464478079832
P02,S2,lv0,146,7.815321333449216,1.4664053367477734
P02,S2,lv0,147,4.213356375266055,2.0510818693105297
P02,S2,lv0,148,17.66997178696532,1.847281284752705
P02,S2,lv1,0,30.566807167634806,12.641712423276086
P02,S2,lv1,1,66.51707253792945,6.964434733715278
P02,S2,lv1,2,5.5191516699316665,2.698573359290472
P02,S2,lv1,3,32.3054136085036,12.851187923464375
P02,S2,lv1,4,5.10037386654955,5.348791868446205
P02,S2,lv1,5,7.659543228862585,2.6009937343988674
P02,S2,lv1,6,13.989222257979545,6.920507804308323
P02,S2,lv1,7,28.87614265129826,7.869545721588248
P02,S2,lv1,8,20.896747414940204,9.037460587145597
P02,S2,lv1,9,32.79001735334203,8.695803462158219
P02,S2,lv1,10,21.755078168648602,4.022253767818082
P02,S2,lv1,11,5.9922580783913375,2.869512196782287
P02,S2,lv1,12,44.483893584439265,5.016561802858916
P02,S2,lv1,13,19.13765914760066,4.843194641927362
P02,S2,lv1,14,12.271992803516072,4.447387841005241
P02,S2,lv1,15,8.442214172479536,5.03586559843034
P02,S2,lv1,16,4.005278163110035,2.9027225372653676
P02,S2,lv1,17,4.845976332133052,6.72841265456322
P02,S2,lv1,18,15.776814266154085,7.050044880156641
P02,S2,lv1,19,74.15273984958353,8.550798247845066
P02,S2,lv1,20,6.652788133336409,5.025592583896011
P02,S2,lv1,21,18.714374872610048,2.177168435958373
P02,S2,lv1,22,21.938155506091952,3.502540540731174
P02,S2,lv1,23,7.227195961348997,2.655681941184151
P02,S2,lv1,24,9.594664565679716,2.886089001805119
P02,S2,lv1,25,3.6183729510698077,3.1787859626549246
P02,S2,lv1,26,5.884091172270042,3.5230369383064297
P02,S2,lv1,27,3.5967407588233193,3.887138523230669
P02,S2,lv1,28,57.37576809829356,4.6865537480883335
P02,S2,lv1,29,13.607097958228255,5.065212512652029
P02,S2,lv1,30,32.34903364537698,5.5164647223090535
P02,S2,lv1,31,9.182207487921207,4.817954957443363
P02,S2,lv1,32,7.846043220037924,5.032848088851882
P02,S2,lv1,33,6.619849012210972,2.5254624310552383
P02,S2,lv1,34,11.471074402905472,3.3887801558362525
P02,S2,lv1,35,7.198106789687522,3.644958967857144
P02,S2,lv1,36,16.600157794797806,4.669121567487994
P02,S2,lv1,37,7.840317591258627,2.920530916047133
P02,S2,lv1,38,6.455188502387239,6.020987724306738
P02,S2,lv1,39,9.473651556383377,10.284508239097349
P02,S2,lv1,40,10.198003697981514,9.786992318371155
P02,S2,lv1,41,26.344573211510877,8.852988170230658
P02,S2,lv1,42,59.94215298724304,18.06240106102006
P02,S2,lv1,43,39.281180919676956,12.044938095858077
P02,S2,lv1,44,5.205554394603922,2.8157097080448583
P02,S2,lv1,45,17.76320721268061,6.457087926448135
P02,S2,lv1,46,19.249064689861285,4.802617860371231
P02,S2,lv1,47,9.374801879498408,3.2949166895124233
P02,S2,lv1,48,12.84962580849178,2.8086563125779533
P02,S2,lv1,49,4.368117603943797,2.387413410072932
P02,S2,lv1,50,11.093799443828933,3.9884743654010855
P02,S2,lv1,51,6.708929731622077,2.566037567899658
P02,S2,lv1,52,6.704239598449986,4.976856540309717
P02,S2,lv1,53,37.794657379322764,6.945165925676802
P02,S2,lv1,54,6.855965597417969,3.9069350935851803
P02,S2,lv1,55,10.33551327132076,2.7962819708504068
P02,S2,lv1,56,23.9265706353597,5.188276348248484
P02,S2,lv1,57,31.879391595685437,7.571036651814603
P02,S2,lv1,58,10.699189166903304,6.321367841249449
P02,S2,lv1,59,16.26329632098689,6.758753853465525
P02,S2,lv1,60,13.815263676248028,7.874859702382909
P02,S2,lv1,61,15.744343672712539,6.0808493765623055
P02,S2,lv1,62,33.836120154879595,8.315635907232279
P02,S2,lv1,63,9.438033396974637,5.150090586536655
P02,S2,lv1,64,6.9171607707881035,3.3632107286402007
P02,S2,lv1,65,9.317317357839965,4.884582233153608
P02,S2,lv1,66,4.605264434557264,3.8582658684449322
P02,S2,lv1,67,28.52192152473372,6.898598170226251
P02,S2,lv1,68,28.24274762569468,5.952801146456913
P02,S2,lv1,69,11.14960758025001,9.240765917319706
P02,S2,lv1,70,36.93621659619595,7.267516736862149
P02,S2,lv1,71,8.72570819327379,3.7431297312534317
P02,S2,lv1,72,18.3931733012819,6.112618332262732
P02,S2,lv1,73,21.687861997776142,5.470286424598602
P02,S2,lv1,74,30.692531652183565,3.4550065862792154
P02,S2,lv1,75,14.407841894002146,5.37386698418796
P02,S2,lv1,76,26.161386425594067,3.818603990987323
P02,S2,lv1,77,5.922118871483472,3.545538149664758
P02,S2,lv1,78,12.319094692118224,5.8326141886145395
P02,S2,lv1,79,30.424300784751832,4.219423123748637
P02,S2,lv1,80,28.24145559851781,3.9867276115179435
P02,S2,lv1,81,7.832470927512431,5.220178244298687
P02,S2,lv1,82,35.58343200860061,2.484518886927428
P02,S2,lv1,83,13.899126211715727,4.34480434626957
P02,S2,lv1,84,38.36209827749136,9.413489933625918
P02,S2,lv1,85,12.505659769828506,4.819244113183579
P02,S2,lv1,86,54.7794405705394,8.427207830952488
P02,S2,lv1,87,29.045330086911527,7.973313570853297
P02,S2,lv1,88,8.357231182596736,6.006221856522239
P02,S2,lv1,89,34.539073259626925,4.054143130805074
P02,S2,lv1,90,20.300771285800415,6.25455665313317
P02,S2,lv1,91,24.970775445254645,5.465110009768392
P02,S2,lv1,92,6.588933276328877,3.302613848526677
P02,S2,lv1,93,3.1975937324464234,3.106951554138874
P02,S2,lv1,94,15.19602246747168,8.512835202086144
P02,S2,lv1,95,47.286913682313745,7.977247992147961
P02,S2,lv1,96,6.079062305569924,3.2692726483321635
P02,S2,lv1,97,4.891041910328507,6.012618611830072
P02,S2,lv1,98,5.49264368130726,4.198766372897995
P02,S2,lv1,99,38.56351240276077,8.370141317454411
P02,S2,lv1,100,11.601440997038937,7.280995766417989
P02,S2,lv1,101,17.73745682940326,4.9852193138785434
P02,S2,lv1,102,11.899707279914024,9.999080285610969
P02,S2,lv1,103,12.13723857381074,5.324330644862153
P02,S2,lv1,104,15.272414503714446,6.788679603709032
P02,S2,lv1,105,7.685188527090729,3.264220268530926
P02,S2,lv1,106,8.367660508824954,4.127914509060897
P02,S2,lv1,107,16.89322355559625,1.7421020241321155
P02,S2,lv1,108,10.442801148328025,7.535168562489979
P02,S2,lv1,109,8.050296526327365,3.8272129280869747
P02,S2,lv1,110,14.892020502682852,5.794734444311986
P02,S2,lv1,111,5.155007267523909,2.740239254000519
P02,S2,lv1,112,19.84206217049757,6.3000769892158175
P02,S2,lv1,113,35.76924677833182,4.226907804723495
P02,S2,lv1,114,6.423971454164878,6.890157725017507
P02,S2,lv1,115,8.017532572913483,4.355589521344868
P02,S2,lv1,116,7.059026877880104,5.645086968614679
P02,S2,lv1,117,19.343604272040633,4.969258106824816
P02,S2,lv1,118,7.310115320184878,5.570387203751691
P02,S2,lv1,119,3.5582428032047937,2.640406808123539
P02,S2,lv1,120,5.296737563399552,5.799298181177676
P02,S2,lv1,121,11.224072073830555,5.247963167434503
P02,S2,lv1,122,18.209441259009058,7.997749144727756
P02,S2,lv1,123,3.624776477059361,2.5141543712371033
P02,S2,lv1,124,11.64149508586067,10.643182520369816
P02,S2,lv1,125,15.913006367597584,16.41957166964522
P02,S2,lv1,126,5.0548862145058955,3.911087283952929
P02,S2,lv1,127,17.1486840129137,5.4360562141544735
P02,S2,lv1,128,10.899311239798354,7.52671138347518
P02,S2,lv1,129,24.612009036525446,9.191912324777197
P02,S2,lv1,130,16.64312495166541,7.444803503768807
P02,S2,lv1,131,15.947989910180011,4.425499515370566
P02,S2,lv1,132,22.726886283987113,5.410112838593067
P02,S2,lv1,133,8.100647365220581,2.894752087057501
P02,S2,lv1,134,13.435327261965865,5.1196738861533415
P02,S2,lv1,135,6.436838682018299,3.0418602653683164
P02,S2,lv1,136,9.875919878893738,4.845161777950087
P02,S2,lv1,137,11.837080649285141,10.85398490649636
P02,S2,lv1,138,7.79788790419155,3.4968918174460293
P02,S2,lv1,139,37.28725321633929,3.275079840679703
P02,S2,lv1,140,9.197359909333793,3.6593827538295933
P02,S2,lv1,141,48.32242452099098,12.244837434401655
P02,S2,lv1,142,9.84980544953023,3.146202886875644
P02,S2,lv1,143,37.189206827450604,6.362208821610326
P02,S2,lv1,144,7.516847895643103,5.718922059553883
P02,S2,lv1,145,6.369611398627166,3.8262655572419644
P02,S2,lv1,146,6.393017075214673,4.579713766839536
P02,S2,lv1,147,8.831515376373,4.368542885437251
P02,S2,lv1,148,7.2974587783986715,3.8838812505174585
P02,S2,lv2,0,7.829072753548082,5.072039376881584
P02,S2,lv2,1,7.188762044565042,3.576634172318585
P02,S2,lv2,2,30.344561483963204,7.884348827448421
P02,S2,lv2,3,53.475586344230216,6.242110846756754
P02,S2,lv2,4,63.67164963758433,12.987712077312565
P02,S2,lv2,5,38.65578860888407,9.067370245945392
P02,S2,lv2,6,4.582715788860656,2.119393933927752
P02,S2,lv2,7,20.442543929058743,5.111574136073304
P02,S2,lv2,8,5.698133239391575,5.233172338236507
P02,S2,lv2,9,7.848015290076075,4.59277955516299
P02,S2,lv2,10,9.951463348723395,2.5895397021557645
P02,S2,lv2,11,6.934582612821159,3.234388231534794
P02,S2,lv2,12,13.02383292695001,7.958693524996709
P02,S2,lv2,13,9.458163496071586,6.344105852067987
P02,S2,lv2,14,33.021992900134485,11.074958059263817
P02,S2,lv2,15,7.156383868693866,2.991735238214098
P02,S2,lv2,16,23.017424066422844,4.131909494746139
P02,S2,lv2,17,6.677999462323215,2.4757841949622246
P02,S2,lv2,18,3.7466968581213638,2.364615165069449
P02,S2,lv2,19,30.491986124000217,5.273235961173799
P02,S2,lv2,20,31.150370175363353,5.424973792635427
P02,S2,lv2,21,28.77717819706169,6.086327578983442
P02,S2,lv2,22,10.440710366585783,5.145189015652473
P02,S2,lv2,23,7.989414898816039,2.5122554329821005
P02,S2,lv2,24,8.405413289696112,3.84497532981255
P02,S2,lv2,25,14.284639130475135,2.9803563621400686
P02,S2,lv2,26,11.150170266121357,2.9351461424917775
P02,S2,lv2,27,17.72216118846367,5.181083276360937
P02,S2,lv2,28,18.949389822270135,9.602678761485572
P02,S2,lv2,29,7.78906995126809,3.0525145513999328
P02,S2,lv2,30,11.732896352892729,4.556998032805204
P02,S2,lv2,31,18.416111780648013,6.0946254696242494
P02,S2,lv2,32,31.344347834732623,11.372336346547256
P02,S2,lv2,33,12.484415423777213,5.74577531914553
P02,S2,lv2,34,4.217899910566984,3.130644918914368
P02,S2,lv2,35,7.2250094498589705,4.701539959668769
P02,S2,lv2,36,3.9661132903138343,3.5400196386458216
P02,S2,lv2,37,4.287500726378663,4.40500100851782
P02,S2,lv2,38,12.405704564895156,4.43341399702685
P02,S2,lv2,39,15.99536148180026,3.3593550488264237
P02,S2,lv2,40,4.854962169157582,2.4575249516682387
P02,S2,lv2,41,5.0161199469573186,2.3036042565506527
P02,S2,lv2,42,14.42348519599401,5.108274320846787
P02,S2,lv2,43,8.778989226371927,2.8519231487702648
P02,S2,lv2,44,22.544125563904473,8.45017896063102
P02,S2,lv2,45,11.619554042511664,4.879849014115188
P02,S2,lv2,46,68.91495105565349,7.021793517233542
P02,S2,lv2,47,52.1634332895526,6.490571686481437
P02,S2,lv2,48,9.321440769731948,8.966886437166162
P02,S2,lv2,49,5.304548722601047,8.090958412853448
P02,S2,lv2,50,11.610243233554558,4.471013223806987
P02,S2,lv2,51,2.7165092266946638,2.744128156076681
P02,S2,lv2,52,35.114974323329655,4.508407085843976
P02,S2,lv2,53,86.2058866840186,7.281736859818678
P02,S2,lv2,54,19.910841706631256,4.232700903395163
P02,S2,lv2,55,29.598347484029254,7.795783178237474
P02,S2,lv2,56,52.14726420772904,8.674412019445356
P02,S2,lv2,57,7.468797837666206,3.9375675271011166
P02,S2,lv2,58,24.373040005686246,3.7436099320934018
P02,S2,lv2,59,2.7455293177510813,3.19093191346837
P02,S2,lv2,60,52.339093159273226,4.2359148576736505
P02,S2,lv2,61,12.494758030620913,4.741621063413951
P02,S2,lv2,62,4.789824952265161,6.61260644490436
P02,S2,lv2,63,19.1495562255283,7.542718564257122
P02,S2,lv2,64,44.959223595626945,6.469132739894962
P02,S2,lv2,65,7.841820197138895,4.912123458823609
P02,S2,lv2,66,10.164761259123875,9.276530326693967
P02,S2,lv2,67,19.400906127204966,11.792825910897296
P02,S2,lv2,68,7.228372461566504,5.806650222218813
P02,S2,lv2,69,15.400222917286495,3.9372523047399155
P02,S2,lv2,70,4.520971277533382,4.076731285507674
P02,S2,lv2,71,16.889216014469735,5.7431916252276825
P02,S2,lv2,72,40.07995903099407,2.9233331411073653
P02,S2,lv2,73,3.2933944506516677,6.879744552344997
P02,S2,lv2,74,6.459155088956208,2.539331715850405
P02,S2,lv2,75,30.94893626062678,2.2942017210873944
P02,S2,lv2,76,8.35161214702986,3.2396833263363907
P02,S2,lv2,77,11.67002795078307,7.520188404043682
P02,S2,lv2,78,58.822396870224935,6.849186351953821
P02,S2,lv2,79,65.23911532303914,19.503510859629174
P02,S2,lv2,80,5.120330016445094,3.6802825286377305
P02,S2,lv2,81,34.118035771185724,9.045704540618887
P02,S2,lv2,82,3.771581955945812,3.4159810944724276
P02,S2,lv2,83,4.472212235129534,4.116916869998451
P02,S2,lv2,84,43.58349287294362,8.378240539935659
P02,S2,lv2,85,2.8964352140937337,5.30385545435364
P02,S2,lv2,86,5.655836955615896,5.384971636452195
P02,S2,lv2,87,2.786184173141686,2.095850451446864
P02,S2,lv2,88,39.556929157821905,5.144407435047424
P02,S2,lv2,89,14.097717302865055,7.457079766688402
P02,S2,lv2,90,35.21486375554686,6.697257172473828
P02,S2,lv2,91,4.702955999648526,5.6758322986885785
P02,S2,lv2,92,9.994075080138131,4.699033755528505
P02,S2,lv2,93,8.738834997653141,3.2424537112754033
P02,S2,lv2,94,4.979649077237766,3.0284809686854537
P02,S2,lv2,95,8.923897270708688,4.30180324706878
P02,S2,lv2,96,8.44529922103697,3.974593198528361
P02,S2,lv2,97,7.453892081720919,10.671424880959739
P02,S2,lv2,98,43.776797084591486,5.477831520027014
P02,S2,lv2,99,34.305391555125915,5.508885508269603
P02,S2,lv2,100,16.446498770483363,3.917555001470601
P02,S2,lv2,101,9.392447623797059,7.622233570269373
P02,S2,lv2,102,7.321056421641841,4.6160253856534945
P02,S2,lv2,103,71.25842685739278,6.104429666654149
P02,S2,lv2,104,11.337223576167249,5.089686116100383
P02,S2,lv2,105,73.05638414717599,9.250171371947532
P02,S2,lv2,106,15.055305285199816,6.108314996908825
P02,S2,lv2,107,8.787110790649878,4.320017850724676
P02,S2,lv2,108,38.03324225877041,11.037449382988642
P02,S2,lv2,109,13.255426314311539,5.8922903967205045
P02,S2,lv2,110,6.324919575403879,8.321539390383267
P02,S2,lv2,111,19.799447148951828,13.500006212839875
P02,S2,lv2,112,4.943454024779845,4.418710056810124
P02,S2,lv2,113,17.53573204405321,11.263545751183399
P02,S2,lv2,114,11.715913564437152,8.357417236201613
P02,S2,lv2,115,52.86550122536373,9.242353805468028
P02,S2,lv2,116,7.270917557009154,2.635137221599681
P02,S2,lv2,117,27.171069554598528,4.873988614694164
P02,S2,lv2,118,15.281266511238076,8.961901949213404
P02,S2,lv2,119,9.841802998521018,5.253609097625135
P02,S2,lv2,120,5.968321975988977,2.873081471277194
P02,S2,lv2,121,49.41261240043112,12.623328238811265
P02,S2,lv2,122,10.122557977370056,5.213339022297959
P02,S2,lv2,123,3.4947918425578797,4.0004861596141525
P02,S2,lv2,124,4.386328362028594,4.231913368349987
P02,S2,lv2,125,16.54812987980336,8.792477465065279
P02,S2,lv2,126,30.7318462683047,6.075633632166389
P02,S2,lv2,127,31.661813092353004,4.711914322700569
P02,S2,lv2,128,42.366222296313666,6.073360768672196
P02,S2,lv2,129,5.128082609313004,4.083617186472433
P02,S2,lv2,130,41.30179690916329,7.362193827217552
P02,S2,lv2,131,17.354330974460826,9.345248777873492
P02,S2,lv2,132,64.24515036372065,5.40868183262266
P02,S2,lv2,133,4.61128489826287,1.8919581831220946
P02,S2,lv2,134,16.63680947018342,7.676679710665004
P02,S2,lv2,135,5.6965403431703185,5.867554607150325
P02,S2,lv2,136,29.263541488939772,3.884264235575506
P02,S2,lv2,137,6.074509639949759,8.770325517617804
P02,S2,lv2,138,7.739350755875237,7.687678926973127
P02,S2,lv2,139,3.7927874920552918,3.8538995176996638
P02,S2,lv2,140,29.24420788143636,8.614941374511194
P02,S2,lv2,141,13.5771300393215,8.342293349562004
P02,S2,lv2,142,14.244481517707015,5.9240680295770645
P02,S2,lv2,143,2.1134491119415744,2.72480816277749
P02,S2,lv2,144,45.348018764386474,6.2086357661370055
P02,S2,lv2,145,21.412734746749848,5.298313051057285
P02,S2,lv2,146,7.605204164682688,4.421707917383906
P02,S2,lv2,147,31.039818871518182,13.67669166107268
P02,S2,lv2,148,6.267918680785347,5.182380499475683
P03,S1,base,0,1.7758126249510564,1.7194947213507625
P03,S1,base,1,2.5493829179634675,5.960796180029147
P03,S1,base,2,3.0024443232211606,3.2209910545337825
P03,S1,base,3,1.8733587642767477,1.9169761186077499
P03,S1,base,4,1.90539638810481,1.5313439419914445
P03,S1,base,5,2.4475035371651668,1.2885815294114962
P03,S1,base,6,3.310465589313704,2.5720115253242355
P03,S1,base,7,3.8683347624504028,2.117204101231828
P03,S1,base,8,0.8944614702611857,5.121202018568078
P03,S1,base,9,2.386230587149958,1.651798843707117
P03,S1,base,10,1.4901367157858898,1.442607693442867
P03,S1,base,11,2.5515731573601665,1.7699586820907298
P03,S1,base,12,3.1355757399297137,0.8806161299302867
P03,S1,base,13,1.9903067266968482,1.0631477145220052
P03,S1,base,14,3.416525547176571,2.29922565115263
P03,S1,base,15,2.7513798630199138,2.591190390269361
P03,S1,base,16,2.5395992387400383,1.4036024268174863
P03,S1,base,17,5.4169728663575825,2.2174745620118657
P03,S1,base,18,3.610501633572249,5.630484143540069
P03,S1,base,19,1.2300902333353245,1.996995018125455
P03,S1,base,20,3.9686147170135055,2.7877925503461944
P03,S1,base,21,1.7342834845092148,1.3800744808017964
P03,S1,base,22,2.2587703651561735,2.3179618294775257
P03,S1,base,23,3.540275767653594,2.7005508867064947
P03,S1,base,24,1.3252848231146215,2.629083881089368
P03,S1,base,25,3.7308375955358315,1.7166482726864196
P03,S1,base,26,3.2956499524333873,1.7320117027782636
P03,S1,base,27,2.2390593821022935,1.5950557945210875
P03,S1,base,28,2.1254074419451303,1.7505541292518618
P03,S1,base,29,2.173904948347801,2.2141993752361913
P03,S1,lv0,0,3.0774826541376563,1.7540787985961206
P03,S1,lv0,1,4.089433163715264,3.5283426046507502
P03,S1,lv0,2,2.8528855867368557,1.9132220938456608
P03,S1,lv0,3,12.644658336364046,2.704582762629438
P03,S1,lv0,4,9.040207976825148,2.88763584368283
P03,S1,lv0,5,4.819210672956441,4.0418593651672845
P03,S1,lv0,6,2.9178964066827535,1.2966950096697152
P03,S1,lv0,7,6.2590205833397645,2.8796273272525705
P03,S1,lv0,8,7.305000613076151,2.081348819401486
P03,S1,lv0,9,5.257826887701249,3.199368924449903
P03,S1,lv0,10,9.80975003583202,7.3161284409953025
P03,S1,lv0,11,4.8966161810277296,13.744943803423666
P03,S1,lv0,12,4.2555196410227225,2.647540251084937
P03,S1,lv0,13,5.179916554334991,7.623497871704295
P03,S1,lv0,14,3.7001738135772766,9.209060772123141
P03,S1,lv0,15,5.031330548450749,4.780981608376174
P03,S1,lv0,16,2.254719103339449,3.7485073455035254
P03,S1,lv0,17,5.41592592659711,7.120317026342295
P03,S1,lv0,18,3.9899833981333983,3.547800740117661
P03,S1,lv0,19,4.678357669500332,3.357123717147006
P03,S1,lv0,20,2.759579876482841,2.8250952264891294
P03,S1,lv0,21,5.230798408869494,5.833089952231915
P03,S1,lv0,22,4.163393894436313,4.925326721058494
P03,S1,lv0,23,3.093244580502472,2.836688593505851
P03,S1,lv0,24,11.370369353603978,2.346050253737039
P03,S1,lv0,25,5.191621531581229,3.63342139657909
P03,S1,lv0,26,3.0883772539873067,2.1507580712444763
P03,S1,lv0,27,6.003525946501418,2.158883576393568
P03,S1,lv0,28,3.6491099649951826,2.261346321528486
P03,S1,lv0,29,5.21893895863803,4.453750977557219
P03,S1,lv0,30,2.111782622191596,2.3063721125456866
P03,S1,lv0,31,7.121844414797106,4.09528341428634
P03,S1,lv0,32,4.04398327059137,3.061326002738838
P03,S1,lv0,33,4.675867978882599,4.453879344815419
P03,S1,lv0,34,10.661919486511598,5.000423959435178
P03,S1,lv0,35,2.929298369224282,3.060997405003602
P03,S1,lv0,36,6.122368638600609,3.7689367333135246
P03,S1,lv0,37,2.859155562824684,1.545031851687222
P03,S1,lv0,38,5.379481497440225,3.285410608331309
P03,S1,lv0,39,9.823394830550447,2.8049472770825243
P03,S1,lv0,40,4.846546322743801,2.377062270433691
P03,S1,lv0,41,2.9247559004062484,3.787463472659378
P03,S1,lv0,42,2.1352428140381545,4.826923785657527
P03,S1,lv0,43,4.551107395361642,3.5609173683037527
P03,S1,lv0,44,6.351182661507154,3.644649047618855
P03,S1,lv0,45,4.49117633613904,5.361891533496628
P03,S1,lv0,46,3.884139381159114,6.349055067790149
P03,S1,lv0,47,4.605242559887499,2.4856148714418587
P03,S1,lv0,48,2.8470705184885756,3.32052758256689
P03,S1,lv0,49,4.5768405824504645,2.301886309370103
P03,S1,lv0,50,3.49311173477125,2.1558073628898597
P03,S1,lv0,51,5.3689102367803985,7.879171485249075
P03,S1,lv0,52,7.84345739129779,4.390157686233014
P03,S1,lv0,53,2.892551869965507,3.6620963344947213
P03,S1,lv0,54,5.128717255492261,3.4512696376269987
P03,S1,lv0,55,7.2940613595994535,4.51959527312465
P03,S1,lv0,56,5.85773270047817,6.521315592156149
P03,S1,lv0,57,3.6187337928830483,4.74635871320484
P03,S1,lv0,58,2.3754662155875184,3.238868227558857
P03,S1,lv0,59,5.3770961176544425,5.331480515298816
P03,S1,lv0,60,2.731438754254799,3.943031831913267
P03,S1,lv0,61,3.3435637186079967,1.8206514374176954
P03,S1,lv0,62,4.578367030346059,7.210422589961396
P03,S1,lv0,63,4.859655462802984,4.956052704153967
P03,S1,lv0,64,4.0068371226318975,2.5652083215916637
P03,S1,lv0,65,3.2968309433565026,3.9909361565867667
P03,S1,lv0,66,3.9969671046749995,5.579230088544179
P03,S1,lv0,67,4.8481410072858235,6.0967915134432396
P03,S1,lv0,68,7.023039404023559,7.144385264478431
P03,S1,lv0,69,4.315319902788077,4.367426371212642
P03,S1,lv0,70,3.39282330376942,4.813954663339243
P03,S1,lv0,71,2.397455869445476,2.772749697793904
P03,S1,lv0,72,2.124809494404052,1.7224907425064662
P03,S1,lv0,73,2.13672152565956,2.586421413679043
P03,S1,lv0,74,3.412412528233721,2.135073877393489
P03,S1,lv0,75,5.685207411852161,5.9508884771108415
P03,S1,lv0,76,4.472581817826472,3.4848859424974234
P03,S1,lv0,77,4.74727444794341,4.777708853101388
P03,S1,lv0,78,8.826313010383144,5.490670005919698
P03,S1,lv0,79,4.788439497789686,3.7817895903579752
P03,S1,lv0,80,6.683872946234724,6.1887529247494335
P03,S1,lv0,81,5.13364256031157,3.112930684395637
P03,S1,lv0,82,3.8043234353435644,3.1926052986495908
P03,S1,lv0,83,4.912039140120437,3.7034965549270313
P03,S1,lv0,84,7.424043841249737,3.6807194051622045
P03,S1,lv0,85,7.083575999627546,3.307765211954794
P03,S1,lv0,86,6.071427536597497,4.194320962468531
P03,S1,lv0,87,3.0678181686334374,3.3125464254112424
P03,S1,lv0,88,4.3368628240778495,3.3346341128307757
P03,S1,lv0,89,6.27372598167326,10.395552550240604
P03,S1,lv0,90,3.189266079586497,3.4110974938723198
P03,S1,lv0,91,4.9645227805668295,4.085718486151629
P03,S1,lv0,92,5.595626818624526,2.6458886737655845
P03,S1,lv0,93,7.67291416710624,5.671831399331921
P03,S1,lv0,94,4.006897112781608,2.5496613998935973
P03,S1,lv0,95,4.888890917945766,3.045721866236464
P03,S1,lv0,96,3.822436644769854,2.1631458025727275
P03,S1,lv0,97,2.1123158588983877,1.7552129451835363
P03,S1,lv0,98,5.024047158103865,2.863605374016931
P03,S1,lv0,99,3.7959391021532927,3.3599591674622964
P03,S1,lv0,100,4.441912356233053,3.9811178113897236
P03,S1,lv0,101,1.9193454348701466,1.904300224375733
P03,S1,lv0,102,4.17920488419882,2.981017762568476
P03,S1,lv0,103,3.1879808480698135,2.7193189977350634
P03,S1,lv0,104,3.2584450794422373,2.5401592542486915
P03,S1,lv0,105,2.9761258392626746,2.4632352567552576
P03,S1,lv0,106,2.6433730119891967,3.9919256159832868
P03,S1,lv0,107,3.8942730103914243,2.198441051609747
P03,S1,lv0,108,2.943427523451893,5.848607673560099
P03,S1,lv0,109,3.431545030340987,4.735271641485517
P03,S1,lv0,110,4.701679218861269,3.1042759317617814
P03,S1,lv0,111,5.361678975453037,3.1162086084909832
P03,S1,lv0,112,6.775984778653907,5.572038091707684
P03,S1,lv0,113,5.790277813231602,3.0268166969798393
P03,S1,lv0,114,5.049705483222193,4.284060295465834
P03,S1,lv0,115,5.464144778726017,3.762942884049779
P03,S1,lv0,116,2.2969250236527468,3.561464425373161
P03,S1,lv0,117,10.96091161481593,2.857510241240787
P03,S1,lv0,118,5.058641784415816,4.9863385958389825
P03,S1,lv0,119,2.390286650019164,3.4423690755582457
P03,S1,lv0,120,5.105379838587453,3.62799666262005
P03,S1,lv0,121,3.8201309106071024,2.2221409240253505
P03,S1,lv0,122,2.56684731352283,4.6093649466893085
P03,S1,lv0,123,4.675187945427681,5.161735995225975
P03,S1,lv0,124,4.013376439971014,7.029856192721131
P03,S1,lv0,125,6.227991237320638,4.483004891814467
P03,S1,lv0,126,3.5951263068769355,3.079599122117843
P03,S1,lv0,127,3.825334857946059,3.3660060493456188
P03,S1,lv0,128,6.077214333136362,5.9051794581922605
P03,S1,lv0,129,3.957342813261238,4.4864714927254585
P03,S1,lv0,130,4.433339372241905,8.569217883898236
P03,S1,lv0,131,2.4627612726095367,4.277689569252377
P03,S1,lv0,132,3.5126695971120476,3.979919063812306
P03,S1,lv0,133,5.712746497473601,3.905492648643117
P03,S1,lv0,134,5.734008168419117,3.049093847215387
P03,S1,lv0,135,4.3965547832605445,5.733438446126376
P03,S1,lv0,136,5.716516449289072,3.1889577278669385
P03,S1,lv0,137,3.1354026376584048,2.305542392920812
P03,S1,lv0,138,3.1890790262342046,3.921429737795409
P03,S1,lv0,139,2.9080898625759564,2.8063620124489446
P03,S1,lv0,140,4.2030244975818425,2.6786053652132598
P03,S1,lv0,141,5.486538400284145,2.7081636469531656
P03,S1,lv0,142,5.905579184993729,3.674232438463626
P03,S1,lv0,143,8.664718720454715,5.023301741572595
P03,S1,lv0,144,2.6992616699260448,3.0205343599775665
P03,S1,lv0,145,4.234203238301122,4.642403301860639
P03,S1,lv0,146,3.9994944763989526,6.769610830224235
P03,S1,lv0,147,3.371292972256497,6.471944597253088
P03,S1,lv0,148,3.7941079946187637,7.229934511300283
P03,S1,lv1,0,5.843744952407936,4.372706932759958
P03,S1,lv1,1,4.143872309787304,3.7249423281295853
P03,S1,lv1,2,3.8889157400389425,4.440387632494076
P03,S1,lv1,3,8.960725266839132,3.1548225432604293
P03,S1,lv1,4,4.972661816819105,4.229769992924035
P03,S1,lv1,5,6.134552197176469,4.765926606360256
P03,S1,lv1,6,5.449054293988353,2.925346541255894
P03,S1,lv1,7,9.289102483579049,4.0904396733417565
P03,S1,lv1,8,7.589365121980966,2.1837684403306636
P03,S1,lv1,9,5.663158413704127,3.5108346846226106
P03,S1,lv1,10,6.079279476668598,2.8975587032779857
P03,S1,lv1,11,2.909739524766717,5.444165136069085
P03,S1,lv1,12,7.729288125940858,9.128833939189493
P03,S1,lv1,13,5.558718405530716,6.406361520274678
P03,S1,lv1,14,5.019519735884343,2.6015482095204363
P03,S1,lv1,15,3.568326735033276,3.8110720139233845
P03,S1,lv1,16,4.536615430882428,4.758161085433807
P03,S1,lv1,17,1.9897195032412127,3.200775625089274
P03,S1,lv1,18,3.2063486370101715,2.1972830517732946
P03,S1,lv1,19,17.632701764647944,3.8147891302652006
P03,S1,lv1,20,7.015134417538645,5.7450388253388125
P03,S1,lv1,21,7.560953219323169,6.803163159442927
P03,S1,lv1,22,6.5583173243571355,2.8676676431105688
P03,S1,lv1,23,8.056515292916599,3.9254387311458636
P03,S1,lv1,24,11.320332279746424,4.894557811122456
P03,S1,lv1,25,6.215808701396459,3.8961302204133665
P03,S1,lv1,26,6.071144020349994,5.341130578536813
P03,S1,lv1,27,6.2672353568913355,5.864485456125636
P03,S1,lv1,28,5.969593783801456,3.526787327581721
P03,S1,lv1,29,3.891829208768417,2.5305460525701857
P03,S1,lv1,30,2.843793222837362,2.2373291270228894
P03,S1,lv1,31,3.663985646353401,2.7381087480314474
P03,S1,lv1,32,4.6791035136907375,3.124053231557586
P03,S1,lv1,33,3.576625211831802,4.815153304248592
P03,S1,lv1,34,6.986586107963988,2.6436035271604403
P03,S1,lv1,35,2.842520206161654,6.016844572693015
P03,S1,lv1,36,10.47371897634134,2.137998428701957
P03,S1,lv1,37,5.712160699986837,3.2530600695690586
P03,S1,lv1,38,5.589547396688243,3.8392774230277373
P03,S1,lv1,39,4.943685410782724,3.204595750921294
P03,S1,lv1,40,4.827244427024516,2.7042057864096853
P03,S1,lv1,41,4.536160653225575,2.511625451776895
P03,S1,lv1,42,4.115810162410876,1.556805748734074
P03,S1,lv1,43,3.9492144899510397,4.372240600467642
P03,S1,lv1,44,3.43913516702439,1.9515748605837682
P03,S1,lv1,45,6.885725405543344,6.138745618266061
P03,S1,lv1,46,5.125649930646501,3.7060217393526105
P03,S1,lv1,47,4.731763437604464,8.408910815241143
P03,S1,lv1,48,6.8988617463670945,3.661958351399598
P03,S1,lv1,49,6.6593681386469274,4.17905601544583
P03,S1,lv1,50,6.770720520849519,6.805677691395945
P03,S1,lv1,51,9.05500491971353,3.4744290342052775
P03,S1,lv1,52,5.935675393124648,2.600064815839397
P03,S1,lv1,53,3.7138520534079045,2.064476769656048
P03,S1,lv1,54,9.552609237885791,4.375944212030909
P03,S1,lv1,55,7.006299954543111,5.454320831606257
P03,S1,lv1,56,4.477970200729955,3.377071448533671
P03,S1,lv1,57,20.745912128070906,6.699744239496617
P03,S1,lv1,58,5.85399345626048,5.634216279364106
P03,S1,lv1,59,3.767169646935616,3.2742214837897845
P03,S1,lv1,60,8.733198373315197,4.8224505837445095
P03,S1,lv1,61,11.277948551528779,5.687050680289702
P03,S1,lv1,62,5.439405893831206,5.425074717795843
P03,S1,lv1,63,5.4450435584099415,3.1083174582599904
P03,S1,lv1,64,10.484262780415396,4.8611819290490885
P03,S1,lv1,65,5.076690495392928,2.1410675453555537
P03,S1,lv1,66,3.502816701643633,3.1400409568095053
P03,S1,lv1,67,4.484632867806713,3.12907696024159
P03,S1,lv1,68,6.4496696522787245,4.307955728572521
P03,S1,lv1,69,5.621444865076135,6.182986314302424
P03,S1,lv1,70,1.9035660469341258,1.5991260705203563
P03,S1,lv1,71,3.5363516785990687,3.1019400776242456
P03,S1,lv1,72,6.286282665838415,7.2033744127599295
P03,S1,lv1,73,5.827788072129402,7.675449965543532
P03,S1,lv1,74,4.425048778732228,5.426820054461737
P03,S1,lv1,75,3.5896670841967797,5.143152201233153
P03,S1,lv1,76,6.063125587833819,4.340127905363684
P03,S1,lv1,77,4.717723084139393,6.821565850231919
P03,S1,lv1,78,5.651380544816801,4.278081157366403
P03,S1,lv1,79,8.705176086609786,3.2839537508056753
P03,S1,lv1,80,4.732649921128705,3.239395724905537
P03,S1,lv1,81,2.8089660716239027,5.4545675671183815
P03,S1,lv1,82,5.8822943818626205,7.044542918210881
P03,S1,lv1,83,3.607951219402822,8.626190510557386
P03,S1,lv1,84,5.5957105756200765,4.873976065788244
P03,S1,lv1,85,4.478219240502108,3.955077550903981
P03,S1,lv1,86,5.699941171039514,4.424531489680257
P03,S1,lv1,87,6.211267410653153,3.4318451778528223
P03,S1,lv1,88,4.060089912380197,3.0200988791534247
P03,S1,lv1,89,5.8455917320376445,5.738996171784155
P03,S1,lv1,90,6.950398115482342,4.321433063969592
P03,S1,lv1,91,3.6479656902605466,6.031719348203749
P03,S1,lv1,92,6.406760225923049,4.784095234630918
P03,S1,lv1,93,7.17013466688364,4.996224079819225
P03,S1,lv1,94,4.121802319303414,5.253176431845302
P03,S1,lv1,95,5.75910392792219,3.4202698058615817
P03,S1,lv1,96,6.14004068428625,6.05567347554679
P03,S1,lv1,97,7.375658476812772,4.5931672482991335
P03,S1,lv1,98,8.254948145386482,6.222301037802788
P03,S1,lv1,99,4.462637827123156,5.491276747196843
P03,S1,lv1,100,5.2100451387670725,4.123817100134415
P03,S1,lv1,101,8.380332649917554,5.148002844940059
P03,S1,lv1,102,6.31726690530794,4.516306921979363
P03,S1,lv1,103,8.599921414076478,4.968023471143843
P03,S1,lv1,104,2.7893300149715676,5.406988697445169
P03,S1,lv1,105,8.682810562068054,5.056837269637266
P03,S1,lv1,106,6.066367885702034,3.056011508644285
P03,S1,lv1,107,2.5714842804905316,5.354794312950924
P03,S1,lv1,108,4.051069541272379,4.606966459622707
P03,S1,lv1,109,3.653048212521173,1.9444672307792885
P03,S1,lv1,110,5.795311263125176,2.184054055351917
P03,S1,lv1,111,3.005527814489417,2.8674358374163056
P03,S1,lv1,112,5.835768852863253,4.8810681046293665
P03,S1,lv1,113,8.16025010550238,2.3486512334059526
P03,S1,lv1,114,9.681609171172099,2.727802854114603
P03,S1,lv1,115,3.885845780489264,2.5003639353426914
P03,S1,lv1,116,6.822308633839539,4.884891803690737
P03,S1,lv1,117,2.436458073572179,3.3482808661874905
P03,S1,lv1,118,2.7216681738276405,7.759572760783222
P03,S1,lv1,119,5.760484838602953,5.957721173473304
P03,S1,lv1,120,5.3624323724057605,6.777176507550347
P03,S1,lv1,121,12.001451189057798,3.3947153961878977
P03,S1,lv1,122,3.6259936615659973,1.9338354829838085
P03,S1,lv1,123,2.480790273823695,1.8377049318694045
P03,S1,lv1,124,5.287401321048571,4.000026502039918
P03,S1,lv1,125,6.73735521850124,4.4380661491484075
P03,S1,lv1,126,6.508987299808659,7.491889953255956
P03,S1,lv1,127,5.2125704184742645,3.8919107634094363
P03,S1,lv1,128,4.019260596092634,7.3569839821683445
P03,S1,lv1,129,9.705998799766055,3.8433188199803077
P03,S1,lv1,130,6.9714203114738025,3.997637666648663
P03,S1,lv1,131,6.578038862088374,4.067047780812463
P03,S1,lv1,132,4.082147727822584,4.87661997167153
P03,S1,lv1,133,4.787126152522331,4.463679093750767
P03,S1,lv1,134,8.755583787752737,7.660476761363499
P03,S1,lv1,135,2.550871770757052,3.9200184783803826
P03,S1,lv1,136,3.1304598287686014,4.186013481845107
P03,S1,lv1,137,3.3987740684942076,3.086076053184945
P03,S1,lv1,138,3.092551023967253,3.4093469098907185
P03,S1,lv1,139,5.578686068643265,5.92235004256471
P03,S1,lv1,140,8.304540878801449,7.7370671496218
P03,S1,lv1,141,4.805336866315914,7.719062177967002
P03,S1,lv1,142,10.221984343140159,4.376540224189374
P03,S1,lv1,143,12.682219600157113,5.440680279114039
P03,S1,lv1,144,2.8966491462161934,5.788340088860632
P03,S1,lv1,145,12.117598524109356,5.651344314152646
P03,S1,lv1,146,5.577406837072964,10.036459047540438
P03,S1,lv1,147,6.530912944373312,8.68048998998816
P03,S1,lv1,148,4.0770726123983865,5.91967592654814
P03,S1,lv2,0,7.640131813929137,4.573734720375413
P03,S1,lv2,1,7.265205642990874,5.634357763385576
P03,S1,lv2,2,5.147972910128766,3.1832367067778873
P03,S1,lv2,3,4.2756381038659175,4.388364512235088
P03,S1,lv2,4,5.722670043741015,5.19846297465464
P03,S1,lv2,5,7.686916020621349,3.7653310318808613
P03,S1,lv2,6,3.4632319872587805,4.262291015858699
P03,S1,lv2,7,4.259496324830858,5.9903042366126655
P03,S1,lv2,8,3.826561484453855,3.1540408454095377
P03,S1,lv2,9,4.939219247004917,4.955773878239319
P03,S1,lv2,10,4.62423948052225,3.5027784208425916
P03,S1,lv2,11,4.25926912544196,7.067471062235945
P03,S1,lv2,12,6.949899177084127,3.071951798485648
P03,S1,lv2,13,5.287697296995856,3.3979699129833794
P03,S1,lv2,14,5.85830364206488,4.551027785877634
P03,S1,lv2,15,5.000259775179331,4.564684411999154
P03,S1,lv2,16,11.8359969465924,5.1103015655389425
P03,S1,lv2,17,6.4730391987857026,4.968018736824767
P03,S1,lv2,18,6.021077221116996,3.2684024926145234
P03,S1,lv2,19,4.274048609405908,4.470786729545497
P03,S1,lv2,20,5.96378664999621,3.832499672970019
P03,S1,lv2,21,4.01651215689139,2.3078596546011947
P03,S1,lv2,22,5.942043849290479,3.1500892135118486
P03,S1,lv2,23,4.683258854556557,2.1991524340852195
P03,S1,lv2,24,3.766518174744192,4.621216268916071
P03,S1,lv2,25,5.118569688334779,2.246207564917508
P03,S1,lv2,26,5.605425905378756,6.1352397315648295
P03,S1,lv2,27,4.786530964922138,3.848369795739421
P03,S1,lv2,28,7.497773332639332,6.734175881848773
P03,S1,lv2,29,9.477538500948059,3.7760691554491315
P03,S1,lv2,30,8.408751433011647,4.18271335638366
P03,S1,lv2,31,5.001408363890611,2.358971241650293
P03,S1,lv2,32,4.109273412239263,2.6622114715362133
P03,S1,lv2,33,8.121623605731365,5.685330422384223
P03,S1,lv2,34,5.220868893206294,3.932530453067125
P03,S1,lv2,35,7.917906996030553,7.818578781110832
P03,S1,lv2,36,5.256677218481455,4.432921949969964
P03,S1,lv2,37,5.775252398295173,4.367997024498993
P03,S1,lv2,38,8.0193746325935,2.6873755627805678
P03,S1,lv2,39,5.088483606235722,2.2940676258601025
P03,S1,lv2,40,7.578236722395705,8.719740062307228
P03,S1,lv2,41,7.363246432140451,3.8518126760030214
P03,S1,lv2,42,8.650699249515522,5.305723257959824
P03,S1,lv2,43,7.349142963391499,4.081502552530396
P03,S1,lv2,44,7.4918868138790415,4.67467053319191
P03,S1,lv2,45,3.554806465326285,2.173526976817688
P03,S1,lv2,46,5.970920681719652,3.2527574521716276
P03,S1,lv2,47,5.612666125023109,3.679597227645549
P03,S1,lv2,48,10.314657821155599,2.942723281921118
P03,S1,lv2,49,8.784508455201792,3.0810311331567313
P03,S1,lv2,50,4.3997068867101925,3.534266855693361
P03,S1,lv2,51,4.907258125364672,3.4222841561390314
P03,S1,lv2,52,4.694070233272918,2.8632337320562637
P03,S1,lv2,53,4.873560058224108,2.596966940852269
P03,S1,lv2,54,6.5133399661849065,5.052719510841973
P03,S1,lv2,55,2.185510383481762,6.039075717818255
P03,S1,lv2,56,2.1749249820721466,2.5684758924498703
P03,S1,lv2,57,6.4050644180968686,9.784043947568767
P03,S1,lv2,58,6.884624241382538,10.94818891072253
P03,S1,lv2,59,4.437387506417591,4.145800719561234
P03,S1,lv2,60,6.290003300173139,5.530436933656181
P03,S1,lv2,61,4.763597801185831,4.290386717525565
P03,S1,lv2,62,10.194887774523433,6.385797467038844
P03,S1,lv2,63,4.892546809210677,3.6572087299771483
P03,S1,lv2,64,4.223233760575998,4.789372946785111
P03,S1,lv2,65,3.086940672854816,6.5287912507843915
P03,S1,lv2,66,9.461989416555566,5.973435775432015
P03,S1,lv2,67,6.18283792853515,5.545148083481718
P03,S1,lv2,68,4.399219405517933,4.590851264648839
P03,S1,lv2,69,11.912509016083767,5.966000821545257
P03,S1,lv2,70,4.341890893930714,7.052283641649738
P03,S1,lv2,71,3.813121952458632,4.228156572339595
P03,S1,lv2,72,7.100149345742477,6.891982004862604
P03,S1,lv2,73,5.590500826294946,4.803064108871769
P03,S1,lv2,74,8.28416397637103,3.5098733225114565
P03,S1,lv2,75,6.768634366621309,3.25430982842091
P03,S1,lv2,76,6.610761942374866,7.485080958402215
P03,S1,lv2,77,4.894512274991424,4.646294580867495
P03,S1,lv2,78,5.015724828506962,3.167366048724488
P03,S1,lv2,79,7.626455157700343,3.8856426336459085
P03,S1,lv2,80,4.761942189606639,5.481105945641833
P03,S1,lv2,81,7.059451124224181,3.902871740736103
P03,S1,lv2,82,4.601735216703506,5.440080864565144
P03,S1,lv2,83,5.932318381679085,5.058738314489008
P03,S1,lv2,84,4.339312902680888,2.7413760618422374
P03,S1,lv2,85,11.340153666118157,3.8483413641476507
P03,S1,lv2,86,2.592152813735711,2.937429952330697
P03,S1,lv2,87,3.1269326707122396,3.2565106527999865
P03,S1,lv2,88,7.139254743387209,3.6817198381698075
P03,S1,lv2,89,9.512311839060285,4.969672992739615
P03,S1,lv2,90,2.460939879735538,2.3304374776356283
P03,S1,lv2,91,4.311796727224693,3.100108346315339
P03,S1,lv2,92,4.556439487735712,2.4526641806775644
P03,S1,lv2,93,4.892971938479001,4.714616880243884
P03,S1,lv2,94,7.58954050515584,2.9748736680031573
P03,S1,lv2,95,7.348243149645841,4.04700011626786
P03,S1,lv2,96,7.80811421474926,2.9656399064774552
P03,S1,lv2,97,3.3937570336014793,3.4090300279561596
P03,S1,lv2,98,8.054528600617674,3.2540453655174164
P03,S1,lv2,99,7.535885486014902,3.3625371786266522
P03,S1,lv2,100,3.6341529815732088,7.230128087223941
P03,S1,lv2,101,4.713667293429218,3.0537669791190156
P03,S1,lv2,102,5.395053540412103,6.602052706482375
P03,S1,lv2,103,4.953269756811437,3.1756409971140815
P03,S1,lv2,104,4.835249978726722,1.9925480163371023
P03,S1,lv2,105,6.099502687434078,4.272072905220524
P03,S1,lv2,106,4.062932979952678,5.834359995367822
P03,S1,lv2,107,4.37711969933602,4.752202008158177
P03,S1,lv2,108,4.058589644589149,3.5507504971693757
P03,S1,lv2,109,5.951168246544366,4.206087102742802
P03,S1,lv2,110,9.497891585308535,3.5423760667226305
P03,S1,lv2,111,8.75331702809654,6.596520154247201
P03,S1,lv2,112,5.923945600119789,5.493714193819312
P03,S1,lv2,113,6.939931028517845,3.6654117220562306
P03,S1,lv2,114,5.231118034133828,6.601192648617676
P03,S1,lv2,115,5.944263727894173,4.62930646383623
P03,S1,lv2,116,8.839516110153058,7.652569606183868
P03,S1,lv2,117,6.553812185169686,3.3360675800982493
P03,S1,lv2,118,5.55281991861336,4.685402082583182
P03,S1,lv2,119,7.712405180609136,6.237220931485555
P03,S1,lv2,120,4.228189175810421,6.064406039158126
P03,S1,lv2,121,10.346116714335816,3.5114121609852984
P03,S1,lv2,122,6.916165665896831,3.6229279974396404
P03,S1,lv2,123,9.238731175020373,4.822270349256175
P03,S1,lv2,124,2.920627290905746,2.385268108579601
P03,S1,lv2,125,3.049095293471674,2.9895985203593143
P03,S1,lv2,126,10.654591867836302,7.2547167436301
P03,S1,lv2,127,2.7242548150827726,3.879614163152244
P03,S1,lv2,128,4.684367132106751,3.977486908161795
P03,S1,lv2,129,6.768821497783629,3.1854076274948206
P03,S1,lv2,130,2.237040471497783,3.1827381672574107
P03,S1,lv2,131,4.647725580855444,5.551081564281944
P03,S1,lv2,132,7.61832624128059,5.622417516210513
P03,S1,lv2,133,7.584781335888454,4.716126334127861
P03,S1,lv2,134,3.087403936276512,7.19277916976149
P03,S1,lv2,135,4.957573540657942,4.120450753845207
P03,S1,lv2,136,3.347298227735104,2.362960104451625
P03,S1,lv2,137,2.211347852400989,3.533339982056635
P03,S1,lv2,138,4.473990475163909,3.59299762989897
P03,S1,lv2,139,14.409793078083668,6.595371312557769
P03,S1,lv2,140,6.080017729387885,7.488283902312219
P03,S1,lv2,141,7.347851942247155,3.344753252649915
P03,S1,lv2,142,5.831724517055599,2.8940895776644915
P03,S1,lv2,143,7.5025129316913866,3.38499162029346
P03,S1,lv2,144,11.431607156359545,3.4564868050905404
P03,S1,lv2,145,4.882919968239889,1.9716349734532295
P03,S1,lv2,146,6.437360598445753,3.3058455572261156
P03,S1,lv2,147,3.750380603385626,3.102982629566586
P03,S1,lv2,148,8.788091534024622,4.738885519259523
P03,S2,base,0,4.6237776516781794,1.3271209333385598
P03,S2,base,1,1.8854386203053897,0.928197396378749
P03,S2,base,2,2.7958415387001434,1.6759453281065895
P03,S2,base,3,2.5972215074060063,1.2269348781784166
P03,S2,base,4,1.7927121894396703,1.202587659741309
P03,S2,base,5,1.304172891035181,0.842298175971042
P03,S2,base,6,1.9183607510688048,1.9114387244504714
P03,S2,base,7,1.4235485643838095,1.8135540292919015
P03,S2,base,8,1.5404714701284465,1.4348020912872694
P03,S2,base,9,3.8174294435294285,1.6101426378647796
P03,S2,base,10,1.73684427876139,0.9505047516051771
P03,S2,base,11,1.8778654838351256,0.7109516324796408
P03,S2,base,12,2.5730977771723453,0.7524935992487432
P03,S2,base,13,2.175342131800999,1.3348495436111398
P03,S2,base,14,2.9829701350807474,2.8940476075143238
P03,S2,base,15,1.8055120996555234,1.087353440314655
P03,S2,base,16,2.0957397556459676,1.7422571540962666
P03,S2,base,17,2.286228050437435,1.3770435633897444
P03,S2,base,18,2.072999975397399,0.963887500046835
P03,S2,base,19,2.2701061516889336,2.570541119522451
P03,S2,base,20,2.574466111913262,1.6242136473148754
P03,S2,base,21,2.025609691186025,2.7956996727009553
P03,S2,base,22,2.249079860266896,1.3661796239796267
P03,S2,base,23,4.176664361693817,1.6850492554877208
P03,S2,base,24,1.5351453064530656,1.5245769199438843
P03,S2,base,25,2.7217510232067434,1.800509210549856
P03,S2,base,26,3.501395835667734,1.8039965571550727
P03,S2,base,27,1.685510955763832,0.9478546994980274
P03,S2,base,28,2.0885926401592982,1.1262614880911737
P03,S2,base,29,5.152458941256504,1.4669279106725526
P03,S2,lv0,0,3.7890230078275473,2.483881538615179
P03,S2,lv0,1,4.781480593862289,1.6814365667239122
P03,S2,lv0,2,10.677486208182302,2.6610852652341253
P03,S2,lv0,3,3.268928030382031,1.343289725749043
P03,S2,lv0,4,5.819656475000978,2.1250934666258106
P03,S2,lv0,5,3.7092155223344085,3.762101099389566
P03,S2,lv0,6,3.0703539293929403,1.860480026656525
P03,S2,lv0,7,3.0862417087176075,2.12962893814293
P03,S2,lv0,8,6.036301839395143,2.735474601143299
P03,S2,lv0,9,6.710156926073153,4.697648699941243
P03,S2,lv0,10,6.415443925404356,3.5786363736795406
P03,S2,lv0,11,4.388467921412853,2.6487468111668235
P03,S2,lv0,12,8.40338331582543,2.4634599377053363
P03,S2,lv0,13,6.303037310748015,5.33381394224327
P03,S2,lv0,14,4.816610891887571,5.717087586806812
P03,S2,lv0,15,5.946802036645571,2.049042258995197
P03,S2,lv0,16,6.449199891172344,6.496003939440057
P03,S2,lv0,17,5.35717936412824,2.824564650744425
P03,S2,lv0,18,3.4213685797201445,2.350365921909674
P03,S2,lv0,19,3.901349616317795,2.8777898735467864
P03,S2,lv0,20,4.438367697927738,5.313038218919836
P03,S2,lv0,21,2.320437547395235,1.9357989190265037
P03,S2,lv0,22,4.745243081678096,3.3690712482110254
P03,S2,lv0,23,3.6902948664452397,2.3335449231130188
P03,S2,lv0,24,6.074093311336638,6.055047146592485
P03,S2,lv0,25,5.704382244897876,6.480051915506024
P03,S2,lv0,26,5.3478870921320185,3.309316843633036
P03,S2,lv0,27,3.706516504481122,3.203925594259058
P03,S2,lv0,28,5.374202456709797,1.7618427326856378
P03,S2,lv0,29,2.7144197221241,3.9649030308254933
P03,S2,lv0,30,3.775933259946868,2.617162064642253
P03,S2,lv0,31,3.65321711634349,2.8095331844035836
P03,S2,lv0,32,5.262645885770768,2.973497765623756
P03,S2,lv0,33,3.1365875017833615,3.932656192769923
P03,S2,lv0,34,5.2873918132584325,2.7847462507931806
P03,S2,lv0,35,3.291387699392707,2.966386359456723
P03,S2,lv0,36,3.6185488924148306,3.8898899380804144
P03,S2,lv0,37,4.345477807420802,3.7474943790747277
P03,S2,lv0,38,4.8568458606577005,3.2909702018995937
P03,S2,lv0,39,3.8447253867758118,5.519798368100029
P03,S2,lv0,40,6.475194346988477,4.121660995464646
P03,S2,lv0,41,7.096075383296896,4.7322168268784734
P03,S2,lv0,42,6.936132675311124,3.1256998031071426
P03,S2,lv0,43,4.396959677153544,2.9335768496890267
P03,S2,lv0,44,4.816698565524962,3.9296518431255647
P03,S2,lv0,45,4.835178762264938,3.067631967347769
P03,S2,lv0,46,5.499077803592816,2.5611215302673336
P03,S2,lv0,47,5.344565010191246,3.6404564779395523
P03,S2,lv0,48,4.203351679801878,2.605055561167439
P03,S2,lv0,49,4.160084170713006,1.9522326449197285
P03,S2,lv0,50,3.4913557046852097,3.3970379770717134
P03,S2,lv0,51,3.2345441989059758,2.0160764023502367
P03,S2,lv0,52,3.9384208717893587,3.2115547782970206
P03,S2,lv0,53,4.35364373930897,3.4102612260141036
P03,S2,lv0,54,3.368982227818263,2.594206675187458
P03,S2,lv0,55,4.776342795685445,2.3566750606444273
P03,S2,lv0,56,6.4357021584135286,3.399050261472589
P03,S2,lv0,57,3.626086084493041,3.340778805906578
P03,S2,lv0,58,4.983320069578475,1.9512209558609854
P03,S2,lv0,59,5.287599486361687,1.6727802546517963
P03,S2,lv0,60,4.57007904546376,2.454415098976038
P03,S2,lv0,61,3.6553767322599904,2.971518543093488
P03,S2,lv0,62,3.4647564627269283,3.1247164789119024
P03,S2,lv0,63,5.739439309318927,4.238939871268557
P03,S2,lv0,64,4.397519979823811,2.18573466509252
P03,S2,lv0,65,6.115308817886777,4.2802293592938
P03,S2,lv0,66,4.34854832016617,2.6201652469624044
P03,S2,lv0,67,3.0605963146685657,2.1576536303787512
P03,S2,lv0,68,4.975937742927358,3.281696723368772
P03,S2,lv0,69,6.315582259075513,3.4907530975407206
P03,S2,lv0,70,4.591687180944005,3.9469835132670568
P03,S2,lv0,71,2.84087537149054,2.995144902757238
P03,S2,lv0,72,2.772102599100624,2.3313637318947857
P03,S2,lv0,73,2.74153674105515,1.7931941015872013
P03,S2,lv0,74,4.876710020931683,3.1367549335243448
P03,S2,lv0,75,3.7342050078187525,3.3518709443548467
P03,S2,lv0,76,9.580656755943027,3.464787701456644
P03,S2,lv0,77,4.7094417323247555,2.5816250234344085
P03,S2,lv0,78,6.013895271293129,4.68225325641956
P03,S2,lv0,79,2.4394103390414084,4.602780535521668
P03,S2,lv0,80,5.223272235282794,4.315736412992857
P03,S2,lv0,81,3.2100020586384206,4.906003428385331
P03,S2,lv0,82,4.265386877973338,5.876713711557736
P03,S2,lv0,83,4.34333380432551,2.5394442906671473
P03,S2,lv0,84,6.510773958387792,4.28312487144786
P03,S2,lv0,85,3.880308167724738,6.479592332513327
P03,S2,lv0,86,3.6856875551003516,2.352329800807325
P03,S2,lv0,87,3.359584713055711,4.461834975495922
P03,S2,lv0,88,5.812453225693867,1.9663734443275898
P03,S2,lv0,89,5.4837250950558305,3.469171838261032
P03,S2,lv0,90,6.608842305988857,1.596110212780086
P03,S2,lv0,91,3.7052531372135777,1.890130165702757
P03,S2,lv0,92,2.9390900702644043,3.0334971362546335
P03,S2,lv0,93,4.145331997891035,2.6946484350951367
P03,S2,lv0,94,4.092133459579469,3.042785451469824
P03,S2,lv0,95,5.433217279991716,2.3683693265554733
P03,S2,lv0,96,2.37817010309287,1.4453351415245672
P03,S2,lv0,97,6.8658681720383195,3.600257900445109
P03,S2,lv0,98,3.560866859533717,3.1147301650626686
P03,S2,lv0,99,6.906944142814719,2.491433299288237
P03,S2,lv0,100,3.115529368540268,2.746434131147875
P03,S2,lv0,101,4.27792378415728,3.2655918008330325
P03,S2,lv0,102,5.392572978940087,3.966090806515703
P03,S2,lv0,103,8.596007591804536,2.1667782235414754
P03,S2,lv0,104,3.507546839919754,3.972336763822353
P03,S2,lv0,105,3.54464807752205,2.311022959705278
P03,S2,lv0,106,4.874224345297187,2.47732217116797
P03,S2,lv0,107,3.995778561285686,6.965544561708773
P03,S2,lv0,108,3.6110651406911467,4.129307849411633
P03,S2,lv0,109,2.490428618685653,4.3408279422317735
P03,S2,lv0,110,3.217793731003004,2.2382535466327056
P03,S2,lv0,111,3.241787444546835,5.810564228493775
P03,S2,lv0,112,5.978893976165238,2.3719031776958777
P03,S2,lv0,113,3.3869294210388436,4.744019601181447
P03,S2,lv0,114,4.823173713880684,4.581361298006556
P03,S2,lv0,115,5.29689978780117,4.042495958247301
P03,S2,lv0,116,7.494001393504285,3.6702758376389055
P03,S2,lv0,117,4.7056771515778415,3.3232853019187827
P03,S2,lv0,118,5.748092991447802,2.7076631708853878
P03,S2,lv0,119,3.9871356603408477,3.0789936482674998
P03,S2,lv0,120,5.143201264573492,2.357843654271826
P03,S2,lv0,121,2.694216034535548,4.029486370335745
P03,S2,lv0,122,4.065803136233119,3.483919239266912
P03,S2,lv0,123,5.21124489339735,2.390289966995309
P03,S2,lv0,124,3.1864962457776103,2.9011012590358023
P03,S2,lv0,125,4.627141583323318,4.18155776952305
P03,S2,lv0,126,2.7643566197629235,2.557887232053357
P03,S2,lv0,127,5.3637864868562595,2.4810660559728595
P03,S2,lv0,128,2.456431135499033,2.488786268787075
P03,S2,lv0,129,3.81401514796427,1.3117648242657631
P03,S2,lv0,130,5.479518403152961,2.3992874957660195
P03,S2,lv0,131,2.9104178014047766,2.349875446768786
P03,S2,lv0,132,3.5557566475153215,2.4324300788967754
P03,S2,lv0,133,3.803987377016714,1.8034181362197288
P03,S2,lv0,134,3.2381377245113367,3.485410655025704
P03,S2,lv0,135,2.7079537599496066,3.0305742579630572
P03,S2,lv0,136,4.9870934196333625,2.0143977598205933
P03,S2,lv0,137,3.118082304264553,3.412646174527184
P03,S2,lv0,138,2.506528700595598,4.642097948102563
P03,S2,lv0,139,8.133604093798741,5.761303993599604
P03,S2,lv0,140,4.694826731464353,3.348086767276492
P03,S2,lv0,141,3.089721655936953,8.25680798551199
P03,S2,lv0,142,1.451272863046384,7.06217146331267
P03,S2,lv0,143,6.5785193782735325,2.5339645876028807
P03,S2,lv0,144,4.083914762540762,5.637542275044231
P03,S2,lv0,145,5.605497831943071,4.348191601455059
P03,S2,lv0,146,1.9554386918275863,3.074795234674478
P03,S2,lv0,147,4.941000540823158,2.178843044222944
P03,S2,lv0,148,3.6036117574239617,3.5514286997017463
P03,S2,lv1,0,6.393988116648735,4.202027965475629
P03,S2,lv1,1,3.8817746435902274,2.5834010336424633
P03,S2,lv1,2,3.396854094647322,4.211411502411154
P03,S2,lv1,3,9.419614367423181,3.561338189316896
P03,S2,lv1,4,6.032398194844696,3.3647150726416593
P03,S2,lv1,5,5.806102669379301,2.9559583917075942
P03,S2,lv1,6,3.532612190327057,2.237291264125956
P03,S2,lv1,7,12.68791126330949,3.2697665400756217
P03,S2,lv1,8,2.6685060188938374,4.261624718036974
P03,S2,lv1,9,2.2140761379955953,1.87260587348415
P03,S2,lv1,10,3.8345645542693116,1.7604428265944732
P03,S2,lv1,11,3.171538857226295,2.8710643178307125
P03,S2,lv1,12,5.74084657458888,4.796312186423433
P03,S2,lv1,13,15.598410273246568,3.2212385489164115
P03,S2,lv1,14,5.023315330961124,5.970222583954852
P03,S2,lv1,15,6.20187752043165,4.95588215512553
P03,S2,lv1,16,2.698971334815265,1.792424165260556
P03,S2,lv1,17,5.664255791702494,2.892628714471075
P03,S2,lv1,18,3.3696031608445827,3.0439400967405907
P03,S2,lv1,19,3.047678400299713,3.2173641102372867
P03,S2,lv1,20,4.629065206867522,2.2829196175070465
P03,S2,lv1,21,6.139477873644251,3.857327790670605
P03,S2,lv1,22,4.289447235000049,2.1164351869121742
P03,S2,lv1,23,6.143780806802641,2.0628456826522434
P03,S2,lv1,24,4.170715701491088,3.7362651369958773
P03,S2,lv1,25,4.957892064887205,6.5290659970202
P03,S2,lv1,26,2.889263253302347,2.58602660456791
P03,S2,lv1,27,3.4055653822389353,3.00669470856772
P03,S2,lv1,28,13.001487215951604,4.297497243512897
P03,S2,lv1,29,5.9798628442822555,1.9518132980813732
P03,S2,lv1,30,4.315322329417691,1.5570081580657575
P03,S2,lv1,31,5.455515625743256,3.5803093573868043
P03,S2,lv1,32,1.7017905136410594,2.126317424618729
P03,S2,lv1,33,6.523420366772364,4.8004392907318705
P03,S2,lv1,34,3.898559840373034,3.67342947247407
P03,S2,lv1,35,3.388928420041404,3.2599831672925403
P03,S2,lv1,36,4.673411754164907,3.1436130380469143
P03,S2,lv1,37,4.631239633655325,3.0240505528552384
P03,S2,lv1,38,5.070176273571011,3.620671344838829
P03,S2,lv1,39,7.743568234492542,5.019763929748679
P03,S2,lv1,40,6.52262828592609,7.031340727842921
P03,S2,lv1,41,3.1654418538219717,4.610754566327318
P03,S2,lv1,42,2.9602597678655167,2.3452160139735527
P03,S2,lv1,43,5.302773034486493,1.8066626485288584
P03,S2,lv1,44,5.14227501354146,2.6763800323766893
P03,S2,lv1,45,7.145046075740879,5.359921369462524
P03,S2,lv1,46,5.186332852061911,4.304725699173368
P03,S2,lv1,47,4.903369273492505,6.852393558388751
P03,S2,lv1,48,5.315594202922665,3.751419937564196
P03,S2,lv1,49,6.110027776489061,5.673609098092428
P03,S2,lv1,50,6.66289899605792,4.098555734322837
P03,S2,lv1,51,6.103602783686349,3.1437228562093384
P03,S2,lv1,52,4.086370965518257,3.1898074536180334
P03,S2,lv1,53,4.550925647308968,6.084668412898128
P03,S2,lv1,54,6.172530714384284,4.356128975008854
P03,S2,lv1,55,3.396945329494587,2.9407763644692837
P03,S2,lv1,56,3.658684661150327,4.879768085950789
P03,S2,lv1,57,5.047230996182915,2.6137475520412607
P03,S2,lv1,58,3.413982653215164,1.4832249805456506
P03,S2,lv1,59,4.8482678286225065,3.135081228217048
P03,S2,lv1,60,8.24280151312101,4.0656165302252
P03,S2,lv1,61,4.862734937349986,3.123468673774264
P03,S2,lv1,62,7.14429585795397,4.351195985701108
P03,S2,lv1,63,4.8117148084823,3.5102349877060997
P03,S2,lv1,64,3.703701039318752,3.7669086147865527
P03,S2,lv1,65,6.1035760995827495,3.31330212152598
P03,S2,lv1,66,6.537760413488011,6.032826393713869
P03,S2,lv1,67,2.3076641231136574,3.7749046172071514
P03,S2,lv1,68,6.049083089429798,4.662065732677684
P03,S2,lv1,69,2.564172187301721,2.796549722764733
P03,S2,lv1,70,3.948704999696481,3.99025648688758
P03,S2,lv1,71,7.5915265186940255,2.5816830503226877
P03,S2,lv1,72,4.6512075140707605,1.9500398946974749
P03,S2,lv1,73,4.928327394255181,2.882129287122225
P03,S2,lv1,74,4.03881129438793,2.6092883656247547
P03,S2,lv1,75,3.146351326135629,2.498935513607562
P03,S2,lv1,76,3.726536599053542,3.9224236600069493
P03,S2,lv1,77,4.8070592291025775,3.177222024459868
P03,S2,lv1,78,3.157453527099228,3.5572777052731794
P03,S2,lv1,79,3.175494648762127,2.313336700730469
P03,S2,lv1,80,5.293997130747023,4.034989367858606
P03,S2,lv1,81,4.211286062559927,2.1368251126811706
P03,S2,lv1,82,7.05269206018778,5.637320341241223
P03,S2,lv1,83,10.03253371906424,4.17100820028931
P03,S2,lv1,84,5.3264824226546885,5.257328274610212
P03,S2,lv1,85,2.2698274356342254,4.755880178272117
P03,S2,lv1,86,6.0432647922757825,4.100357440339457
P03,S2,lv1,87,4.515221962520956,6.270745155733187
P03,S2,lv1,88,14.81772088568142,26.257484233962856
P03,S2,lv1,89,7.982717643842385,4.194508996870867
P03,S2,lv1,90,5.963317242364801,3.977857195561115
P03,S2,lv1,91,7.936917393537057,4.325775837248773
P03,S2,lv1,92,3.492223966374337,4.077106904407551
P03,S2,lv1,93,4.974547377863621,3.9549295169757985
P03,S2,lv1,94,4.26356758430317,2.288001961649567
P03,S2,lv1,95,5.113374441047465,2.2786688976016505
P03,S2,lv1,96,5.025843623232957,4.567429972654041
P03,S2,lv1,97,3.590118065515076,4.164167462193046
P03,S2,lv1,98,5.500385024484904,3.957493962931568
P03,S2,lv1,99,4.147602957900246,2.633517082210673
P03,S2,lv1,100,5.70968112192087,3.253226305275628
P03,S2,lv1,101,6.36623268096401,2.8315891957674175
P03,S2,lv1,102,8.470768716944836,3.502718069758486
P03,S2,lv1,103,12.201276169839902,4.303703297354741
P03,S2,lv1,104,5.218624500396457,2.943220935435036
P03,S2,lv1,105,9.468101895189152,3.0514379519993953
P03,S2,lv1,106,7.624357815812249,2.7378762672975445
P03,S2,lv1,107,14.935817609686605,2.623474090213003
P03,S2,lv1,108,7.847396595794276,3.2419680297856512
P03,S2,lv1,109,9.789384486988295,3.8730618035450477
P03,S2,lv1,110,8.763661800721637,4.347471572028085
P03,S2,lv1,111,7.8885453029348565,3.891385576898863
P03,S2,lv1,112,7.089835171234582,3.376070773705291
P03,S2,lv1,113,5.70261789836188,2.527348060703476
P03,S2,lv1,114,7.647552949852233,5.716718774479443
P03,S2,lv1,115,4.365091722049485,6.00339582821732
P03,S2,lv1,116,5.356087010279991,1.9194934226876348
P03,S2,lv1,117,4.9676760770574155,2.9623565105321386
P03,S2,lv1,118,3.6284445724486143,4.039294002089693
P03,S2,lv1,119,5.201948684689039,2.248766191528817
P03,S2,lv1,120,7.518553796367426,2.757547100836591
P03,S2,lv1,121,4.870772809620667,3.179802369590935
P03,S2,lv1,122,4.468574536395912,2.1163497437848755
P03,S2,lv1,123,4.986190973887962,4.155045755047295
P03,S2,lv1,124,5.3837492913045,4.454469671575748
P03,S2,lv1,125,11.396203999033208,5.012893021441262
P03,S2,lv1,126,6.592331508425148,2.6681185180318834
P03,S2,lv1,127,5.07324694642976,4.231361434783633
P03,S2,lv1,128,4.06121962417782,2.018890841414914
P03,S2,lv1,129,6.893551544169774,8.891743983152802
P03,S2,lv1,130,5.252457803781879,1.8471568250714874
P03,S2,lv1,131,3.409300531401564,2.2446353831380677
P03,S2,lv1,132,3.1691486146697145,5.903556758858594
P03,S2,lv1,133,3.9165464407760373,2.078864460194541
P03,S2,lv1,134,3.7140488022580564,6.726125824377691
P03,S2,lv1,135,4.3565399480725295,2.5831520925430653
P03,S2,lv1,136,4.02223179366671,1.5015984459475817
P03,S2,lv1,137,3.6890878316442883,2.4272183183163776
P03,S2,lv1,138,4.575220794615652,3.659313257551703
P03,S2,lv1,139,8.633502817525235,5.103565943100651
P03,S2,lv1,140,4.336350848931175,1.6269007191837344
P03,S2,lv1,141,4.630080964175661,2.1814893182544104
P03,S2,lv1,142,2.8721043013155234,2.16727165318116
P03,S2,lv1,143,4.278460141644597,1.735495260202117
P03,S2,lv1,144,6.339841944566274,2.9369412717508694
P03,S2,lv1,145,4.55473965241196,4.781827559863033
P03,S2,lv1,146,4.7012998459431365,3.845121705021099
P03,S2,lv1,147,6.374687816934999,2.218356929679121
P03,S2,lv1,148,8.433575298220529,2.0022639936513147
P03,S2,lv2,0,10.063715572943362,2.4949295662476514
P03,S2,lv2,1,8.784895014253875,4.999867051840783
P03,S2,lv2,2,8.678759607105277,2.544236380916743
P03,S2,lv2,3,7.799314995692755,6.852789054668642
P03,S2,lv2,4,7.008367896963607,4.723258662563949
P03,S2,lv2,5,5.113040372153048,4.176922740596121
P03,S2,lv2,6,3.3351362744050714,2.355842009260602
P03,S2,lv2,7,6.405415580788736,3.623468620900954
P03,S2,lv2,8,7.848150402677159,3.235948366979642
P03,S2,lv2,9,5.140105099206763,2.0461682508703345
P03,S2,lv2,10,16.30599136654199,4.853658238445235
P03,S2,lv2,11,12.166236632031584,5.011443092041455
P03,S2,lv2,12,10.819463847421938,2.55751227879173
P03,S2,lv2,13,8.768331964925196,3.508747203901993
P03,S2,lv2,14,6.416175755440521,4.334322743511776
P03,S2,lv2,15,2.298542079331025,1.6988792950184952
P03,S2,lv2,16,6.480763818041544,8.809330922836903
P03,S2,lv2,17,16.066715783631874,3.7676560892061004
P03,S2,lv2,18,8.38555803950277,2.644595564355258
P03,S2,lv2,19,7.529304436065991,1.7757041077493254
P03,S2,lv2,20,10.626812318337914,5.233783252285457
P03,S2,lv2,21,6.547620942098741,1.9239424968777603
P03,S2,lv2,22,3.0043089524933153,3.4145188313807884
P03,S2,lv2,23,6.471567382657351,3.1265078562814086
P03,S2,lv2,24,8.235954218011603,9.570467024638507
P03,S2,lv2,25,9.163618051864702,6.325463751060902
P03,S2,lv2,26,5.595055634092277,5.502849515981532
P03,S2,lv2,27,6.209487435294294,2.218675194892873
P03,S2,lv2,28,9.560585015087938,4.239953337814309
P03,S2,lv2,29,7.98560162253417,3.880842897937722
P03,S2,lv2,30,11.356657974767858,4.89915071404151
P03,S2,lv2,31,7.019136862848622,3.157993858511135
P03,S2,lv2,32,10.496411645502533,4.868726176438779
P03,S2,lv2,33,13.502921688062592,2.710101513901614
P03,S2,lv2,34,5.966138112363374,3.469135903827841
P03,S2,lv2,35,4.365074111839733,2.764211653550299
P03,S2,lv2,36,5.26855613417741,3.407106909092375
P03,S2,lv2,37,4.630834233535045,5.084993367208558
P03,S2,lv2,38,3.197592545918002,3.1285849903552676
P03,S2,lv2,39,3.816430099045079,4.304588325324633
P03,S2,lv2,40,5.920350221200893,5.739650454622171
P03,S2,lv2,41,9.300503792743534,3.558498328266127
P03,S2,lv2,42,4.242079558760103,8.689970258706214
P03,S2,lv2,43,7.141504760797706,3.1089503574117856
P03,S2,lv2,44,4.976699954780729,4.479837238796872
P03,S2,lv2,45,6.713802823746871,4.267481498853882
P03,S2,lv2,46,5.865288681610736,2.8863358488375814
P03,S2,lv2,47,6.975794065596684,5.560840189672376
P03,S2,lv2,48,7.844802424536102,4.12053415972848
P03,S2,lv2,49,3.909387665632833,2.684900912422857
P03,S2,lv2,50,7.0814711906978784,4.239100627873921
P03,S2,lv2,51,7.185123221201041,2.2957098807236394
P03,S2,lv2,52,10.62933305541728,3.2426046169834737
P03,S2,lv2,53,4.772457669141331,3.0483160462752585
P03,S2,lv2,54,3.843718967703017,2.765348982819741
P03,S2,lv2,55,8.102156057986603,5.472808722470419
P03,S2,lv2,56,6.761663524012649,5.068076949058809
P03,S2,lv2,57,7.3806583983787855,5.4561749777014095
P03,S2,lv2,58,5.76982156536885,4.869793415782176
P03,S2,lv2,59,5.7994261605482755,3.108161837763224
P03,S2,lv2,60,8.375611166458475,4.48072115662622
P03,S2,lv2,61,8.312756420095482,6.671766602642566
P03,S2,lv2,62,6.244201906797083,4.479453120880617
P03,S2,lv2,63,6.754611449319138,4.775889557884064
P03,S2,lv2,64,6.758017608534812,2.1762263462586295
P03,S2,lv2,65,14.226741367766808,4.292145026010015
P03,S2,lv2,66,3.545940497344582,2.4094616842485306
P03,S2,lv2,67,3.38795286212248,4.745369368107074
P03,S2,lv2,68,4.151795499864049,2.7146797538913376
P03,S2,lv2,69,3.9840896861614485,4.079684284916087
P03,S2,lv2,70,4.389718027787204,3.9602354690114736
P03,S2,lv2,71,4.4046941915965885,3.263220927414062
P03,S2,lv2,72,7.9305460509628105,8.545241721249813
P03,S2,lv2,73,3.8301676159169653,5.962367834082595
P03,S2,lv2,74,4.67680353057147,4.437751404927677
P03,S2,lv2,75,3.707810451039151,2.3883910117073603
P03,S2,lv2,76,7.579317915319736,5.67098235668787
P03,S2,lv2,77,7.961676355958672,4.762009477677895
P03,S2,lv2,78,8.509948964717145,4.8683696920044905
P03,S2,lv2,79,4.6133506202937395,2.408572247062501
P03,S2,lv2,80,8.502428794513609,3.8046969526005117
P03,S2,lv2,81,3.0211271650243794,4.212150734608166
P03,S2,lv2,82,14.758789298352255,3.2789861068939277
P03,S2,lv2,83,11.400925675675479,4.035380209581594
P03,S2,lv2,84,6.225682701915198,6.283955606449042
P03,S2,lv2,85,4.112954334035877,1.9884231947813034
P03,S2,lv2,86,5.044679001928723,7.67366249499078
P03,S2,lv2,87,4.0733947283637875,3.0743052414728136
P03,S2,lv2,88,4.403709130554665,7.957907785994339
P03,S2,lv2,89,8.565683444221314,5.266916842818285
P03,S2,lv2,90,3.4254493337057887,5.397901335876904
P03,S2,lv2,91,7.577384939935088,8.090124177638415
P03,S2,lv2,92,4.82599940089717,5.763956670816794
P03,S2,lv2,93,2.7094225187318495,3.4776518682751667
P03,S2,lv2,94,6.583965608652146,3.0710979486618077
P03,S2,lv2,95,5.440253964506509,2.7196162447749828
P03,S2,lv2,96,5.620292682066407,2.878783410399615
P03,S2,lv2,97,2.968492388799458,3.3963608311950453
P03,S2,lv2,98,5.040325341895623,6.195206704797561
P03,S2,lv2,99,4.872994030615852,2.89704115659311
P03,S2,lv2,100,4.355741830829653,1.954016417666636
P03,S2,lv2,101,4.493705620726804,5.601167024969994
P03,S2,lv2,102,6.281753286320658,4.70417191354494
P03,S2,lv2,103,7.043959536921253,3.747485769261845
P03,S2,lv2,104,8.066569183432083,3.291586526428975
P03,S2,lv2,105,18.127753321218776,5.356585532224537
P03,S2,lv2,106,2.566313341610737,2.5833750674402194
P03,S2,lv2,107,3.5745034573086576,2.364289967950269
P03,S2,lv2,108,7.702178436313937,4.275999162966989
P03,S2,lv2,109,4.892243629975422,3.302643419293982
P03,S2,lv2,110,3.5609610502319673,2.083558720005163
P03,S2,lv2,111,5.263394802964126,3.0645119292143095
P03,S2,lv2,112,3.9134393487480885,2.6532654552281736
P03,S2,lv2,113,6.770627651664405,6.050664823865339
P03,S2,lv2,114,5.567048372003306,6.599930822961059
P03,S2,lv2,115,13.3537287476815,4.735811841903161
P03,S2,lv2,116,4.647031734867322,5.533773717464265
P03,S2,lv2,117,12.870017365789993,5.5585608878552115
P03,S2,lv2,118,5.452122365667541,1.950890591740143
P03,S2,lv2,119,3.7780901723150127,3.649267514793248
P03,S2,lv2,120,6.340227045210502,2.1599102362141482
P03,S2,lv2,121,6.195183722125689,3.1956947345079363
P03,S2,lv2,122,5.563237886223792,7.214286668843136
P03,S2,lv2,123,4.841693948250552,5.104969037500386
P03,S2,lv2,124,3.740976492927145,5.616751839329965
P03,S2,lv2,125,12.86497793357436,4.018323820085684
P03,S2,lv2,126,6.204455590804347,5.02500952265806
P03,S2,lv2,127,4.903094400801324,3.5539707676925416
P03,S2,lv2,128,8.318935754694538,2.4568607409550283
P03,S2,lv2,129,2.6650008454805563,3.600432221476054
P03,S2,lv2,130,4.491726742528563,3.7288817072722105
P03,S2,lv2,131,3.3890827787306286,3.616469161271051
P03,S2,lv2,132,9.30736482545676,3.3456227281461124
P03,S2,lv2,133,3.9492355462985653,4.429167595618254
P03,S2,lv2,134,5.123710578278324,2.3647846509566604
P03,S2,lv2,135,7.923287949050739,4.933059280335764
P03,S2,lv2,136,4.633591642140664,3.970790192910119
P03,S2,lv2,137,3.846201994194386,2.7910874413660163
P03,S2,lv2,138,4.389062354699001,3.038223020088285
P03,S2,lv2,139,6.79065128670016,8.418646909955326
P03,S2,lv2,140,6.685852728393151,4.067702009926826
P03,S2,lv2,141,7.129744373203977,4.8640047738612235
P03,S2,lv2,142,4.642709400253956,2.2755005748411654
P03,S2,lv2,143,4.607632457286988,2.9384822661090744
P03,S2,lv2,144,9.720925200357758,5.338496736281013
P03,S2,lv2,145,9.135029439100638,3.2201613708052776
P03,S2,lv2,146,4.321176759019876,2.5929499813477683
P03,S2,lv2,147,6.315209745882153,4.615428535691926
P03,S2,lv2,148,3.796182345062224,3.8330093122387177
P04,S1,base,0,18.02294715788448,5.029427527386838
P04,S1,base,1,22.375577615775896,2.9973126760342774
P04,S1,base,2,3.524374633511318,3.4294964113174893
P04,S1,base,3,6.661472619366105,3.147630398080936
P04,S1,base,4,26.90466919677399,4.799829460556678
P04,S1,base,5,43.845283741172615,3.180690880825741
P04,S1,base,6,17.443627437685283,6.931131616625271
P04,S1,base,7,16.381481200718785,15.867645591131721
P04,S1,base,8,5.881085881559232,10.07084090992381
P04,S1,base,9,26.057329220735127,5.490976430882543
P04,S1,base,10,26.27068303784918,5.016283037291177
P04,S1,base,11,8.318492160925793,5.3097518425693275
P04,S1,base,12,11.798681698704833,7.318208140247121
P04,S1,base,13,16.50026437977927,4.188357215589989
P04,S1,base,14,10.164822870805851,14.000892903207022
P04,S1,base,15,37.332020369053055,11.348448540140538
P04,S1,base,16,26.2912168868043,5.596168133071863
P04,S1,base,17,37.275228118413764,2.8246130325544776
P04,S1,base,18,27.54549210398404,3.146573806926394
P04,S1,base,19,13.858438660298624,4.844138444550091
P04,S1,base,20,5.815486353884911,3.1327561815766645
P04,S1,base,21,7.913540708513125,8.033619545319155
P04,S1,base,22,22.618623620229396,6.754049609938326
P04,S1,base,23,8.403002351766961,8.923528066751496
P04,S1,base,24,10.785152587242635,7.643625269009385
P04,S1,base,25,12.250630175687682,15.720733539611809
P04,S1,base,26,4.318706768998108,14.646377964907956
P04,S1,base,27,4.805239956051741,3.5756071220352825
P04,S1,base,28,29.011324578368157,19.37476793736527
P04,S1,base,29,5.1743642470603,6.557437572054936
P04,S1,lv0,0,5.22272214482333,3.207094688091453
P04,S1,lv0,1,8.27823452198518,2.5968230396580654
P04,S1,lv0,2,21.587835056112386,4.175579554821636
P04,S1,lv0,3,11.759357165590556,2.764025550961047
P04,S1,lv0,4,9.580054576104727,4.060827118601849
P04,S1,lv0,5,9.095470144740002,1.6968995366799433
P04,S1,lv0,6,6.797426734606739,3.3167943350194378
P04,S1,lv0,7,6.6418372668723125,3.398310823778001
P04,S1,lv0,8,3.370023509996205,4.276395063099715
P04,S1,lv0,9,6.735987263141972,4.075028383000081
P04,S1,lv0,10,6.6172758746836005,4.78090439301207
P04,S1,lv0,11,4.59739389093575,3.99669371838392
P04,S1,lv0,12,32.00272784932712,6.221956188677227
P04,S1,lv0,13,8.787026387395557,2.8988994090892835
P04,S1,lv0,14,13.426202057342463,2.3996047407796697
P04,S1,lv0,15,11.657770732193212,2.586093684763603
P04,S1,lv0,16,5.027300549856818,3.799283574271293
P04,S1,lv0,17,9.650222067546817,2.936442514508004
P04,S1,lv0,18,6.340479586744226,4.42979657706565
P04,S1,lv0,19,28.09526614130623,5.529259765544271
P04,S1,lv0,20,5.4209319589362295,2.549212126483349
P04,S1,lv0,21,4.625144212887461,3.116050121304086
P04,S1,lv0,22,5.811511229478722,3.2810945046519078
P04,S1,lv0,23,5.035941437371099,3.867011086883773
P04,S1,lv0,24,10.96329290377106,3.348464493839416
P04,S1,lv0,25,7.575643076566831,2.4784386086079313
P04,S1,lv0,26,5.185407042957524,1.900374997510055
P04,S1,lv0,27,12.147393548546393,7.819466046919503
P04,S1,lv0,28,5.128918912529208,3.992281880884727
P04,S1,lv0,29,8.215597255990467,3.7499843338465313
P04,S1,lv0,30,10.501280754857259,5.172517061582778
P04,S1,lv0,31,12.920509901006131,3.793436183543137
P04,S1,lv0,32,5.821481669125878,1.7883582358820673
P04,S1,lv0,33,4.777928232376827,2.8108772509338333
P04,S1,lv0,34,10.108146582195586,2.7820385874972966
P04,S1,lv0,35,5.759901138146079,4.504943560458432
P04,S1,lv0,36,10.065009277615783,4.4821743959799605
P04,S1,lv0,37,6.9947888688840365,4.9616782588360335
P04,S1,lv0,38,9.157413777726996,2.7693055241231743
P04,S1,lv0,39,10.431030597989942,2.7171633789490546
P04,S1,lv0,40,8.363949715093382,4.672476745789324
P04,S1,lv0,41,3.8386305666520806,2.325572426822011
P04,S1,lv0,42,12.553780442349417,2.755184471923522
P04,S1,lv0,43,13.167502775325643,6.118958129851784
P04,S1,lv0,44,9.19498588734658,4.409578378832803
P04,S1,lv0,45,3.1406332455731607,2.366210629637236
P04,S1,lv0,46,5.495328723159679,3.6745247665916803
P04,S1,lv0,47,9.647804510119697,6.068859048495793
P04,S1,lv0,48,4.340876716879609,5.532015892809535
P04,S1,lv0,49,4.009096315932309,3.3517476120066827
P04,S1,lv0,50,21.747153390629258,5.087972098021094
P04,S1,lv0,51,13.011230639762188,3.585574851781752
P04,S1,lv0,52,8.198071410935096,5.096169009996472
P04,S1,lv0,53,5.469639428003382,2.762583924065738
P04,S1,lv0,54,32.16601498272122,19.022021546461282
P04,S1,lv0,55,3.9591392574055897,4.888988857164364
P04,S1,lv0,56,11.723514139228932,5.548669951242928
P04,S1,lv0,57,5.473323143870515,1.9478502855622017
P04,S1,lv0,58,5.907385006025028,2.3468749712913435
P04,S1,lv0,59,5.296617510032671,3.6206967790984304
P04,S1,lv0,60,9.272876809419373,4.765262838940862
P04,S1,lv0,61,17.102046612088266,5.838832710215179
P04,S1,lv0,62,7.694414781264148,4.7289904114837915
P04,S1,lv0,63,9.843780126333636,3.556329128259906
P04,S1,lv0,64,10.676649224892127,8.256558004537913
P04,S1,lv0,65,14.433798807966301,5.453620166775217
P04,S1,lv0,66,4.823414131622948,2.4004952399963417
P04,S1,lv0,67,7.526215656127586,3.2660724440493802
P04,S1,lv0,68,7.947843021687705,2.9748921317216355
P04,S1,lv0,69,18.17092615349793,4.452822007748455
P04,S1,lv0,70,3.996838834433626,3.542028246386175
P04,S1,lv0,71,7.501423051906386,2.910780515707752
P04,S1,lv0,72,6.728674581834499,3.394710338037784
P04,S1,lv0,73,3.374391110295421,3.4310246426453372
P04,S1,lv0,74,7.071362634201146,3.0237080759018475
P04,S1,lv0,75,8.342932612013852,4.0791000112838045
P04,S1,lv0,76,10.109045203644392,3.7169546855973383
P04,S1,lv0,77,8.98736940833909,2.4808166596318877
P04,S1,lv0,78,8.567743302020002,4.861250031491625
P04,S1,lv0,79,5.5835661409652895,3.137201495734372
P04,S1,lv0,80,2.926682911256669,2.3722622218754434
P04,S1,lv0,81,3.2321489071535634,3.419309801770141
P04,S1,lv0,82,3.5054347371502663,2.960327183449558
P04,S1,lv0,83,10.489186940064398,5.350040486732166
P04,S1,lv0,84,5.433968525987252,3.6842197017144924
P04,S1,lv0,85,4.382153891195939,2.0483028015739526
P04,S1,lv0,86,6.516247790483951,2.059321482237975
P04,S1,lv0,87,12.27161033215471,9.660201586513985
P04,S1,lv0,88,11.493219575343808,5.394219806933448
P04,S1,lv0,89,12.6530320814962,3.984281513549136
P04,S1,lv0,90,3.4906305127086283,5.07843854840952
P04,S1,lv0,91,8.187191791774508,2.5141805591707347
P04,S1,lv0,92,13.596588582123173,4.913565589910504
P04,S1,lv0,93,4.467869120796796,2.953718415836299
P04,S1,lv0,94,7.7356363087618645,6.564552049785861
P04,S1,lv0,95,4.9383264005743515,4.438577724545733
P04,S1,lv0,96,9.414057464677564,3.7151298165400455
P04,S1,lv0,97,3.9017651946023912,2.9300823634663784
P04,S1,lv0,98,4.007933619001376,4.6753194859494585
P04,S1,lv0,99,9.1222793123778,4.355470690603535
P04,S1,lv0,100,4.108596088128962,3.005717596115563
P04,S1,lv0,101,16.700738301085984,10.88432756689645
P04,S1,lv0,102,5.806300780136989,3.488478490862902
P04,S1,lv0,103,8.445556860707018,4.035316221496739
P04,S1,lv0,104,3.3507161659494007,3.3129289042934422
P04,S1,lv0,105,4.446511005314036,2.587974144540416
P04,S1,lv0,106,5.030771834550794,5.289571029616977
P04,S1,lv0,107,4.642792805001753,4.803575141745548
P04,S1,lv0,108,9.645761243618995,4.45045501435099
P04,S1,lv0,109,4.372283104751322,4.431299963299384
P04,S1,lv0,110,3.9351563969366077,2.1645377884897985
P04,S1,lv0,111,5.110887961936351,5.494570434645377
P04,S1,lv0,112,6.645658843794955,3.4471230520284393
P04,S1,lv0,113,4.155638052596093,3.6103160472769225
P04,S1,lv0,114,8.340763999234186,2.4588842333081145
P04,S1,lv0,115,5.187840730543311,1.949011668783982
P04,S1,lv0,116,8.922303436193587,4.914302193724401
P04,S1,lv0,117,8.891521234568353,2.4924358983125026
P04,S1,lv0,118,5.844265655799292,4.172723724302739
P04,S1,lv0,119,4.18365960620205,4.467968591327167
P04,S1,lv0,120,12.244818966376839,3.536423571549312
P04,S1,lv0,121,14.963518093590883,4.766262178191125
P04,S1,lv0,122,4.14412185612371,3.842736650039163
P04,S1,lv0,123,9.403060238636296,6.4066705129528705
P04,S1,lv0,124,9.671975871009606,4.932922694850561
P04,S1,lv0,125,14.977016482409002,4.6728705919643065
P04,S1,lv0,126,4.693904384808694,4.137451179083686
P04,S1,lv0,127,9.272356311380335,4.925172277057613
P04,S1,lv0,128,3.5961686367532004,2.6236290236418656
P04,S1,lv0,129,4.477867579444127,3.5088031321437505
P04,S1,lv0,130,14.654520821397043,7.059867178184668
P04,S1,lv0,131,7.417199899484063,5.854939857148527
P04,S1,lv0,132,6.3431779301019455,2.905270872011979
P04,S1,lv0,133,4.318105277202929,3.8114544710048985
P04,S1,lv0,134,19.120300447853804,6.065455741704085
P04,S1,lv0,135,4.444866928345018,5.158560010323966
P04,S1,lv0,136,10.515731209330909,7.257875451378676
P04,S1,lv0,137,5.9081177229810855,2.2934392119240177
P04,S1,lv0,138,6.034164179299774,3.5801155390750448
P04,S1,lv0,139,3.011701619690715,2.2761682884785226
P04,S1,lv0,140,4.488264654945498,2.7046520133678573
P04,S1,lv0,141,4.626639992003986,4.33419444975199
P04,S1,lv0,142,3.979316496813007,4.054292559741381
P04,S1,lv0,143,5.662574218319933,3.671259633892596
P04,S1,lv0,144,11.012000889641241,4.378588517909184
P04,S1,lv0,145,17.052193231119528,7.346104314136412
P04,S1,lv0,146,5.680882584146608,3.6303077445593774
P04,S1,lv0,147,7.975195138219643,4.278053981483872
P04,S1,lv0,148,8.315618689829266,5.194986050881144
P04,S1,lv1,0,3.1339345968049344,3.3879789409700067
P04,S1,lv1,1,6.9806480859134075,2.5939278396046017
P04,S1,lv1,2,21.187434014473162,9.189694613693524
P04,S1,lv1,3,7.045155705381155,3.5593197775192427
P04,S1,lv1,4,26.189532612291814,7.617894268838912
P04,S1,lv1,5,11.5436560666225,4.449937602327629
P04,S1,lv1,6,14.467137729249295,3.874435902279571
P04,S1,lv1,7,33.08280337195711,13.369623759570105
P04,S1,lv1,8,28.47949018021617,11.193596129222167
P04,S1,lv1,9,8.538106515674919,10.382164977971756
P04,S1,lv1,10,4.126495234797083,7.458986897743568
P04,S1,lv1,11,11.382570899468588,5.170508355065975
P04,S1,lv1,12,11.342186438605664,6.0554303095271225
P04,S1,lv1,13,13.241221139599899,15.874935393185961
P04,S1,lv1,14,9.154887615029407,4.777848339294486
P04,S1,lv1,15,6.049481901827949,3.3519466584037563
P04,S1,lv1,16,7.783786348040637,7.285985033529317
P04,S1,lv1,17,17.451964607483543,5.230890218206105
P04,S1,lv1,18,5.26512239287326,6.665204843256292
P04,S1,lv1,19,14.888049227048183,8.688727356200681
P04,S1,lv1,20,5.155970608552143,3.9441343482996896
P04,S1,lv1,21,14.313600516554098,12.719235129233656
P04,S1,lv1,22,8.09353784657035,4.736260957353672
P04,S1,lv1,23,12.698705520571817,6.059875705985818
P04,S1,lv1,24,38.42280129718393,10.00411533830455
P04,S1,lv1,25,12.617874398878946,10.356858937277776
P04,S1,lv1,26,11.746502410244048,9.182450229470936
P04,S1,lv1,27,13.146407341752983,5.51689386655004
P04,S1,lv1,28,23.390130262277765,10.071271976390399
P04,S1,lv1,29,7.843849278093512,3.1926159659174607
P04,S1,lv1,30,12.159498981761248,14.511199882504405
P04,S1,lv1,31,27.886602806200024,9.779238200272063
P04,S1,lv1,32,20.266545858760423,16.328736045022538
P04,S1,lv1,33,8.999923137784215,5.693965750741657
P04,S1,lv1,34,18.24564871553807,6.256174144036379
P04,S1,lv1,35,6.880588374769748,4.0967432309527565
P04,S1,lv1,36,13.263945995118185,3.2001894821028314
P04,S1,lv1,37,5.592319843708648,3.292770976512747
P04,S1,lv1,38,4.910483191682795,2.581432716606254
P04,S1,lv1,39,9.743685640819681,5.503677220759566
P04,S1,lv1,40,5.976520812747422,6.8239735765832235
P04,S1,lv1,41,15.800811593393655,8.20604509309141
P04,S1,lv1,42,11.470506852380856,10.857331588731396
P04,S1,lv1,43,12.755657374982299,5.289631391363653
P04,S1,lv1,44,3.482764248146535,4.681998887003618
P04,S1,lv1,45,20.589352908962248,9.929760243085145
P04,S1,lv1,46,5.239618776911027,3.9716540358762864
P04,S1,lv1,47,5.581489884024511,6.1239465213413355
P04,S1,lv1,48,14.134385405277223,6.801280044939318
P04,S1,lv1,49,32.32107498642252,32.716258684034074
P04,S1,lv1,50,4.256094530110035,3.2300240999289453
P04,S1,lv1,51,3.641795661978021,4.326604474219539
P04,S1,lv1,52,8.562431988113959,5.403565696480709
P04,S1,lv1,53,7.553139665777882,4.823923276652756
P04,S1,lv1,54,6.060521889842732,5.542810496961656
P04,S1,lv1,55,4.3324640001457935,9.513174214188263
P04,S1,lv1,56,7.976097916802228,7.909876533696958
P04,S1,lv1,57,16.009540340054684,6.097231922869281
P04,S1,lv1,58,27.368175105475615,7.651246327021069
P04,S1,lv1,59,11.685510116680552,11.242577542591993
P04,S1,lv1,60,9.936946343248351,8.32388422897806
P04,S1,lv1,61,15.0369338407359,5.766270912596489
P04,S1,lv1,62,9.293776441707644,6.2426287695455756
P04,S1,lv1,63,7.245702127106001,7.317361734422392
P04,S1,lv1,64,14.584279047396196,7.416908863940086
P04,S1,lv1,65,9.55202511741343,9.016122974427448
P04,S1,lv1,66,20.79123483472626,9.05822406156677
P04,S1,lv1,67,8.662875389284082,7.1039709807392715
P04,S1,lv1,68,8.40789382284256,5.738312523402194
P04,S1,lv1,69,43.767470888347965,9.320175807026196
P04,S1,lv1,70,23.88115293372298,4.591740501711736
P04,S1,lv1,71,16.281184491831795,14.00225103831494
P04,S1,lv1,72,2.8564916360306136,8.56016822302179
P04,S1,lv1,73,3.9310157876431457,3.5166502794040455
P04,S1,lv1,74,18.442492194806334,3.5484342191024663
P04,S1,lv1,75,5.250443978571928,2.918558381609735
P04,S1,lv1,76,5.013803341258046,4.748453782273815
P04,S1,lv1,77,5.5847063747449575,9.771389839282548
P04,S1,lv1,78,56.88333950069672,13.150629793116337
P04,S1,lv1,79,24.058231403832078,11.910806275148067
P04,S1,lv1,80,4.469113454649494,5.57280658326494
P04,S1,lv1,81,10.858626939895728,4.820659781049884
P04,S1,lv1,82,8.801824578943208,11.25236418858755
P04,S1,lv1,83,7.674443445252994,12.06828070034498
P04,S1,lv1,84,14.236799610590188,14.567303721212307
P04,S1,lv1,85,5.586797414508515,11.358758474527574
P04,S1,lv1,86,8.316017085865631,8.052330830087822
P04,S1,lv1,87,6.225051317600727,6.887443343803793
P04,S1,lv1,88,14.529916678893679,5.667683560143442
P04,S1,lv1,89,2.520175925237253,6.936834565903588
P04,S1,lv1,90,11.466148561027993,2.4132163374001805
P04,S1,lv1,91,11.862533841956283,5.706749925802545
P04,S1,lv1,92,16.87456676703132,5.224336899237207
P04,S1,lv1,93,22.179963747419727,15.02136528791037
P04,S1,lv1,94,8.871807648459964,5.727500601935401
P04,S1,lv1,95,6.195682325994049,8.795541094905525
P04,S1,lv1,96,7.0316062920495535,6.195929926113239
P04,S1,lv1,97,26.384226789786414,9.132154298978712
P04,S1,lv1,98,14.475865346569945,17.640121158645677
P04,S1,lv1,99,11.092550649716854,9.206823582251708
P04,S1,lv1,100,13.431479444014316,10.516633836451412
P04,S1,lv1,101,7.466097798020868,6.152095985321225
P04,S1,lv1,102,16.65077773190779,6.6448040973732025
P04,S1,lv1,103,10.076240493792591,5.070478575687103
P04,S1,lv1,104,12.763554614181393,5.560251953094631
P04,S1,lv1,105,14.202066926118343,6.621725637723995
P04,S1,lv1,106,10.759653706237584,10.79484852590906
P04,S1,lv1,107,7.644151376559138,5.994009965277735
P04,S1,lv1,108,19.01604159081764,10.754194302144677
P04,S1,lv1,109,12.067532389518064,18.48729214596572
P04,S1,lv1,110,10.71200450007709,8.179612164444702
P04,S1,lv1,111,5.489998211666472,5.052071505758922
P04,S1,lv1,112,10.433971410164352,8.714033834680276
P04,S1,lv1,113,17.466578856458597,9.53755942463328
P04,S1,lv1,114,6.495406192622017,6.490716624054015
P04,S1,lv1,115,4.643080559170378,5.184170176253703
P04,S1,lv1,116,20.722071633941678,23.237923330491885
P04,S1,lv1,117,16.268540968272415,8.238728386486573
P04,S1,lv1,118,9.763769522885433,5.621290621416973
P04,S1,lv1,119,10.077447016609495,5.882749186564697
P04,S1,lv1,120,6.118213055019549,3.2035715069373634
P04,S1,lv1,121,10.30673902586891,10.560151584546954
P04,S1,lv1,122,6.238718553045024,5.223860909247042
P04,S1,lv1,123,5.457808349968949,7.815651822447688
P04,S1,lv1,124,13.665719370928352,9.478397834304511
P04,S1,lv1,125,11.61013119706017,9.369686700061582
P04,S1,lv1,126,25.23736118903859,5.270308258567516
P04,S1,lv1,127,24.59836534542373,14.091802541790083
P04,S1,lv1,128,6.125344558961535,6.543435500114108
P04,S1,lv1,129,16.305377537137424,6.45589789926385
P04,S1,lv1,130,19.663936033720216,5.524971967268163
P04,S1,lv1,131,13.61891273600069,6.63806833366442
P04,S1,lv1,132,9.207120074243376,10.73256270265497
P04,S1,lv1,133,4.271958162237814,2.802335991365482
P04,S1,lv1,134,15.12371277218194,14.41531622899834
P04,S1,lv1,135,33.48388136211192,8.425711839342501
P04,S1,lv1,136,8.862071665432081,17.535230151228777
P04,S1,lv1,137,15.385023021227308,8.701879844580413
P04,S1,lv1,138,23.573945738493695,5.450196755811539
P04,S1,lv1,139,9.930683269741772,5.95656043750121
P04,S1,lv1,140,9.235428219096294,7.031611322675921
P04,S1,lv1,141,23.290114379903955,6.834613433659179
P04,S1,lv1,142,15.4170808072765,15.387319743914095
P04,S1,lv1,143,20.49160842696679,23.225773288006778
P04,S1,lv1,144,15.514973272643397,3.357606105285567
P04,S1,lv1,145,5.754743194113463,5.335345766800043
P04,S1,lv1,146,32.365684175744796,20.964197156002353
P04,S1,lv1,147,9.593857531468089,5.971474140491974
P04,S1,lv1,148,6.622018671046693,5.287671273811173
P04,S1,lv2,0,3.7043274687768304,3.670999404323955
P04,S1,lv2,1,14.230967055147348,3.918996202693445
P04,S1,lv2,2,3.887194479474818,5.738432611215437
P04,S1,lv2,3,7.411203237492229,6.200062849031082
P04,S1,lv2,4,2.209665640249205,4.109691872624313
P04,S1,lv2,5,10.482676356302209,6.06485031185029
P04,S1,lv2,6,7.77945683384675,8.40123187999532
P04,S1,lv2,7,3.46257075790395,2.7483321331692316
P04,S1,lv2,8,8.39678047583922,2.2667037005879083
P04,S1,lv2,9,3.3910635739113415,6.360234637763187
P04,S1,lv2,10,12.248904213599708,4.861110643849439
P04,S1,lv2,11,5.408259534910308,5.478055565991887
P04,S1,lv2,12,14.088284294580259,6.82186365700895
P04,S1,lv2,13,8.376536032040873,7.457768351493703
P04,S1,lv2,14,2.9029057071955813,4.136522954426674
P04,S1,lv2,15,4.612892374627017,6.216582801596998
P04,S1,lv2,16,4.959631089019335,2.110090572761832
P04,S1,lv2,17,4.721113228252254,6.210766332494173
P04,S1,lv2,18,11.07007852251441,5.51829364504258
P04,S1,lv2,19,10.76773175805936,2.5600432608099615
P04,S1,lv2,20,4.24427905420422,3.286235129692034
P04,S1,lv2,21,8.608967269609408,1.5455928218771744
P04,S1,lv2,22,7.607643154023356,3.0215874268790968
P04,S1,lv2,23,2.873414772392553,3.252692601723654
P04,S1,lv2,24,22.64728782268099,5.647810213761534
P04,S1,lv2,25,25.832965410811692,7.7903892722498975
P04,S1,lv2,26,10.62324798576083,8.90300540433456
P04,S1,lv2,27,9.31495032716376,7.1335289281323995
P04,S1,lv2,28,5.477709827769716,5.404781550185395
P04,S1,lv2,29,5.010176155880744,4.544343306631328
P04,S1,lv2,30,4.228192223590414,1.8260892583067112
P04,S1,lv2,31,3.6508254589484297,4.006396338053148
P04,S1,lv2,32,4.774409305372362,2.8459486633116833
P04,S1,lv2,33,11.342418112816139,4.280420526626868
P04,S1,lv2,34,17.591995587792354,6.781369104277067
P04,S1,lv2,35,7.894272036012727,3.9616944024034324
P04,S1,lv2,36,5.660469419088377,4.267111359877052
P04,S1,lv2,37,4.794529840260884,6.292455659596523
P04,S1,lv2,38,23.947513990669652,4.54179046139046
P04,S1,lv2,39,10.608913153906137,6.216316314467522
P04,S1,lv2,40,11.117135074838494,7.880770784963714
P04,S1,lv2,41,6.4482452588070505,5.20952085651427
P04,S1,lv2,42,5.032953508102941,3.6431302789685573
P04,S1,lv2,43,4.446147484959152,4.444004168219775
P04,S1,lv2,44,8.03073553813899,6.207646661554817
P04,S1,lv2,45,3.327064932956274,4.1856122613863675
P04,S1,lv2,46,8.854241373276283,6.525399467559876
P04,S1,lv2,47,12.067241529895613,5.3546620622440635
P04,S1,lv2,48,14.51099085404501,11.430563687534287
P04,S1,lv2,49,20.49445019602661,4.436496429683006
P04,S1,lv2,50,15.526623764375048,4.5805642944990765
P04,S1,lv2,51,11.001546051622784,4.939007507896823
P04,S1,lv2,52,3.8421709875395633,5.810591357293291
P04,S1,lv2,53,4.572636632348916,8.416995122479246
P04,S1,lv2,54,5.158880576087038,6.016647002239736
P04,S1,lv2,55,27.512521599562564,7.535219063358859
P04,S1,lv2,56,6.836818176017321,6.821321282963095
P04,S1,lv2,57,3.903258177246629,4.299692270503224
P04,S1,lv2,58,22.335501795482756,6.984012834624246
P04,S1,lv2,59,31.405048909798282,11.242379205957018
P04,S1,lv2,60,9.850424928295274,4.925405557726617
P04,S1,lv2,61,13.68315956967671,12.390303134722046
P04,S1,lv2,62,8.18904245073112,11.64877426357342
P04,S1,lv2,63,14.331033254370494,4.938721110328615
P04,S1,lv2,64,13.501693718844557,9.224970420133053
P04,S1,lv2,65,3.770428068856741,4.217577463126376
P04,S1,lv2,66,8.902056554680215,5.01116970686519
P04,S1,lv2,67,5.256887551817762,9.666274657554444
P04,S1,lv2,68,5.712780405705348,5.2745754400300315
P04,S1,lv2,69,7.448076983345874,4.320286792212624
P04,S1,lv2,70,3.367268812648123,3.6861397522999413
P04,S1,lv2,71,4.582503923297808,2.7276766270992776
P04,S1,lv2,72,6.173167056031974,6.699241465344105
P04,S1,lv2,73,8.067451552803096,7.10577989730714
P04,S1,lv2,74,7.246166667016287,5.777873373248756
P04,S1,lv2,75,4.921607716563439,8.728329764810699
P04,S1,lv2,76,9.181882702251194,11.957519364919273
P04,S1,lv2,77,5.062864879152092,5.2711591473025114
P04,S1,lv2,78,15.044169143894466,5.405212013926868
P04,S1,lv2,79,9.734524406528195,6.593994772742845
P04,S1,lv2,80,5.53153355601724,7.8483405972292966
P04,S1,lv2,81,6.194162089987341,6.09553369990579
P04,S1,lv2,82,27.324450385959963,11.245918620011558
P04,S1,lv2,83,13.125843940908018,15.717582138347717
P04,S1,lv2,84,18.14338362236883,6.785224232067341
P04,S1,lv2,85,19.664675006355097,11.881591184614352
P04,S1,lv2,86,8.338337627662911,4.999420203840676
P04,S1,lv2,87,2.5239922664885737,5.5099968233916305
P04,S1,lv2,88,7.9862422087484175,11.45043580535364
P04,S1,lv2,89,7.940370699500789,10.886055649578381
P04,S1,lv2,90,6.788138528103382,6.801672551505023
P04,S1,lv2,91,11.57048136630481,15.967807369223545
P04,S1,lv2,92,4.472990890956202,5.614550426025511
P04,S1,lv2,93,3.044838805277816,5.803125914986189
P04,S1,lv2,94,2.6208479317874067,4.5729923368911924
P04,S1,lv2,95,4.356363155551359,3.60291291341996
P04,S1,lv2,96,3.550096331795384,6.070137027041131
P04,S1,lv2,97,64.65326920286121,9.815782574616213
P04,S1,lv2,98,8.767946864436789,5.45343722969275
P04,S1,lv2,99,7.196066197190179,2.8231374199005965
P04,S1,lv2,100,5.658441617296119,3.211828039583584
P04,S1,lv2,101,17.867414601618574,8.302178000345544
P04,S1,lv2,102,27.99276133635628,14.24600602706837
P04,S1,lv2,103,7.119343459932668,6.516215462756744
P04,S1,lv2,104,10.360307516711682,6.308594353487992
P04,S1,lv2,105,43.70961823470866,8.153550245850022
P04,S1,lv2,106,25.482472586010996,7.045249243379034
P04,S1,lv2,107,8.226436152957225,6.172387581748414
P04,S1,lv2,108,31.01740257021856,8.222893089670414
P04,S1,lv2,109,10.850188405844513,10.875115117105587
P04,S1,lv2,110,15.214522789459934,17.23656439670991
P04,S1,lv2,111,5.333130968314082,5.931251750295014
P04,S1,lv2,112,3.6157013853028483,8.341403753858947
P04,S1,lv2,113,6.041175961848372,3.8320658142084656
P04,S1,lv2,114,7.5903702140158495,3.9705127746471276
P04,S1,lv2,115,6.242315456327453,5.770556255518298
P04,S1,lv2,116,19.707582432324518,13.294745253477588
P04,S1,lv2,117,18.079888968403832,16.604496841391345
P04,S1,lv2,118,8.302156161816146,6.149320120286075
P04,S1,lv2,119,5.540481929838751,3.9714861884875305
P04,S1,lv2,120,4.745760559713699,3.0290658276636058
P04,S1,lv2,121,9.488831810570629,4.39424608243221
P04,S1,lv2,122,4.917222966151906,4.960970436154091
P04,S1,lv2,123,6.376947015189237,7.264598685472379
P04,S1,lv2,124,14.627893168444349,18.62811458239437
P04,S1,lv2,125,5.389412294326268,4.537562087533347
P04,S1,lv2,126,10.370393364431091,7.543102317878883
P04,S1,lv2,127,16.59176941432209,9.449826749145567
P04,S1,lv2,128,24.76434520246821,8.536433060641794
P04,S1,lv2,129,6.535863377959855,3.8084168741597004
P04,S1,lv2,130,5.421776744705871,5.506854723856617
P04,S1,lv2,131,5.484463121430822,9.707379500574799
P04,S1,lv2,132,25.06745035966416,8.293226749167282
P04,S1,lv2,133,7.417698478382134,6.654866024551178
P04,S1,lv2,134,12.496930361303297,5.751906054412565
P04,S1,lv2,135,11.521967862097094,6.8953794839966935
P04,S1,lv2,136,10.44596786902546,6.521591483376433
P04,S1,lv2,137,2.9012319116222347,3.1937790605347653
P04,S1,lv2,138,10.63129898186834,9.919030803520167
P04,S1,lv2,139,8.141398867137722,9.911553479786653
P04,S1,lv2,140,13.600751954551756,5.807045600837784
P04,S1,lv2,141,12.390343105694354,11.401249718380152
P04,S1,lv2,142,8.25696159561256,5.055798535206844
P04,S1,lv2,143,5.473081014041205,5.5461920995430125
P04,S1,lv2,144,9.293259744819212,6.515009782797469
P04,S1,lv2,145,6.1952392215796825,8.568021215503336
P04,S1,lv2,146,17.114548654727198,6.224481005007999
P04,S1,lv2,147,14.758283758209402,8.694311553072275
P04,S1,lv2,148,9.60965669763426,4.704190366238576
P04,S2,base,0,7.167610182115304,8.68412642298033
P04,S2,base,1,4.955167818956316,3.6443768352278205
P04,S2,base,2,16.17232902635853,2.794858658952716
P04,S2,base,3,12.623272099663893,3.562401632162952
P04,S2,base,4,2.0452775912903345,2.9326955653400293
P04,S2,base,5,4.821397165840189,3.882422275239301
P04,S2,base,6,12.764889384595968,13.526669635775196
P04,S2,base,7,7.699894325947802,7.785555029960759
P04,S2,base,8,5.587267475444727,7.427547601901481
P04,S2,base,9,22.417374631635884,4.644342144632596
P04,S2,base,10,12.694468082668367,3.2887772471961334
P04,S2,base,11,31.285658708629686,7.118435892931322
P04,S2,base,12,5.386425691327816,4.1593354616218186
P04,S2,base,13,6.795770187740548,12.266413461676704
P04,S2,base,14,5.714068106167895,6.858258517723011
P04,S2,base,15,3.9867091966827983,4.356796543982714
P04,S2,base,16,7.914724369728945,9.456409684387914
P04,S2,base,17,2.923470749400571,7.793003121560145
P04,S2,base,18,16.073034597050352,19.431594027888796
P04,S2,base,19,8.762230529126,12.110111599501636
P04,S2,base,20,7.583947184082695,12.567187990102196
P04,S2,base,21,4.601595268468884,4.844126294584492
P04,S2,base,22,14.092091805839644,5.346260629914732
P04,S2,base,23,18.871491209185997,14.114739417224074
P04,S2,base,24,8.772672409519858,51.58855512290943
P04,S2,base,25,13.27393082441837,29.700278636869115
P04,S2,base,26,4.035101421523032,1.2401190458915516
P04,S2,base,27,8.865711109939129,4.907461089624846
P04,S2,base,28,9.958574718606837,2.660692549026499
P04,S2,base,29,7.062152198713971,11.911873550003767
P04,S2,lv0,0,3.19709497408083,2.0887206424490032
P04,S2,lv0,1,4.355426424548388,1.533834557793784
P04,S2,lv0,2,7.9405288000452385,2.3167176679903165
P04,S2,lv0,3,6.775197689546873,1.8244739206600442
P04,S2,lv0,4,5.81477609836492,2.15461451261588
P04,S2,lv0,5,6.264783729803164,2.077848980166687
P04,S2,lv0,6,5.7652466408061755,2.7938739195632416
P04,S2,lv0,7,9.40332659070547,7.047917115471158
P04,S2,lv0,8,5.0401909935328355,2.9131387187080353
P04,S2,lv0,9,5.368244957940205,1.899707800547066
P04,S2,lv0,10,6.228288102035386,3.185576550532649
P04,S2,lv0,11,4.532852686825878,1.4048423705178603
P04,S2,lv0,12,4.7386947167347095,2.4893627101532245
P04,S2,lv0,13,16.942465990957885,1.3780622954105268
P04,S2,lv0,14,4.392996994759674,5.752217862578829
P04,S2,lv0,15,4.019127586176648,1.757426064800282
P04,S2,lv0,16,7.099986717999557,4.610467733893584
P04,S2,lv0,17,8.206534282605858,4.375007004114177
P04,S2,lv0,18,4.850401987501436,1.2008484733467417
P04,S2,lv0,19,6.595582820308448,3.6610350411759507
P04,S2,lv0,20,7.269403254040726,2.1629509074576974
P04,S2,lv0,21,8.467693682981528,1.7318197296157634
P04,S2,lv0,22,6.011832882033298,2.7736878965789704
P04,S2,lv0,23,5.803064329655633,3.2427053952182647
P04,S2,lv0,24,8.054937251169605,2.596713642446653
P04,S2,lv0,25,6.635790191069933,3.8122670258551756
P04,S2,lv0,26,3.5044366839221537,2.2156414551263275
P04,S2,lv0,27,10.23876360948066,2.9231163875757495
P04,S2,lv0,28,5.211870256228189,3.4213519916406243
P04,S2,lv0,29,6.237284395849793,3.458744073500982
P04,S2,lv0,30,3.9395077708517583,1.6461661229806581
P04,S2,lv0,31,8.617962304009685,2.869751815622444
P04,S2,lv0,32,6.969286142167509,2.581911946248435
P04,S2,lv0,33,9.160742707329698,3.380093382842316
P04,S2,lv0,34,2.4335924947600516,3.144840381404814
P04,S2,lv0,35,4.334543534148869,2.457899087147969
P04,S2,lv0,36,5.685584128923771,1.5699717275946519
P04,S2,lv0,37,4.65072373547966,1.6347746403322008
P04,S2,lv0,38,2.8238943889803334,1.4560016517334056
P04,S2,lv0,39,10.91078124388433,4.889044174541926
P04,S2,lv0,40,6.058887981102538,1.3246858621167974
P04,S2,lv0,41,5.601503507643157,1.7225315874470646
P04,S2,lv0,42,7.01960828229182,4.313881196612871
P04,S2,lv0,43,9.504525399568672,3.2939779881447664
P04,S2,lv0,44,5.329622223897269,1.3682724911371558
P04,S2,lv0,45,14.30509006814245,4.55749833133241
P04,S2,lv0,46,7.024382161867301,7.269950307877353
P04,S2,lv0,47,5.257289165443982,5.930216455700092
P04,S2,lv0,48,4.145224963683453,2.3785427834974606
P04,S2,lv0,49,3.7258114297424156,5.936744024612363
P04,S2,lv0,50,6.922768766069306,4.017080845301121
P04,S2,lv0,51,5.6894934619765785,4.708654836993114
P04,S2,lv0,52,8.764642621509573,2.0666476981291417
P04,S2,lv0,53,6.299731367141326,2.924524685714569
P04,S2,lv0,54,4.841793609161509,1.9055720951387323
P04,S2,lv0,55,8.086497605227919,2.2361293254390637
P04,S2,lv0,56,3.6214663344707647,2.8049476136280926
P04,S2,lv0,57,8.006006833923625,1.876341241036386
P04,S2,lv0,58,7.280504505361343,3.6356340603262454
P04,S2,lv0,59,18.215289777042095,6.839314267081166
P04,S2,lv0,60,10.022027795699584,7.815594499853894
P04,S2,lv0,61,12.289123200533254,6.5440158040065874
P04,S2,lv0,62,8.425860244156242,2.5778562513926424
P04,S2,lv0,63,13.780947421216158,2.106614698921301
P04,S2,lv0,64,6.1934040821558884,3.8379332714262464
P04,S2,lv0,65,7.40591435501657,1.219334633681397
P04,S2,lv0,66,9.634279860537728,2.643745801310979
P04,S2,lv0,67,6.818815418774414,2.0210334963649847
P04,S2,lv0,68,4.051440188041349,2.0839554301620926
P04,S2,lv0,69,6.293182402012305,1.8124853756464285
P04,S2,lv0,70,3.5482783107181968,1.5801793869756235
P04,S2,lv0,71,6.192558922657905,4.227922559580802
P04,S2,lv0,72,3.746561937225315,1.3080054135615238
P04,S2,lv0,73,6.0498995072771935,2.728137387422774
P04,S2,lv0,74,7.081352966680519,4.9831764697103695
P04,S2,lv0,75,7.697082987919323,8.3890486967789
P04,S2,lv0,76,4.053907250252274,4.667886372427151
P04,S2,lv0,77,3.7785671221808617,4.298223578915731
P04,S2,lv0,78,18.51894095560501,11.095422570784358
P04,S2,lv0,79,8.018186508260529,2.087077895005691
P04,S2,lv0,80,7.070074894860531,3.868282299548825
P04,S2,lv0,81,11.917473436816548,6.403487984788661
P04,S2,lv0,82,4.1686466395973305,1.6706430178155418
P04,S2,lv0,83,5.714961182851805,1.7491759968808251
P04,S2,lv0,84,9.356094268118435,2.8725011601395956
P04,S2,lv0,85,6.052119856776887,4.657101078261761
P04,S2,lv0,86,7.702099419531624,2.303338623735862
P04,S2,lv0,87,3.466051537536376,3.0404008411029424
P04,S2,lv0,88,8.585135558809087,2.386972800706061
P04,S2,lv0,89,10.385401126868997,2.6783053522890508
P04,S2,lv0,90,7.08718157979606,2.3098918524337937
P04,S2,lv0,91,6.55951468830308,2.107313328820439
P04,S2,lv0,92,1.7361163522038094,2.287233479367693
P04,S2,lv0,93,4.729806023781009,1.4646508510759917
P04,S2,lv0,94,12.611517759883121,7.195677020446508
P04,S2,lv0,95,13.061696671452998,7.0454744482902525
P04,S2,lv0,96,8.244997033996437,2.1196209714911336
P04,S2,lv0,97,5.473330867583513,2.3514780294646425
P04,S2,lv0,98,7.974019396358216,1.8424780190342258
P04,S2,lv0,99,6.470440162473723,3.4738754763708903
P04,S2,lv0,100,8.827966011919317,4.0744477062428235
P04,S2,lv0,101,7.18471886579219,2.1528329965575614
P04,S2,lv0,102,5.246574897591487,2.8321725507946214
P04,S2,lv0,103,3.241599648744495,1.9502641518130774
P04,S2,lv0,104,5.662445503901872,2.0206621223993433
P04,S2,lv0,105,6.028646361608018,2.741293927542171
P04,S2,lv0,106,6.41648241810791,1.9844926092610546
P04,S2,lv0,107,10.685894136370042,1.9952592896727834
P04,S2,lv0,108,8.745707058172222,2.4369045388318007
P04,S2,lv0,109,6.4820715855353646,2.598544632928353
P04,S2,lv0,110,5.087800229819648,2.295722823669422
P04,S2,lv0,111,4.661522895448418,2.6892561449649692
P04,S2,lv0,112,5.583893108863283,4.037130688113772
P04,S2,lv0,113,11.107029108720521,2.7001945209308547
P04,S2,lv0,114,8.92314583566923,5.264586132001348
P04,S2,lv0,115,7.171411021366347,2.820830585195282
P04,S2,lv0,116,7.20888597503138,3.745773619557772
P04,S2,lv0,117,6.430902151010733,1.6449886688077702
P04,S2,lv0,118,7.227273551914532,2.870931563917446
P04,S2,lv0,119,4.768610395484124,0.9452234752671992
P04,S2,lv0,120,4.540220681978318,1.9786343506896902
P04,S2,lv0,121,3.67194928859516,2.9888805679673274
P04,S2,lv0,122,8.353329767345217,1.9205306111032505
P04,S2,lv0,123,13.339090532614561,4.892296180326137
P04,S2,lv0,124,5.385386665307333,3.942229936576793
P04,S2,lv0,125,6.413841883081704,3.3788611802954667
P04,S2,lv0,126,6.305131291628106,2.1477152599599436
P04,S2,lv0,127,6.37911626558818,4.80985078697229
P04,S2,lv0,128,8.233750414756098,4.129848314024614
P04,S2,lv0,129,3.3773505432046025,2.1204424650296487
P04,S2,lv0,130,24.604750443438743,2.803828921815363
P04,S2,lv0,131,7.3907937449999155,2.3492610233841336
P04,S2,lv0,132,5.781877813523843,1.4441885606165816
P04,S2,lv0,133,5.999252727512268,2.511340237566766
P04,S2,lv0,134,6.110589214691181,2.7046269573025468
P04,S2,lv0,135,4.52376393568138,1.5647218689378917
P04,S2,lv0,136,5.420123274672325,2.008802475393664
P04,S2,lv0,137,2.612266306509594,2.3491694801666374
P04,S2,lv0,138,10.734410188625809,2.9174322524983
P04,S2,lv0,139,7.801263520656515,3.17119961682885
P04,S2,lv0,140,6.640482758313908,3.293389122183645
P04,S2,lv0,141,7.294002354808869,5.180702064135641
P04,S2,lv0,142,6.863643759626421,4.49037266673311
P04,S2,lv0,143,8.455278813347332,4.064587953087382
P04,S2,lv0,144,10.033817415805377,2.086299889029765
P04,S2,lv0,145,6.777973318965963,3.107445374313724
P04,S2,lv0,146,9.794650102694625,2.4542452659221823
P04,S2,lv0,147,10.44989033812825,4.0396800812566305
P04,S2,lv0,148,3.305321691425967,2.053378786940459
P04,S2,lv1,0,5.641293045936429,2.164039938763153
P04,S2,lv1,1,21.304889838141328,25.035270475113364
P04,S2,lv1,2,6.960620479740196,2.699219727339507
P04,S2,lv1,3,5.9065659820927126,3.913552375506641
P04,S2,lv1,4,13.104041982580373,6.19502445988924
P04,S2,lv1,5,5.750010561120104,2.107793579920422
P04,S2,lv1,6,27.98328859574542,8.783754631192298
P04,S2,lv1,7,2.469297830948892,2.3078440741691217
P04,S2,lv1,8,13.912938195428055,10.034138005681887
P04,S2,lv1,9,7.255597609469974,3.463523722147602
P04,S2,lv1,10,6.278932174100556,1.6867851839215664
P04,S2,lv1,11,11.612637019428997,3.39003022634817
P04,S2,lv1,12,7.262383750633963,3.9388655539658424
P04,S2,lv1,13,9.894605436551902,2.248264429519967
P04,S2,lv1,14,3.3729888099138075,1.8706535725096058
P04,S2,lv1,15,5.073596349827306,3.618300211808167
P04,S2,lv1,16,6.922996548797544,3.133458622300794
P04,S2,lv1,17,4.5761904309512,2.9372060904914927
P04,S2,lv1,18,4.68576374170937,4.01120360571127
P04,S2,lv1,19,8.424493278501792,2.9474891760448845
P04,S2,lv1,20,8.165441902418541,3.3541811916138227
P04,S2,lv1,21,5.521303344407431,2.8004220612460684
P04,S2,lv1,22,14.585637756797054,9.08752019903123
P04,S2,lv1,23,2.1309822397539615,2.5367015243134206
P04,S2,lv1,24,5.132048674380872,4.393143530702895
P04,S2,lv1,25,11.528314499592499,3.427310889672714
P04,S2,lv1,26,6.226178641883087,6.385704032858321
P04,S2,lv1,27,5.461149262268059,6.001935693564762
P04,S2,lv1,28,8.077939254269703,2.3842052846720216
P04,S2,lv1,29,13.687467093052108,4.121306988987752
P04,S2,lv1,30,10.370543917529078,3.9982932973689773
P04,S2,lv1,31,11.10449237053347,3.231746377683925
P04,S2,lv1,32,11.062272247609393,2.2051721078397373
P04,S2,lv1,33,7.630804871821645,4.358938070361147
P04,S2,lv1,34,13.735449725573607,11.024623402894141
P04,S2,lv1,35,11.67885468724158,6.512232274012922
P04,S2,lv1,36,8.988597946883353,2.5716492301581972
P04,S2,lv1,37,8.86705385137478,3.056118816234093
P04,S2,lv1,38,7.452192691453392,2.8161864734042545
P04,S2,lv1,39,2.4040582307520584,1.3894886351544262
P04,S2,lv1,40,7.916156282065318,3.799458471080421
P04,S2,lv1,41,10.049493371672057,3.439054489895824
P04,S2,lv1,42,11.484372895044682,2.319012887438214
P04,S2,lv1,43,24.354449298557228,8.81718937594924
P04,S2,lv1,44,4.994776718510415,2.452434822667957
P04,S2,lv1,45,4.597586044037424,1.8167352735696027
P04,S2,lv1,46,15.467673034359954,7.109310617668491
P04,S2,lv1,47,7.87974822275422,2.1952043637701326
P04,S2,lv1,48,5.285299208783038,3.334277427305255
P04,S2,lv1,49,6.733952725128576,4.280191852026244
P04,S2,lv1,50,15.175162697247853,7.791807708923767
P04,S2,lv1,51,9.594868306301548,4.717231155759451
P04,S2,lv1,52,6.881139752088986,7.2301022075862
P04,S2,lv1,53,5.4460275651122,2.7184874533123784
P04,S2,lv1,54,14.713572344984808,4.508602208302823
P04,S2,lv1,55,8.020566058122881,5.481384008330445
P04,S2,lv1,56,6.780195823736462,3.1400815813859566
P04,S2,lv1,57,6.6308153968250485,5.68374579205977
P04,S2,lv1,58,10.555646245064077,3.468785591667482
P04,S2,lv1,59,6.350768172296044,2.5389352487133685
P04,S2,lv1,60,21.809332812398157,5.9968738840320155
P04,S2,lv1,61,7.383492368761313,2.832020062445557
P04,S2,lv1,62,11.323853317778193,3.5991519971348764
P04,S2,lv1,63,7.701853156996354,3.1606818600598556
P04,S2,lv1,64,5.401419040693207,7.445246363248399
P04,S2,lv1,65,11.352900924240428,6.293162357097431
P04,S2,lv1,66,8.098570906248504,6.054302409343244
P04,S2,lv1,67,7.164835252197283,3.4875215628370904
P04,S2,lv1,68,2.2806291794584075,9.462363554232828
P04,S2,lv1,69,5.706471574475979,5.793279761256635
P04,S2,lv1,70,6.865529559746968,5.767358986939023
P04,S2,lv1,71,10.145296730542409,5.526179735712713
P04,S2,lv1,72,8.925907123341153,4.254603832222341
P04,S2,lv1,73,4.453349689515382,2.514492685534954
P04,S2,lv1,74,12.16237728695078,4.456257911792243
P04,S2,lv1,75,12.48396623230591,3.3037271461954547
P04,S2,lv1,76,11.715176378945968,5.916868753307025
P04,S2,lv1,77,7.440111298085591,2.933528153846037
P04,S2,lv1,78,5.934497571603155,3.84822220611702
P04,S2,lv1,79,8.15887690720441,4.033931811707606
P04,S2,lv1,80,21.988940099087838,6.036003000823245
P04,S2,lv1,81,10.343014117097587,7.571379653617218
P04,S2,lv1,82,13.51393532234732,4.223108394363846
P04,S2,lv1,83,6.381865423904755,2.598084527723087
P04,S2,lv1,84,5.461699299217794,3.171987517611694
P04,S2,lv1,85,10.02100598827525,7.786921787180852
P04,S2,lv1,86,19.964166208509468,8.232317840804768
P04,S2,lv1,87,10.974229825299473,4.684302044459658
P04,S2,lv1,88,7.5170934136469265,2.5459511898116274
P04,S2,lv1,89,9.678547317779259,9.134216292008105
P04,S2,lv1,90,8.865902846933933,4.141527239448472
P04,S2,lv1,91,27.19332352106226,9.264629973241993
P04,S2,lv1,92,8.237431533564928,4.77234857022403
P04,S2,lv1,93,7.258119971193982,5.139897810452534
P04,S2,lv1,94,8.059023915969508,11.326024110876595
P04,S2,lv1,95,5.700854745141005,3.327278726445182
P04,S2,lv1,96,12.536690822167383,4.0955946393561895
P04,S2,lv1,97,13.207418122281942,6.148739022541064
P04,S2,lv1,98,8.880005994271514,2.5067474606799784
P04,S2,lv1,99,8.86738590898839,2.5029834815927905
P04,S2,lv1,100,7.26744059129034,3.809707317135742
P04,S2,lv1,101,10.677131703757846,3.930476878708577
P04,S2,lv1,102,6.137188545750332,3.8346320019142515
P04,S2,lv1,103,6.479125725269154,4.165292969978853
P04,S2,lv1,104,6.172924131658902,6.04936579008834
P04,S2,lv1,105,11.753064922045109,2.8406382594617448
P04,S2,lv1,106,8.717283030507202,3.443556448782151
P04,S2,lv1,107,6.7304331920534075,6.7716607408861025
P04,S2,lv1,108,12.361333835978623,5.4329298068730925
P04,S2,lv1,109,15.230425363975659,4.2572935490298605
P04,S2,lv1,110,8.073644381005495,4.759588324970181
P04,S2,lv1,111,26.617509505316864,6.844792535882415
P04,S2,lv1,112,4.636263755698406,3.0985923502832047
P04,S2,lv1,113,7.116374621610413,6.317435993762337
P04,S2,lv1,114,6.717620799081159,4.964583985153613
P04,S2,lv1,115,15.317743982119381,4.739143229996884
P04,S2,lv1,116,7.318181856879012,4.431547600426495
P04,S2,lv1,117,7.966912943458157,3.425824951549578
P04,S2,lv1,118,5.410813934048423,2.651543923803474
P04,S2,lv1,119,30.33263733383133,8.259217578572388
P04,S2,lv1,120,9.702695517171477,4.791498213308538
P04,S2,lv1,121,9.323085131900424,3.226240388716833
P04,S2,lv1,122,5.620958997806558,4.533876451958277
P04,S2,lv1,123,6.961783183787244,2.069897625098836
P04,S2,lv1,124,16.321110528611793,3.5275610586510773
P04,S2,lv1,125,35.70263629051132,7.63386259045327
P04,S2,lv1,126,9.169954937164341,6.712960311651754
P04,S2,lv1,127,5.887357349828461,3.0902905426829888
P04,S2,lv1,128,4.49971523980714,3.617012237620147
P04,S2,lv1,129,5.756753989712802,4.011789967705312
P04,S2,lv1,130,7.541643418195053,3.021894438100816
P04,S2,lv1,131,6.470802135106928,2.6075746349275515
P04,S2,lv1,132,6.128563909997225,3.2919779956694293
P04,S2,lv1,133,6.066652295565741,5.371175406042053
P04,S2,lv1,134,3.7668546711346065,3.264764912714143
P04,S2,lv1,135,6.4658352648342055,8.891329895477082
P04,S2,lv1,136,5.442877923357872,6.475543309226395
P04,S2,lv1,137,5.885374268528161,1.9702878049812274
P04,S2,lv1,138,6.1978244044568855,1.712619701676715
P04,S2,lv1,139,23.592881751286335,4.835650182480604
P04,S2,lv1,140,7.366934118008151,3.2264641009523722
P04,S2,lv1,141,7.777597715173874,5.34629946255714
P04,S2,lv1,142,6.449459891598645,4.935967369617679
P04,S2,lv1,143,4.497872100462471,2.450144582055522
P04,S2,lv1,144,5.088091620217897,4.584984409952149
P04,S2,lv1,145,7.140967813994005,4.499721056432283
P04,S2,lv1,146,10.243923245387998,2.2631621674509987
P04,S2,lv1,147,4.720206503653346,4.141254459680704
P04,S2,lv1,148,8.744875987931588,3.5781963776399324
P04,S2,lv2,0,5.516538205471675,2.488913170320508
P04,S2,lv2,1,3.8255317076237456,2.4702419148719756
P04,S2,lv2,2,8.240900186874834,3.2715247078459715
P04,S2,lv2,3,4.895907149941195,1.414515230132817
P04,S2,lv2,4,12.11042436543241,11.171400996788721
P04,S2,lv2,5,6.92633017293199,3.9047574140821104
P04,S2,lv2,6,14.143827168527936,5.881695970350756
P04,S2,lv2,7,20.37553422351066,2.9867309960606496
P04,S2,lv2,8,6.5261587356393,2.461729962584004
P04,S2,lv2,9,5.096562964779251,1.4900244042312116
P04,S2,lv2,10,6.356603402309872,4.994612004284448
P04,S2,lv2,11,3.9334027045792888,3.7989553548681667
P04,S2,lv2,12,7.509288041935933,3.056831014005949
P04,S2,lv2,13,9.272752140999867,4.730068847930254
P04,S2,lv2,14,8.428108351501605,4.232728976083119
P04,S2,lv2,15,6.624108228724619,4.824724308545018
P04,S2,lv2,16,7.8238330015525515,5.268468974669778
P04,S2,lv2,17,12.586790060135334,7.11035517049383
P04,S2,lv2,18,3.844784916262611,2.0642235598289247
P04,S2,lv2,19,4.587127461794486,2.790347763474623
P04,S2,lv2,20,6.678083850714312,3.437306381663015
P04,S2,lv2,21,2.866664254094328,2.7062254829384127
P04,S2,lv2,22,6.425716804932547,5.580004285043262
P04,S2,lv2,23,8.893092857805035,5.105186988360889
P04,S2,lv2,24,15.73305753408869,8.764431285102475
P04,S2,lv2,25,10.222365704005835,4.282933576892068
P04,S2,lv2,26,6.405822622872201,8.23972372651941
P04,S2,lv2,27,4.469638448822359,2.0513907168870507
P04,S2,lv2,28,17.983935005470304,7.7924204458318584
P04,S2,lv2,29,5.400252830261378,2.7875415688431233
P04,S2,lv2,30,29.83946379680795,9.480374687624312
P04,S2,lv2,31,12.517813952771563,12.383736554927278
P04,S2,lv2,32,4.668266978686607,2.0342145662840694
P04,S2,lv2,33,10.48783871087817,3.463912818454972
P04,S2,lv2,34,4.331122306038889,2.988439319325768
P04,S2,lv2,35,3.3135903369187565,3.30150747376016
P04,S2,lv2,36,6.231844353933495,1.5520551337570052
P04,S2,lv2,37,7.276223974692012,2.8808914480268797
P04,S2,lv2,38,6.7951504076068865,4.121139134438981
P04,S2,lv2,39,6.515803933875429,5.428894868100687
P04,S2,lv2,40,9.049056326373908,5.778415336163545
P04,S2,lv2,41,7.549679464649665,5.213133689445045
P04,S2,lv2,42,6.620648080538988,4.295739152679464
P04,S2,lv2,43,13.45653306234299,4.008696010432541
P04,S2,lv2,44,8.497184971073592,4.201958650876025
P04,S2,lv2,45,5.884762994860357,5.94427932677657
P04,S2,lv2,46,23.857032449045082,7.604905879397526
P04,S2,lv2,47,16.14791020021427,6.564992856436202
P04,S2,lv2,48,15.841851518124061,8.68151285345712
P04,S2,lv2,49,11.677765733858834,6.132020025784381
P04,S2,lv2,50,4.92468843064298,2.9987441741444707
P04,S2,lv2,51,4.670141066286405,2.8923349858268574
P04,S2,lv2,52,6.79743036293303,1.7848261064717788
P04,S2,lv2,53,11.542584505395336,8.35432781743544
P04,S2,lv2,54,15.271902916838004,5.445851524380619
P04,S2,lv2,55,4.425570372888384,4.403230250049978
P04,S2,lv2,56,7.126422804120227,2.572413849985722
P04,S2,lv2,57,7.37167493084627,6.4940429427602195
P04,S2,lv2,58,11.463412997843337,7.09783367051983
P04,S2,lv2,59,6.010854803990639,4.199980805350629
P04,S2,lv2,60,15.391280206033839,4.425989842244568
P04,S2,lv2,61,35.210728492188956,4.238025126732884
P04,S2,lv2,62,25.397418970662084,11.119378888809877
P04,S2,lv2,63,4.763977992525387,10.421842488317667
P04,S2,lv2,64,7.625493132356955,5.620586498282991
P04,S2,lv2,65,11.021750531230818,4.732532320801825
P04,S2,lv2,66,21.46744690136672,19.6839179602346
P04,S2,lv2,67,6.2820609746341765,6.768021760718232
P04,S2,lv2,68,27.53562766452831,13.25098885557167
P04,S2,lv2,69,9.44426723280104,4.642148944630697
P04,S2,lv2,70,3.4355442186318266,3.3429939233255426
P04,S2,lv2,71,3.7331426558071352,3.513118004540705
P04,S2,lv2,72,11.620084349704449,2.3560881476219313
P04,S2,lv2,73,10.34642407203372,6.188584838745327
P04,S2,lv2,74,6.053347458262469,6.97449954712093
P04,S2,lv2,75,5.762636110976562,3.0444031050242644
P04,S2,lv2,76,4.1836900903810506,0.9936105520951123
P04,S2,lv2,77,6.325005961677614,1.129348094183286
P04,S2,lv2,78,9.706026073454575,2.1533099685213477
P04,S2,lv2,79,6.267064664163031,4.895732924674892
P04,S2,lv2,80,14.636380694023924,7.448735111149439
P04,S2,lv2,81,7.832562111727048,3.3205146977228175
P04,S2,lv2,82,9.907113553721729,5.4919999743676655
P04,S2,lv2,83,6.6647941865505285,3.831538796199473
P04,S2,lv2,84,7.0006766130280385,1.9858679202799918
P04,S2,lv2,85,10.942909550745371,2.7153627055281513
P04,S2,lv2,86,8.236188770223533,2.152072324570216
P04,S2,lv2,87,8.634672668121793,3.486631223375573
P04,S2,lv2,88,6.575508706933356,4.0121246356720865
P04,S2,lv2,89,5.878012231969389,4.325795914474162
P04,S2,lv2,90,31.880308298191064,13.899071371740009
P04,S2,lv2,91,6.8717730133254245,2.7484692095036043
P04,S2,lv2,92,7.606441943010927,2.8385891838357424
P04,S2,lv2,93,4.018341945958922,4.037684755442115
P04,S2,lv2,94,12.661633324659942,11.642307083831483
P04,S2,lv2,95,17.463818383986375,6.043748966698323
P04,S2,lv2,96,12.681919498639582,12.28084925878078
P04,S2,lv2,97,7.66962776620487,4.039013481083842
P04,S2,lv2,98,9.178250605966618,2.820158313399549
P04,S2,lv2,99,5.8253204826329785,6.31922465671679
P04,S2,lv2,100,4.504996646238907,1.6865285949355682
P04,S2,lv2,101,5.425499298634606,2.940070958552109
P04,S2,lv2,102,5.881831348227515,3.751231787941207
P04,S2,lv2,103,6.534539881825894,2.71288971857619
P04,S2,lv2,104,6.1511200248748095,4.756325502317781
P04,S2,lv2,105,4.043270040834621,5.231720273098557
P04,S2,lv2,106,3.976930648649024,5.9142934274317795
P04,S2,lv2,107,4.057896076557859,3.1824068114983173
P04,S2,lv2,108,3.3967212755411684,3.396557167607284
P04,S2,lv2,109,5.591449451346377,2.448994642028912
P04,S2,lv2,110,11.090777441406134,3.0987243083206297
P04,S2,lv2,111,6.334967780413209,3.059692347084505
P04,S2,lv2,112,7.428480629204194,3.1827138226901646
P04,S2,lv2,113,10.434732039930408,5.455184507787123
P04,S2,lv2,114,6.703416448449278,2.5349745412664326
P04,S2,lv2,115,12.773086954212438,3.14382096137154
P04,S2,lv2,116,9.70630875728225,6.49848423420102
P04,S2,lv2,117,22.425467411696825,6.65615996330949
P04,S2,lv2,118,9.643991548248302,4.353047251416444
P04,S2,lv2,119,7.1363111112911675,3.532314681762103
P04,S2,lv2,120,7.929255607305395,11.208336879627625
P04,S2,lv2,121,5.48598352485968,2.2826688974413356
P04,S2,lv2,122,3.995014049485548,5.09243731910035
P04,S2,lv2,123,2.7870153913764324,6.575900940601655
P04,S2,lv2,124,6.123757034912023,8.699594131449132
P04,S2,lv2,125,4.449089574396071,3.572380215801247
P04,S2,lv2,126,9.170298241470126,3.03277293933512
P04,S2,lv2,127,12.6024970307487,2.6935935007781033
P04,S2,lv2,128,4.975047939821548,5.7762719408329275
P04,S2,lv2,129,8.997975696161916,1.7100610407671515
P04,S2,lv2,130,3.5459420539593562,3.512535144274069
P04,S2,lv2,131,6.9825231635678335,4.3110575668943305
P04,S2,lv2,132,10.317350577677715,9.582326012613153
P04,S2,lv2,133,21.72910945183273,3.641464583683269
P04,S2,lv2,134,10.261653134286009,6.735349417877793
P04,S2,lv2,135,16.02367346326864,9.210821714731177
P04,S2,lv2,136,3.767352608224121,4.373950198927841
P04,S2,lv2,137,9.23199687353363,6.474566241133452
P04,S2,lv2,138,20.887522460815443,4.172158958273999
P04,S2,lv2,139,8.363856294815948,5.6355868022898505
P04,S2,lv2,140,20.153169130813488,3.328101729086581
P04,S2,lv2,141,5.188913130065703,5.99869583719873
P04,S2,lv2,142,8.53327130273791,2.5722869919573625
P04,S2,lv2,143,15.632856870054015,6.023508070717371
P04,S2,lv2,144,5.161343847510721,11.510803728765465
P04,S2,lv2,145,9.546551526400604,6.366293404455308
P04,S2,lv2,146,4.895830311114129,4.940266778563922
P04,S2,lv2,147,26.264110941061226,9.893288713734112
P04,S2,lv2,148,7.257061090147039,6.874316274685106
P05,S1,base,0,3.2238300435148894,6.996987165958617
P05,S1,base,1,2.051835457639914,6.337433244298744
P05,S1,base,2,1.8753828760047355,3.817930992450934
P05,S1,base,3,1.8671867744739439,8.50532227908208
P05,S1,base,4,2.0483760966563502,5.4227173498292585
P05,S1,base,5,2.0585789595571047,1.9436318788804912
P05,S1,base,6,1.0765215063424427,6.5287215478516005
P05,S1,base,7,2.05108046015013,8.02144645580232
P05,S1,base,8,2.826556002680402,4.123317559016131
P05,S1,base,9,7.276113226522931,5.2717299114325655
P05,S1,base,10,0.950487993866867,4.1744414774953045
P05,S1,base,11,1.7999736763354164,8.91034824975929
P05,S1,base,12,2.4049852050054996,6.170293491149198
P05,S1,base,13,4.192620092792238,3.5193830612223325
P05,S1,base,14,2.004740216134376,2.8822191268574544
P05,S1,base,15,4.129517396345674,4.515354049970442
P05,S1,base,16,1.789697362560267,5.811945999561647
P05,S1,base,17,1.2330864041476075,5.391737701015017
P05,S1,base,18,1.9058368998590023,6.286457119185335
P05,S1,base,19,1.3244229209223632,5.8395805718890825
P05,S1,base,20,2.0883350798952205,5.951242974489673
P05,S1,base,21,2.37281625894828,10.092719174326428
P05,S1,base,22,5.475335892153772,10.117401829612465
P05,S1,base,23,1.385929582379785,6.793333387131315
P05,S1,base,24,3.120652998228078,11.06043341531359
P05,S1,base,25,2.9218726264146206,2.5461505056474607
P05,S1,base,26,1.0202633259431086,9.752591093751201
P05,S1,base,27,1.7201073365386756,12.64487096588111
P05,S1,base,28,2.389546326385329,8.586184300551164
P05,S1,base,29,2.3194334956737044,3.3439266239964103
P05,S1,lv0,0,24.457678892764662,12.564002840256908
P05,S1,lv0,1,15.790350896593536,9.19997495888998
P05,S1,lv0,2,11.006362586232003,13.543731637162269
P05,S1,lv0,3,23.282578516796367,10.89086652023991
P05,S1,lv0,4,22.330547214753178,14.487026424243215
P05,S1,lv0,5,56.279018472073616,15.65241577743507
P05,S1,lv0,6,13.542529142174812,13.643019181925611
P05,S1,lv0,7,10.566813257196005,15.545540785280695
P05,S1,lv0,8,11.551430471362117,6.181655284170804
P05,S1,lv0,9,6.0728495435688234,7.533653290408194
P05,S1,lv0,10,42.11486952302133,9.113543827434503
P05,S1,lv0,11,12.75118238940437,8.333418614921802
P05,S1,lv0,12,14.975928441820084,12.947634556908072
P05,S1,lv0,13,10.45530779699851,6.732363638083394
P05,S1,lv0,14,23.862783810499202,15.439535666229975
P05,S1,lv0,15,15.087979225888864,21.381025082676302
P05,S1,lv0,16,17.176594188248835,13.904380297204318
P05,S1,lv0,17,14.146280922230346,6.887917859934128
P05,S1,lv0,18,13.024465656267871,10.55564412368921
P05,S1,lv0,19,19.818561949151604,4.97514855004622
P05,S1,lv0,20,11.01024121152436,14.81399989027312
P05,S1,lv0,21,16.81789769422118,4.032013081696067
P05,S1,lv0,22,4.339097213399238,5.994062217838304
P05,S1,lv0,23,19.43209085413493,31.059261082211197
P05,S1,lv0,24,4.460812927446572,7.78085512236476
P05,S1,lv0,25,18.13806129976304,33.664449315808945
P05,S1,lv0,26,12.767487598965094,10.227220920718088
P05,S1,lv0,27,23.839059763907585,49.81065330409877
P05,S1,lv0,28,20.23930427208799,22.69354924402839
P05,S1,lv0,29,25.252200323059082,8.557026321292964
P05,S1,lv0,30,15.414518647841565,15.910347233350047
P05,S1,lv0,31,18.141012581228445,15.110999283327855
P05,S1,lv0,32,8.22690906072458,24.229370329965576
P05,S1,lv0,33,31.09172776657015,10.006118599362896
P05,S1,lv0,34,18.85784443610393,21.494380055864816
P05,S1,lv0,35,29.490801705876706,15.091316217511183
P05,S1,lv0,36,13.08160507260686,15.38925495646294
P05,S1,lv0,37,21.938428473408404,41.7455932290667
P05,S1,lv0,38,74.35306695221036,28.225736041814297
P05,S1,lv0,39,12.09395219493118,19.62789897043774
P05,S1,lv0,40,14.417745744997235,26.53301181973616
P05,S1,lv0,41,26.612849234335776,11.163272900530819
P05,S1,lv0,42,12.660807214861167,7.325637109788226
P05,S1,lv0,43,6.056307793781469,14.048662646808706
P05,S1,lv0,44,4.58709005860848,17.649376235540718
P05,S1,lv0,45,10.252075859222389,9.634586869178099
P05,S1,lv0,46,11.533725974341953,7.873734461534051
P05,S1,lv0,47,13.945850464548707,12.265935492038397
P05,S1,lv0,48,10.542083754601926,10.35207702263974
P05,S1,lv0,49,16.587884478666552,9.631912148868231
P05,S1,lv0,50,14.253989358539888,12.861174796314938
P05,S1,lv0,51,11.280550143595631,11.848787341647542
P05,S1,lv0,52,18.540622961796082,10.42375329313029
P05,S1,lv0,53,6.748878425049742,16.71106093094696
P05,S1,lv0,54,49.4521918951309,20.669052423088342
P05,S1,lv0,55,30.239169843515516,16.78578099122703
P05,S1,lv0,56,16.112828769746816,27.843186504374206
P05,S1,lv0,57,16.709882829506117,13.380072289889108
P05,S1,lv0,58,17.753484643326697,8.361047090799937
P05,S1,lv0,59,15.190700111880071,13.939138752265421
P05,S1,lv0,60,11.407704697995586,7.59909031116849
P05,S1,lv0,61,13.567187306396475,14.904959946359114
P05,S1,lv0,62,23.391883178481436,7.00569639572625
P05,S1,lv0,63,16.49246455921067,12.400742170544083
P05,S1,lv0,64,31.214875924735352,12.404169386123062
P05,S1,lv0,65,13.90614677130094,22.021088756505915
P05,S1,lv0,66,14.701724589783858,19.338036545058664
P05,S1,lv0,67,19.195067388774348,9.808552224099236
P05,S1,lv0,68,13.819351200177392,12.880937207397753
P05,S1,lv0,69,24.26282360693683,9.042808317186125
P05,S1,lv0,70,3.561470355759468,13.982844536043034
P05,S1,lv0,71,11.257664088845255,9.039425871313696
P05,S1,lv0,72,18.96761668494276,8.918215875718742
P05,S1,lv0,73,17.931168982175784,8.424329216243976
P05,S1,lv0,74,11.020350878246932,9.697701635352997
P05,S1,lv0,75,19.832689427581826,9.270211580190617
P05,S1,lv0,76,24.362014295969637,15.211227066928307
P05,S1,lv0,77,17.780586495265293,8.024774051615141
P05,S1,lv0,78,5.957584441661053,16.365439941097147
P05,S1,lv0,79,50.19289876511767,10.645738763797857
P05,S1,lv0,80,15.931952975026533,16.280663817672774
P05,S1,lv0,81,9.33948139466728,22.006484704556552
P05,S1,lv0,82,24.400456119985023,17.042558712024203
P05,S1,lv0,83,16.877792726853038,25.68950474750537
P05,S1,lv0,84,12.017546491895054,7.865721965442089
P05,S1,lv0,85,10.124294463414445,11.912876838042434
P05,S1,lv0,86,16.299865335412868,8.086992423644988
P05,S1,lv0,87,17.463151842952996,15.536764446621385
P05,S1,lv0,88,13.093661515604364,9.243195028112021
P05,S1,lv0,89,21.059323755848666,8.902541768042099
P05,S1,lv0,90,12.223355723117274,12.201591443188555
P05,S1,lv0,91,16.43706795500272,14.360697172749305
P05,S1,lv0,92,8.915301373096602,8.961588021654286
P05,S1,lv0,93,14.478700312101868,14.855778773290004
P05,S1,lv0,94,14.251000719973385,10.275239065131519
P05,S1,lv0,95,3.1759440640576533,4.497138020766058
P05,S1,lv0,96,15.770392667453427,13.578355820216823
P05,S1,lv0,97,16.44448141926977,5.214707964905117
P05,S1,lv0,98,20.694942210628778,6.449091213445831
P05,S1,lv0,99,12.337690450764024,9.88251046616812
P05,S1,lv0,100,10.97347080279204,4.399645843758139
P05,S1,lv0,101,9.003720231205158,10.807644786469297
P05,S1,lv0,102,10.631560443987292,9.184003346048575
P05,S1,lv0,103,25.375788076739823,11.958481151316313
P05,S1,lv0,104,7.923175831482037,14.946532400893982
P05,S1,lv0,105,10.575852896278663,6.189211730016701
P05,S1,lv0,106,23.54410962135275,11.783135014130385
P05,S1,lv0,107,8.092209319698993,10.774790615718771
P05,S1,lv0,108,5.595160538980293,7.327297735123634
P05,S1,lv0,109,12.852324449405089,11.267272806946789
P05,S1,lv0,110,18.05777870901715,12.847682309752921
P05,S1,lv0,111,16.37759670395653,8.43671252727703
P05,S1,lv0,112,19.48176358373864,14.566243987930307
P05,S1,lv0,113,27.350390795901806,6.277613724506054
P05,S1,lv0,114,19.432919561810508,26.191713272838793
P05,S1,lv0,115,14.429109397032457,36.052228281695804
P05,S1,lv0,116,22.356110342982994,16.224333565680098
P05,S1,lv0,117,21.52802531376364,25.09907213335855
P05,S1,lv0,118,16.413551188853255,13.655715669623584
P05,S1,lv0,119,5.3728276730499145,6.957362947551581
P05,S1,lv0,120,15.973706916757399,20.939665494732186
P05,S1,lv0,121,36.957031398044194,17.55342239733951
P05,S1,lv0,122,12.41488098083613,25.786378919953176
P05,S1,lv0,123,17.201958588838114,34.02145995678607
P05,S1,lv0,124,19.61739183345226,14.989717566541916
P05,S1,lv0,125,14.77892007643017,19.514289104047947
P05,S1,lv0,126,22.703793037454133,7.334356508192373
P05,S1,lv0,127,6.966627270444561,10.605859322186033
P05,S1,lv0,128,12.143815343598074,11.880035790156287
P05,S1,lv0,129,17.375172708510622,9.516026980873095
P05,S1,lv0,130,7.454852769453792,9.61304049762818
P05,S1,lv0,131,19.125090095413317,11.380202668292625
P05,S1,lv0,132,15.398392973796692,10.87671764046057
P05,S1,lv0,133,26.86133989633586,8.585638455544588
P05,S1,lv0,134,12.808501957921045,12.599334003785644
P05,S1,lv0,135,15.577055463926168,7.748348212020855
P05,S1,lv0,136,11.865275917146189,11.643046428371695
P05,S1,lv0,137,21.575593529042294,8.037942067327359
P05,S1,lv0,138,13.836522998432487,8.050346798906139
P05,S1,lv0,139,15.137890058197375,10.139497992394435
P05,S1,lv0,140,18.38759727678984,7.03974019417294
P05,S1,lv0,141,19.56520872775318,11.960700417721002
P05,S1,lv0,142,29.580356035795408,13.337660221692047
P05,S1,lv0,143,20.732263807237093,5.3485073065081705
P05,S1,lv0,144,13.809241969271985,11.813614134196891
P05,S1,lv0,145,10.880072125687471,12.759089289856425
P05,S1,lv0,146,17.75807632527751,11.894884166919537
P05,S1,lv0,147,8.273595812295355,11.71634267548225
P05,S1,lv0,148,11.645661684820674,11.750436153888543
P05,S1,lv1,0,81.6661947454588,291.41221308959734
P05,S1,lv1,1,12.013050880350491,17.291015825226733
P05,S1,lv1,2,11.982448802304752,27.195730799560852
P05,S1,lv1,3,60.06972011601805,25.110465830477523
P05,S1,lv1,4,14.878335091666601,32.20850015278971
P05,S1,lv1,5,79.59026425795362,60.01936652128936
P05,S1,lv1,6,29.574498632902856,56.66076874212723
P05,S1,lv1,7,12.85646181329067,10.867009277080903
P05,S1,lv1,8,22.5789352055935,23.154162051795037
P05,S1,lv1,9,26.428413486291767,31.442329908350434
P05,S1,lv1,10,29.440627582717926,28.557955580966677
P05,S1,lv1,11,31.246269305242826,30.90928499528508
P05,S1,lv1,12,6.9648834189268305,10.741291787140531
P05,S1,lv1,13,6.2636933377494985,10.83233418799116
P05,S1,lv1,14,53.13196115696791,23.373117268525913
P05,S1,lv1,15,17.552389789201982,4.0533124643256695
P05,S1,lv1,16,58.687042947645736,26.007110109171492
P05,S1,lv1,17,10.795673054339163,20.77745176301703
P05,S1,lv1,18,13.390268808757423,15.662445076726456
P05,S1,lv1,19,20.951358476212434,43.71796998802159
P05,S1,lv1,20,13.593045779011915,37.09099671432565
P05,S1,lv1,21,11.739219168716547,14.014561071811844
P05,S1,lv1,22,14.700986201455802,20.625064478696533
P05,S1,lv1,23,12.190966780706562,14.278122011014707
P05,S1,lv1,24,18.541142817506632,13.525947210993701
P05,S1,lv1,25,13.561444759303788,25.95849318508305
P05,S1,lv1,26,17.669083632533326,14.89551731233892
P05,S1,lv1,27,6.968330531557207,19.123472457614323
P05,S1,lv1,28,6.130473004849676,5.6362557548956795
P05,S1,lv1,29,15.512684350826456,12.846710705009622
P05,S1,lv1,30,6.779246458619944,7.963374518494863
P05,S1,lv1,31,22.09142172830843,10.06708287165267
P05,S1,lv1,32,19.54664387942354,10.550207219810133
P05,S1,lv1,33,9.912240026454084,10.762651838040016
P05,S1,lv1,34,20.97553474522263,8.424821358916258
P05,S1,lv1,35,36.89679096691018,19.25209839721203
P05,S1,lv1,36,16.508499561528506,18.903540161108136
P05,S1,lv1,37,60.29717166749342,16.983468330308124
P05,S1,lv1,38,7.845520900452384,9.690671967626727
P05,S1,lv1,39,6.444867265622538,14.618316071404553
P05,S1,lv1,40,37.431741988619116,18.564661421430486
P05,S1,lv1,41,33.231189489413936,26.82755315289591
P05,S1,lv1,42,68.88968893652358,11.917674990130921
P05,S1,lv1,43,18.608865018684373,24.37673811276336
P05,S1,lv1,44,18.744254259983872,13.600125878402908
P05,S1,lv1,45,54.86528352565982,19.954728539202577
P05,S1,lv1,46,10.11366650505498,7.369689136766967
P05,S1,lv1,47,6.0424570984517025,7.8200731824610905
P05,S1,lv1,48,35.63716774719331,11.684662002878499
P05,S1,lv1,49,33.628308264370304,15.609824921074676
P05,S1,lv1,50,8.756063594463765,8.526981621673878
P05,S1,lv1,51,11.503001919275233,12.184709947961085
P05,S1,lv1,52,14.194333257528207,16.15690693050698
P05,S1,lv1,53,53.728071711930006,16.84081464316178
P05,S1,lv1,54,8.388248463141128,10.079492164828872
P05,S1,lv1,55,4.384791449626001,13.588827701642305
P05,S1,lv1,56,14.87918018931063,14.559457984339868
P05,S1,lv1,57,11.493966546463458,16.5738736662465
P05,S1,lv1,58,42.27569218088377,15.636805450715215
P05,S1,lv1,59,26.329223666286314,21.164112438269157
P05,S1,lv1,60,12.116887922253774,13.141424078174692
P05,S1,lv1,61,15.891314789202195,15.735678139493897
P05,S1,lv1,62,14.809330024152613,10.21477431653988
P05,S1,lv1,63,21.55587792956926,13.734055890972867
P05,S1,lv1,64,13.543237463779143,7.852447362784666
P05,S1,lv1,65,25.314632182279652,15.23707438846905
P05,S1,lv1,66,45.424459821128316,10.182473706330473
P05,S1,lv1,67,19.986614440142034,11.273155044998672
P05,S1,lv1,68,13.444227051039217,16.74727627384312
P05,S1,lv1,69,21.958923469082574,10.789046786906603
P05,S1,lv1,70,12.978317919963423,17.95474303391619
P05,S1,lv1,71,8.13609088333108,17.884449925325615
P05,S1,lv1,72,5.328535793385636,9.83321531333867
P05,S1,lv1,73,62.715499063553594,16.303883086491354
P05,S1,lv1,74,25.39400688743303,21.01334140067598
P05,S1,lv1,75,29.186911221948478,18.92334573393993
P05,S1,lv1,76,9.349452489754562,15.268656861962214
P05,S1,lv1,77,15.15933523889672,17.210240526511114
P05,S1,lv1,78,22.196926674315517,9.997259573755667
P05,S1,lv1,79,21.358102334088738,13.707067056571217
P05,S1,lv1,80,92.83238263158276,43.750670079715924
P05,S1,lv1,81,15.516602674234905,11.04313128731014
P05,S1,lv1,82,20.952262172407455,14.211392238051596
P05,S1,lv1,83,21.340167748466552,12.80337321158128
P05,S1,lv1,84,9.111262601407283,8.154525981554062
P05,S1,lv1,85,22.070953873612662,10.316633140499055
P05,S1,lv1,86,20.919601746846634,12.596614888598141
P05,S1,lv1,87,15.715348919214208,14.371104145462574
P05,S1,lv1,88,23.097533179166255,10.89833972296571
P05,S1,lv1,89,10.39165070151365,12.32735291876618
P05,S1,lv1,90,17.188158292941335,28.973493718214506
P05,S1,lv1,91,7.702535726078067,20.04475295683291
P05,S1,lv1,92,19.57987712314002,15.374991563296781
P05,S1,lv1,93,10.146702189232085,12.651537864573237
P05,S1,lv1,94,6.138916271591109,10.814270824445492
P05,S1,lv1,95,16.593444961706545,24.8223438875941
P05,S1,lv1,96,22.567777826126555,17.47075642708282
P05,S1,lv1,97,98.04091887258576,18.752300200127024
P05,S1,lv1,98,22.46590004475564,11.063615756317171
P05,S1,lv1,99,56.51605478433903,7.91367706832051
P05,S1,lv1,100,15.406567713309236,14.888632924633692
P05,S1,lv1,101,13.944217358891201,9.690578562744028
P05,S1,lv1,102,15.812812713262856,11.006078625881038
P05,S1,lv1,103,27.01116101339562,8.581639504097177
P05,S1,lv1,104,19.13533585389807,11.192270693636837
P05,S1,lv1,105,26.511216086349776,9.9349386872197
P05,S1,lv1,106,21.891703692435108,18.387678504645052
P05,S1,lv1,107,36.49648940271381,27.494606037027655
P05,S1,lv1,108,13.001270346515087,12.534540439900775
P05,S1,lv1,109,17.46662888004883,15.989946317116397
P05,S1,lv1,110,7.948572197075992,21.133392553560284
P05,S1,lv1,111,20.299960756376066,16.81702220884016
P05,S1,lv1,112,13.436824394662858,10.276210311998248
P05,S1,lv1,113,19.4034326526488,5.581359641878332
P05,S1,lv1,114,7.764254102189439,10.121266244379134
P05,S1,lv1,115,20.800508667068794,5.898295713479661
P05,S1,lv1,116,7.791984234170725,4.957286145627022
P05,S1,lv1,117,33.922558758376816,9.776581333452489
P05,S1,lv1,118,24.652943657899147,14.87188028805526
P05,S1,lv1,119,14.2073620636697,5.327758434655441
P05,S1,lv1,120,34.65016179170345,16.044195463457218
P05,S1,lv1,121,15.740461597032875,8.805995100708605
P05,S1,lv1,122,21.99123597368554,13.7810825029004
P05,S1,lv1,123,17.92994379582674,5.463511114161349
P05,S1,lv1,124,8.428162457157775,8.85205280825612
P05,S1,lv1,125,15.651944675780458,9.215589460834996
P05,S1,lv1,126,32.79731656832592,5.872620900249106
P05,S1,lv1,127,15.318846251118467,8.183262732684568
P05,S1,lv1,128,20.199464772623543,8.931891567389984
P05,S1,lv1,129,40.67058885295892,11.647501394161818
P05,S1,lv1,130,14.484136621985161,10.217682656146332
P05,S1,lv1,131,4.529160113218258,20.39384107995157
P05,S1,lv1,132,58.74630697808852,38.79089536782776
P05,S1,lv1,133,10.75299101208805,11.049766858474973
P05,S1,lv1,134,26.538345994407265,11.143717357428331
P05,S1,lv1,135,26.03407612006676,16.500547231741475
P05,S1,lv1,136,26.300937238967638,10.835799676022003
P05,S1,lv1,137,9.742737202715375,8.73272054907685
P05,S1,lv1,138,10.252665429553415,8.19854571763958
P05,S1,lv1,139,15.605909584859633,7.890178712258974
P05,S1,lv1,140,8.622497572497725,4.728240747959372
P05,S1,lv1,141,19.10325863519484,6.1143458498342405
P05,S1,lv1,142,13.870009647784453,8.35634451265816
P05,S1,lv1,143,10.986633321209196,21.42117827042138
P05,S1,lv1,144,24.97548513986617,10.854961283066809
P05,S1,lv1,145,14.446183154266427,15.45590064319446
P05,S1,lv1,146,15.944173621312551,12.252057825346132
P05,S1,lv1,147,5.256399578378035,9.862314431020126
P05,S1,lv1,148,90.674315324482,14.169213402273298
P05,S1,lv2,0,18.617871686237024,14.372149346195616
P05,S1,lv2,1,20.383241767194704,17.560735499444082
P05,S1,lv2,2,30.534215948707644,17.20693142517784
P05,S1,lv2,3,24.024291307730998,12.15724002003825
P05,S1,lv2,4,10.815483357649727,9.800337891827278
P05,S1,lv2,5,8.13644859029644,8.060883876676357
P05,S1,lv2,6,42.10686167464567,8.726113661878776
P05,S1,lv2,7,1.4908360267069187,4.626631901515074
P05,S1,lv2,8,110.38354278054219,12.240792068491965
P05,S1,lv2,9,14.697211310758576,6.958977328050537
P05,S1,lv2,10,20.038926347309136,12.791649338767968
P05,S1,lv2,11,16.296142144749762,16.55101972704585
P05,S1,lv2,12,45.55839391519368,36.1257728028466
P05,S1,lv2,13,55.1695545904678,56.36875399182605
P05,S1,lv2,14,49.58052799417746,14.267395569979259
P05,S1,lv2,15,11.805281944269755,16.729221937496387
P05,S1,lv2,16,24.317364237643634,14.05103250699114
P05,S1,lv2,17,11.842996425474334,6.4431759057036135
P05,S1,lv2,18,6.342113283807999,7.118099314968875
P05,S1,lv2,19,18.59703915879362,15.627046345695536
P05,S1,lv2,20,27.75618135580184,14.173741409373068
P05,S1,lv2,21,22.003438982552083,13.05822680673304
P05,S1,lv2,22,16.393349571485956,9.332228609755674
P05,S1,lv2,23,15.393339657896124,11.125524610939488
P05,S1,lv2,24,26.17602111518418,11.981794435931485
P05,S1,lv2,25,17.611375613866254,10.66403308881516
P05,S1,lv2,26,9.040483593796168,4.510250267013154
P05,S1,lv2,27,6.350774272372973,12.343934373319762
P05,S1,lv2,28,33.83178814307111,13.47391375209711
P05,S1,lv2,29,29.737907837634808,30.91770162381449
P05,S1,lv2,30,49.9682516755774,19.993492017689174
P05,S1,lv2,31,14.34861057008045,10.185482090144463
P05,S1,lv2,32,11.603723992974833,4.3982412478230986
P05,S1,lv2,33,78.69626773571018,11.403054101967902
P05,S1,lv2,34,18.79300380568322,12.472611467464992
P05,S1,lv2,35,9.830614222077704,5.766475228947817
P05,S1,lv2,36,17.535138426039538,9.56456886298165
P05,S1,lv2,37,19.296242513741532,13.54039353488382
P05,S1,lv2,38,2.6091665659942276,4.891876037506935
P05,S1,lv2,39,1.3606862583015893,3.193006292841139
P05,S1,lv2,40,14.267197243651056,14.485647865180676
P05,S1,lv2,41,5.276359026267632,6.294182511650486
P05,S1,lv2,42,30.708935830121,35.460282000925154
P05,S1,lv2,43,19.72373420652559,22.64823725702631
P05,S1,lv2,44,28.972914718439526,27.316017922539075
P05,S1,lv2,45,60.96466172494403,17.780043923764303
P05,S1,lv2,46,12.60970870608284,17.016129916560743
P05,S1,lv2,47,41.63878893051614,32.31863988469608
P05,S1,lv2,48,48.84259297856646,64.15139028561931
P05,S1,lv2,49,25.283569499120567,70.76700867759524
P05,S1,lv2,50,10.052502795695059,25.464671172914592
P05,S1,lv2,51,31.238619725174967,28.73206556673736
P05,S1,lv2,52,6.613106446431346,14.548412667264927
P05,S1,lv2,53,2.8716229556445008,28.670248743975375
P05,S1,lv2,54,39.12839435151085,18.747517422775008
P05,S1,lv2,55,111.58284427728212,60.3693589051021
P05,S1,lv2,56,9.311971026773774,23.100482927163238
P05,S1,lv2,57,23.031201267245795,6.540449238954954
P05,S1,lv2,58,20.83280393266057,26.610572495928263
P05,S1,lv2,59,70.73891425742853,45.319191401062106
P05,S1,lv2,60,74.4303026055015,37.57360961692573
P05,S1,lv2,61,80.3134624083832,76.11075542338726
P05,S1,lv2,62,59.6461541517821,101.19299352607786
P05,S1,lv2,63,27.06135872863562,31.928336268512513
P05,S1,lv2,64,11.524109479895575,19.59630927252563
P05,S1,lv2,65,24.567883121143947,21.286550536482476
P05,S1,lv2,66,17.614864956080925,23.090051012354547
P05,S1,lv2,67,98.11155059909997,30.206519294149178
P05,S1,lv2,68,20.14623471459191,27.837513990803807
P05,S1,lv2,69,38.04670249165571,23.25463723930154
P05,S1,lv2,70,33.105233358703074,8.642699121519161
P05,S1,lv2,71,68.3802452569925,15.769736708802187
P05,S1,lv2,72,25.163180899940468,23.73697420866238
P05,S1,lv2,73,13.942714366902658,33.92949700728481
P05,S1,lv2,74,21.640273270869034,35.645231212329165
P05,S1,lv2,75,86.25986045895108,37.85273390763549
P05,S1,lv2,76,18.547387038171752,11.327431814700823
P05,S1,lv2,77,12.660845113637869,18.28131812472521
P05,S1,lv2,78,42.11608483108943,16.12841648677311
P05,S1,lv2,79,15.098350592078297,8.701399892006116
P05,S1,lv2,80,21.523369053205702,14.354165985889273
P05,S1,lv2,81,41.15569903926277,22.12417244343123
P05,S1,lv2,82,15.002159818881749,14.915237985828364
P05,S1,lv2,83,28.836349647063226,15.221569016986845
P05,S1,lv2,84,39.180769418510366,14.283326594196625
P05,S1,lv2,85,5.215181974565881,9.035661634138743
P05,S1,lv2,86,25.173144878244525,8.12904260455592
P05,S1,lv2,87,14.600381962273389,26.29095305548344
P05,S1,lv2,88,23.57512393710662,15.222486766982962
P05,S1,lv2,89,23.340712059495804,18.569615960591143
P05,S1,lv2,90,42.388566245571525,21.69373002195158
P05,S1,lv2,91,13.930788540060803,28.3686449255591
P05,S1,lv2,92,54.3228242352568,42.3403979513577
P05,S1,lv2,93,11.275808057962713,16.50131277573838
P05,S1,lv2,94,5.7046363020119255,11.058753710072175
P05,S1,lv2,95,18.27690039064151,11.913484112355302
P05,S1,lv2,96,19.496266168674772,13.70294153647059
P05,S1,lv2,97,40.029116308956475,25.17643115778896
P05,S1,lv2,98,9.285214431693785,20.882865197396836
P05,S1,lv2,99,6.721948339078413,11.680734834001921
P05,S1,lv2,100,21.055720946923344,14.295810645558232
P05,S1,lv2,101,8.78279544243317,9.595592929048854
P05,S1,lv2,102,15.319576191087403,31.2788775271216
P05,S1,lv2,103,66.22966647618244,40.61208618581402
P05,S1,lv2,104,5.790238817056563,18.390273243063607
P05,S1,lv2,105,15.063879292318838,24.754355747009413
P05,S1,lv2,106,9.469977529730205,13.755419028412769
P05,S1,lv2,107,7.179062434466299,22.914057351921304
P05,S1,lv2,108,44.27087963895125,14.285470149798734
P05,S1,lv2,109,7.086308215802567,12.90204083681112
P05,S1,lv2,110,77.8833304707108,20.652413903018818
P05,S1,lv2,111,11.308462483087984,24.837820041524324
P05,S1,lv2,112,12.560167759504965,19.86581654899092
P05,S1,lv2,113,6.912004087426673,17.167120038109875
P05,S1,lv2,114,22.04721996433541,25.689982165465672
P05,S1,lv2,115,31.139123631222308,19.22591039960252
P05,S1,lv2,116,45.7348424481003,8.765836422272804
P05,S1,lv2,117,20.9875645374845,8.641268290710387
P05,S1,lv2,118,46.62375582480709,10.511876446584546
P05,S1,lv2,119,17.48988077653974,11.937935132144977
P05,S1,lv2,120,4.843249919934144,9.413308048423708
P05,S1,lv2,121,8.19667088929878,8.913997428883345
P05,S1,lv2,122,11.097528329900602,15.515656646900903
P05,S1,lv2,123,15.573179869071256,17.9922649928433
P05,S1,lv2,124,15.936896087539436,9.835498892760198
P05,S1,lv2,125,17.38499557328834,6.993059133351114
P05,S1,lv2,126,45.82817193063647,19.969630408193083
P05,S1,lv2,127,32.308211967056316,26.856254431582066
P05,S1,lv2,128,60.82784971305233,23.09541073961059
P05,S1,lv2,129,37.49886301229676,42.01444077211969
P05,S1,lv2,130,38.39105375669289,11.52932037242041
P05,S1,lv2,131,16.047714116952058,20.284419442820568
P05,S1,lv2,132,26.9018887961302,23.502466391331364
P05,S1,lv2,133,6.544250891596056,14.729451832705536
P05,S1,lv2,134,24.468370203915104,13.43980452638825
P05,S1,lv2,135,16.79224834071937,6.803625770786793
P05,S1,lv2,136,45.36284036951293,14.92316542740062
P05,S1,lv2,137,6.557700883645899,8.479211068027645
P05,S1,lv2,138,15.546492964905534,21.781073076193262
P05,S1,lv2,139,7.588761731732391,25.417006439119167
P05,S1,lv2,140,29.439061633929676,28.789934254321953
P05,S1,lv2,141,15.850928081402966,29.09763959192226
P05,S1,lv2,142,39.39331823049448,36.0878804359844
P05,S1,lv2,143,83.90527840111191,37.76680657796073
P05,S1,lv2,144,16.996171489822643,14.382453286160775
P05,S1,lv2,145,18.871911392435027,14.615072162971645
P05,S1,lv2,146,10.909719616559894,10.863408894018846
P05,S1,lv2,147,55.58818991881577,22.014961004912923
P05,S1,lv2,148,44.7818369292872,9.503466912412957
P05,S2,base,0,2.096032986228409,2.797533206167594
P05,S2,base,1,1.229837009900678,2.9307000848743954
P05,S2,base,2,2.905946004830289,4.4143446701370594
P05,S2,base,3,4.7889670847890535,4.621455776185511
P05,S2,base,4,1.9024529543638706,3.790726457358322
P05,S2,base,5,1.120520388033892,6.908937051801602
P05,S2,base,6,2.2197919877311274,4.968754463238146
P05,S2,base,7,0.7079056751761414,4.270155759062072
P05,S2,base,8,1.5603777737386764,4.530412087313188
P05,S2,base,9,1.8485768426707365,3.1131803754110607
P05,S2,base,10,2.246327010598353,2.6088005307592455
P05,S2,base,11,2.3710721764899887,4.924549768669468
P05,S2,base,12,5.092717850137645,4.702610212376577
P05,S2,base,13,3.087782203618636,7.688266372818239
P05,S2,base,14,2.385492818059394,5.243067155024721
P05,S2,base,15,1.7851235687692382,2.37983897592744
P05,S2,base,16,2.9539186946955196,9.878686079607306
P05,S2,base,17,3.9918372382562772,3.534424314289078
P05,S2,base,18,5.583280481244214,6.22437975115312
P05,S2,base,19,2.2622422463491856,3.88385614820549
P05,S2,base,20,1.8907371430782784,8.359350821658099
P05,S2,base,21,2.173891341489543,2.723476327915066
P05,S2,base,22,2.7576658523514417,2.2844374548759867
P05,S2,base,23,2.511748874816013,5.681277691503039
P05,S2,base,24,1.9497813665914032,7.813911137653161
P05,S2,base,25,1.937321077820231,8.847993062066825
P05,S2,base,26,2.269887696910304,3.713755479649761
P05,S2,base,27,2.130702656512617,4.079598310228918
P05,S2,base,28,1.8750455448702221,4.68298519256552
P05,S2,base,29,2.1285623211668923,19.37630595635654
P05,S2,lv0,0,12.344096650653558,16.926679362311226
P05,S2,lv0,1,15.788160343488595,5.636908629802064
P05,S2,lv0,2,47.91237075893315,30.441447259645212
P05,S2,lv0,3,26.377381147164698,20.722435976838135
P05,S2,lv0,4,3.8098168713039624,11.10960855542823
P05,S2,lv0,5,12.105709505707697,10.565365724593232
P05,S2,lv0,6,10.195185205559703,5.995252988321223
P05,S2,lv0,7,13.824174252462289,8.834942433646303
P05,S2,lv0,8,10.748113940778333,12.676437621501629
P05,S2,lv0,9,17.317771235092216,26.01117817844036
P05,S2,lv0,10,7.761732257879014,27.550498890221995
P05,S2,lv0,11,7.535631289507633,16.109688769110083
P05,S2,lv0,12,10.620152847922398,7.655882152765658
P05,S2,lv0,13,16.830323137720352,5.961933921798944
P05,S2,lv0,14,32.04257738121447,7.568740785571481
P05,S2,lv0,15,21.247707094273345,12.977029344062649
P05,S2,lv0,16,15.738822553318354,31.88121386544942
P05,S2,lv0,17,24.592377223339785,16.712513209974503
P05,S2,lv0,18,12.43224277412252,6.740934332575868
P05,S2,lv0,19,10.359743272064891,16.57993968550091
P05,S2,lv0,20,41.68461680619327,43.859033213253404
P05,S2,lv0,21,15.924453879317413,34.288722497483754
P05,S2,lv0,22,14.718077648575687,32.62885312949312
P05,S2,lv0,23,14.266478026368226,23.335132335093867
P05,S2,lv0,24,20.22286091587175,17.553654938458003
P05,S2,lv0,25,10.48961051824424,31.403272178620096
P05,S2,lv0,26,22.272544256570146,23.04630722810061
P05,S2,lv0,27,15.524732213030571,21.239408443965335
P05,S2,lv0,28,14.600958874093248,15.206154574389581
P05,S2,lv0,29,5.528477653220491,4.497163887226371
P05,S2,lv0,30,13.232340269191214,8.51870136039652
P05,S2,lv0,31,10.943947754000979,10.747526257458343
P05,S2,lv0,32,9.461438711962417,3.7702865743565552
P05,S2,lv0,33,16.28536804197403,9.631322391973857
P05,S2,lv0,34,11.949976685929395,5.6609123561986925
P05,S2,lv0,35,29.742880296141216,14.548495954606823
P05,S2,lv0,36,8.970375077585224,4.781971662919258
P05,S2,lv0,37,7.82797302661122,3.7803005902815188
P05,S2,lv0,38,16.454209877240178,11.111518823959576
P05,S2,lv0,39,11.611192297224076,4.801356229800112
P05,S2,lv0,40,17.096779299266554,4.939459788208342
P05,S2,lv0,41,19.06975828290181,7.665791040501662
P05,S2,lv0,42,23.216466180246933,5.597584067444154
P05,S2,lv0,43,8.25471102026698,7.850029875045605
P05,S2,lv0,44,9.70655056016702,14.655791471916942
P05,S2,lv0,45,28.577000134960166,6.756380533411673
P05,S2,lv0,46,5.813346365119241,3.6822081446986585
P05,S2,lv0,47,3.332242807271265,4.1033333376261
P05,S2,lv0,48,14.864110598256309,4.769666285367117
P05,S2,lv0,49,6.534959246267525,6.6519357505987315
P05,S2,lv0,50,5.918311490939208,2.6872537182686673
P05,S2,lv0,51,17.462943548839966,4.60133391398736
P05,S2,lv0,52,13.941221589134342,5.667170320280583
P05,S2,lv0,53,8.934583429442316,4.894696473170202
P05,S2,lv0,54,13.444042618374064,10.279677992636163
P05,S2,lv0,55,14.655225624519586,4.961778739457588
P05,S2,lv0,56,8.8896671055648,3.8689869896316718
P05,S2,lv0,57,14.249849261351676,5.110531833219926
P05,S2,lv0,58,20.76579173763824,8.952666185518822
P05,S2,lv0,59,12.693312211476822,3.74550746411743
P05,S2,lv0,60,16.143233806487515,6.433239809951257
P05,S2,lv0,61,13.736900581178414,7.120895894518279
P05,S2,lv0,62,9.415410657209224,3.1011879246428062
P05,S2,lv0,63,14.305088846718512,5.230402000023104
P05,S2,lv0,64,7.49540992399052,7.962685071993784
P05,S2,lv0,65,12.202277967555002,5.058591660552483
P05,S2,lv0,66,7.2717007672887295,5.604161859346408
P05,S2,lv0,67,20.145779628132143,4.400338783395295
P05,S2,lv0,68,8.905047649525367,8.30745125928206
P05,S2,lv0,69,14.3503186948553,3.8239389939766233
P05,S2,lv0,70,25.5941828003698,6.666061332064547
P05,S2,lv0,71,11.316189121228447,3.645626420160685
P05,S2,lv0,72,19.846258057957108,9.340808750169604
P05,S2,lv0,73,10.73882351355335,8.959663196420747
P05,S2,lv0,74,16.70530317867152,8.436638100664297
P05,S2,lv0,75,6.416795074029444,10.239055768658964
P05,S2,lv0,76,9.427018749656652,7.873856508111021
P05,S2,lv0,77,8.734104882178967,8.386961520927008
P05,S2,lv0,78,7.014303252788407,6.644477109435618
P05,S2,lv0,79,8.161337535339516,10.815740838045933
P05,S2,lv0,80,30.47515326725865,6.128472845541142
P05,S2,lv0,81,4.712996115133637,2.3499586908442596
P05,S2,lv0,82,15.52455019153196,6.0746113299258715
P05,S2,lv0,83,19.85392878851747,9.690636640516088
P05,S2,lv0,84,23.58228311117082,7.380157613253016
P05,S2,lv0,85,22.469974124854616,9.785469861760987
P05,S2,lv0,86,9.17115304670891,8.67467645405683
P05,S2,lv0,87,28.379278944284508,6.923857147475968
P05,S2,lv0,88,7.97381542513833,3.727262386658352
P05,S2,lv0,89,23.276003478590127,5.452546648891743
P05,S2,lv0,90,2.1899291963652794,1.4652977628133963
P05,S2,lv0,91,21.08223495406346,7.594482338121057
P05,S2,lv0,92,11.915065598635467,7.1819647714704375
P05,S2,lv0,93,11.945598251447674,4.281384707437726
P05,S2,lv0,94,7.464836227125556,7.509258961169476
P05,S2,lv0,95,15.254242111879293,11.432656070590916
P05,S2,lv0,96,24.94523390702514,34.11877064372138
P05,S2,lv0,97,12.447917429072422,24.486449773500667
P05,S2,lv0,98,7.448265447594785,6.2587479153197645
P05,S2,lv0,99,11.743089689419866,20.008672680081148
P05,S2,lv0,100,12.877860002345095,4.480952030601431
P05,S2,lv0,101,24.12244959165147,7.587752757916823
P05,S2,lv0,102,18.05786280635036,10.697449672678655
P05,S2,lv0,103,14.211404610594764,9.439773416189311
P05,S2,lv0,104,9.067037032371381,5.355761951805387
P05,S2,lv0,105,4.62426427226637,8.703578086260242
P05,S2,lv0,106,8.228991382641626,8.608533241104277
P05,S2,lv0,107,12.868547185440107,8.352557513915755
P05,S2,lv0,108,2.359861410144877,6.848206362130137
P05,S2,lv0,109,2.448751832480883,3.5583551335014025
P05,S2,lv0,110,4.26408206429929,9.820803404080511
P05,S2,lv0,111,19.529711763586786,10.048654823873068
P05,S2,lv0,112,6.614710907759557,10.412550641934255
P05,S2,lv0,113,8.739659290351717,37.70874529048641
P05,S2,lv0,114,7.838369419892392,30.106054206235942
P05,S2,lv0,115,10.098789351491451,7.10366745609607
P05,S2,lv0,116,9.29788976781971,39.58835135928594
P05,S2,lv0,117,23.825338348534473,26.975505722502895
P05,S2,lv0,118,16.05348013298915,31.861949091983774
P05,S2,lv0,119,1.4548407818523887,10.094589708865456
P05,S2,lv0,120,8.536384067262263,22.190829194866623
P05,S2,lv0,121,19.37714288240446,31.381305889895245
P05,S2,lv0,122,7.046539269861349,3.788278658658597
P05,S2,lv0,123,1.948835766622376,2.395670789298559
P05,S2,lv0,124,27.84261316952475,43.04987922327645
P05,S2,lv0,125,18.197435804522314,6.72777035180435
P05,S2,lv0,126,2.6193101639990712,14.078051095633988
P05,S2,lv0,127,5.58877299267967,6.103400203701277
P05,S2,lv0,128,14.742188026256107,4.959938409924726
P05,S2,lv0,129,15.082527780233146,5.901032771055653
P05,S2,lv0,130,18.290430429936553,5.8368957343425505
P05,S2,lv0,131,7.322708767866523,6.473757357529299
P05,S2,lv0,132,2.0286004159088624,4.901065129760701
P05,S2,lv0,133,2.890662203396647,5.123013011011361
P05,S2,lv0,134,3.6381678367454136,7.117089146134375
P05,S2,lv0,135,5.954079606469938,3.2237444777182143
P05,S2,lv0,136,6.168623386703547,7.265946970854451
P05,S2,lv0,137,8.164120027540465,4.735413412394168
P05,S2,lv0,138,13.9807486402123,7.023627874786625
P05,S2,lv0,139,5.8606831611081,5.938799059062553
P05,S2,lv0,140,10.984226139471296,12.35589096191873
P05,S2,lv0,141,2.4722666685008736,4.605423569378539
P05,S2,lv0,142,1.4208323882373821,4.595290176088531
P05,S2,lv0,143,5.21823199451284,4.166183269254536
P05,S2,lv0,144,2.7347926956617186,5.668061321564634
P05,S2,lv0,145,12.760984342903903,3.851216445254028
P05,S2,lv0,146,8.632668456964522,4.561004254320596
P05,S2,lv0,147,1.7122276131506469,2.7060198212495243
P05,S2,lv0,148,3.136265518970958,4.7011743191539
P05,S2,lv1,0,12.712129071197323,6.752807166146095
P05,S2,lv1,1,28.147771566433374,5.8789148143191285
P05,S2,lv1,2,45.937593635051826,7.4255168855556235
P05,S2,lv1,3,41.70795315080649,36.32105009114709
P05,S2,lv1,4,11.176188095638022,7.555082869931502
P05,S2,lv1,5,5.151608896476254,7.6035638862732995
P05,S2,lv1,6,3.110968665367002,7.348285115083568
P05,S2,lv1,7,13.000985090048513,9.50851552584943
P05,S2,lv1,8,23.3124002022874,7.0381833014753195
P05,S2,lv1,9,7.310573893180498,4.761894398048303
P05,S2,lv1,10,27.38463266791011,5.5529574971227555
P05,S2,lv1,11,12.362645489800757,10.477962994344573
P05,S2,lv1,12,7.448377962989658,4.096388103928234
P05,S2,lv1,13,12.223208427281971,9.967387590556928
P05,S2,lv1,14,14.202449288134718,14.727864789600552
P05,S2,lv1,15,2.6881556487685883,4.667090981183658
P05,S2,lv1,16,1.9011413204159782,2.586449258340268
P05,S2,lv1,17,22.39244185779759,8.845377087921818
P05,S2,lv1,18,37.503993544257696,7.4937796761215685
P05,S2,lv1,19,4.352812145954302,4.426415720560678
P05,S2,lv1,20,2.318104015066107,4.870792632998103
P05,S2,lv1,21,2.4213416172999014,2.245685924534606
P05,S2,lv1,22,6.001881964688037,8.475449832790204
P05,S2,lv1,23,3.4545437350813946,4.2589665016108755
P05,S2,lv1,24,1.3362895231617533,3.1191449531240205
P05,S2,lv1,25,2.0335159991147935,3.1473963755860854
P05,S2,lv1,26,2.466233748452448,4.635307187523928
P05,S2,lv1,27,13.08401495746037,5.367080712299256
P05,S2,lv1,28,1.1568986419849419,3.3619898554758048
P05,S2,lv1,29,4.881572745609621,4.917139024489224
P05,S2,lv1,30,11.673168414563621,8.530928956638856
P05,S2,lv1,31,15.28575785053083,9.591872657968374
P05,S2,lv1,32,2.90340451119431,4.6847281794598015
P05,S2,lv1,33,7.2104306132012805,5.299308017610599
P05,S2,lv1,34,15.00402723784689,5.011862582831983
P05,S2,lv1,35,5.765981888735966,3.188781972820719
P05,S2,lv1,36,2.7850282967881803,3.339417823048291
P05,S2,lv1,37,18.392968988122565,6.669711175007955
P05,S2,lv1,38,2.3504551942037613,4.127921631859993
P05,S2,lv1,39,2.851199907471406,4.873644100433056
P05,S2,lv1,40,8.248454165013,4.504286677839784
P05,S2,lv1,41,25.099339115592215,12.846834629483933
P05,S2,lv1,42,2.1274485166208246,5.489212079998758
P05,S2,lv1,43,7.394813211663877,3.9510966801842837
P05,S2,lv1,44,2.2300028458525287,7.232015812661733
P05,S2,lv1,45,2.6974676007648726,3.306884027134041
P05,S2,lv1,46,18.907357795608792,7.597118624100287
P05,S2,lv1,47,37.240480077859836,3.709574918301293
P05,S2,lv1,48,5.226559063886326,5.350860962991889
P05,S2,lv1,49,1.2373673462298955,3.0933204153630363
P05,S2,lv1,50,20.880375042250904,7.180763003483824
P05,S2,lv1,51,5.529833028204946,5.000590089090535
P05,S2,lv1,52,32.93198887691419,9.974851969361264
P05,S2,lv1,53,30.473794340484158,13.805863724753157
P05,S2,lv1,54,5.394245953317187,7.511196112734931
P05,S2,lv1,55,9.214966871431777,4.277857124878744
P05,S2,lv1,56,15.75370382985983,7.043822433352025
P05,S2,lv1,57,7.968108193698778,7.92293541188625
P05,S2,lv1,58,11.183880609313276,2.8436618623287595
P05,S2,lv1,59,28.702424303624852,7.497031508185402
P05,S2,lv1,60,33.40361673321546,12.698084376677622
P05,S2,lv1,61,1.4770681188041908,2.331881460396645
P05,S2,lv1,62,18.729553562837648,8.500297144409213
P05,S2,lv1,63,27.782701046611034,4.343891038769573
P05,S2,lv1,64,6.095366295857197,3.795832536636228
P05,S2,lv1,65,10.136121068713797,6.537253680787427
P05,S2,lv1,66,2.8401251985362914,3.5424324605347453
P05,S2,lv1,67,22.155226533075734,7.656688549226846
P05,S2,lv1,68,10.315583077342671,3.4228110652795882
P05,S2,lv1,69,16.641682112098188,13.78647470018828
P05,S2,lv1,70,3.3792443433921613,7.147602656407034
P05,S2,lv1,71,5.673715348895173,5.856975817169274
P05,S2,lv1,72,2.480470311299846,4.471874433554572
P05,S2,lv1,73,8.501733837582455,4.168735200409475
P05,S2,lv1,74,9.61022444281151,7.608127279723264
P05,S2,lv1,75,1.700297726622268,3.1447611301589777
P05,S2,lv1,76,6.140905978418076,4.434186198557644
P05,S2,lv1,77,10.277377500869155,9.708283849517306
P05,S2,lv1,78,65.3405602866851,14.886724742005832
P05,S2,lv1,79,18.532505115568437,12.75442816054865
P05,S2,lv1,80,12.840815927933436,12.070673944679172
P05,S2,lv1,81,8.897325980094768,3.705055502949962
P05,S2,lv1,82,13.060599455710364,21.76131640289613
P05,S2,lv1,83,30.582818121881537,11.261797472874923
P05,S2,lv1,84,23.23515374013171,8.941056178931078
P05,S2,lv1,85,29.992260247472,8.216848517441372
P05,S2,lv1,86,8.270525902845684,6.258838381089654
P05,S2,lv1,87,18.469893047934292,6.863945782953402
P05,S2,lv1,88,12.095877748170283,10.36265095289251
P05,S2,lv1,89,10.586135187338119,8.950689002896233
P05,S2,lv1,90,15.432928487526393,5.906634692105144
P05,S2,lv1,91,5.409614687465669,7.82203333019363
P05,S2,lv1,92,13.396087647302942,5.229279422052499
P05,S2,lv1,93,3.453399619242571,4.013882465891251
P05,S2,lv1,94,8.711591974601523,11.074898878238294
P05,S2,lv1,95,62.907990709740915,21.26068917200823
P05,S2,lv1,96,9.100738118987794,7.847061481208193
P05,S2,lv1,97,29.209611453811085,9.010972712427037
P05,S2,lv1,98,7.694658303191553,3.356738140922553
P05,S2,lv1,99,8.3804602198599,10.68702028286774
P05,S2,lv1,100,22.826801802395092,6.771396467357098
P05,S2,lv1,101,10.352208353699135,3.526263120171395
P05,S2,lv1,102,25.978152391675668,4.508172963571358
P05,S2,lv1,103,11.237391523180268,2.8895394763578004
P05,S2,lv1,104,15.907635401955222,3.7508707018091827
P05,S2,lv1,105,11.000609740875902,9.552608454915383
P05,S2,lv1,106,10.290992492736976,9.94318418858988
P05,S2,lv1,107,11.606331656765478,6.90873388981874
P05,S2,lv1,108,15.06786195382335,3.7041007187563455
P05,S2,lv1,109,8.222478066815329,5.651075242361594
P05,S2,lv1,110,14.08529042835564,9.297396400681343
P05,S2,lv1,111,3.8419462233502566,5.616802555804788
P05,S2,lv1,112,5.862757325085352,6.208211417632979
P05,S2,lv1,113,38.44675496073791,7.8048734778317685
P05,S2,lv1,114,1.9244052283294701,4.643554161468267
P05,S2,lv1,115,25.1367867751929,11.59656579182501
P05,S2,lv1,116,34.331804814554715,9.547836475452014
P05,S2,lv1,117,4.151613726740916,9.790130157127964
P05,S2,lv1,118,27.463394598322946,8.136316864440381
P05,S2,lv1,119,46.1186656812421,14.835797926782675
P05,S2,lv1,120,7.593076155908203,11.637061080597986
P05,S2,lv1,121,35.192771438100806,11.16272732148965
P05,S2,lv1,122,11.561150513257552,7.21987755320772
P05,S2,lv1,123,6.63409961893526,5.144306213789754
P05,S2,lv1,124,28.700702476677847,10.692779927555746
P05,S2,lv1,125,7.4651046752755645,8.515978806840835
P05,S2,lv1,126,3.8936909499187156,7.398016810521299
P05,S2,lv1,127,58.22580037859111,9.214247644757277
P05,S2,lv1,128,10.338774258517619,8.851150495176915
P05,S2,lv1,129,14.185969566393236,19.963345242036713
P05,S2,lv1,130,13.238135302936382,17.948543239447996
P05,S2,lv1,131,15.220861415406576,7.2565623743478485
P05,S2,lv1,132,6.793942229656291,8.946953328831462
P05,S2,lv1,133,21.314966641381712,6.389224228937834
P05,S2,lv1,134,5.586594125140214,4.774488190911704
P05,S2,lv1,135,2.7978586764907907,2.4586213688289256
P05,S2,lv1,136,10.734465825862163,5.576354943116771
P05,S2,lv1,137,58.744120393113455,15.632839377476591
P05,S2,lv1,138,33.40403604893198,9.981899556311363
P05,S2,lv1,139,10.272535225821835,8.419380939227414
P05,S2,lv1,140,18.771255509091677,8.713768850944717
P05,S2,lv1,141,14.538527976903348,4.741859296822794
P05,S2,lv1,142,11.19463930110028,7.193814301034621
P05,S2,lv1,143,25.897901171769906,4.6205074818505905
P05,S2,lv1,144,13.817149121893182,4.916566467255703
P05,S2,lv1,145,40.31142101727637,22.93577325603413
P05,S2,lv1,146,10.679602274730575,9.521979567373705
P05,S2,lv1,147,8.375671545519863,8.663920763219819
P05,S2,lv1,148,20.725896073984227,8.122608496731651
P05,S2,lv2,0,6.9711039043440275,21.975349836290192
P05,S2,lv2,1,27.833366252179356,41.39319935167383
P05,S2,lv2,2,2.432817217689509,14.928154500511924
P05,S2,lv2,3,23.075820591221586,28.956667199171086
P05,S2,lv2,4,22.431792254367526,40.015013725358266
P05,S2,lv2,5,32.529878021610614,28.93826518942413
P05,S2,lv2,6,19.760962761872438,28.734860740716123
P05,S2,lv2,7,4.747963981240508,23.295396366758773
P05,S2,lv2,8,4.4983944135282625,18.003989506922288
P05,S2,lv2,9,19.015880792597994,28.802430981514068
P05,S2,lv2,10,41.17155056456751,38.976230746154386
P05,S2,lv2,11,10.82999292095246,11.845955777954034
P05,S2,lv2,12,15.597642665085997,5.510831588321127
P05,S2,lv2,13,3.6590845499456552,16.982004516718618
P05,S2,lv2,14,49.9902085097878,36.225283203135355
P05,S2,lv2,15,2.747480960999021,19.843665834713104
P05,S2,lv2,16,6.309497769334514,17.47927667519372
P05,S2,lv2,17,2.406061187575444,11.140912932922456
P05,S2,lv2,18,8.244309188141893,9.432083086896913
P05,S2,lv2,19,11.496476282727727,12.499605143546992
P05,S2,lv2,20,32.05322665180807,15.21428936801271
P05,S2,lv2,21,28.218356296466663,27.074804510828752
P05,S2,lv2,22,15.229303645851346,31.882576919092703
P05,S2,lv2,23,33.28197902877581,23.08768953454419
P05,S2,lv2,24,5.976984151458492,5.02473158107592
P05,S2,lv2,25,47.08203969057425,14.585138851796515
P05,S2,lv2,26,5.827532128677347,19.4555805709331
P05,S2,lv2,27,16.79261359111894,9.885558203541686
P05,S2,lv2,28,24.7152639385598,10.57162324665126
P05,S2,lv2,29,9.518082846897707,23.539528553267328
P05,S2,lv2,30,3.2085032581576565,7.98835815842835
P05,S2,lv2,31,7.220612953796374,6.282787800613239
P05,S2,lv2,32,92.26336158026442,27.725489513172377
P05,S2,lv2,33,5.147042657505214,21.568148982981977
P05,S2,lv2,34,13.017860056841872,33.1577265563642
P05,S2,lv2,35,31.678053134616203,14.125349266239233
P05,S2,lv2,36,10.810250303381327,8.374172591506214
P05,S2,lv2,37,15.590871077182136,26.43700762577482
P05,S2,lv2,38,36.67627210555938,38.736076338677314
P05,S2,lv2,39,58.97005721621771,51.153640404057136
P05,S2,lv2,40,12.916464864594776,21.454144016135757
P05,S2,lv2,41,6.863545346797976,20.203380448610556
P05,S2,lv2,42,5.196700771700125,5.448734832908118
P05,S2,lv2,43,24.834560493301268,13.066725706650548
P05,S2,lv2,44,2.6440053076496266,12.84262569405563
P05,S2,lv2,45,3.421630778001344,5.768983992966972
P05,S2,lv2,46,1.7227100867989211,10.205851148099242
P05,S2,lv2,47,24.45887759953387,19.90888299559922
P05,S2,lv2,48,38.15854968315351,8.500084647991356
P05,S2,lv2,49,57.56477312955107,63.59684615759724
P05,S2,lv2,50,1.9310411150833668,12.431555057220098
P05,S2,lv2,51,34.18716084910913,18.09876291941715
P05,S2,lv2,52,74.660016225267,57.89667803514548
P05,S2,lv2,53,15.234304422240765,40.17466860178692
P05,S2,lv2,54,17.29615776137496,42.61805312745769
P05,S2,lv2,55,14.936777224669637,13.180196661113527
P05,S2,lv2,56,7.694065113444329,12.624198823779603
P05,S2,lv2,57,12.971362803113003,5.667368416589576
P05,S2,lv2,58,37.70627663260537,7.700647264307363
P05,S2,lv2,59,5.328579692639108,12.696866295072777
P05,S2,lv2,60,31.12331083432507,14.034702708846886
P05,S2,lv2,61,30.829973368387122,10.64921547693519
P05,S2,lv2,62,12.279314852844768,27.00077026165232
P05,S2,lv2,63,7.505588055111436,9.675152080246281
P05,S2,lv2,64,14.246024609515713,18.17857608824394
P05,S2,lv2,65,2.3868264919444075,10.256472541554219
P05,S2,lv2,66,7.342193822770377,26.042261799919178
P05,S2,lv2,67,18.84479371687881,25.86528570042333
P05,S2,lv2,68,15.364033923335944,20.894604815771206
P05,S2,lv2,69,20.10356947465511,21.360584413584625
P05,S2,lv2,70,4.065558234279504,19.003811100271573
P05,S2,lv2,71,13.044179952396792,36.84561435091885
P05,S2,lv2,72,15.645391649921896,14.134245260242766
P05,S2,lv2,73,51.38147557304291,14.517051978891473
P05,S2,lv2,74,5.309158132346408,52.30059727801236
P05,S2,lv2,75,39.77282323115914,55.36145372797002
P05,S2,lv2,76,8.435948112413705,10.514486831681518
P05,S2,lv2,77,7.283135867794546,13.287215939721941
P05,S2,lv2,78,12.448694984302412,21.87602609064531
P05,S2,lv2,79,58.57108110565031,19.626318515432473
P05,S2,lv2,80,20.244132161617905,5.538485392684042
P05,S2,lv2,81,18.329020338353583,8.801329290675673
P05,S2,lv2,82,2.3261106905319826,24.66469328838345
P05,S2,lv2,83,4.56305183282254,36.806320390264496
P05,S2,lv2,84,87.69189573537824,73.20621996681119
P05,S2,lv2,85,11.448850134842546,38.095286968120924
P05,S2,lv2,86,8.506362043400216,25.133577466764784
P05,S2,lv2,87,52.443569980315175,42.38672367507026
P05,S2,lv2,88,86.4326564889302,55.15541851396807
P05,S2,lv2,89,4.377557383689346,11.545220687721173
P05,S2,lv2,90,84.20874082586751,45.631865856609586
P05,S2,lv2,91,9.941294686310332,19.87231804211228
P05,S2,lv2,92,4.936503213446853,13.562707103211414
P05,S2,lv2,93,2.2742087422375086,8.813974661051324
P05,S2,lv2,94,20.934267122009214,19.09180377653647
P05,S2,lv2,95,153.24798672513745,44.008986227540746
P05,S2,lv2,96,8.22864334517047,29.99527652789653
P05,S2,lv2,97,15.751181260416372,30.1862079695646
P05,S2,lv2,98,23.04010745262979,10.592782641986103
P05,S2,lv2,99,15.665657380821553,15.964494048392755
P05,S2,lv2,100,9.821402632051399,13.974174311334934
P05,S2,lv2,101,14.095362631748971,16.327658477730413
P05,S2,lv2,102,46.335632852224904,27.42049376872726
P05,S2,lv2,103,60.02720130388681,49.72876139557988
P05,S2,lv2,104,8.446486032227122,12.732389233607977
P05,S2,lv2,105,88.64885643698408,25.451289323170457
P05,S2,lv2,106,19.295250074769942,14.033374187694568
P05,S2,lv2,107,6.0769545722364136,18.336841979212615
P05,S2,lv2,108,20.881826122261984,33.68852051246491
P05,S2,lv2,109,10.989008759410625,16.05144776317271
P05,S2,lv2,110,47.72406335576222,49.72851726288353
P05,S2,lv2,111,72.77744991078337,44.98936855269826
P05,S2,lv2,112,29.098136399309865,20.755564141423754
P05,S2,lv2,113,44.522116121022435,23.255731588844732
P05,S2,lv2,114,25.515590710791148,36.57950826984888
P05,S2,lv2,115,10.508296413647553,18.022011055156824
P05,S2,lv2,116,52.35362258438885,12.106407614623071
P05,S2,lv2,117,33.60459567160579,19.519339081191255
P05,S2,lv2,118,3.095752807613051,8.108422018250215
P05,S2,lv2,119,2.582582809199991,8.984384818168493
P05,S2,lv2,120,4.290181572535166,25.40478640883424
P05,S2,lv2,121,45.28570273662257,31.076710887984564
P05,S2,lv2,122,15.844484212288089,31.129276905391833
P05,S2,lv2,123,7.364056506791582,41.01252331958371
P05,S2,lv2,124,35.6262620655743,18.361035889737753
P05,S2,lv2,125,9.877996005135351,17.227032344847974
P05,S2,lv2,126,10.376107333231236,36.8154526882872
P05,S2,lv2,127,3.225613130492118,18.997164559006
P05,S2,lv2,128,4.5310031258732355,8.534972574856106
P05,S2,lv2,129,14.454741925043152,24.610390157259854
P05,S2,lv2,130,4.764258016950357,25.756928517346434
P05,S2,lv2,131,6.1553526688092814,8.919966113677072
P05,S2,lv2,132,32.85001012414646,7.483393709816323
P05,S2,lv2,133,62.75757608753582,14.875143484769051
P05,S2,lv2,134,11.940297123114762,33.14842748855622
P05,S2,lv2,135,9.96722198230924,33.78908592605998
P05,S2,lv2,136,3.1885451435581653,8.432296096800792
P05,S2,lv2,137,23.16512187224658,20.214611162465633
P05,S2,lv2,138,35.061442496313354,22.69723591770411
P05,S2,lv2,139,4.165385718240523,5.522927134789578
P05,S2,lv2,140,3.531060997831117,8.556644628839976
P05,S2,lv2,141,4.3435211179873825,28.727940924230797
P05,S2,lv2,142,5.467311372100235,23.967109002312924
P05,S2,lv2,143,12.652642217565264,37.57883672559697
P05,S2,lv2,144,63.35958503087663,16.085426108249468
P05,S2,lv2,145,3.4819174894975164,38.38578974037703
P05,S2,lv2,146,46.60850527010987,39.35110738870073
P05,S2,lv2,147,15.376315932002864,25.52930733188855
P05,S2,lv2,148,7.163669769477382,23.506108045864888
P06,S1,base,0,7.25469394480333,15.985389686508649
P06,S1,base,1,12.328073478545356,39.290141396989405
P06,S1,base,2,7.441013317094377,6.565318770129122
P06,S1,base,3,9.964707172022509,13.961285827445746
P06,S1,base,4,14.863556906304732,7.992605805145557
P06,S1,base,5,11.898096813631515,17.514737945512568
P06,S1,base,6,5.2915911331514796,4.33664059413982
P06,S1,base,7,37.89026975430895,15.492639741253724
P06,S1,base,8,24.309664898258344,8.157361501605484
P06,S1,base,9,5.29954886929798,18.707277638270163
P06,S1,base,10,2.0128134372143567,2.4762723073788266
P06,S1,base,11,19.318238868623425,20.540012498681563
P06,S1,base,12,10.454906048069368,7.206403352105296
P06,S1,base,13,13.336942828532461,24.282032966820733
P06,S1,base,14,4.013185785367422,38.01075255597378
P06,S1,base,15,2.645948681560637,2.020740447494897
P06,S1,base,16,2.1512578903712023,2.6631901378332388
P06,S1,base,17,4.227235145265298,2.480479628434235
P06,S1,base,18,3.512657310030964,4.523503731610847
P06,S1,base,19,2.4146709974388307,2.8512899522850033
P06,S1,base,20,2.8381261815164653,7.749909097063678
P06,S1,base,21,4.644122286340384,58.67730069873794
P06,S1,base,22,2.9073998798715412,37.30285854206505
P06,S1,base,23,2.6445158044238886,8.369195498915786
P06,S1,base,24,3.7650599378286045,5.278182000206307
P06,S1,base,25,25.16954888234358,19.332925052370754
P06,S1,base,26,9.010639497526073,26.820020580742522
P06,S1,base,27,17.742573491213005,8.775903387801762
P06,S1,base,28,17.10160073583932,9.20033672273983
P06,S1,base,29,8.293063245148963,4.555099153561106
P06,S1,lv0,0,7.768850475234569,4.99474837892685
P06,S1,lv0,1,7.648648266858511,11.845116596942338
P06,S1,lv0,2,4.036844209107569,5.429749120204917
P06,S1,lv0,3,36.98642168083142,5.114703117387631
P06,S1,lv0,4,11.070060519563791,4.032007797175147
P06,S1,lv0,5,6.0930698113342,4.102970101375244
P06,S1,lv0,6,5.919818232825115,4.031322099364886
P06,S1,lv0,7,10.892569467090194,3.041200184429324
P06,S1,lv0,8,8.712226240655411,4.654015093641804
P06,S1,lv0,9,7.11718625917805,4.827050875268051
P06,S1,lv0,10,3.888702665139376,4.3173828473878
P06,S1,lv0,11,4.369965731505081,3.0009305149018077
P06,S1,lv0,12,3.711323824309862,2.4283114558182675
P06,S1,lv0,13,7.773886626170144,2.490041124584464
P06,S1,lv0,14,4.773975227986103,3.1357165778303933
P06,S1,lv0,15,8.391948653170102,3.008605315010175
P06,S1,lv0,16,5.751039947951081,4.772091177645872
P06,S1,lv0,17,4.537565907876017,3.9149415321934327
P06,S1,lv0,18,3.4879730608727466,5.224285023496018
P06,S1,lv0,19,7.094226826244765,3.5763388294741083
P06,S1,lv0,20,8.093336060812268,6.695838239762625
P06,S1,lv0,21,40.55833238503328,7.248068466181107
P06,S1,lv0,22,5.809532388785357,4.42216555306657
P06,S1,lv0,23,4.009416441888489,4.60476041356736
P06,S1,lv0,24,2.2802615591503166,4.064311525453475
P06,S1,lv0,25,10.440921602759525,3.6864307290636926
P06,S1,lv0,26,8.068492453290908,7.065000222381516
P06,S1,lv0,27,7.125969225039297,4.53820618266644
P06,S1,lv0,28,5.5693242819219435,7.32774167476426
P06,S1,lv0,29,4.900202018411168,3.2422166109957353
P06,S1,lv0,30,3.3675838699083123,3.2161940778736593
P06,S1,lv0,31,5.636454519315339,7.040406048996492
P06,S1,lv0,32,4.204695736537123,3.237621587477696
P06,S1,lv0,33,5.243359121436835,4.052180113458059
P06,S1,lv0,34,8.685790911057845,6.874993665491822
P06,S1,lv0,35,9.41979626210888,4.030638405632696
P06,S1,lv0,36,6.017481875992089,4.96200025635576
P06,S1,lv0,37,8.734811797435414,2.902687199315089
P06,S1,lv0,38,5.380645207572565,4.976996449596341
P06,S1,lv0,39,4.353526019851561,2.277971769259313
P06,S1,lv0,40,3.0501701536388572,2.7135062250016277
P06,S1,lv0,41,9.478165285008997,2.15759250869707
P06,S1,lv0,42,7.952951426294071,5.0310580063925725
P06,S1,lv0,43,3.012219556768869,2.8891217472932675
P06,S1,lv0,44,6.103455759726205,6.946759610380033
P06,S1,lv0,45,3.563444121319822,5.998667437222742
P06,S1,lv0,46,10.862647238002673,6.974702518126807
P06,S1,lv0,47,2.500604577381712,2.5256423034121065
P06,S1,lv0,48,16.25127223148038,2.4554238124733176
P06,S1,lv0,49,2.2779411744054023,2.68918934608715
P06,S1,lv0,50,1.3738167926548162,2.2006276402222382
P06,S1,lv0,51,2.1286442920836866,1.3918122670785706
P06,S1,lv0,52,4.313576601564318,4.221890039636148
P06,S1,lv0,53,1.0316573009249739,4.6423740754210066
P06,S1,lv0,54,45.25809981182742,5.181599586270778
P06,S1,lv0,55,39.308444173765444,7.204756418807324
P06,S1,lv0,56,4.417145026884535,4.9332045079643265
P06,S1,lv0,57,3.3037436127025925,3.0941309236580468
P06,S1,lv0,58,2.5664314292919985,5.193018355183275
P06,S1,lv0,59,3.0081051147225195,2.6951253859358983
P06,S1,lv0,60,3.684959476419078,2.148149333694343
P06,S1,lv0,61,5.8270696276526,3.6432689347373954
P06,S1,lv0,62,33.60316167712972,3.635196775845629
P06,S1,lv0,63,8.072057022080996,2.2026085231741632
P06,S1,lv0,64,3.036906536585983,2.791187669779616
P06,S1,lv0,65,13.028152287332828,6.3830772390248995
P06,S1,lv0,66,3.745858414112825,3.416744955312233
P06,S1,lv0,67,2.8331167451540162,2.0061124925933305
P06,S1,lv0,68,16.965395678154216,6.715573643702311
P06,S1,lv0,69,3.4738614676387263,4.6622960584340944
P06,S1,lv0,70,18.854532074106512,9.641220560708984
P06,S1,lv0,71,5.166809765276016,3.6033622664186717
P06,S1,lv0,72,7.896662601175945,5.131474331372818
P06,S1,lv0,73,3.108286108628118,4.12047585647399
P06,S1,lv0,74,10.315642896293253,7.826963024885666
P06,S1,lv0,75,6.439225695327649,5.9614384815233095
P06,S1,lv0,76,2.3890263809080485,3.333008035078409
P06,S1,lv0,77,10.84912067304419,4.416700463666768
P06,S1,lv0,78,5.93126597130185,5.502317867392811
P06,S1,lv0,79,12.974120891703096,3.0543609883446723
P06,S1,lv0,80,3.9695630816470064,2.426898849063187
P06,S1,lv0,81,7.417465044840516,3.798341232812819
P06,S1,lv0,82,8.825931727121528,4.241864861240122
P06,S1,lv0,83,3.3434577571328483,4.512078638922624
P06,S1,lv0,84,7.207349413373576,3.828351495879266
P06,S1,lv0,85,4.180073891998091,2.12062877309023
P06,S1,lv0,86,3.9761511028952015,4.180443481629296
P06,S1,lv0,87,3.5417812664422836,1.6878832130659907
P06,S1,lv0,88,3.4229519814254066,1.8807643606731517
P06,S1,lv0,89,11.50507961624588,8.212132182262867
P06,S1,lv0,90,6.144047243387807,7.479154256094662
P06,S1,lv0,91,4.948336487174167,5.940459813427358
P06,S1,lv0,92,3.995854601168978,1.8956925879216677
P06,S1,lv0,93,11.150875404745802,2.3852603408255346
P06,S1,lv0,94,2.9273922675505255,6.176982416805333
P06,S1,lv0,95,3.327860990012496,2.9753319392088264
P06,S1,lv0,96,4.765498501302348,5.506005174906104
P06,S1,lv0,97,4.394169320862967,3.3603519930560424
P06,S1,lv0,98,2.589175119480032,2.638880792821822
P06,S1,lv0,99,6.251464083345433,7.243127723567647
P06,S1,lv0,100,4.047977535585822,3.293640205245531
P06,S1,lv0,101,3.755869640813751,3.690844573774305
P06,S1,lv0,102,27.14243910012981,8.399840946031881
P06,S1,lv0,103,2.3849640765758826,2.675617811776025
P06,S1,lv0,104,3.027009746251833,2.2743084034751915
P06,S1,lv0,105,8.943731807102594,5.3119694549575085
P06,S1,lv0,106,6.3452630011773525,4.021383015188487
P06,S1,lv0,107,7.454375079811392,4.558080510435032
P06,S1,lv0,108,1.4887009697958522,1.1439556615135869
P06,S1,lv0,109,10.74303810062649,4.044952588031374
P06,S1,lv0,110,4.706562575372045,1.9958395337323704
P06,S1,lv0,111,3.7965181919884063,1.974968605405462
P06,S1,lv0,112,2.197331343875768,2.7275135748364514
P06,S1,lv0,113,2.570482170891065,2.836818279347126
P06,S1,lv0,114,1.4447206574085103,4.371793810417453
P06,S1,lv0,115,2.7889183100914234,3.224038573881741
P06,S1,lv0,116,3.6588324905013194,1.708443241915092
P06,S1,lv0,117,4.4072554025481585,3.574017236070347
P06,S1,lv0,118,1.9301085854100093,2.7899169676351527
P06,S1,lv0,119,8.072388498118082,3.4058317970621554
P06,S1,lv0,120,2.9776581666621134,4.033184483330293
P06,S1,lv0,121,7.757374315138269,4.567800947492663
P06,S1,lv0,122,3.104972371658216,2.8090340771357885
P06,S1,lv0,123,16.378660926784512,4.832675940514813
P06,S1,lv0,124,12.941240408207088,3.4623312431736584
P06,S1,lv0,125,10.644205243613312,3.6407445745266536
P06,S1,lv0,126,2.608461641088889,3.0952489778720755
P06,S1,lv0,127,4.556356708121111,2.2564704057516396
P06,S1,lv0,128,12.903250846258045,7.076550068897087
P06,S1,lv0,129,5.385823396797582,5.3949125069543165
P06,S1,lv0,130,7.7221253896774655,5.22131786282192
P06,S1,lv0,131,3.500550111344284,2.4455600293377855
P06,S1,lv0,132,2.399421504721948,1.965685462023014
P06,S1,lv0,133,2.4741900208057537,4.28152925456739
P06,S1,lv0,134,2.854651067215879,2.0667644378507215
P06,S1,lv0,135,2.9015620130429935,1.8941961893132961
P06,S1,lv0,136,2.47862598161282,1.2551970355243065
P06,S1,lv0,137,2.0339235982758592,2.587488106423634
P06,S1,lv0,138,3.0634791820214677,2.559733770849206
P06,S1,lv0,139,2.7637068296053147,1.6590226847837009
P06,S1,lv0,140,3.1566340236387695,4.4995108178685275
P06,S1,lv0,141,2.565238075768392,3.5193946240759035
P06,S1,lv0,142,5.522267182528067,4.8492247071931045
P06,S1,lv0,143,3.6676189280305485,2.707993947465427
P06,S1,lv0,144,4.48436888965259,1.7842183065370163
P06,S1,lv0,145,8.27302024776951,3.4517058843198782
P06,S1,lv0,146,8.57504142659365,1.9604338514829651
P06,S1,lv0,147,2.983951777229971,3.209445361583878
P06,S1,lv0,148,2.3868526426140373,2.3790458983092173
P06,S1,lv1,0,6.607246425347713,5.011222033875742
P06,S1,lv1,1,5.942246361884137,3.7693752733677046
P06,S1,lv1,2,14.535433032528568,11.715030051288949
P06,S1,lv1,3,15.48147357245737,13.139418758517383
P06,S1,lv1,4,22.408905100113174,11.874375775550766
P06,S1,lv1,5,90.06224344502324,7.172461921792365
P06,S1,lv1,6,8.080810874286614,3.795718097479668
P06,S1,lv1,7,102.0287352156382,15.778935857060093
P06,S1,lv1,8,8.719219171169772,6.460662812846637
P06,S1,lv1,9,6.591507741119557,6.0521761423297304
P06,S1,lv1,10,8.607779896687882,8.801667160527208
P06,S1,lv1,11,5.7192380086435195,9.61378356669636
P06,S1,lv1,12,38.640587895517676,6.116493784008024
P06,S1,lv1,13,9.559716781291877,6.92041114261414
P06,S1,lv1,14,22.475136794668376,7.5319633126483785
P06,S1,lv1,15,9.599241879991162,3.787533323657246
P06,S1,lv1,16,8.809497334392521,4.150256574794016
P06,S1,lv1,17,4.150816852135995,5.452850094569095
P06,S1,lv1,18,10.093900025368383,6.332327298057078
P06,S1,lv1,19,43.85761746584602,11.372680027709231
P06,S1,lv1,20,3.836743721272167,6.020450935548588
P06,S1,lv1,21,9.868678338832389,8.10133808749202
P06,S1,lv1,22,24.119385668043236,6.117728060549029
P06,S1,lv1,23,3.815385886320266,3.7703310233424197
P06,S1,lv1,24,15.14216687378897,7.378994597822699
P06,S1,lv1,25,50.07192564035995,19.45487189629204
P06,S1,lv1,26,19.12676151842411,7.986872962995849
P06,S1,lv1,27,7.348698717763131,5.515808406477373
P06,S1,lv1,28,7.427645688239222,4.562493316834693
P06,S1,lv1,29,20.656530841589852,8.67560475586633
P06,S1,lv1,30,5.501650972108243,6.09965980481841
P06,S1,lv1,31,9.907739752159134,3.839266669083417
P06,S1,lv1,32,8.386972440660069,7.882367463746325
P06,S1,lv1,33,12.49995827277792,3.678333265380834
P06,S1,lv1,34,9.472003145552236,2.691166163169321
P06,S1,lv1,35,3.1117515293803315,8.006923461117777
P06,S1,lv1,36,20.125711497679713,7.973372873313224
P06,S1,lv1,37,14.88026614601408,6.994169703917567
P06,S1,lv1,38,21.969517895236443,6.130241833295905
P06,S1,lv1,39,17.48894614332647,3.844372955768331
P06,S1,lv1,40,9.222898117198215,7.19427640252528
P06,S1,lv1,41,15.005263017359802,9.662243715636968
P06,S1,lv1,42,3.1421264079799873,1.391618941019426
P06,S1,lv1,43,4.726432321400676,3.3765917694828103
P06,S1,lv1,44,3.3966641530608124,4.023122220714505
P06,S1,lv1,45,29.79155763707017,12.121194801081234
P06,S1,lv1,46,4.395867263769691,3.764236645110786
P06,S1,lv1,47,15.299539008842006,5.850981972111685
P06,S1,lv1,48,6.930737311574255,8.411313487117335
P06,S1,lv1,49,50.93963663083418,8.214631484560002
P06,S1,lv1,50,31.992628084827384,6.60324725850365
P06,S1,lv1,51,44.84498880226632,10.920021571304908
P06,S1,lv1,52,51.345926607805175,10.859592523204435
P06,S1,lv1,53,62.33905923757702,15.0760122318665
P06,S1,lv1,54,10.966152623060092,7.5824530902668466
P06,S1,lv1,55,9.10338644625726,7.998770753953974
P06,S1,lv1,56,17.848118228227342,3.3408523161880352
P06,S1,lv1,57,8.946406202091966,7.025401366965332
P06,S1,lv1,58,11.068782336580812,7.521261283406779
P06,S1,lv1,59,8.361157646435531,6.652576758757569
P06,S1,lv1,60,12.808231491832373,11.51086455147082
P06,S1,lv1,61,4.530189294942325,12.344746093927707
P06,S1,lv1,62,41.09420449813318,10.515257640843151
P06,S1,lv1,63,8.130358405471682,9.00942902235656
P06,S1,lv1,64,40.553747365273814,11.620740541007313
P06,S1,lv1,65,16.196750258103297,7.747296741250916
P06,S1,lv1,66,4.706217655706194,7.012714081449104
P06,S1,lv1,67,10.6481323324742,3.436056183505792
P06,S1,lv1,68,8.271018011184601,4.400994219063572
P06,S1,lv1,69,4.289913467555054,3.8721149068487155
P06,S1,lv1,70,7.203552407725318,3.262818728107174
P06,S1,lv1,71,27.00794040055314,5.015657994389638
P06,S1,lv1,72,10.943516613730283,7.279695706790353
P06,S1,lv1,73,12.770409690121642,12.285194890939467
P06,S1,lv1,74,34.30943949849463,4.489390994815282
P06,S1,lv1,75,3.2824246268926904,3.2081616272375775
P06,S1,lv1,76,10.117472785450007,4.016880430416189
P06,S1,lv1,77,12.202089715431846,4.93597374892059
P06,S1,lv1,78,4.398671316366918,4.640455065361713
P06,S1,lv1,79,7.089861083608814,3.4131525835085275
P06,S1,lv1,80,4.43092242394033,8.20669551260969
P06,S1,lv1,81,44.48381040148999,12.2543166663802
P06,S1,lv1,82,7.100795646429789,5.028927538106176
P06,S1,lv1,83,12.596529409945694,6.17820864091201
P06,S1,lv1,84,7.6224225923637166,5.4634845227837125
P06,S1,lv1,85,3.4700413125191365,7.389757862639639
P06,S1,lv1,86,15.915015153972458,10.465056177212924
P06,S1,lv1,87,4.946466983113826,2.9286610747681627
P06,S1,lv1,88,9.065640074587543,5.524931714022336
P06,S1,lv1,89,7.998621199856517,11.955075148786213
P06,S1,lv1,90,8.431484760039869,6.879451983674886
P06,S1,lv1,91,10.204279357479882,3.0393975925448595
P06,S1,lv1,92,10.812828308368905,6.186879068999062
P06,S1,lv1,93,9.936138547247724,5.322112558563181
P06,S1,lv1,94,5.6643267844739436,8.424609206137117
P06,S1,lv1,95,4.2967711329770575,9.455575081776919
P06,S1,lv1,96,2.913967560659848,3.8420942704223733
P06,S1,lv1,97,10.003787166672415,6.851982719139438
P06,S1,lv1,98,24.174897146902257,8.846911594957112
P06,S1,lv1,99,17.231637488641404,5.095597087640355
P06,S1,lv1,100,11.074353546848968,9.001488960748729
P06,S1,lv1,101,4.3537209314733385,5.200936626094551
P06,S1,lv1,102,6.7904522013994,8.894373711730893
P06,S1,lv1,103,6.094777155737332,4.091516833781274
P06,S1,lv1,104,28.621549707338335,5.638746811570234
P06,S1,lv1,105,10.8336098023297,11.107513952753273
P06,S1,lv1,106,6.699022625317745,17.78372620163523
P06,S1,lv1,107,9.414854605617153,10.675642864932442
P06,S1,lv1,108,7.760225442351682,15.033101757846401
P06,S1,lv1,109,6.2354590650927255,8.344510178091635
P06,S1,lv1,110,7.195463383532521,6.886453626653087
P06,S1,lv1,111,18.621012516865903,3.944199312160039
P06,S1,lv1,112,13.953604228357294,6.794608282375999
P06,S1,lv1,113,7.206345284142592,4.1109302211870675
P06,S1,lv1,114,7.768276969661884,5.392366885983211
P06,S1,lv1,115,13.407844078467882,5.070341062849013
P06,S1,lv1,116,10.094431482410926,8.866276236599987
P06,S1,lv1,117,19.57047245547965,9.79272647354502
P06,S1,lv1,118,8.662743857841686,6.726478020836883
P06,S1,lv1,119,9.907554501380776,6.472901996705805
P06,S1,lv1,120,44.018709964915125,17.338252974344936
P06,S1,lv1,121,3.0162859877780903,2.1832156928097852
P06,S1,lv1,122,6.8270751186427905,2.6794059513768196
P06,S1,lv1,123,8.380836363655146,4.204935776700644
P06,S1,lv1,124,7.91240144208133,5.155539366281958
P06,S1,lv1,125,4.095739252737177,5.331470768712258
P06,S1,lv1,126,24.909707343765447,3.9864324452601165
P06,S1,lv1,127,29.407063228702643,13.282728910396179
P06,S1,lv1,128,7.989871331036996,4.028206717208652
P06,S1,lv1,129,10.77270372853111,3.801307657253
P06,S1,lv1,130,13.769583494326882,10.040432049305995
P06,S1,lv1,131,2.6497381984081745,1.559289533962196
P06,S1,lv1,132,7.98094128650572,6.89848813137221
P06,S1,lv1,133,21.496171483942316,5.82722021656883
P06,S1,lv1,134,18.428419474555678,6.813266620126083
P06,S1,lv1,135,22.85145427433101,10.752893448256891
P06,S1,lv1,136,4.922861502589466,6.3647126107893
P06,S1,lv1,137,8.151735818047861,8.999114455246948
P06,S1,lv1,138,6.15557157964973,4.5039777639104495
P06,S1,lv1,139,6.359574070469393,5.637788927678133
P06,S1,lv1,140,48.055294892523,21.279633027731744
P06,S1,lv1,141,27.104678526750302,17.598655917656178
P06,S1,lv1,142,58.382978444871256,20.249612824901632
P06,S1,lv1,143,29.73301381610277,14.012456195934774
P06,S1,lv1,144,37.65943042542884,10.912271008116416
P06,S1,lv1,145,79.83360504883078,21.49110152876401
P06,S1,lv1,146,7.55183314100819,5.772449042396986
P06,S1,lv1,147,7.162937851903156,7.957076636634154
P06,S1,lv1,148,7.998472406138451,6.514245468702383
P06,S1,lv2,0,4.695925886444652,10.163408650826677
P06,S1,lv2,1,5.909333320252704,15.600351611129568
P06,S1,lv2,2,6.981751376108629,7.519591904496092
P06,S1,lv2,3,8.603103519514418,6.4407639511893615
P06,S1,lv2,4,7.482657893820919,2.638494354961872
P06,S1,lv2,5,10.10423417243016,9.888833055453606
P06,S1,lv2,6,9.758048147582755,6.7484263234808965
P06,S1,lv2,7,2.6023100645226385,5.909795574931302
P06,S1,lv2,8,3.9178969917582895,4.11700110729281
P06,S1,lv2,9,33.92140448082167,8.53363697216505
P06,S1,lv2,10,3.8239405862173466,6.392421214802572
P06,S1,lv2,11,4.495919094198846,4.4480204308120825
P06,S1,lv2,12,7.268253966664817,6.23176180075801
P06,S1,lv2,13,9.06987098605126,5.4491936576122075
P06,S1,lv2,14,6.476508554730019,7.9414437961681195
P06,S1,lv2,15,8.824561855179603,7.170404938481572
P06,S1,lv2,16,4.752448516488236,5.131733060288112
P06,S1,lv2,17,5.49751055175859,2.619492069516533
P06,S1,lv2,18,4.816335407560235,4.107541156600725
P06,S1,lv2,19,38.40451406395299,8.34533507552319
P06,S1,lv2,20,5.131391690215308,4.468545925212106
P06,S1,lv2,21,3.074232196792605,9.43148758947179
P06,S1,lv2,22,4.558664982237649,5.607066654880447
P06,S1,lv2,23,9.016753362088254,6.796418681975602
P06,S1,lv2,24,5.524302348189331,4.15364903961328
P06,S1,lv2,25,13.648107273204918,8.3157982576381
P06,S1,lv2,26,13.4087642695297,6.778422968561294
P06,S1,lv2,27,4.830850191883495,6.841634410002443
P06,S1,lv2,28,31.739275374403192,11.334505695215636
P06,S1,lv2,29,9.790116568042956,6.379985792579968
P06,S1,lv2,30,26.85894380444104,9.001835027273131
P06,S1,lv2,31,10.699336370697665,9.72662900680678
P06,S1,lv2,32,2.12847660041028,9.541252078209686
P06,S1,lv2,33,26.080960958353565,16.36412792004227
P06,S1,lv2,34,12.45146493940081,6.879124222903685
P06,S1,lv2,35,38.55904049081947,14.940274729366182
P06,S1,lv2,36,6.977741186877001,10.188639501206502
P06,S1,lv2,37,2.8356632831484365,4.2547901854663115
P06,S1,lv2,38,16.724614795828316,14.443808504694767
P06,S1,lv2,39,8.9275180029753,7.7705587124960385
P06,S1,lv2,40,68.3510954481216,16.992367969063263
P06,S1,lv2,41,34.56145245639144,18.759341569720124
P06,S1,lv2,42,23.079363389812343,8.12876607905763
P06,S1,lv2,43,6.929005301478168,6.711833213961924
P06,S1,lv2,44,8.352782164117151,14.98677894811954
P06,S1,lv2,45,6.499141623109638,5.7519113053262005
P06,S1,lv2,46,9.452213903327848,7.222298290864136
P06,S1,lv2,47,43.68477780013728,20.07300602204423
P06,S1,lv2,48,42.97708983830738,8.665906508515567
P06,S1,lv2,49,17.99306566376509,6.917557473183693
P06,S1,lv2,50,37.20629192819102,7.2273084957405205
P06,S1,lv2,51,16.836522457300173,10.11002307100591
P06,S1,lv2,52,7.251684885507822,5.254326465191528
P06,S1,lv2,53,44.346358783811056,9.800456106694888
P06,S1,lv2,54,7.21949171279167,9.442339549752848
P06,S1,lv2,55,26.10309758493835,12.219508911086026
P06,S1,lv2,56,38.89773236432848,13.408564541044294
P06,S1,lv2,57,12.746685644333946,7.451404692353908
P06,S1,lv2,58,18.225630189566726,8.190371796920541
P06,S1,lv2,59,13.008006289681177,10.636382362849998
P06,S1,lv2,60,5.863611107169305,3.7050424456626843
P06,S1,lv2,61,47.56589136635372,14.024821815259898
P06,S1,lv2,62,60.5479029473537,33.297086202288575
P06,S1,lv2,63,8.196423470864785,7.327713841699681
P06,S1,lv2,64,7.397437090106151,9.86472904225331
P06,S1,lv2,65,8.567887418572875,9.976408075572415
P06,S1,lv2,66,9.630544272930562,9.037093025628852
P06,S1,lv2,67,8.913375144359613,13.418604904380603
P06,S1,lv2,68,7.649546737275819,12.42147185485283
P06,S1,lv2,69,16.85671920310585,7.743748525558534
P06,S1,lv2,70,28.454875436808443,18.04272298205971
P06,S1,lv2,71,5.388307183176754,6.020462582911354
P06,S1,lv2,72,45.58474157553783,26.760719281217437
P06,S1,lv2,73,13.36278253327108,8.612213402243398
P06,S1,lv2,74,5.574307681126738,10.860933630530974
P06,S1,lv2,75,14.649686710122367,11.489915373758768
P06,S1,lv2,76,11.037245937096072,3.7455807242372963
P06,S1,lv2,77,12.684814021747165,19.174567333497635
P06,S1,lv2,78,7.8384120419579455,9.234960670687068
P06,S1,lv2,79,4.13764477901121,2.811307117919079
P06,S1,lv2,80,15.605571612930566,8.120639262399544
P06,S1,lv2,81,8.028339213456627,5.984968668151189
P06,S1,lv2,82,10.488075564856675,10.493640887254621
P06,S1,lv2,83,8.065854036932466,3.9826602354368914
P06,S1,lv2,84,77.2936187184013,24.674310163020937
P06,S1,lv2,85,11.706140615983825,9.605694982871512
P06,S1,lv2,86,7.135247028364897,3.8865027540514587
P06,S1,lv2,87,9.800322307075225,8.431400709805589
P06,S1,lv2,88,5.981876442380331,2.170958582373252
P06,S1,lv2,89,4.4322939802635215,3.8012376996045045
P06,S1,lv2,90,7.053721057965036,5.264832207148338
P06,S1,lv2,91,2.5195647960902656,1.585531251232172
P06,S1,lv2,92,3.3804858691714523,2.2995504232182555
P06,S1,lv2,93,5.3430269176080065,5.367018091044147
P06,S1,lv2,94,7.774288790351123,10.06392611750167
P06,S1,lv2,95,5.43312988433308,4.313746528824129
P06,S1,lv2,96,4.176926604813564,6.059744004520797
P06,S1,lv2,97,28.400775309791257,7.331935422474421
P06,S1,lv2,98,2.9015574701158813,2.256142583737882
P06,S1,lv2,99,20.010363715728857,8.128568592396592
P06,S1,lv2,100,8.468277832823548,10.255477668354784
P06,S1,lv2,101,6.94288792313478,5.520916744753348
P06,S1,lv2,102,10.32996577709458,13.098628133066564
P06,S1,lv2,103,2.577097358534227,5.788994460166272
P06,S1,lv2,104,11.316812930785341,7.429746463884326
P06,S1,lv2,105,8.979042665222696,21.588880526820503
P06,S1,lv2,106,11.383975838381028,4.889119646033221
P06,S1,lv2,107,6.365820065944849,4.909216231161541
P06,S1,lv2,108,6.788656040007667,6.1274824578685
P06,S1,lv2,109,9.732266370527215,9.617124262445156
P06,S1,lv2,110,33.774370651888646,16.964317448218964
P06,S1,lv2,111,5.942605093141879,4.940933666326364
P06,S1,lv2,112,11.410983667800869,23.530310708547148
P06,S1,lv2,113,11.21821039254797,7.960835157483606
P06,S1,lv2,114,25.799917823569576,12.845214159595344
P06,S1,lv2,115,8.977212410976131,8.437929971785383
P06,S1,lv2,116,6.458618829203065,5.998933748330059
P06,S1,lv2,117,6.303379232712054,9.37331766744418
P06,S1,lv2,118,10.362116908513729,5.600987035881955
P06,S1,lv2,119,5.179855904747078,3.3937158311536244
P06,S1,lv2,120,18.67654775153959,9.738431491621492
P06,S1,lv2,121,84.90595691230978,17.171737341827253
P06,S1,lv2,122,5.171454351520112,5.312373717901556
P06,S1,lv2,123,7.745444385588974,5.919706022649336
P06,S1,lv2,124,4.5483264882652135,3.6203427331912925
P06,S1,lv2,125,3.1565657898082957,2.824517700381533
P06,S1,lv2,126,3.838481434102073,4.700948527603853
P06,S1,lv2,127,11.650121521921825,6.208617014910665
P06,S1,lv2,128,8.663556538325695,7.155664570002806
P06,S1,lv2,129,10.247929442127012,8.794832319414112
P06,S1,lv2,130,12.383616501330907,3.5135731733498874
P06,S1,lv2,131,3.7112655890995416,2.814688412445151
P06,S1,lv2,132,5.856036803443128,3.057453575295484
P06,S1,lv2,133,6.0592318592869905,7.040394666318351
P06,S1,lv2,134,3.3771949078926635,7.0312591925218575
P06,S1,lv2,135,4.534159293353912,8.582135951134608
P06,S1,lv2,136,4.841889473062361,5.9308313493221165
P06,S1,lv2,137,11.627518309394302,10.974588068912492
P06,S1,lv2,138,6.60354936157713,8.513341354354317
P06,S1,lv2,139,8.988911251171666,5.738854923420737
P06,S1,lv2,140,13.32613657067046,9.4680587104008
P06,S1,lv2,141,15.800955368401711,4.411995187354919
P06,S1,lv2,142,6.077534712722154,6.760596782244122
P06,S1,lv2,143,4.633407999422153,7.811898606795777
P06,S1,lv2,144,35.85789373633656,11.118561236763043
P06,S1,lv2,145,14.308014440796764,16.28619528414582
P06,S1,lv2,146,18.103000155755947,6.10093815105759
P06,S1,lv2,147,5.022823118877215,2.7223155771295113
P06,S1,lv2,148,4.373339668647916,2.6593977997313956
P06,S2,base,0,10.834896184507226,23.035401649254396
P06,S2,base,1,13.575708448100462,22.91880253473891
P06,S2,base,2,9.337066028168598,14.278740594464304
P06,S2,base,3,9.04568276752069,3.3144604126078585
P06,S2,base,4,3.1718683816624607,1.8230153616892033
P06,S2,base,5,2.5401953622924256,1.2526823735611696
P06,S2,base,6,6.758775729484008,8.71760502986893
P06,S2,base,7,3.597268052877325,4.693095307429696
P06,S2,base,8,12.359643225727746,9.204296680437547
P06,S2,base,9,1.8231112826349116,60.08316317354792
P06,S2,base,10,21.0656820680867,11.786985209706385
P06,S2,base,11,5.087580322939768,7.923473297015726
P06,S2,base,12,2.168646568489394,4.04958560477696
P06,S2,base,13,1.928668740612996,4.177690031667564
P06,S2,base,14,2.449894709340639,3.469332086363076
P06,S2,base,15,1.2140146255079718,2.4183857638181663
P06,S2,base,16,3.157481224614253,2.835355855966841
P06,S2,base,17,3.0400685567847545,3.4213547957625687
P06,S2,base,18,2.125491224707918,2.2455343254279536
P06,S2,base,19,3.3854610370456633,3.860907018507264
P06,S2,base,20,3.4301967829096185,4.566871094755541
P06,S2,base,21,2.2617641263973693,4.631148280755763
P06,S2,base,22,1.523773121526952,4.4376012143697015
P06,S2,base,23,4.328964419508015,2.085472803068104
P06,S2,base,24,3.3501728766661762,3.537129551153863
P06,S2,base,25,39.77374047255749,12.960398780074005
P06,S2,base,26,20.990764089863255,10.699787041037686
P06,S2,base,27,11.317003614334213,9.103932630791665
P06,S2,base,28,5.6590310999863975,9.79028387889799
P06,S2,base,29,17.202258376063202,5.020617538055794
P06,S2,lv0,0,8.327325358140993,5.518533922242904
P06,S2,lv0,1,4.3208304420538175,8.785457931742073
P06,S2,lv0,2,5.537462601796093,2.926791646817379
P06,S2,lv0,3,9.543529051238695,4.373996678658813
P06,S2,lv0,4,4.8106940543392165,2.4366928221495106
P06,S2,lv0,5,3.184698965570618,1.8731516654403912
P06,S2,lv0,6,3.0926699197743086,1.1413759959451888
P06,S2,lv0,7,7.0595277279485,2.1691245523924505
P06,S2,lv0,8,5.302271811447081,1.873937041269602
P06,S2,lv0,9,7.822956875208647,3.561572513627192
P06,S2,lv0,10,6.544544662018029,5.6215592310913625
P06,S2,lv0,11,4.262493999472296,2.8525912792679704
P06,S2,lv0,12,6.078753778291629,4.188492856931014
P06,S2,lv0,13,3.956474939868665,2.3686094822089525
P06,S2,lv0,14,4.339454343012716,2.302875445720899
P06,S2,lv0,15,3.468742948479021,4.036056228061808
P06,S2,lv0,16,13.423215961251165,3.1723170624337667
P06,S2,lv0,17,10.495549055596806,2.891506935680432
P06,S2,lv0,18,4.9337137439227545,2.8509313848756115
P06,S2,lv0,19,4.750885118992066,2.8265371776167356
P06,S2,lv0,20,3.016673501038577,3.0591571915246156
P06,S2,lv0,21,2.3224597805150395,4.6793442714103755
P06,S2,lv0,22,8.260616424260347,4.5606133576041294
P06,S2,lv0,23,10.102324101208755,6.960069325833234
P06,S2,lv0,24,4.875957720231976,2.199345807603321
P06,S2,lv0,25,2.3150930549870017,4.351316419028881
P06,S2,lv0,26,2.211563193469536,2.1811727154390077
P06,S2,lv0,27,3.6276560661857986,1.8751826351436858
P06,S2,lv0,28,2.3855698186173497,4.505084227079959
P06,S2,lv0,29,2.726898248585573,3.145131067895772
P06,S2,lv0,30,2.466567407845733,1.516953538575872
P06,S2,lv0,31,2.668371549981698,2.5075391728861933
P06,S2,lv0,32,1.4819688536668882,2.651610134474831
P06,S2,lv0,33,1.79766502235212,0.9118915861397298
P06,S2,lv0,34,2.2587868738114154,3.0511954710750366
P06,S2,lv0,35,2.426528567790421,1.3649335501733877
P06,S2,lv0,36,3.225342986044584,1.5082225051956748
P06,S2,lv0,37,7.019303045839771,2.2940946355986394
P06,S2,lv0,38,6.742083238267761,3.079725394408268
P06,S2,lv0,39,5.313528594759737,2.30908240959374
P06,S2,lv0,40,8.83438273329126,5.065398191513542
P06,S2,lv0,41,12.73535836817414,6.596276656252002
P06,S2,lv0,42,6.045894415775373,2.457777106974853
P06,S2,lv0,43,5.447466187303139,2.3941905137187702
P06,S2,lv0,44,8.225195517256955,4.919729912329456
P06,S2,lv0,45,2.730865183293684,2.4838473436489052
P06,S2,lv0,46,4.717233049834919,3.997360662690066
P06,S2,lv0,47,2.074017636463856,2.088629402560536
P06,S2,lv0,48,3.488958704547796,6.010080935687765
P06,S2,lv0,49,6.840045105049824,3.767920759800689
P06,S2,lv0,50,5.528342147070611,4.635368876243779
P06,S2,lv0,51,2.5645585733174103,1.3973403306578909
P06,S2,lv0,52,4.549446357425915,9.643254393618468
P06,S2,lv0,53,3.0918271620611737,3.4498459684394267
P06,S2,lv0,54,2.459558614526296,3.565021072048236
P06,S2,lv0,55,7.656672760853649,8.508087907216526
P06,S2,lv0,56,3.677642424164483,4.780542724860735
P06,S2,lv0,57,2.4169859244192784,3.2029174635869024
P06,S2,lv0,58,5.403337124971522,4.5124826074817745
P06,S2,lv0,59,9.162599857254941,2.1172673403842595
P06,S2,lv0,60,2.5011920839128994,1.7559002155203
P06,S2,lv0,61,2.4047618358708083,2.868534724505293
P06,S2,lv0,62,9.324557998009888,4.471839781568029
P06,S2,lv0,63,3.5341584682091542,3.861561920692474
P06,S2,lv0,64,2.2646075040270506,2.5562457606573403
P06,S2,lv0,65,14.659424132455385,7.707470411540964
P06,S2,lv0,66,5.7315413200482785,4.971852321723458
P06,S2,lv0,67,3.3147158658319595,2.5921571568143285
P06,S2,lv0,68,6.477261105930153,4.541384558370575
P06,S2,lv0,69,5.563488640785808,3.3138442509341113
P06,S2,lv0,70,2.9144545150017174,2.1382161190275317
P06,S2,lv0,71,2.2242312526794317,4.955037976454939
P06,S2,lv0,72,3.0608781721028118,6.5579132785063825
P06,S2,lv0,73,4.968700979329832,4.5075686160176
P06,S2,lv0,74,32.295221119904745,9.107259828437796
P06,S2,lv0,75,4.220547851790962,3.996636033487801
P06,S2,lv0,76,4.757391671984895,5.918828685413872
P06,S2,lv0,77,2.1353183608964565,3.9052127895776976
P06,S2,lv0,78,2.244243101033218,3.764582701373701
P06,S2,lv0,79,5.026701015383055,4.799174548596792
P06,S2,lv0,80,1.3907865826827661,1.7126763216434786
P06,S2,lv0,81,1.8900000555208072,1.4773132899895183
P06,S2,lv0,82,2.671783402823865,2.697711394019271
P06,S2,lv0,83,2.8005000038779815,2.9513140508855513
P06,S2,lv0,84,18.64029004362259,9.19967856223322
P06,S2,lv0,85,2.443017497681894,7.081831349764044
P06,S2,lv0,86,0.6938466201124209,1.5664633824094192
P06,S2,lv0,87,3.6124225230174307,2.7217697733081523
P06,S2,lv0,88,2.0481031930429707,3.617646996480207
P06,S2,lv0,89,2.9636571440521133,3.2091771741498847
P06,S2,lv0,90,3.1967895274123794,3.3063571351886
P06,S2,lv0,91,10.564410379666732,3.2978661117114747
P06,S2,lv0,92,3.4927204652592567,3.907581686467885
P06,S2,lv0,93,2.439293302244384,2.9822674633459756
P06,S2,lv0,94,3.96578126887888,3.4571638127928948
P06,S2,lv0,95,2.780690610334859,5.373143139547148
P06,S2,lv0,96,7.269157656046551,3.8347394987653116
P06,S2,lv0,97,2.5021521659581416,20.251129770461773
P06,S2,lv0,98,4.427285692970441,6.808681705998044
P06,S2,lv0,99,2.741235187220868,6.172951523401578
P06,S2,lv0,100,11.083816899576,6.414478360480267
P06,S2,lv0,101,13.393903242776524,4.895580710642684
P06,S2,lv0,102,5.156877821975939,3.225443485738517
P06,S2,lv0,103,2.511844309774884,2.0362228069178454
P06,S2,lv0,104,2.9956788534462087,5.505108521000243
P06,S2,lv0,105,3.053021299205903,3.06963137135712
P06,S2,lv0,106,3.5277490903790034,4.71795102248895
P06,S2,lv0,107,2.554163220826618,2.2125714044474964
P06,S2,lv0,108,1.9713266021698261,1.8960135563210088
P06,S2,lv0,109,1.5863890187001501,1.5889323417908503
P06,S2,lv0,110,2.2783930900624974,2.15263949333644
P06,S2,lv0,111,2.922084841113812,1.9195620145181373
P06,S2,lv0,112,3.0593425295557473,2.9223789202049852
P06,S2,lv0,113,2.6568717874129315,1.8341246310752264
P06,S2,lv0,114,1.4217270393495751,3.4754767759499963
P06,S2,lv0,115,11.604042076663196,5.831169645352077
P06,S2,lv0,116,3.5938973403577035,5.522114142741994
P06,S2,lv0,117,2.6142305127203747,9.552365987069809
P06,S2,lv0,118,3.7302916144759255,2.412593349223178
P06,S2,lv0,119,4.666046213874074,4.2844707944329565
P06,S2,lv0,120,2.9148898862428103,1.7543628698736298
P06,S2,lv0,121,4.488801281518421,3.339618711900805
P06,S2,lv0,122,2.152916845383856,3.865143240834928
P06,S2,lv0,123,12.729638201940476,8.137415401741515
P06,S2,lv0,124,8.897563602421098,2.638006870712166
P06,S2,lv0,125,9.615037175509281,6.342801486960372
P06,S2,lv0,126,5.653042154034364,3.8379879371865466
P06,S2,lv0,127,2.7664262327593,3.8992768348189712
P06,S2,lv0,128,3.112228720877775,2.1504003024566876
P06,S2,lv0,129,3.370878911242852,2.569780273350197
P06,S2,lv0,130,2.7265592864987744,6.649283321007274
P06,S2,lv0,131,2.2014749400706455,3.1306903153388252
P06,S2,lv0,132,5.727804387845725,3.4497738275007537
P06,S2,lv0,133,1.9761708696333937,3.0190971728753873
P06,S2,lv0,134,26.73184440507684,17.09033235992254
P06,S2,lv0,135,52.49257358823546,7.458977021793312
P06,S2,lv0,136,3.205736448552842,2.6070368247004576
P06,S2,lv0,137,4.446351742089534,3.1266490331091488
P06,S2,lv0,138,3.8697822495360503,4.8404636938164165
P06,S2,lv0,139,8.503104391774526,4.6083165769108225
P06,S2,lv0,140,3.6976454599652135,2.756332512850131
P06,S2,lv0,141,2.3144701801950895,3.6021895481850184
P06,S2,lv0,142,6.2796874317637785,2.492648599861397
P06,S2,lv0,143,3.0916816025124665,5.277710813682466
P06,S2,lv0,144,4.029888067324199,4.422280310253185
P06,S2,lv0,145,4.523932106665852,4.4310097951591825
P06,S2,lv0,146,8.513791648159415,3.233055936729073
P06,S2,lv0,147,3.251053076618853,3.295151816114313
P06,S2,lv0,148,3.575112017015478,3.398582645570425
P06,S2,lv1,0,10.604594642662539,4.508158972708704
P06,S2,lv1,1,28.498351571322537,6.613931003634967
P06,S2,lv1,2,11.703006471779426,5.640589662694432
P06,S2,lv1,3,3.325129087849377,4.01942619860587
P06,S2,lv1,4,2.8488677418023496,2.571647927532483
P06,S2,lv1,5,11.643962189575902,5.282996631338347
P06,S2,lv1,6,10.85598123508331,11.496419943044852
P06,S2,lv1,7,4.203758622391308,1.596310533268798
P06,S2,lv1,8,5.947351506033409,2.1797787732480294
P06,S2,lv1,9,10.19836454157161,6.436191058733187
P06,S2,lv1,10,10.942486018899208,7.795555649509414
P06,S2,lv1,11,13.528322967788384,8.29601854829961
P06,S2,lv1,12,7.771283846217733,3.796038328756764
P06,S2,lv1,13,7.420620597256102,3.8407404639358926
P06,S2,lv1,14,13.061561728203154,4.64130943524417
P06,S2,lv1,15,2.6007057989431135,2.0846638826445605
P06,S2,lv1,16,8.474254573464272,4.803008311470562
P06,S2,lv1,17,7.768993193281848,4.977673614404905
P06,S2,lv1,18,10.395371423037975,9.051925916201728
P06,S2,lv1,19,5.028329992955262,4.127069074663822
P06,S2,lv1,20,32.19063222821561,5.616606821137185
P06,S2,lv1,21,2.1443739999180957,1.6985268769960797
P06,S2,lv1,22,15.253290443031528,5.093218926311645
P06,S2,lv1,23,14.07802439685846,3.597137016195224
P06,S2,lv1,24,5.9617469201687685,5.105288615883929
P06,S2,lv1,25,3.849817699601912,7.650464434138
P06,S2,lv1,26,7.157195355267803,3.829604578685008
P06,S2,lv1,27,5.5807830177509565,6.415398701554613
P06,S2,lv1,28,7.564865162978817,5.656805308773997
P06,S2,lv1,29,6.918843844807901,10.144937036133346
P06,S2,lv1,30,2.949937018061693,4.779969903198845
P06,S2,lv1,31,4.07785415792102,6.061067466721926
P06,S2,lv1,32,8.362843477234275,7.143292912875727
P06,S2,lv1,33,6.608077022802584,7.46820875821335
P06,S2,lv1,34,27.149819023989224,5.058918896345117
P06,S2,lv1,35,4.912375490239258,7.020588958157659
P06,S2,lv1,36,7.972233889358172,3.545463867529439
P06,S2,lv1,37,25.302413749682515,4.214344224193674
P06,S2,lv1,38,5.635041617985119,4.867104341250186
P06,S2,lv1,39,12.952901780435413,5.3419549825218295
P06,S2,lv1,40,29.480477195288408,8.291831423740913
P06,S2,lv1,41,6.423365791871435,3.975666108872617
P06,S2,lv1,42,8.208188065992994,7.821734702482322
P06,S2,lv1,43,6.902602655021469,10.707679674453592
P06,S2,lv1,44,7.622927570807248,5.4639827171330015
P06,S2,lv1,45,25.43729046875598,8.198424982879116
P06,S2,lv1,46,17.255135990107775,4.161685361118069
P06,S2,lv1,47,30.002783906301822,9.597007272185596
P06,S2,lv1,48,9.937945664113444,5.98000627460663
P06,S2,lv1,49,24.272294077754353,7.727152027448675
P06,S2,lv1,50,6.975312923919347,6.773941275155859
P06,S2,lv1,51,7.178948001292945,6.597292825734578
P06,S2,lv1,52,4.709581804775729,8.397828112673055
P06,S2,lv1,53,4.223284114774864,3.13765937018918
P06,S2,lv1,54,2.986661053314592,6.180589365487258
P06,S2,lv1,55,21.248085102745204,6.471336302479213
P06,S2,lv1,56,9.003892429069735,2.805338457083706
P06,S2,lv1,57,4.710908890857705,3.9315553936519754
P06,S2,lv1,58,11.09541517145223,4.914023457729143
P06,S2,lv1,59,2.126113289738824,2.2094976913942834
P06,S2,lv1,60,2.1241678909955612,2.9316180888520917
P06,S2,lv1,61,34.21756189908288,9.506701541315454
P06,S2,lv1,62,24.439599524381144,4.807157373068721
P06,S2,lv1,63,10.720839332295181,7.108427943752573
P06,S2,lv1,64,41.86137832055524,5.367991511332977
P06,S2,lv1,65,4.1773150959413075,7.6988325533764925
P06,S2,lv1,66,7.528421111505149,7.071204589985563
P06,S2,lv1,67,10.183616413465595,5.953660651377015
P06,S2,lv1,68,9.257289065589662,4.372361509895728
P06,S2,lv1,69,8.685817922638305,5.388034640345052
P06,S2,lv1,70,16.87105160534577,7.781793773186448
P06,S2,lv1,71,4.165649399898271,3.4573983905764742
P06,S2,lv1,72,5.0605529889412635,4.7164200870625095
P06,S2,lv1,73,27.636878035454604,5.941627812602745
P06,S2,lv1,74,9.701963409146044,4.761543010324345
P06,S2,lv1,75,5.062821127947501,5.324272555949864
P06,S2,lv1,76,5.362959958753131,5.878175105149301
P06,S2,lv1,77,17.325602970581798,7.883998080785456
P06,S2,lv1,78,9.165912382365251,8.136538487083076
P06,S2,lv1,79,34.32692407180685,5.609362493305083
P06,S2,lv1,80,10.155778354378182,6.230925677075437
P06,S2,lv1,81,7.354704773657404,8.62890126283362
P06,S2,lv1,82,6.079415356628297,6.3481553473337655
P06,S2,lv1,83,4.268427803891509,3.119311746712286
P06,S2,lv1,84,35.454744959483804,6.176175130646576
P06,S2,lv1,85,26.906082767971114,7.7193509002143035
P06,S2,lv1,86,2.3119880275532085,4.960879457755252
P06,S2,lv1,87,48.54388377762182,3.3317824757891006
P06,S2,lv1,88,6.789025993179606,7.4044863208482905
P06,S2,lv1,89,41.93713497205814,8.085801316275484
P06,S2,lv1,90,27.46089435105513,6.199168047056683
P06,S2,lv1,91,7.200214506590182,5.790671149806958
P06,S2,lv1,92,4.09999871412072,6.574636761068177
P06,S2,lv1,93,4.397638323699296,7.100223887919742
P06,S2,lv1,94,2.1898791198648535,2.854680353302933
P06,S2,lv1,95,4.686285543849787,4.031681115952881
P06,S2,lv1,96,5.277281530678033,4.908983616046565
P06,S2,lv1,97,7.007039364425445,4.080873542918456
P06,S2,lv1,98,23.333265298432305,4.910726550140851
P06,S2,lv1,99,3.1287955850870017,3.25146421808116
P06,S2,lv1,100,10.557821580591929,7.612220292195059
P06,S2,lv1,101,23.153697594381942,6.748692815871622
P06,S2,lv1,102,28.99388735308526,9.921421103133117
P06,S2,lv1,103,9.821826140905936,7.235096001571181
P06,S2,lv1,104,7.600730091751384,7.210733695765402
P06,S2,lv1,105,6.0323210754111996,6.331549627828639
P06,S2,lv1,106,5.483841726432188,14.433662412661892
P06,S2,lv1,107,7.902361636348344,4.727204474066434
P06,S2,lv1,108,6.70548743243177,5.295170008832026
P06,S2,lv1,109,10.707894802753449,6.873033834328299
P06,S2,lv1,110,14.634544303774257,8.866037306998052
P06,S2,lv1,111,19.947841057090926,8.752859269855753
P06,S2,lv1,112,7.867269487823768,7.140943689770679
P06,S2,lv1,113,1.5939463835603205,8.252721663417026
P06,S2,lv1,114,9.581490794962273,4.523630113911412
P06,S2,lv1,115,13.354188166847052,7.997151146233606
P06,S2,lv1,116,2.7983866978950296,4.978691892234433
P06,S2,lv1,117,10.057822023929639,5.461915769791053
P06,S2,lv1,118,9.612996062713146,3.0899370361247165
P06,S2,lv1,119,8.20879941995546,7.360235138600626
P06,S2,lv1,120,8.269768004929524,7.167381662508068
P06,S2,lv1,121,24.386665025970824,9.676548738214729
P06,S2,lv1,122,2.471990184155633,2.8320541122232123
P06,S2,lv1,123,11.691655341713977,7.419865007785861
P06,S2,lv1,124,4.901712340527278,4.411390379308969
P06,S2,lv1,125,5.213866393866424,3.320149038171791
P06,S2,lv1,126,35.73594264944818,3.2668394202024245
P06,S2,lv1,127,10.636478045298022,8.182904724364775
P06,S2,lv1,128,6.782034095482795,6.066508310807716
P06,S2,lv1,129,22.975976924913834,3.4144343228317884
P06,S2,lv1,130,13.692344024775757,10.195227606171898
P06,S2,lv1,131,12.729543354647662,4.98442937419635
P06,S2,lv1,132,5.7956411999743285,6.935385589257997
P06,S2,lv1,133,8.104449286111008,8.591210811057374
P06,S2,lv1,134,10.125870906001623,2.6082381877606022
P06,S2,lv1,135,9.301900511332729,5.219847310498968
P06,S2,lv1,136,10.251500179106289,4.894510263498222
P06,S2,lv1,137,9.061631650600583,6.600950439144386
P06,S2,lv1,138,10.60262665500329,5.482531445634716
P06,S2,lv1,139,4.660229954516827,3.4003746247897566
P06,S2,lv1,140,5.931168544421428,3.672646785442196
P06,S2,lv1,141,3.145738388364872,3.6601187061523537
P06,S2,lv1,142,4.249100041462665,7.715489487140204
P06,S2,lv1,143,10.847493158669543,3.1766121543969903
P06,S2,lv1,144,4.897388749964747,5.835142612507131
P06,S2,lv1,145,5.883358036982416,4.58801633097359
P06,S2,lv1,146,6.63426240943805,6.644067587633901
P06,S2,lv1,147,13.468996421934502,6.188130067965566
P06,S2,lv1,148,8.43439118740328,8.01853020036435
P06,S2,lv2,0,5.8784948394984085,3.699858035650773
P06,S2,lv2,1,71.19200927782711,12.521752787212701
P06,S2,lv2,2,9.551008879228975,5.209699601368457
P06,S2,lv2,3,32.44280223276142,12.403261795493545
P06,S2,lv2,4,2.422725795998092,4.876979414581605
P06,S2,lv2,5,4.551395727509514,1.3597403011282783
P06,S2,lv2,6,11.001003028123765,6.320361747521905
P06,S2,lv2,7,3.1000016171720293,3.8040663267106622
P06,S2,lv2,8,6.173826730200205,4.092118204065969
P06,S2,lv2,9,6.528896056279844,5.631794137607009
P06,S2,lv2,10,35.16367234239413,10.51254406531298
P06,S2,lv2,11,36.06167315636154,18.61489019137689
P06,S2,lv2,12,18.52511114854702,8.776645130304898
P06,S2,lv2,13,20.643572364235933,11.893752292353838
P06,S2,lv2,14,10.561377403358325,6.436885871348807
P06,S2,lv2,15,13.751082886513622,13.03539213578873
P06,S2,lv2,16,4.537720570696463,10.749757705328193
P06,S2,lv2,17,11.0098195782789,8.925179225095937
P06,S2,lv2,18,21.82255593273664,8.906613126721371
P06,S2,lv2,19,4.834580324956466,7.008303757567026
P06,S2,lv2,20,5.300309811843012,6.851530930943209
P06,S2,lv2,21,6.023216191730788,7.589320582846673
P06,S2,lv2,22,12.80556756932415,8.420528150857656
P06,S2,lv2,23,5.5420790666318975,6.252450091643143
P06,S2,lv2,24,7.509466616030102,6.301047882502341
P06,S2,lv2,25,7.307801119538002,7.018446390395175
P06,S2,lv2,26,9.140566560279593,5.3058528899975315
P06,S2,lv2,27,19.718252973676613,6.600425278206381
P06,S2,lv2,28,8.956949085907619,8.212871150837472
P06,S2,lv2,29,3.6068240400221696,4.38704222193905
P06,S2,lv2,30,1.9742936231908184,4.802746600385091
P06,S2,lv2,31,5.255559835921383,2.5096252065996256
P06,S2,lv2,32,5.031264809508534,4.7943969142137774
P06,S2,lv2,33,6.079766785473173,7.226428107753939
P06,S2,lv2,34,4.364718439512827,15.142093041809897
P06,S2,lv2,35,19.423395682888696,15.82050782786146
P06,S2,lv2,36,9.097357063998508,11.28987778786571
P06,S2,lv2,37,3.995355631537231,5.173715127193607
P06,S2,lv2,38,8.930812674846171,8.033451654139125
P06,S2,lv2,39,10.416345131632816,4.532909864885332
P06,S2,lv2,40,24.337540085839233,8.18687723244964
P06,S2,lv2,41,18.161888507191957,13.28407645567583
P06,S2,lv2,42,4.164487511207483,5.437044395225435
P06,S2,lv2,43,3.6650602470932196,3.004445392933076
P06,S2,lv2,44,4.10894933441994,2.972723877207094
P06,S2,lv2,45,6.62901731249591,2.6751025470127208
P06,S2,lv2,46,32.108419797049386,10.803269051286222
P06,S2,lv2,47,12.793778562212603,8.70276666559262
P06,S2,lv2,48,17.782855440927985,8.400807155193837
P06,S2,lv2,49,3.7810574435430944,5.345853806091523
P06,S2,lv2,50,16.38650628627109,10.511608522307133
P06,S2,lv2,51,2.657544921444082,4.73995283949722
P06,S2,lv2,52,3.88465757306989,4.114818890156241
P06,S2,lv2,53,3.5835041423482483,3.2362486363527405
P06,S2,lv2,54,2.5598641945592218,2.095018512633505
P06,S2,lv2,55,3.2028310266112308,6.972705600278339
P06,S2,lv2,56,3.497398675446018,2.430484027702067
P06,S2,lv2,57,10.207421859834156,3.396629420909438
P06,S2,lv2,58,7.292312744358044,7.180556381255966
P06,S2,lv2,59,9.386630297258963,4.879931700259129
P06,S2,lv2,60,7.973151612863879,6.1631055266895025
P06,S2,lv2,61,7.321476778026564,8.471419158601911
P06,S2,lv2,62,110.93542414399909,14.016265155412809
P06,S2,lv2,63,12.071489551039027,8.944267885846306
P06,S2,lv2,64,21.99558820999908,8.723458197925362
P06,S2,lv2,65,12.021704565526242,8.527200705583219
P06,S2,lv2,66,11.455092848785057,9.419717490388829
P06,S2,lv2,67,6.800887585908107,6.265214094386523
P06,S2,lv2,68,18.33909901891256,9.254736812924875
P06,S2,lv2,69,15.539500199925929,14.670725898055997
P06,S2,lv2,70,6.023445957416168,6.12399471668708
P06,S2,lv2,71,12.31808896118027,6.576157977058338
P06,S2,lv2,72,16.633803034101334,12.648624237873753
P06,S2,lv2,73,2.9407841099230287,2.803560428764592
P06,S2,lv2,74,5.386342149707639,5.968854909274538
P06,S2,lv2,75,2.569933614998519,3.4231315191398797
P06,S2,lv2,76,5.398940923252507,6.853384572398861
P06,S2,lv2,77,5.087601019048118,3.6356250665670937
P06,S2,lv2,78,17.633951363892635,8.167957685363735
P06,S2,lv2,79,5.6326087081334855,5.336888858517403
P06,S2,lv2,80,7.679045009353642,5.476647399582191
P06,S2,lv2,81,3.4640839079929684,6.9615372703078
P06,S2,lv2,82,11.30337511551514,9.100526458316866
P06,S2,lv2,83,15.127476286029067,6.865048041980622
P06,S2,lv2,84,4.36945604549843,11.508472912823215
P06,S2,lv2,85,24.180753351146382,10.050672658517943
P06,S2,lv2,86,11.812730173329392,4.899126367319258
P06,S2,lv2,87,9.349721826021055,12.197648915615245
P06,S2,lv2,88,4.410203906040071,3.985399446826683
P06,S2,lv2,89,4.82858248177097,13.22212528488971
P06,S2,lv2,90,8.055553963384254,3.4927346415362504
P06,S2,lv2,91,9.667044815131838,6.276807443675554
P06,S2,lv2,92,8.557324840834315,13.861119911318406
P06,S2,lv2,93,16.01733260149865,4.332773438680991
P06,S2,lv2,94,2.9386682181308195,8.824487824507216
P06,S2,lv2,95,2.4782721541606234,1.3075591834366111
P06,S2,lv2,96,5.645512735166911,4.686227606220046
P06,S2,lv2,97,21.019680653590033,12.121788676298388
P06,S2,lv2,98,11.92260441324054,6.332251396972068
P06,S2,lv2,99,2.2844366861574477,4.881317664318218
P06,S2,lv2,100,4.075791629316394,6.197170241451446
P06,S2,lv2,101,2.914815468728105,2.0159871882383413
P06,S2,lv2,102,8.119668591188164,6.2078252681812724
P06,S2,lv2,103,3.7852645385504236,2.9603077318341247
P06,S2,lv2,104,14.388853519649729,6.625255126710852
P06,S2,lv2,105,17.06653043850676,8.217697267128344
P06,S2,lv2,106,68.0041760834523,7.932531700244049
P06,S2,lv2,107,11.540933310741675,9.238442001788828
P06,S2,lv2,108,3.531062257699125,8.965972262349023
P06,S2,lv2,109,5.206800646236678,5.783301132414725
P06,S2,lv2,110,3.6111341902571414,7.245540854523501
P06,S2,lv2,111,54.682014091537376,10.510076409481718
P06,S2,lv2,112,21.236950392429954,5.629935291642077
P06,S2,lv2,113,25.113883243887397,7.044952871789821
P06,S2,lv2,114,8.310720136960597,7.641292316128914
P06,S2,lv2,115,9.504894227547515,7.498359001628055
P06,S2,lv2,116,3.582483860840057,2.4676739412132895
P06,S2,lv2,117,3.9442518647541567,2.339237369864217
P06,S2,lv2,118,5.779055780437587,6.1217852484414275
P06,S2,lv2,119,2.1518897103165293,6.190100717295158
P06,S2,lv2,120,3.750166023411889,2.8487848689713844
P06,S2,lv2,121,3.8484218689053726,4.6683414941999155
P06,S2,lv2,122,7.6281617399464485,5.065851253355509
P06,S2,lv2,123,5.7638331411295685,3.3872105341094656
P06,S2,lv2,124,4.139874323748371,3.8999971172716923
P06,S2,lv2,125,77.88657475277697,16.43739148142467
P06,S2,lv2,126,7.637528496015654,5.692439675133039
P06,S2,lv2,127,8.476294510362365,3.822079289804273
P06,S2,lv2,128,5.256366651511018,6.039012759788683
P06,S2,lv2,129,12.417493541609637,7.260662995987749
P06,S2,lv2,130,5.7082087136588235,4.038578776141199
P06,S2,lv2,131,9.597118507004893,5.769005009547041
P06,S2,lv2,132,33.02467800625951,5.768373623183014
P06,S2,lv2,133,4.583113628556316,3.2555638518109955
P06,S2,lv2,134,2.8763968628127228,5.707741872844538
P06,S2,lv2,135,62.36186959866713,11.059870919161924
P06,S2,lv2,136,15.818330516177431,18.16081081145717
P06,S2,lv2,137,2.668388899791668,7.355075582888138
P06,S2,lv2,138,8.121648957843853,14.616635508645064
P06,S2,lv2,139,2.3034895646014144,4.197533858898499
P06,S2,lv2,140,7.441639985159036,5.765243480450437
P06,S2,lv2,141,12.186942256230672,11.44392887302303
P06,S2,lv2,142,5.6283403599710065,7.699097062340848
P06,S2,lv2,143,17.24206432447601,16.636677964608666
P06,S2,lv2,144,10.619138815673628,10.933924632055428
P06,S2,lv2,145,12.177414042621567,6.275483082862957
P06,S2,lv2,146,6.7172129496039865,8.367206647623982
P06,S2,lv2,147,8.46312878731223,7.761925055392003
P06,S2,lv2,148,26.677838460756433,10.853952915075832
P07,S1,base,0,2.202019870921052,2.2351631062261403
P07,S1,base,1,12.094947070988242,3.3396414251036988
P07,S1,base,2,2.392127102936801,0.9286511179285141
P07,S1,base,3,10.842815843784754,2.196183150450628
P07,S1,base,4,3.2588079269184997,1.8336432101566063
P07,S1,base,5,1.8891569334223248,1.272893246917258
P07,S1,base,6,24.519802842682275,1.3398284000376937
P07,S1,base,7,1.7824550251289135,0.9488404595222806
P07,S1,base,8,2.316997629312247,1.3736935567318056
P07,S1,base,9,6.303057727793407,1.4585608964023615
P07,S1,base,10,1.6178615359970436,2.389440017528932
P07,S1,base,11,2.7289875081493253,3.1672978641396123
P07,S1,base,12,22.218874689576772,3.7004651708503373
P07,S1,base,13,9.943481860391591,4.712785548183827
P07,S1,base,14,2.372420124259347,2.9518419763220702
P07,S1,base,15,0.9701410402582004,3.1506530811918063
P07,S1,base,16,2.776270812815058,5.957854717830076
P07,S1,base,17,2.02862320235229,2.57234391190836
P07,S1,base,18,2.3997547996186097,2.829302960905235
P07,S1,base,19,0.969933309151043,2.32848159360077
P07,S1,base,20,1.553975033124332,0.7387290375814759
P07,S1,base,21,1.5203993409718701,0.8803631261118801
P07,S1,base,22,2.1347299031070386,2.8070010003391817
P07,S1,base,23,3.2672744393420525,2.4836600587941753
P07,S1,base,24,1.5759293111270163,1.3342265689162927
P07,S1,base,25,1.961963065260667,7.992725841033698
P07,S1,base,26,3.623840881847454,7.076506203868106
P07,S1,base,27,1.6367888402858517,5.113359775625555
P07,S1,base,28,4.786233483655041,9.434506106987085
P07,S1,base,29,4.110270307194092,8.082180076107337
P07,S1,lv0,0,5.842025290296522,2.3248168853363693
P07,S1,lv0,1,5.421706057160293,1.7696819347494197
P07,S1,lv0,2,7.313876240149411,1.6948499017885963
P07,S1,lv0,3,8.56228196920265,2.1913528926727026
P07,S1,lv0,4,6.1446566167910035,2.162959640821492
P07,S1,lv0,5,9.377725778700286,3.4899421677856926
P07,S1,lv0,6,7.603759527567983,0.8377264451161053
P07,S1,lv0,7,4.900221525391429,4.864800347435201
P07,S1,lv0,8,7.429838265687586,4.048611274316424
P07,S1,lv0,9,3.567494742471887,1.4348571076216883
P07,S1,lv0,10,8.051065804277037,3.4675341837236116
P07,S1,lv0,11,3.5536766977174814,2.025778203789996
P07,S1,lv0,12,9.293932715331152,1.9344920887499106
P07,S1,lv0,13,4.928114548407938,2.027700429113365
P07,S1,lv0,14,4.852595996101131,1.9783854641325969
P07,S1,lv0,15,12.339308606268363,3.692566109396604
P07,S1,lv0,16,6.418977602484467,2.433689352324382
P07,S1,lv0,17,5.766374129306598,1.7450629331191287
P07,S1,lv0,18,2.074190986942604,1.9646252674378553
P07,S1,lv0,19,7.665291749148756,1.6015023485733655
P07,S1,lv0,20,6.037679134408232,2.279523339013482
P07,S1,lv0,21,8.061883978941747,2.935613249987588
P07,S1,lv0,22,5.348695218367011,3.449006434388484
P07,S1,lv0,23,15.410395251014787,3.9733074021119883
P07,S1,lv0,24,6.189406235399313,1.7878220841409487
P07,S1,lv0,25,1.753534159488638,1.7255097758754008
P07,S1,lv0,26,4.4426573203931765,3.6782892182184
P07,S1,lv0,27,4.490355324046536,3.2970247140738924
P07,S1,lv0,28,3.5181696574872054,1.1808065079246746
P07,S1,lv0,29,2.3464890606735236,3.01447767782034
P07,S1,lv0,30,4.5732294188752505,2.0360148560173066
P07,S1,lv0,31,7.67117998939139,3.378426915326497
P07,S1,lv0,32,9.780930014949128,1.9922690089582147
P07,S1,lv0,33,5.964862000658008,2.4468752797651034
P07,S1,lv0,34,12.27696906490481,4.631683778692811
P07,S1,lv0,35,3.681856242466342,3.564578836199257
P07,S1,lv0,36,5.836451897287226,1.5898889359925072
P07,S1,lv0,37,7.5112910112964935,2.502727455890549
P07,S1,lv0,38,8.31757157207315,2.2993462505146653
P07,S1,lv0,39,56.890555854064054,3.6613448095404295
P07,S1,lv0,40,5.897468294929201,2.3654227464853683
P07,S1,lv0,41,8.95573532301658,4.808241972727019
P07,S1,lv0,42,6.430974694072033,4.556048801655984
P07,S1,lv0,43,26.406238818858665,2.8607053991309144
P07,S1,lv0,44,5.416672531420172,1.948334586347237
P07,S1,lv0,45,8.998660633948662,2.914244977529427
P07,S1,lv0,46,6.152808883868994,4.084741325597953
P07,S1,lv0,47,7.704807580546759,5.245951983307002
P07,S1,lv0,48,9.485052202868282,3.6453146032186847
P07,S1,lv0,49,8.229296582555987,4.045423619793465
P07,S1,lv0,50,6.033012609863295,2.9049099323573606
P07,S1,lv0,51,10.70689577602868,2.6078002742050885
P07,S1,lv0,52,1.936330151273786,1.0405680107873279
P07,S1,lv0,53,10.182543965934615,4.049147422675425
P07,S1,lv0,54,13.75226944529999,3.246509836145079
P07,S1,lv0,55,41.97921506942802,6.550686481814175
P07,S1,lv0,56,32.60059773411182,6.989889529872606
P07,S1,lv0,57,3.5319336257065626,2.081269541086572
P07,S1,lv0,58,6.2094602426427015,2.264802589716481
P07,S1,lv0,59,5.686473980060021,2.456262163907564
P07,S1,lv0,60,9.315755498281604,2.712939640930213
P07,S1,lv0,61,12.824406327502516,2.6096615233687674
P07,S1,lv0,62,10.499106066342915,3.317632722212365
P07,S1,lv0,63,6.233627761343577,1.9521385206148223
P07,S1,lv0,64,7.1713164773570135,2.8358988455826935
P07,S1,lv0,65,12.5372895719296,2.5448994322000567
P07,S1,lv0,66,13.979030550042923,2.4797993109338576
P07,S1,lv0,67,8.491571055614624,2.0089648072621635
P07,S1,lv0,68,4.837337881433346,1.8894748711679121
P07,S1,lv0,69,6.311264743391456,3.900238709378653
P07,S1,lv0,70,4.73714877265395,3.623084418310347
P07,S1,lv0,71,4.806407808639251,1.0680054627153481
P07,S1,lv0,72,8.516490751257136,3.100680042596406
P07,S1,lv0,73,3.831393287458287,1.147511373367842
P07,S1,lv0,74,6.885466939913098,2.9350594498427136
P07,S1,lv0,75,7.806979157336522,3.4632191748808254
P07,S1,lv0,76,5.937731090818217,1.5293402838441137
P07,S1,lv0,77,3.4262970760315485,2.611144413447255
P07,S1,lv0,78,8.808354852057699,2.211289746543784
P07,S1,lv0,79,7.097226653917898,3.8489902761562163
P07,S1,lv0,80,2.1289706756239912,2.074715319738392
P07,S1,lv0,81,7.770981383199949,2.3152468588025594
P07,S1,lv0,82,34.02191451526761,4.180475722333503
P07,S1,lv0,83,7.97668131676568,1.3143669873050752
P07,S1,lv0,84,7.4744157779605915,2.0648766507233085
P07,S1,lv0,85,6.531083075319369,2.2397671164464192
P07,S1,lv0,86,24.767771551045545,2.7116769156821556
P07,S1,lv0,87,5.436337180327437,1.9551799067402174
P07,S1,lv0,88,4.82546149693792,1.6602987420657016
P07,S1,lv0,89,8.733027565034293,4.702341883694905
P07,S1,lv0,90,7.16488886144169,1.1190370406838823
P07,S1,lv0,91,7.5519677685087565,3.3864129391958087
P07,S1,lv0,92,10.54206397218986,4.074742903794039
P07,S1,lv0,93,8.769801054346424,2.679084478955024
P07,S1,lv0,94,20.230835936462316,3.3674514606040824
P07,S1,lv0,95,11.73669705419738,2.7473122790168567
P07,S1,lv0,96,5.977592990405651,3.1348513691371602
P07,S1,lv0,97,7.098327525331289,3.4503046700499507
P07,S1,lv0,98,3.797542723029011,2.8023528766671895
P07,S1,lv0,99,8.066365664185385,2.6420956854195823
P07,S1,lv0,100,2.2094397322369237,1.1532570715452581
P07,S1,lv0,101,38.8441069980881,4.943160396095746
P07,S1,lv0,102,10.912372451939742,4.112947991156339
P07,S1,lv0,103,6.593312229116684,3.077008692224713
P07,S1,lv0,104,9.158582608168363,2.608100737562447
P07,S1,lv0,105,8.949029397042693,2.614545723564725
P07,S1,lv0,106,10.72085320959366,7.857097771282735
P07,S1,lv0,107,2.2807234794569875,1.3232935805187915
P07,S1,lv0,108,1.41426826973118,1.5268661785749638
P07,S1,lv0,109,1.5620440802303952,1.9310380891284529
P07,S1,lv0,110,4.55291550160577,3.5182028137017896
P07,S1,lv0,111,5.730107756058802,2.021842198904173
P07,S1,lv0,112,8.371606425215427,1.7480795045170585
P07,S1,lv0,113,2.849677476058404,2.9218685680424294
P07,S1,lv0,114,42.563066327531594,7.353100497651042
P07,S1,lv0,115,2.5905498433851166,2.0862772367062825
P07,S1,lv0,116,1.6387762533843755,3.2851461077633215
P07,S1,lv0,117,18.52155788156333,3.4951390539553624
P07,S1,lv0,118,2.2952191775300377,2.4539766801915093
P07,S1,lv0,119,3.2485859089941784,2.561581690538405
P07,S1,lv0,120,9.133842157425281,3.216327382641063
P07,S1,lv0,121,14.693394178189294,2.5710840809231486
P07,S1,lv0,122,5.439993753116589,2.4129294052018033
P07,S1,lv0,123,5.466602312994348,1.2969639067687257
P07,S1,lv0,124,3.8960666541460003,1.669901139880593
P07,S1,lv0,125,2.100185834933955,2.516833707051525
P07,S1,lv0,126,2.8402679137446736,3.648470666422882
P07,S1,lv0,127,21.475329782954493,5.71152644775324
P07,S1,lv0,128,22.522784980643117,3.7679338983261257
P07,S1,lv0,129,12.801405717064952,4.642502697373894
P07,S1,lv0,130,2.0931629723935368,1.6931303859016336
P07,S1,lv0,131,1.7439638414004106,1.9668040619427622
P07,S1,lv0,132,9.70493829964063,3.8496297441992677
P07,S1,lv0,133,17.598225289533776,3.3340038724472385
P07,S1,lv0,134,5.99936539529811,2.038667125573079
P07,S1,lv0,135,1.9087755434296836,2.2244220926431515
P07,S1,lv0,136,12.555266150886688,3.590885495599422
P07,S1,lv0,137,2.813598879043008,1.2751597355213047
P07,S1,lv0,138,1.839326239608978,1.559926828997887
P07,S1,lv0,139,2.6200097069301242,0.8228359329147474
P07,S1,lv0,140,40.48634095473995,4.4277070820259725
P07,S1,lv0,141,7.760209536045583,2.606276698722136
P07,S1,lv0,142,6.328304584265409,1.4511324483111558
P07,S1,lv0,143,3.5341304554645565,1.5087628631891234
P07,S1,lv0,144,7.100383649106833,2.1305619800508295
P07,S1,lv0,145,5.366347760573245,1.849608282406166
P07,S1,lv0,146,4.7877327667216445,3.3582320117522158
P07,S1,lv0,147,2.561465203101792,3.5229826269722233
P07,S1,lv0,148,7.693753035018738,1.7969387762563154
P07,S1,lv1,0,11.500099251898408,5.271860755010141
P07,S1,lv1,1,4.248662111523962,3.9205077415368486
P07,S1,lv1,2,25.051935748319593,4.24067994186994
P07,S1,lv1,3,7.851209567165069,3.059164250697161
P07,S1,lv1,4,10.116694486267978,3.3969046138165244
P07,S1,lv1,5,5.619443297411224,4.834391740766991
P07,S1,lv1,6,16.526296573925233,5.246980135977792
P07,S1,lv1,7,6.888633526960042,3.7104428225879995
P07,S1,lv1,8,9.400810892281923,3.466409004630065
P07,S1,lv1,9,3.172519433905933,1.7669325975626708
P07,S1,lv1,10,6.423411225476222,2.6360705267339024
P07,S1,lv1,11,13.89584739523245,4.676506747713514
P07,S1,lv1,12,15.523354298223767,3.0902790348132676
P07,S1,lv1,13,9.137900146526714,4.10094052342704
P07,S1,lv1,14,8.408417599901469,3.513087492413998
P07,S1,lv1,15,4.4597225199427655,3.3124224304149026
P07,S1,lv1,16,15.462588949193265,7.135107040548729
P07,S1,lv1,17,3.353635589065231,1.9629650812248378
P07,S1,lv1,18,11.511354410476066,5.400562348510451
P07,S1,lv1,19,9.501872667548115,5.307057927691586
P07,S1,lv1,20,13.61936278614315,2.4289937062029603
P07,S1,lv1,21,5.265603615296453,2.5712865762273234
P07,S1,lv1,22,12.998410336300529,5.179572899188704
P07,S1,lv1,23,12.57776722998746,4.193242736489041
P07,S1,lv1,24,11.997844266001648,4.090753675832337
P07,S1,lv1,25,5.413992526010677,2.5201183768193443
P07,S1,lv1,26,3.3153163697288304,3.204757844893797
P07,S1,lv1,27,6.965667301716768,4.403669328225214
P07,S1,lv1,28,6.340041382281122,4.2380111773235
P07,S1,lv1,29,2.787459604012405,4.200147583641658
P07,S1,lv1,30,12.570881037451702,3.6456772926829033
P07,S1,lv1,31,7.908098181618111,6.506667880107881
P07,S1,lv1,32,11.328033626186503,12.894650004813508
P07,S1,lv1,33,13.096984468468198,3.3742236252703672
P07,S1,lv1,34,8.23894170533922,1.9623249249945927
P07,S1,lv1,35,6.395212465954995,3.846950393731857
P07,S1,lv1,36,7.192017884173034,2.6358318455977816
P07,S1,lv1,37,9.777904483826305,2.928400211772243
P07,S1,lv1,38,5.13649895682505,2.6056032302452565
P07,S1,lv1,39,6.453445971604166,4.82753428882251
P07,S1,lv1,40,21.577617675043822,7.641542085624798
P07,S1,lv1,41,13.441231797420638,6.017817386408454
P07,S1,lv1,42,15.465369027500257,3.6905167819752283
P07,S1,lv1,43,5.94290435871898,2.9040287487468825
P07,S1,lv1,44,4.459463044907314,2.7573474467058916
P07,S1,lv1,45,10.229838812586909,4.174218688552157
P07,S1,lv1,46,10.464042423790946,3.760900106067153
P07,S1,lv1,47,4.979770566790028,1.7708746927391237
P07,S1,lv1,48,4.538395821708288,2.0324771027391506
P07,S1,lv1,49,5.681308648626168,3.935301973601238
P07,S1,lv1,50,10.61588261173463,1.8736706840931485
P07,S1,lv1,51,49.94261185973759,14.594176910185428
P07,S1,lv1,52,17.573344606460896,5.10879962617442
P07,S1,lv1,53,11.530493432529468,4.174352132564758
P07,S1,lv1,54,10.039429139972242,8.299662713040027
P07,S1,lv1,55,21.578600421467453,3.2622041753681854
P07,S1,lv1,56,11.349256216278153,3.878898206483495
P07,S1,lv1,57,7.395919454400013,4.48690549898384
P07,S1,lv1,58,15.564314604685316,5.616970617129399
P07,S1,lv1,59,4.9204561326945635,2.735088832680386
P07,S1,lv1,60,12.07987755134927,4.890477282417455
P07,S1,lv1,61,12.689121293794669,6.284806307285485
P07,S1,lv1,62,8.317957725680404,6.772135983251475
P07,S1,lv1,63,27.044191095477647,5.2820853886735915
P07,S1,lv1,64,12.78503132448619,6.739232188666901
P07,S1,lv1,65,5.003463804294442,4.4206748639016515
P07,S1,lv1,66,8.655838662160468,9.030470645068856
P07,S1,lv1,67,17.936309227531883,4.635639532108444
P07,S1,lv1,68,22.90627543096088,2.25433489785676
P07,S1,lv1,69,10.057632666442437,5.971523133928561
P07,S1,lv1,70,5.991859279529614,4.724926838199435
P07,S1,lv1,71,18.513945925442417,4.80110655149072
P07,S1,lv1,72,13.0439304706655,3.9684902832783573
P07,S1,lv1,73,8.701305408151505,3.496195446836501
P07,S1,lv1,74,7.022655067970465,1.932417671093773
P07,S1,lv1,75,24.566055733502928,9.890643341338968
P07,S1,lv1,76,4.414688278556965,3.2321069153184347
P07,S1,lv1,77,24.497617408125592,8.121452369711644
P07,S1,lv1,78,37.67057113689287,5.085683980161375
P07,S1,lv1,79,9.82467803377042,3.9906861621266065
P07,S1,lv1,80,10.320370036361382,5.811722773546339
P07,S1,lv1,81,6.229249909156745,3.777494733132482
P07,S1,lv1,82,13.345779730040293,8.35963688497734
P07,S1,lv1,83,24.98397037315319,4.225834760280757
P07,S1,lv1,84,25.523261248881674,5.452620503740361
P07,S1,lv1,85,3.852889299584348,4.504806795053304
P07,S1,lv1,86,7.186419467759494,5.1156069078209585
P07,S1,lv1,87,11.50627095731907,6.318919408471413
P07,S1,lv1,88,6.2125717693150015,1.8477719540024549
P07,S1,lv1,89,16.31522336565073,6.995633049210846
P07,S1,lv1,90,4.643591836917939,2.7538337139358107
P07,S1,lv1,91,26.84070093903131,7.816064074395777
P07,S1,lv1,92,6.281340125163968,3.6368295962023174
P07,S1,lv1,93,15.814853345736156,2.607821008800723
P07,S1,lv1,94,4.903464476267453,2.2560171054112375
P07,S1,lv1,95,9.022218737277987,2.8295488377714983
P07,S1,lv1,96,7.326008769475261,1.7323700799715476
P07,S1,lv1,97,2.991204984522738,2.9578010258175893
P07,S1,lv1,98,42.80943569953436,3.5536341546344223
P07,S1,lv1,99,4.699966895068814,3.1240291647821943
P07,S1,lv1,100,6.062512977285984,1.7351302696738704
P07,S1,lv1,101,14.28739820146843,4.4387424422239805
P07,S1,lv1,102,1.5082312943898029,1.1970555994683316
P07,S1,lv1,103,5.933420776311648,2.8604828398862248
P07,S1,lv1,104,42.01594078738564,3.773235756425476
P07,S1,lv1,105,9.158842369269625,5.123055310944909
P07,S1,lv1,106,7.38538792875259,3.9370837927892306
P07,S1,lv1,107,6.252833946646627,2.4335041452633477
P07,S1,lv1,108,15.188178653454246,5.011244719283911
P07,S1,lv1,109,28.205652130113023,4.614286667852267
P07,S1,lv1,110,6.869529382894951,4.902556843162727
P07,S1,lv1,111,11.026945070093413,2.47132503612448
P07,S1,lv1,112,8.476039399924824,3.1214638697617856
P07,S1,lv1,113,3.80276867526079,1.5271776529653431
P07,S1,lv1,114,7.699648383904908,5.13080535106571
P07,S1,lv1,115,24.648229115803336,3.3037216259126754
P07,S1,lv1,116,37.50062245508543,3.8208185071122283
P07,S1,lv1,117,8.803607656273709,2.119394619931747
P07,S1,lv1,118,5.829095343883051,3.6365835648940705
P07,S1,lv1,119,4.022902848916808,3.6583195446724077
P07,S1,lv1,120,6.804383861570346,5.1472301102940765
P07,S1,lv1,121,12.129841038905024,3.84271117474142
P07,S1,lv1,122,6.100505367036629,4.543692737480866
P07,S1,lv1,123,13.318869400854044,2.8112480195840717
P07,S1,lv1,124,7.979047529389354,2.5730200000113177
P07,S1,lv1,125,8.939836707574912,5.677809944713036
P07,S1,lv1,126,8.86469416496066,4.2987221497287065
P07,S1,lv1,127,8.905741555305822,3.5447112857121836
P07,S1,lv1,128,27.09847553443611,4.578447139032147
P07,S1,lv1,129,13.387509112183508,4.0608907172745825
P07,S1,lv1,130,18.590492078433844,3.169963943269811
P07,S1,lv1,131,7.472935437921334,4.0883966698248795
P07,S1,lv1,132,10.131074711852595,6.095076931096206
P07,S1,lv1,133,16.58142870464829,2.113526176959975
P07,S1,lv1,134,7.3833905960755475,1.8577593667068426
P07,S1,lv1,135,33.14852645238301,5.148096625822255
P07,S1,lv1,136,5.834480793639001,3.5711666805399527
P07,S1,lv1,137,9.898703389518914,3.7311382009105554
P07,S1,lv1,138,15.196860500403218,3.0336764700041443
P07,S1,lv1,139,27.43559108539226,3.5370906638721755
P07,S1,lv1,140,2.39971377851125,2.838530302390494
P07,S1,lv1,141,9.532552833264525,1.9774643700571062
P07,S1,lv1,142,8.550327510569756,2.9292415326411376
P07,S1,lv1,143,11.831261022956257,2.90506876134846
P07,S1,lv1,144,32.253532570273904,13.676270308686844
P07,S1,lv1,145,29.694212542127843,3.9907533878487045
P07,S1,lv1,146,3.7656998121564755,4.028762402161269
P07,S1,lv1,147,16.80974457838748,4.551193337158081
P07,S1,lv1,148,12.61677091252806,3.199953662953958
P07,S1,lv2,0,7.3344450731055515,5.242408902615479
P07,S1,lv2,1,10.242737486517429,3.8410368886390933
P07,S1,lv2,2,4.662238023890851,2.097882886130965
P07,S1,lv2,3,11.89421905883802,2.0619301834920347
P07,S1,lv2,4,3.3963069241018666,1.9235303057193018
P07,S1,lv2,5,34.0387398758116,3.281618526888592
P07,S1,lv2,6,20.873622854673012,12.907216712229866
P07,S1,lv2,7,23.218455531682736,10.4036602666188
P07,S1,lv2,8,11.745651414974102,4.652871208880174
P07,S1,lv2,9,3.500651882464961,5.985539667214557
P07,S1,lv2,10,6.98733083771372,19.222126864095014
P07,S1,lv2,11,11.931583673512494,8.809496746365516
P07,S1,lv2,12,12.693728843655594,5.732384064023032
P07,S1,lv2,13,5.151349657328451,6.089612810247594
P07,S1,lv2,14,4.961358494551824,6.686941789856107
P07,S1,lv2,15,17.98595245100328,3.9458011960101573
P07,S1,lv2,16,8.366749408807333,4.1754900112831645
P07,S1,lv2,17,8.006257990584968,4.045514481059043
P07,S1,lv2,18,5.1449071731306795,2.640332906059374
P07,S1,lv2,19,9.58182285653604,3.127141370068075
P07,S1,lv2,20,9.236659694257717,4.106741744245971
P07,S1,lv2,21,5.407288901023124,3.9690870196137733
P07,S1,lv2,22,10.442141391390251,5.547820773066274
P07,S1,lv2,23,15.161075629769304,6.342690432957351
P07,S1,lv2,24,6.642011746614264,3.193209780871519
P07,S1,lv2,25,9.558559878146477,5.1529768147072375
P07,S1,lv2,26,11.597623620709626,5.384894217182626
P07,S1,lv2,27,11.196715174885377,4.413832899075434
P07,S1,lv2,28,13.92247949272563,5.853768276220297
P07,S1,lv2,29,4.073256663801256,4.242076068535097
P07,S1,lv2,30,35.917248800545316,16.034272038341097
P07,S1,lv2,31,14.249050094814267,6.812524397207625
P07,S1,lv2,32,6.2696906092517315,7.928746330184795
P07,S1,lv2,33,4.442773576561119,4.922725507290121
P07,S1,lv2,34,5.018680384756748,3.367629262511615
P07,S1,lv2,35,13.70605025028551,4.551818043435515
P07,S1,lv2,36,24.924774364149137,7.011362152702846
P07,S1,lv2,37,13.804335283592438,3.8750457144796946
P07,S1,lv2,38,15.04822083182506,7.849640619829863
P07,S1,lv2,39,5.805585661858511,5.847189254625905
P07,S1,lv2,40,4.960147890868024,8.65588935611903
P07,S1,lv2,41,4.627049174330075,4.066942174232007
P07,S1,lv2,42,32.56512244959233,7.492848457739403
P07,S1,lv2,43,6.756678729217497,4.976304513782118
P07,S1,lv2,44,5.457533883435578,4.932018055906926
P07,S1,lv2,45,12.076012275038503,6.384918759618787
P07,S1,lv2,46,5.480031657885275,3.528506234873844
P07,S1,lv2,47,8.836923443418227,5.602942659102973
P07,S1,lv2,48,28.0552237902079,5.827901230293439
P07,S1,lv2,49,12.251443349251963,6.3755777337676
P07,S1,lv2,50,12.623148099678675,7.364439627431041
P07,S1,lv2,51,6.731989755049665,6.257905452590603
P07,S1,lv2,52,2.602694150109832,4.246561390179742
P07,S1,lv2,53,28.563272324699227,4.0412333592437095
P07,S1,lv2,54,5.525551312351831,2.2443982615084237
P07,S1,lv2,55,16.653796901351853,3.9969209263565744
P07,S1,lv2,56,35.335609214066416,3.6672171916495153
P07,S1,lv2,57,32.933031135051074,5.567593197738915
P07,S1,lv2,58,21.453331897604556,4.26403843645014
P07,S1,lv2,59,9.619826521648395,6.8285419668397305
P07,S1,lv2,60,10.147516315165001,2.863730157694675
P07,S1,lv2,61,25.293054311045307,8.802535212926864
P07,S1,lv2,62,5.8241688097742985,4.237609963356364
P07,S1,lv2,63,14.867897471707355,3.3995939810081413
P07,S1,lv2,64,8.960458975252303,5.296818481393478
P07,S1,lv2,65,4.493865285761569,2.6105687237229827
P07,S1,lv2,66,10.03191545546533,5.60766968342239
P07,S1,lv2,67,11.543675928977356,5.335911021004371
P07,S1,lv2,68,9.099565059876541,6.3869757970643715
P07,S1,lv2,69,6.958136524187622,5.227767368851009
P07,S1,lv2,70,17.09470317979519,9.287422695261322
P07,S1,lv2,71,7.55725539770933,7.525757731671837
P07,S1,lv2,72,10.88016765382008,16.30058269879778
P07,S1,lv2,73,6.923583230547795,4.617544566944734
P07,S1,lv2,74,34.92624454218697,5.479018820434606
P07,S1,lv2,75,9.352631417628997,5.23532005320761
P07,S1,lv2,76,8.8424872892785,6.920771400864569
P07,S1,lv2,77,18.401993844015962,8.762964849093601
P07,S1,lv2,78,4.1019089743023605,4.2502614879669975
P07,S1,lv2,79,5.784853053919302,2.623981374163523
P07,S1,lv2,80,8.358551790257112,3.8884291100877695
P07,S1,lv2,81,3.1097472814989127,2.7235952920666917
P07,S1,lv2,82,5.309255604367833,3.5047816079370135
P07,S1,lv2,83,4.489226195493158,2.8702031052064725
P07,S1,lv2,84,7.1706568567754685,5.286604595442767
P07,S1,lv2,85,4.053060861416726,4.029080911240463
P07,S1,lv2,86,9.198653509111837,5.452219932544832
P07,S1,lv2,87,8.988998633034864,3.8669811644013805
P07,S1,lv2,88,5.924424958785585,4.629123118782955
P07,S1,lv2,89,28.85358067682207,5.448908869365405
P07,S1,lv2,90,6.467836348299538,3.6161332906250294
P07,S1,lv2,91,7.5037046972386126,3.235461030954221
P07,S1,lv2,92,22.64791449450067,6.98869261382896
P07,S1,lv2,93,9.047381658752577,11.532790136951375
P07,S1,lv2,94,4.9240200091000625,3.116567365053884
P07,S1,lv2,95,7.059064638182999,4.116668175654552
P07,S1,lv2,96,15.811829243891943,5.672863645747993
P07,S1,lv2,97,34.64520461559174,6.086936858110851
P07,S1,lv2,98,35.74768090372459,4.103151701258256
P07,S1,lv2,99,6.623816727760202,4.009324991525704
P07,S1,lv2,100,11.945165555099445,6.000989382855953
P07,S1,lv2,101,28.656246273945523,4.068530650342916
P07,S1,lv2,102,12.107731721246287,4.701824616261106
P07,S1,lv2,103,33.963379964202936,4.18504993132535
P07,S1,lv2,104,45.0460531267569,5.281755224953491
P07,S1,lv2,105,28.356767627322906,5.662161789008299
P07,S1,lv2,106,4.959618518819367,5.768153701150233
P07,S1,lv2,107,2.4779787483722355,3.001680215788851
P07,S1,lv2,108,8.90545854200406,3.6033388357565217
P07,S1,lv2,109,25.323752640630545,6.144847366117211
P07,S1,lv2,110,4.567929984918342,4.644094918755545
P07,S1,lv2,111,16.88814076796052,8.977050913637326
P07,S1,lv2,112,5.028180609957884,6.8609843889134785
P07,S1,lv2,113,22.01969725813497,5.419847255470816
P07,S1,lv2,114,26.576266990705246,6.368186569885309
P07,S1,lv2,115,6.724121587091072,4.927095732084493
P07,S1,lv2,116,4.483317539177043,3.7100879889790677
P07,S1,lv2,117,4.864054663939023,1.8265499380604902
P07,S1,lv2,118,6.935049417537051,3.3626325961481043
P07,S1,lv2,119,16.58776985770534,4.647246819055021
P07,S1,lv2,120,4.054900410590072,3.8119644549903238
P07,S1,lv2,121,23.121207130753312,13.155640400986865
P07,S1,lv2,122,18.91045518108595,10.836435343886782
P07,S1,lv2,123,10.1874791771241,3.330499551331375
P07,S1,lv2,124,2.950619303948224,5.154374970452309
P07,S1,lv2,125,8.51067279606973,5.152330015755276
P07,S1,lv2,126,5.134360023310954,3.2292047259536916
P07,S1,lv2,127,4.271504695505511,4.3479857711574095
P07,S1,lv2,128,13.375691786235606,5.70278158253491
P07,S1,lv2,129,10.16601985120133,3.8360389054764576
P07,S1,lv2,130,3.3940093932988615,2.1944287911393427
P07,S1,lv2,131,3.7657816898193612,2.2873758581403614
P07,S1,lv2,132,3.2605025105161842,1.9374693479909144
P07,S1,lv2,133,8.174308857409171,4.372022269838737
P07,S1,lv2,134,21.444295887758127,4.4416304590732825
P07,S1,lv2,135,16.34806736096387,3.669391517886759
P07,S1,lv2,136,8.19402024302449,3.3142426784796677
P07,S1,lv2,137,9.706538869158337,5.530744091252098
P07,S1,lv2,138,6.480647676753883,3.3164479602835932
P07,S1,lv2,139,1.9771289491625454,1.9956926275065132
P07,S1,lv2,140,4.492037211952943,2.8920442841808143
P07,S1,lv2,141,12.098067723733232,4.885481969600021
P07,S1,lv2,142,2.826315841285004,2.7886954427971116
P07,S1,lv2,143,6.331106858218747,6.1311048285898435
P07,S1,lv2,144,4.063465533414813,4.940240946787524
P07,S1,lv2,145,21.296795349246608,3.321582083317218
P07,S1,lv2,146,3.830524325708527,9.320728185099014
P07,S1,lv2,147,4.885389453496271,2.784795084426765
P07,S1,lv2,148,18.015204009418547,7.779972211019094
P07,S2,base,0,15.953442730275512,4.1965056127145886
P07,S2,base,1,1.5422461033798114,1.9557886250678513
P07,S2,base,2,2.448561916237397,1.0088559535409654
P07,S2,base,3,2.475367881206223,1.9106137851011986
P07,S2,base,4,3.0868564239775567,1.688468611612673
P07,S2,base,5,2.175468491190704,2.5054888473358043
P07,S2,base,6,2.025001305378442,1.3519981004658568
P07,S2,base,7,1.8982601450119065,0.8545948155680024
P07,S2,base,8,2.133899683740004,1.0886659206111515
P07,S2,base,9,1.7220549345747684,2.405574082750072
P07,S2,base,10,3.2106774082161187,2.3397565779574863
P07,S2,base,11,1.1869032149407046,1.7919812685171015
P07,S2,base,12,3.1853364691805326,1.7590837723193153
P07,S2,base,13,2.11857261622447,7.548642309003662
P07,S2,base,14,3.24617346645964,3.0860822325940935
P07,S2,base,15,3.0649165074943627,2.161793819277272
P07,S2,base,16,2.3388903261019327,2.420141116174426
P07,S2,base,17,1.4555964545340911,1.8169425925518614
P07,S2,base,18,2.213234404735399,1.118779071222387
P07,S2,base,19,2.4494636592257475,3.6508533520689386
P07,S2,base,20,1.8105774921663687,2.2035250837174916
P07,S2,base,21,1.7818061341036928,1.8144727634215372
P07,S2,base,22,2.183746803141519,2.7658123179477574
P07,S2,base,23,1.8860407714986072,2.7567736545694794
P07,S2,base,24,2.4380652274232424,2.400786933814469
P07,S2,base,25,2.8766081263126777,3.3147381109096754
P07,S2,base,26,2.3454762234058215,2.839646051296946
P07,S2,base,27,2.9495190161156626,4.820231204997424
P07,S2,base,28,2.3330333816845,12.311931702792554
P07,S2,base,29,2.4926534586219735,2.566318755421273
P07,S2,lv0,0,21.48325986223918,4.531576304960719
P07,S2,lv0,1,11.351924995244415,4.661923007668833
P07,S2,lv0,2,23.47952499362207,5.368653468279458
P07,S2,lv0,3,8.581255830747478,2.3625619618885056
P07,S2,lv0,4,11.225284280417528,3.6975974678131167
P07,S2,lv0,5,11.730152878525084,4.051429902381973
P07,S2,lv0,6,14.010546133938439,3.594165549775898
P07,S2,lv0,7,10.34649614051485,2.4383476143143854
P07,S2,lv0,8,8.149635148351642,3.121909405433
P07,S2,lv0,9,16.30700743485384,2.9960535642542685
P07,S2,lv0,10,11.143634468181451,3.150727490831167
P07,S2,lv0,11,80.17307472051286,4.855266264560505
P07,S2,lv0,12,6.973661604178481,1.6729140919052408
P07,S2,lv0,13,11.620593965733246,2.842667369596273
P07,S2,lv0,14,11.993322551725978,4.496171782915715
P07,S2,lv0,15,5.152012691909501,2.6842183905249484
P07,S2,lv0,16,10.421201021298737,4.991001106661352
P07,S2,lv0,17,4.41948737966854,2.6688536873051243
P07,S2,lv0,18,14.71779478207478,4.5595790580164035
P07,S2,lv0,19,13.639536042877914,3.2772023453570243
P07,S2,lv0,20,12.208951913907537,1.8575792432179012
P07,S2,lv0,21,10.848023660671469,2.8926598319302665
P07,S2,lv0,22,8.280190632071841,2.5068508446107978
P07,S2,lv0,23,4.838249256018387,3.6172446716358375
P07,S2,lv0,24,11.481592476802485,3.9175722870144774
P07,S2,lv0,25,6.899050234296256,3.2393159628783166
P07,S2,lv0,26,27.30759891061535,2.511162359445911
P07,S2,lv0,27,10.700371870255765,2.6000563168948276
P07,S2,lv0,28,10.073984965672103,2.7683729568841393
P07,S2,lv0,29,6.482918466700909,3.2358827440103557
P07,S2,lv0,30,14.424038842775493,3.7970209301825766
P07,S2,lv0,31,8.17432589955142,3.5347584170809325
P07,S2,lv0,32,5.11194893828297,2.1749525351135834
P07,S2,lv0,33,9.01497686832017,2.3158063292253313
P07,S2,lv0,34,17.302952349341187,4.625622051021589
P07,S2,lv0,35,3.8746301394771057,2.2338063510428765
P07,S2,lv0,36,9.03097852881228,3.6094468122429273
P07,S2,lv0,37,8.350867508302258,2.083269550721699
P07,S2,lv0,38,4.674334025533794,1.4796137068580122
P07,S2,lv0,39,14.046245416602867,3.0660411113577895
P07,S2,lv0,40,9.636552003924466,2.968006453365445
P07,S2,lv0,41,18.768902544955058,6.560459210386614
P07,S2,lv0,42,13.793387316639148,2.032227166967543
P07,S2,lv0,43,14.617543086151803,3.680424785492971
P07,S2,lv0,44,9.805243280416251,2.317614241024003
P07,S2,lv0,45,6.869940160920328,2.4028179016845663
P07,S2,lv0,46,19.347417079412587,2.654944898114107
P07,S2,lv0,47,6.383927438774128,2.335851939635807
P07,S2,lv0,48,1.8067956081706167,2.21504961486971
P07,S2,lv0,49,10.433281561376914,4.401932819510355
P07,S2,lv0,50,7.35138926121766,4.428186705446948
P07,S2,lv0,51,11.3512353725811,2.9725276344549507
P07,S2,lv0,52,8.352128061856881,3.214280259221593
P07,S2,lv0,53,5.71208640279155,4.992050994235616
P07,S2,lv0,54,9.166264250726497,2.819213242164441
P07,S2,lv0,55,17.20135559668487,2.5377477819821395
P07,S2,lv0,56,4.4731345343581514,2.032426843976473
P07,S2,lv0,57,9.16478688876444,2.482542643774348
P07,S2,lv0,58,15.395990380318255,2.124667289444627
P07,S2,lv0,59,14.002581268465175,4.08451393023711
P07,S2,lv0,60,4.259874814017689,1.5726457971730603
P07,S2,lv0,61,9.44854427804585,1.7613590222489808
P07,S2,lv0,62,9.549093696291992,2.174741802501917
P07,S2,lv0,63,16.555056753210287,2.461522044843449
P07,S2,lv0,64,10.785526033325821,1.7098913590072662
P07,S2,lv0,65,15.044758255794735,5.240834712208908
P07,S2,lv0,66,12.10098758448391,4.262280438028974
P07,S2,lv0,67,9.065534600366753,3.7066465025898405
P07,S2,lv0,68,2.8349091243852222,2.456203288588659
P07,S2,lv0,69,10.362705851317434,3.5991277931290435
P07,S2,lv0,70,11.503767826565072,3.920637599002476
P07,S2,lv0,71,10.091479770828348,3.1436187034836287
P07,S2,lv0,72,47.98714901738367,6.165039584083907
P07,S2,lv0,73,17.682875463056668,4.58134019846307
P07,S2,lv0,74,7.338849839829968,3.213862163246962
P07,S2,lv0,75,2.7003849035420977,1.7791512286078373
P07,S2,lv0,76,4.58731390664951,1.6298880143924843
P07,S2,lv0,77,11.217392163169473,1.8218523212975468
P07,S2,lv0,78,8.254687693644804,1.5150497438048203
P07,S2,lv0,79,14.79303484303342,4.421713721946676
P07,S2,lv0,80,17.069932576483648,3.150997759388867
P07,S2,lv0,81,6.374704079442069,1.550154939126078
P07,S2,lv0,82,12.011113880638629,2.808053520569948
P07,S2,lv0,83,4.684458395668191,2.857288405692425
P07,S2,lv0,84,9.867288532258712,2.178559895903917
P07,S2,lv0,85,6.124965055067867,2.5897926792903245
P07,S2,lv0,86,12.027021351412362,2.358768222392597
P07,S2,lv0,87,3.0683978217041066,2.6373500611076075
P07,S2,lv0,88,2.8108217380854166,1.9564622077835965
P07,S2,lv0,89,12.244348546794695,1.866282045287319
P07,S2,lv0,90,12.446489266098252,3.456024392426506
P07,S2,lv0,91,9.265878307877214,2.9393505250369087
P07,S2,lv0,92,10.99541935993914,2.972638109112285
P07,S2,lv0,93,7.8533388958694506,3.4162365256770304
P07,S2,lv0,94,13.972891461679884,5.296959603357799
P07,S2,lv0,95,3.9203061698625556,1.3079312165768286
P07,S2,lv0,96,8.945932534905959,4.356459061189267
P07,S2,lv0,97,9.370967983053934,2.944949196082299
P07,S2,lv0,98,3.4209018328801593,3.5864351840669384
P07,S2,lv0,99,2.3565803665723233,2.6072891885318352
P07,S2,lv0,100,23.317519170399283,2.797959476657002
P07,S2,lv0,101,18.29216138580751,2.8314179464823437
P07,S2,lv0,102,9.056011655946351,3.271846543564208
P07,S2,lv0,103,13.34739919519308,2.881275841438354
P07,S2,lv0,104,5.287541598182177,4.208994340930706
P07,S2,lv0,105,8.47322115079447,1.5389226059443168
P07,S2,lv0,106,12.089964973093254,2.543688398846119
P07,S2,lv0,107,8.89468253732031,2.232266051461147
P07,S2,lv0,108,1.898573988721006,1.796117716417783
P07,S2,lv0,109,2.3347065867840384,1.6034511026281464
P07,S2,lv0,110,3.286515983489524,2.1854867866274135
P07,S2,lv0,111,3.9006737479021223,1.5768745117484135
P07,S2,lv0,112,8.237082133933418,3.5863093497644614
P07,S2,lv0,113,15.33579022621843,3.192515059683546
P07,S2,lv0,114,1.7006977095023648,1.7552893071976243
P07,S2,lv0,115,2.679927198898898,1.8446012478389953
P07,S2,lv0,116,33.422244208136426,5.1107646226984995
P07,S2,lv0,117,20.687020367457595,3.5435105725303147
P07,S2,lv0,118,4.124887340442409,2.5894509912621424
P07,S2,lv0,119,3.76018677021634,1.6229475653681344
P07,S2,lv0,120,13.35245086886084,2.8496332308222523
P07,S2,lv0,121,3.868575518936009,2.548752170126862
P07,S2,lv0,122,10.389849878978007,3.475757882650728
P07,S2,lv0,123,2.584380837982013,2.4209191113755426
P07,S2,lv0,124,10.65432117257303,2.035633148251142
P07,S2,lv0,125,13.517962254642224,2.490805773010197
P07,S2,lv0,126,7.501765301687222,2.844272366023372
P07,S2,lv0,127,2.5122911341819276,2.1321226527966335
P07,S2,lv0,128,1.9811544677649695,2.29036303321279
P07,S2,lv0,129,3.353091847502261,2.5531571878352928
P07,S2,lv0,130,86.31478818810818,4.998292146502203
P07,S2,lv0,131,7.192712303942464,3.36637330610394
P07,S2,lv0,132,8.800856581769352,3.0962083599661203
P07,S2,lv0,133,6.544719696664709,2.634348375858153
P07,S2,lv0,134,8.891974187357514,3.8914119283476465
P07,S2,lv0,135,14.777251305900242,2.862402958335004
P07,S2,lv0,136,8.618585889498936,2.040100787164521
P07,S2,lv0,137,92.100526728081,4.680935304145376
P07,S2,lv0,138,7.105083845117573,4.357712924208378
P07,S2,lv0,139,16.919711297674933,9.384543260798052
P07,S2,lv0,140,37.28616202830634,2.730940285160359
P07,S2,lv0,141,7.7745039299575796,2.7804860556866724
P07,S2,lv0,142,16.703214424471266,4.371903483344421
P07,S2,lv0,143,4.05360522199113,1.057265741544171
P07,S2,lv0,144,4.580399131051161,2.0206370439293604
P07,S2,lv0,145,1.1475145772891773,1.349602347021079
P07,S2,lv0,146,6.42787149150538,1.8604376832579959
P07,S2,lv0,147,8.0963853035961,3.113556967025298
P07,S2,lv0,148,14.449451330391485,3.8190376669747246
P07,S2,lv1,0,9.730176173765074,3.5090845090627094
P07,S2,lv1,1,8.525522157742458,9.500143087592258
P07,S2,lv1,2,5.898085295647998,7.243680132663061
P07,S2,lv1,3,10.794930230794202,2.8942939534594894
P07,S2,lv1,4,3.1819579794063544,3.602587729962847
P07,S2,lv1,5,10.120975480038387,3.623983680342449
P07,S2,lv1,6,7.334338717311064,6.03433741412785
P07,S2,lv1,7,26.436092063575007,4.975395087005203
P07,S2,lv1,8,5.237760829571937,3.1724393549685357
P07,S2,lv1,9,13.543283515422186,4.050239138885605
P07,S2,lv1,10,11.254676782022967,4.360383007936923
P07,S2,lv1,11,15.00611011555052,4.2908389298780705
P07,S2,lv1,12,14.966385148325985,5.546827571352051
P07,S2,lv1,13,15.17878036663959,4.124535097967748
P07,S2,lv1,14,10.62685785469232,4.9373192886535175
P07,S2,lv1,15,10.382902260571544,3.5195536758997807
P07,S2,lv1,16,14.207813998561495,4.541563119350393
P07,S2,lv1,17,10.139916096145665,5.3426009291862195
P07,S2,lv1,18,10.198645931299396,3.7197912932478494
P07,S2,lv1,19,10.516726064527875,5.578208991410769
P07,S2,lv1,20,14.788904043878805,10.308847789259394
P07,S2,lv1,21,10.775519926593313,4.395978597681062
P07,S2,lv1,22,8.147224630803704,8.466391574434862
P07,S2,lv1,23,10.928830217870665,6.225955210134777
P07,S2,lv1,24,8.479602951803345,4.230457538466555
P07,S2,lv1,25,9.28837650306764,3.8472288026366983
P07,S2,lv1,26,14.5418508402152,4.480644575238479
P07,S2,lv1,27,19.2395072808439,5.308525276687747
P07,S2,lv1,28,6.759333856838482,1.826165409847272
P07,S2,lv1,29,11.043927837254762,2.4103332219200215
P07,S2,lv1,30,18.8226473055348,3.7975869748205873
P07,S2,lv1,31,13.617554942781293,3.7387134107349937
P07,S2,lv1,32,10.024243538275739,3.6531055077517105
P07,S2,lv1,33,10.734652027655969,4.0261042092901995
P07,S2,lv1,34,7.7024491643586375,3.6304582133222216
P07,S2,lv1,35,17.82937208379609,7.04551622790873
P07,S2,lv1,36,6.126496577280942,6.293422818616891
P07,S2,lv1,37,8.421510505343319,3.19487950016334
P07,S2,lv1,38,10.954517207198345,3.633554935264404
P07,S2,lv1,39,11.673594162051089,4.564418622842337
P07,S2,lv1,40,11.971427895742872,4.1849090793177455
P07,S2,lv1,41,45.01460727987738,9.078372129848798
P07,S2,lv1,42,11.84016053110947,5.614962972106013
P07,S2,lv1,43,19.6179690879445,3.2255103343067972
P07,S2,lv1,44,6.814128062924838,3.692048824144648
P07,S2,lv1,45,6.000571870881415,3.495617496422699
P07,S2,lv1,46,9.107925599829287,7.540447294807592
P07,S2,lv1,47,15.684151811113056,2.9704388685736793
P07,S2,lv1,48,11.165129375586549,2.7031346332870787
P07,S2,lv1,49,34.236309037489,3.294849002851354
P07,S2,lv1,50,4.6964882741006955,3.5355205170530035
P07,S2,lv1,51,9.918725550111086,7.629861960635341
P07,S2,lv1,52,9.082904122996856,8.298301395211592
P07,S2,lv1,53,11.027741467775526,4.039256256109275
P07,S2,lv1,54,11.582979514984727,4.282333028359267
P07,S2,lv1,55,34.59651247965701,5.585053519212931
P07,S2,lv1,56,8.32068851579584,2.050524240868874
P07,S2,lv1,57,20.393469321698582,5.638049960348229
P07,S2,lv1,58,6.207269170674948,4.570861378866993
P07,S2,lv1,59,9.456719277549523,4.9514539456498445
P07,S2,lv1,60,37.24601220112153,5.982580250967816
P07,S2,lv1,61,5.0570251627062115,2.1655186077198745
P07,S2,lv1,62,17.67666599217743,5.209094621831115
P07,S2,lv1,63,6.359119791394511,6.138715910099925
P07,S2,lv1,64,13.014632244135031,6.118179007987851
P07,S2,lv1,65,36.535237713290904,6.452863554470189
P07,S2,lv1,66,3.9019178973891484,5.315546439263341
P07,S2,lv1,67,5.769688887046516,3.5451442577839556
P07,S2,lv1,68,6.646332472554848,4.389324052170278
P07,S2,lv1,69,18.83664129096328,9.390580165180955
P07,S2,lv1,70,8.048031208391983,3.8614247092166734
P07,S2,lv1,71,17.565881977951594,6.258988418093882
P07,S2,lv1,72,5.717493632018768,3.0968695428463873
P07,S2,lv1,73,12.060591121776561,7.027560457195451
P07,S2,lv1,74,17.97418678536025,4.083513043121796
P07,S2,lv1,75,8.15492419014913,5.282449193937659
P07,S2,lv1,76,19.585051338857358,5.752198130432843
P07,S2,lv1,77,12.381669939631676,3.6191336098974753
P07,S2,lv1,78,9.933548755206196,9.666298492121394
P07,S2,lv1,79,6.932014530680857,3.678523035757314
P07,S2,lv1,80,10.9660131133461,5.463649025983594
P07,S2,lv1,81,4.852102699753902,5.213985618271233
P07,S2,lv1,82,28.05843127872161,6.4284320965841895
P07,S2,lv1,83,13.425857429007598,5.936826467333724
P07,S2,lv1,84,6.369231406432597,6.02782218236023
P07,S2,lv1,85,10.19649009949737,3.0231832144643898
P07,S2,lv1,86,12.586534679014415,4.725214721669976
P07,S2,lv1,87,13.92923239900803,7.279606827924153
P07,S2,lv1,88,17.526478358272843,8.873681329011635
P07,S2,lv1,89,12.81959141357715,5.555065380742891
P07,S2,lv1,90,7.710397052763681,2.7066847392568327
P07,S2,lv1,91,45.68347653556199,9.33994001900606
P07,S2,lv1,92,8.275138261119316,3.804870228747072
P07,S2,lv1,93,18.8301229724625,4.643429630773083
P07,S2,lv1,94,30.39864267881204,12.215535313545026
P07,S2,lv1,95,6.895653078199616,5.994761295675459
P07,S2,lv1,96,13.632587907280527,5.33466784217863
P07,S2,lv1,97,25.83081717530152,7.182277402718827
P07,S2,lv1,98,2.9797233896564,3.5740854512715146
P07,S2,lv1,99,6.43320524013245,8.996754710225735
P07,S2,lv1,100,40.2581949359213,7.0145665328348015
P07,S2,lv1,101,15.122656352353788,6.577555331124156
P07,S2,lv1,102,13.582006516051562,9.22906066649681
P07,S2,lv1,103,21.44885742682383,3.43447527731727
P07,S2,lv1,104,26.68407690098536,6.702779094841147
P07,S2,lv1,105,5.661771597263,5.0082964159454875
P07,S2,lv1,106,6.451258505638635,5.107611951608618
P07,S2,lv1,107,39.3958490585484,5.118177827159516
P07,S2,lv1,108,15.567443591762432,6.816012584580359
P07,S2,lv1,109,17.469788398514385,3.7042529345600164
P07,S2,lv1,110,8.552461666924378,5.352032278791149
P07,S2,lv1,111,9.408992949924281,4.948444500033846
P07,S2,lv1,112,20.57809760678852,2.671334889797732
P07,S2,lv1,113,21.04427760884914,8.329932772888963
P07,S2,lv1,114,6.811061077986551,4.596636459743904
P07,S2,lv1,115,17.3190439777805,6.382881575472666
P07,S2,lv1,116,12.82581096536148,4.973347920740416
P07,S2,lv1,117,12.026269276329048,3.171863066669873
P07,S2,lv1,118,4.670779271499284,3.3856606667280182
P07,S2,lv1,119,9.3391798674993,3.44422867736235
P07,S2,lv1,120,6.902956504496026,4.112713089214955
P07,S2,lv1,121,12.089501942595188,2.606607660668432
P07,S2,lv1,122,6.199081352918239,5.009011480234981
P07,S2,lv1,123,10.141534439538908,5.31206978083074
P07,S2,lv1,124,15.69213223968009,6.5313345248838255
P07,S2,lv1,125,17.41663395670618,2.5164402314815923
P07,S2,lv1,126,6.961990489118417,6.297949679487399
P07,S2,lv1,127,9.305617638413505,3.505770568749366
P07,S2,lv1,128,29.955460030262476,4.722134558667111
P07,S2,lv1,129,14.416604626245205,5.763446271512443
P07,S2,lv1,130,8.643237111189833,5.309911252453195
P07,S2,lv1,131,6.13345491694227,1.916737488130345
P07,S2,lv1,132,9.284404516859508,3.4624241626139707
P07,S2,lv1,133,7.653879809758952,6.4708818985064935
P07,S2,lv1,134,16.10754486369444,4.456284652809863
P07,S2,lv1,135,14.440582617912046,9.878782200974678
P07,S2,lv1,136,4.558949964297913,2.8858560268377147
P07,S2,lv1,137,11.37100604749605,2.973129290937873
P07,S2,lv1,138,5.237819286200348,2.8048708414123285
P07,S2,lv1,139,12.94640547878989,3.8043689069761926
P07,S2,lv1,140,9.31759257662572,3.1610490053331373
P07,S2,lv1,141,59.72975480372032,5.697629275954024
P07,S2,lv1,142,7.87688337805044,4.414284998263651
P07,S2,lv1,143,13.997894104343468,3.7284336922257024
P07,S2,lv1,144,6.536300998352583,3.81624023658944
P07,S2,lv1,145,28.215376559517967,5.348454272553613
P07,S2,lv1,146,9.249908385753422,4.129439480006074
P07,S2,lv1,147,16.543567331650618,4.673247527960569
P07,S2,lv1,148,6.6325373678811825,2.8593762148778294
P07,S2,lv2,0,12.942042456096011,3.7683918395297016
P07,S2,lv2,1,42.79374421817383,15.867128820487066
P07,S2,lv2,2,3.853647235202912,6.737900359296427
P07,S2,lv2,3,38.83439091564163,5.332392690588648
P07,S2,lv2,4,25.12346155241259,12.298567387297982
P07,S2,lv2,5,32.77494649900347,11.434424209285096
P07,S2,lv2,6,3.4839385862917625,4.612991654407928
P07,S2,lv2,7,10.039775153090845,6.3921240055344315
P07,S2,lv2,8,25.881246123193282,5.422239342547571
P07,S2,lv2,9,63.39916499888358,10.885375887923539
P07,S2,lv2,10,9.924156642335342,3.0930749764676246
P07,S2,lv2,11,9.799749396293002,4.975381182397824
P07,S2,lv2,12,9.13537148210586,10.79131040362065
P07,S2,lv2,13,5.1626007401097445,6.687708194147315
P07,S2,lv2,14,23.55189993338174,4.112856869145622
P07,S2,lv2,15,16.986813236751416,9.066053008776025
P07,S2,lv2,16,12.243082527557954,5.267940418160975
P07,S2,lv2,17,7.352355642590535,2.4026288234664483
P07,S2,lv2,18,41.67597896688173,8.36960024158742
P07,S2,lv2,19,31.66155398439234,10.888360078158646
P07,S2,lv2,20,12.927405879649042,4.204621842155574
P07,S2,lv2,21,5.602503840822233,8.08308699338961
P07,S2,lv2,22,15.246195825232041,7.420954832962643
P07,S2,lv2,23,20.173364477490992,5.732765158325691
P07,S2,lv2,24,5.446135655469191,4.373324896802429
P07,S2,lv2,25,7.551838474959686,5.789129227185652
P07,S2,lv2,26,9.142894958751336,4.365246421984059
P07,S2,lv2,27,9.148003291206003,4.172406307400168
P07,S2,lv2,28,10.408252979980855,3.3950031712802833
P07,S2,lv2,29,9.552877505622636,8.523499848814824
P07,S2,lv2,30,89.20757782458185,15.198152571297262
P07,S2,lv2,31,18.01764927678467,7.212235748326253
P07,S2,lv2,32,20.60591375512573,5.289041027911901
P07,S2,lv2,33,8.107685297829525,7.8038072139098915
P07,S2,lv2,34,7.891506759523119,9.897875721853845
P07,S2,lv2,35,31.248205029448837,6.3513333728966
P07,S2,lv2,36,9.819071977742919,5.977855717461754
P07,S2,lv2,37,16.71163521887034,5.32337452519212
P07,S2,lv2,38,5.409567105832808,5.2830861670082525
P07,S2,lv2,39,20.258501320697338,9.99993532910056
P07,S2,lv2,40,11.107244815492496,4.219728886209279
P07,S2,lv2,41,31.490120290283993,10.099051449092064
P07,S2,lv2,42,8.292858166252488,4.85171760969154
P07,S2,lv2,43,6.810944250550137,3.8299339843235494
P07,S2,lv2,44,5.487778506414471,3.014508316463246
P07,S2,lv2,45,40.8657923082508,11.452507737619548
P07,S2,lv2,46,12.064559427967986,9.214857259567033
P07,S2,lv2,47,24.498603003082273,11.095907598401487
P07,S2,lv2,48,25.41495412890036,8.052743844807162
P07,S2,lv2,49,36.725287684249366,7.059244192669966
P07,S2,lv2,50,3.7062736398686518,6.615370620617363
P07,S2,lv2,51,67.86508532232453,6.533730173815425
P07,S2,lv2,52,3.5327450484148835,4.183723959768089
P07,S2,lv2,53,49.58931670916594,7.288005717469621
P07,S2,lv2,54,5.404993911809305,4.597221002474628
P07,S2,lv2,55,41.49013519054482,7.70104754277957
P07,S2,lv2,56,28.891903117912765,6.361134133408387
P07,S2,lv2,57,45.446722228108634,4.420993523902535
P07,S2,lv2,58,70.09914028586066,10.73117446583856
P07,S2,lv2,59,8.660750921396719,7.195258733031909
P07,S2,lv2,60,7.556758688185585,5.517457481063761
P07,S2,lv2,61,130.4847829580782,8.182831215714447
P07,S2,lv2,62,9.753555548404913,2.912797202957943
P07,S2,lv2,63,5.189463561401438,2.792688249504583
P07,S2,lv2,64,80.8608005505131,6.343539565329979
P07,S2,lv2,65,54.35306259527568,4.921074054058979
P07,S2,lv2,66,115.49920901579496,10.576507672794788
P07,S2,lv2,67,8.956302693368471,7.707030623579787
P07,S2,lv2,68,9.31478245433229,8.719311685645962
P07,S2,lv2,69,11.16086702277045,7.031005455787559
P07,S2,lv2,70,10.835695395811687,10.03480860971428
P07,S2,lv2,71,12.848537203467343,5.007934964154913
P07,S2,lv2,72,14.416123527783506,3.716800886292623
P07,S2,lv2,73,16.74162600195777,5.4742725997356265
P07,S2,lv2,74,3.7671715390244582,6.5558067112016
P07,S2,lv2,75,6.695999640547141,2.185424912559559
P07,S2,lv2,76,12.171174835043972,3.8866881222006726
P07,S2,lv2,77,26.297554238033648,3.822229609657241
P07,S2,lv2,78,8.441647790243366,4.555132015896876
P07,S2,lv2,79,3.3552171914476956,3.4877441201291632
P07,S2,lv2,80,19.966006650790337,6.559465951015508
P07,S2,lv2,81,2.808283132153142,5.538131143205957
P07,S2,lv2,82,9.985487603569029,3.9320586296440094
P07,S2,lv2,83,16.21100348779283,4.7776557713156045
P07,S2,lv2,84,18.062229745322977,4.4876338802088505
P07,S2,lv2,85,11.247455732337722,2.5448365865877403
P07,S2,lv2,86,21.741271884483854,7.829664698447381
P07,S2,lv2,87,9.674648291102063,2.813232073955321
P07,S2,lv2,88,1.9554227745325248,1.6921762093270258
P07,S2,lv2,89,7.5809206117629815,5.022492892656817
P07,S2,lv2,90,3.8133206251231653,2.886006023909282
P07,S2,lv2,91,2.802177480516906,2.690563063063952
P07,S2,lv2,92,5.4922313412943575,2.9162198108792046
P07,S2,lv2,93,6.59871982623605,5.4375591796568
P07,S2,lv2,94,15.156063550864294,9.55025560060062
P07,S2,lv2,95,31.479679348264895,7.452170405911825
P07,S2,lv2,96,72.76113333662177,9.120014964795287
P07,S2,lv2,97,18.684111532799346,3.9756199388217546
P07,S2,lv2,98,3.400504200753451,4.529479744768591
P07,S2,lv2,99,23.238744105062178,4.845139578492296
P07,S2,lv2,100,79.97453096046526,10.043619521818911
P07,S2,lv2,101,7.224966384642083,4.755375037937481
P07,S2,lv2,102,30.14646778293226,7.379996859691609
P07,S2,lv2,103,30.503774693570993,4.407207842473277
P07,S2,lv2,104,115.57042172059292,7.831914329671871
P07,S2,lv2,105,62.07912949131345,6.422493813067658
P07,S2,lv2,106,21.489852598173282,3.96364155631291
P07,S2,lv2,107,15.999196642877243,4.081960830441369
P07,S2,lv2,108,17.093438099583143,7.170742518396401
P07,S2,lv2,109,4.917575984846938,6.245624142736681
P07,S2,lv2,110,25.400349897860682,11.91962184645257
P07,S2,lv2,111,11.14436298210124,6.888787315093512
P07,S2,lv2,112,21.60033006512091,4.056893017244691
P07,S2,lv2,113,12.754622733664993,2.798919895173615
P07,S2,lv2,114,7.353383431460295,5.489129014660572
P07,S2,lv2,115,8.839711791492661,3.3747030099108875
P07,S2,lv2,116,15.011678223589687,3.7300525255416344
P07,S2,lv2,117,5.079671792627973,5.356801351441189
P07,S2,lv2,118,11.223828979713694,4.301012738275903
P07,S2,lv2,119,9.950669118483377,4.110882234363944
P07,S2,lv2,120,12.627593313468203,3.2479146964953203
P07,S2,lv2,121,6.23211142596805,3.881317153721259
P07,S2,lv2,122,3.681357581235663,2.4104334218335746
P07,S2,lv2,123,7.140223939882194,4.3906419615780985
P07,S2,lv2,124,62.77394061088399,7.541267546135847
P07,S2,lv2,125,2.5520163565221674,3.5716685684573037
P07,S2,lv2,126,7.596466710865307,2.234525803311224
P07,S2,lv2,127,16.911261881027272,4.1663364646902155
P07,S2,lv2,128,2.6810993164613217,3.4234827575638755
P07,S2,lv2,129,42.3992542148494,8.703898070674189
P07,S2,lv2,130,10.302242216870676,6.885753296749565
P07,S2,lv2,131,6.671474976952282,2.1890837419491205
P07,S2,lv2,132,8.0694141958087,5.47244661318639
P07,S2,lv2,133,20.469537972022593,6.023064212150433
P07,S2,lv2,134,5.764209387302707,4.313020806284315
P07,S2,lv2,135,11.715481698597669,9.87772203368126
P07,S2,lv2,136,9.06669735311972,3.424547291981356
P07,S2,lv2,137,4.8731347075864715,2.990024649985537
P07,S2,lv2,138,45.706488036342726,14.593183358286527
P07,S2,lv2,139,3.4898728843605364,4.035943718689697
P07,S2,lv2,140,24.72668455959823,7.471426026811958
P07,S2,lv2,141,19.46847143012241,8.588786151318127
P07,S2,lv2,142,40.13789732037109,6.564367874568333
P07,S2,lv2,143,9.6718020827774,4.287283454729122
P07,S2,lv2,144,8.054733578957608,5.196469171432206
P07,S2,lv2,145,7.789097356598822,6.452911959022238
P07,S2,lv2,146,66.64671662675133,5.911793765470299
P07,S2,lv2,147,12.069299450035011,2.0750252037821864
P07,S2,lv2,148,6.430181412306758,8.558786057208442
P08,S1,base,0,4.106158615060192,2.3780721231617443
P08,S1,base,1,9.304416326995222,9.778153285399922
P08,S1,base,2,20.86940466916952,30.701028149097727
P08,S1,base,3,10.367106266648193,3.488315350969939
P08,S1,base,4,4.079508035879992,3.542217446205339
P08,S1,base,5,3.177404639296278,4.513195533173669
P08,S1,base,6,7.459157260574587,7.747054654748369
P08,S1,base,7,5.295449112753968,16.186852822630335
P08,S1,base,8,2.70195022785704,7.99096655373913
P08,S1,base,9,3.531679059389528,21.081504269196415
P08,S1,base,10,5.4912663264802415,21.7289261912667
P08,S1,base,11,8.46290439479045,4.848052590988174
P08,S1,base,12,5.368608930746622,37.99853506973695
P08,S1,base,13,4.619390734207375,27.88645057651631
P08,S1,base,14,7.115987696360143,40.01682530657121
P08,S1,base,15,12.048290564177409,19.19492751376763
P08,S1,base,16,7.13343375727459,20.164198743997485
P08,S1,base,17,7.33233218031735,37.131515645671314
P08,S1,base,18,9.552858986452001,50.087051241653434
P08,S1,base,19,14.226457981676724,17.310401002040006
P08,S1,base,20,9.011733657397956,33.43194325845483
P08,S1,base,21,15.624138698325726,69.29084476039357
P08,S1,base,22,7.376032705571565,22.702340660098695
P08,S1,base,23,8.863105261841064,3.3227922536868095
P08,S1,base,24,5.218710595604819,16.31893842579353
P08,S1,base,25,9.058006218377104,26.50001386835554
P08,S1,base,26,5.9044898433792765,12.345802472629336
P08,S1,base,27,5.3910829618456475,31.413597216098825
P08,S1,base,28,4.523842239947532,39.171470387823696
P08,S1,base,29,9.402924597803812,15.45291039630539
P08,S1,lv0,0,7.816537049647336,3.833923363100516
P08,S1,lv0,1,3.0536200948025907,4.002737925510177
P08,S1,lv0,2,2.9442600443485016,3.369150991762608
P08,S1,lv0,3,9.395130767648835,4.542105365515709
P08,S1,lv0,4,10.521489149107206,4.316219462121134
P08,S1,lv0,5,3.187746719531864,4.448342345014627
P08,S1,lv0,6,18.806293556411266,4.393790923934927
P08,S1,lv0,7,22.809096013640982,4.148275412376162
P08,S1,lv0,8,6.765240634187768,4.745481944465096
P08,S1,lv0,9,9.85938346088651,4.980982554581145
P08,S1,lv0,10,12.110674008369639,10.01048579456126
P08,S1,lv0,11,10.340949996252279,7.0304183080756415
P08,S1,lv0,12,3.9309176555373266,3.2033710542978717
P08,S1,lv0,13,6.527764433312785,3.2079992719099164
P08,S1,lv0,14,32.761538779683015,4.8236994809423965
P08,S1,lv0,15,11.16857009281239,4.27516596999196
P08,S1,lv0,16,8.067540488489866,4.727265189384513
P08,S1,lv0,17,2.843814512510893,4.019751276603544
P08,S1,lv0,18,7.669955946575118,2.308332235136342
P08,S1,lv0,19,2.6233692960195976,2.846052668693445
P08,S1,lv0,20,24.216516405582134,7.279165294912233
P08,S1,lv0,21,5.02582889512338,5.6200137232095875
P08,S1,lv0,22,17.282254188939312,9.77237861562847
P08,S1,lv0,23,23.84408069086729,7.577349304998172
P08,S1,lv0,24,10.128011338621857,6.580933914072795
P08,S1,lv0,25,7.753443474884603,8.387516999636858
P08,S1,lv0,26,18.625120280632377,4.603464219524336
P08,S1,lv0,27,6.7456447821093874,5.1627459245635094
P08,S1,lv0,28,4.4430158618154625,3.8041771738114902
P08,S1,lv0,29,6.624966243676446,14.594810580461214
P08,S1,lv0,30,9.47029516928776,4.841373070314525
P08,S1,lv0,31,16.63612701991483,6.733424165476168
P08,S1,lv0,32,8.526317428085305,4.818591863283944
P08,S1,lv0,33,5.262180039722445,4.156434965637572
P08,S1,lv0,34,8.29100539438569,2.4909742638594814
P08,S1,lv0,35,2.9445809379861383,5.785917977285563
P08,S1,lv0,36,4.730789455298812,2.5337561437593084
P08,S1,lv0,37,13.641490645065494,6.177630080331306
P08,S1,lv0,38,4.9908988774711265,5.834074533766912
P08,S1,lv0,39,3.895102655940895,6.464877749063577
P08,S1,lv0,40,7.326792971643124,3.427867035679648
P08,S1,lv0,41,5.785650176223089,7.626324878534188
P08,S1,lv0,42,4.4271429922056855,4.7752395080624
P08,S1,lv0,43,9.61688727357769,7.082340283655544
P08,S1,lv0,44,10.395601064607964,4.033715758660767
P08,S1,lv0,45,6.153681064826888,4.850416092123995
P08,S1,lv0,46,8.732172276707988,8.208949086481365
P08,S1,lv0,47,8.657131872476407,5.982414366504059
P08,S1,lv0,48,5.7859098079677365,7.806350126577679
P08,S1,lv0,49,10.663998771147945,6.781111080012669
P08,S1,lv0,50,6.322380979190283,2.5098304504156586
P08,S1,lv0,51,10.634246196463144,5.30429690955231
P08,S1,lv0,52,5.935863907334454,9.236282567021604
P08,S1,lv0,53,10.879515669600458,5.590713610465876
P08,S1,lv0,54,10.4042964711623,4.398636259107862
P08,S1,lv0,55,7.794254434485725,4.598498122057983
P08,S1,lv0,56,6.380207560752846,4.566598338690309
P08,S1,lv0,57,10.305742992014148,5.306087315783598
P08,S1,lv0,58,3.8280133539009875,3.396779377590734
P08,S1,lv0,59,4.722002121470626,7.617772749269978
P08,S1,lv0,60,33.38739959220153,12.085237422770476
P08,S1,lv0,61,7.073644163786282,4.451295916564513
P08,S1,lv0,62,16.72246643878171,3.8624043104386367
P08,S1,lv0,63,10.510927154470924,8.313929957864838
P08,S1,lv0,64,4.917424979308961,2.711549535636672
P08,S1,lv0,65,4.120496968732134,5.788572218616102
P08,S1,lv0,66,23.899207589797637,14.059276037724173
P08,S1,lv0,67,7.683764004978049,7.354546295934031
P08,S1,lv0,68,12.694779562860933,6.754152715743248
P08,S1,lv0,69,8.625153150715548,7.764072244844164
P08,S1,lv0,70,2.3426919379726208,2.3634466551118636
P08,S1,lv0,71,9.288406368096238,6.334541253605823
P08,S1,lv0,72,3.927118533719491,4.657303665435599
P08,S1,lv0,73,48.058524912226126,8.097454216881815
P08,S1,lv0,74,20.263889105709403,6.085354714677961
P08,S1,lv0,75,20.85071678925912,10.714427270807578
P08,S1,lv0,76,11.831028150196143,5.251764096061379
P08,S1,lv0,77,8.846599145520711,5.655970505273488
P08,S1,lv0,78,6.273905738454023,5.276756781233534
P08,S1,lv0,79,4.9443534612492135,8.52919768746344
P08,S1,lv0,80,8.407202684110969,7.286012843206645
P08,S1,lv0,81,14.15218280992042,4.900173292411318
P08,S1,lv0,82,9.738982119089806,3.9653444279243066
P08,S1,lv0,83,10.217886762264165,6.0766416562490395
P08,S1,lv0,84,3.817881157247703,4.0544077180578295
P08,S1,lv0,85,8.58749853509851,2.8599749202622298
P08,S1,lv0,86,5.488490189477521,4.263525861329847
P08,S1,lv0,87,4.065803402900617,4.351673567973852
P08,S1,lv0,88,5.20481959246183,6.36430515063452
P08,S1,lv0,89,3.604133580596909,5.202045180366831
P08,S1,lv0,90,7.555119453183196,6.934945037015174
P08,S1,lv0,91,15.116342250953279,4.259497104895215
P08,S1,lv0,92,30.962212233126383,4.767095414990155
P08,S1,lv0,93,9.800776481752472,8.630805148106472
P08,S1,lv0,94,11.341730062542709,5.981102252076482
P08,S1,lv0,95,18.98636414555198,5.572822984862075
P08,S1,lv0,96,11.242620619616105,5.029891520977589
P08,S1,lv0,97,2.7742111699644645,8.001128431555843
P08,S1,lv0,98,5.276983332120091,8.382133646957602
P08,S1,lv0,99,8.355715326157947,6.154738005754585
P08,S1,lv0,100,9.037126445170669,6.005430887139973
P08,S1,lv0,101,9.997293159974243,7.523473449827016
P08,S1,lv0,102,22.013182169932715,16.954781454671878
P08,S1,lv0,103,22.406692066987826,5.192523042683554
P08,S1,lv0,104,23.018905291729425,4.560456879619194
P08,S1,lv0,105,12.612989659133829,8.802345809456012
P08,S1,lv0,106,16.68842326067874,7.046779392981655
P08,S1,lv0,107,8.680951720189464,8.624605075741497
P08,S1,lv0,108,4.092414085877256,5.403529997888358
P08,S1,lv0,109,34.921766904139396,8.117048564349851
P08,S1,lv0,110,7.16040786807877,7.484118926950919
P08,S1,lv0,111,5.243919079951631,10.133770324490637
P08,S1,lv0,112,45.14862889454174,7.858763217353055
P08,S1,lv0,113,11.62426323330492,6.4841182287374055
P08,S1,lv0,114,7.930377551508298,3.8401217827931227
P08,S1,lv0,115,26.01170661006136,5.520258800526072
P08,S1,lv0,116,50.03562036132685,5.613468057847714
P08,S1,lv0,117,24.299331312560135,3.283573894014331
P08,S1,lv0,118,7.2534334920238726,7.384274324834175
P08,S1,lv0,119,7.291648426713075,9.326186105557857
P08,S1,lv0,120,13.044282888360472,11.328753682520183
P08,S1,lv0,121,5.1102710171302155,9.349415764530539
P08,S1,lv0,122,5.218014608651908,10.153264384835945
P08,S1,lv0,123,13.867639911522431,7.051116194495513
P08,S1,lv0,124,5.719413412785076,6.93040252035951
P08,S1,lv0,125,5.4456671162991706,4.385047517193492
P08,S1,lv0,126,13.57655375825757,4.437121775883523
P08,S1,lv0,127,11.48784113124996,4.423437510467582
P08,S1,lv0,128,4.671092067744026,7.156463224665494
P08,S1,lv0,129,3.1909644094482252,9.652838540678516
P08,S1,lv0,130,11.823759395542595,11.510545729861903
P08,S1,lv0,131,11.100889780763573,7.059626467279289
P08,S1,lv0,132,3.051244702123326,8.855037453426828
P08,S1,lv0,133,4.068785858507111,4.337893671267525
P08,S1,lv0,134,5.976395494760119,6.5330569081730125
P08,S1,lv0,135,8.146541708513086,5.469923164881408
P08,S1,lv0,136,5.982876504765167,9.097653929216643
P08,S1,lv0,137,10.178399346906005,4.664834689420435
P08,S1,lv0,138,9.995484097874906,5.7816533917474
P08,S1,lv0,139,8.700441863445949,4.278292045906803
P08,S1,lv0,140,4.503086865622676,4.219053122583344
P08,S1,lv0,141,5.374363350148981,6.5194234612479365
P08,S1,lv0,142,7.31559045864937,10.135433560465767
P08,S1,lv0,143,5.776361266112131,4.304637830222567
P08,S1,lv0,144,5.2876069248656465,5.162550779607871
P08,S1,lv0,145,6.988601433308383,3.4101383336303868
P08,S1,lv0,146,4.191722983852245,7.699955775652444
P08,S1,lv0,147,7.499652087513912,6.9608865170345835
P08,S1,lv0,148,3.9235710113251825,7.042380110131179
P08,S1,lv1,0,11.2231960537855,8.992928072109487
P08,S1,lv1,1,8.423244316593806,8.02795371309463
P08,S1,lv1,2,13.122767049373646,3.4532463405643394
P08,S1,lv1,3,14.90322697149976,6.327620590297156
P08,S1,lv1,4,7.350637559021049,2.4554076576943986
P08,S1,lv1,5,6.507365883305442,4.8838815897086985
P08,S1,lv1,6,5.793005725911423,2.7931578992047696
P08,S1,lv1,7,6.332022377639995,7.03546521460826
P08,S1,lv1,8,20.092181670393703,4.780055762864512
P08,S1,lv1,9,23.268408278641996,2.831106412482653
P08,S1,lv1,10,19.363112587251333,4.9430786338399155
P08,S1,lv1,11,27.796654229109127,11.189184780813221
P08,S1,lv1,12,6.611922226092746,6.949015077042925
P08,S1,lv1,13,15.424585059763377,5.05542167114107
P08,S1,lv1,14,9.693294923278962,5.217066236692741
P08,S1,lv1,15,33.75734551571928,3.783491131383775
P08,S1,lv1,16,12.00279481603441,6.505732199199265
P08,S1,lv1,17,43.6649424003996,6.3808948270024475
P08,S1,lv1,18,20.216569697240605,4.55319588593743
P08,S1,lv1,19,24.03642301681297,4.796393839208552
P08,S1,lv1,20,20.87344274255112,5.907429873761912
P08,S1,lv1,21,27.1261632443574,9.354572659144276
P08,S1,lv1,22,5.4459012634960615,4.936724901540714
P08,S1,lv1,23,17.455000068335266,5.887826631149306
P08,S1,lv1,24,19.25856610849024,7.230009311147044
P08,S1,lv1,25,8.721384348309819,5.759483986579973
P08,S1,lv1,26,14.947170541530959,3.051564907574386
P08,S1,lv1,27,11.092013683465375,7.584138458116194
P08,S1,lv1,28,16.057849624083577,4.205303353933836
P08,S1,lv1,29,16.503216487505195,10.51605191864563
P08,S1,lv1,30,15.65021299986806,2.7982360341416843
P08,S1,lv1,31,10.081236906315702,3.5417239866599517
P08,S1,lv1,32,10.462506440495655,8.406145272859932
P08,S1,lv1,33,4.899157032217118,7.962857659559865
P08,S1,lv1,34,10.02160005399727,6.026244450911082
P08,S1,lv1,35,36.916596236633715,4.633150960511935
P08,S1,lv1,36,13.993251339359995,7.980092056614139
P08,S1,lv1,37,20.87460039582152,4.236314806403766
P08,S1,lv1,38,7.904117604346925,4.875084823571651
P08,S1,lv1,39,17.244147122247153,4.596790658721306
P08,S1,lv1,40,3.936700629120424,6.549152911076561
P08,S1,lv1,41,6.344620326897463,3.5852029661297764
P08,S1,lv1,42,47.24425990289229,19.95822557506331
P08,S1,lv1,43,8.690332804021377,6.113766483970393
P08,S1,lv1,44,11.943322778998763,5.167732002645084
P08,S1,lv1,45,4.977905611157696,6.887636459338748
P08,S1,lv1,46,9.814169582844094,6.54341947395953
P08,S1,lv1,47,3.212358281113061,8.120595395107749
P08,S1,lv1,48,8.292857794194386,8.742204198669464
P08,S1,lv1,49,11.065580631448922,5.5389173917579555
P08,S1,lv1,50,12.007887989734444,8.090294201068055
P08,S1,lv1,51,18.09431819507813,8.700631446718383
P08,S1,lv1,52,11.645809921064485,9.863559864229632
P08,S1,lv1,53,35.32790390935021,4.9601070561519665
P08,S1,lv1,54,7.530814444216563,5.292102910313516
P08,S1,lv1,55,7.924242232527859,3.4790614043987405
P08,S1,lv1,56,17.15297173778388,5.499681353412666
P08,S1,lv1,57,17.50809500448633,4.81151663108489
P08,S1,lv1,58,43.34271224319186,6.540954031860179
P08,S1,lv1,59,9.195634483348796,3.84898109760892
P08,S1,lv1,60,7.631749873119149,5.805071389814937
P08,S1,lv1,61,12.769501950418785,6.972205240073238
P08,S1,lv1,62,6.531166974619613,3.583203269639395
P08,S1,lv1,63,17.633394775318333,4.284866105135861
P08,S1,lv1,64,11.827086714947676,8.264547873904021
P08,S1,lv1,65,10.881670257277834,11.458059268988544
P08,S1,lv1,66,7.7702437176461,4.314039606521042
P08,S1,lv1,67,35.81833699722998,7.366633169005794
P08,S1,lv1,68,6.231722971289129,6.668854186818979
P08,S1,lv1,69,22.146935529605848,4.850150979867603
P08,S1,lv1,70,11.760990717260073,5.774501791667345
P08,S1,lv1,71,3.1766137910977075,4.071832996996672
P08,S1,lv1,72,12.94135000829504,4.509298628369517
P08,S1,lv1,73,6.7637358668961145,7.1787866995388585
P08,S1,lv1,74,12.248223436943235,2.720010448622901
P08,S1,lv1,75,6.6457207827800895,4.501924640263685
P08,S1,lv1,76,10.79423350142157,5.678944725120471
P08,S1,lv1,77,4.531389817373572,4.685507632423805
P08,S1,lv1,78,4.11744656941111,7.190054408822767
P08,S1,lv1,79,3.675702113765754,6.464947318836353
P08,S1,lv1,80,12.362621565849297,3.0339680615537308
P08,S1,lv1,81,10.327474975534196,9.41996285943153
P08,S1,lv1,82,8.84416175730741,6.206755924032324
P08,S1,lv1,83,7.8121626171221425,5.227659282173134
P08,S1,lv1,84,6.86190554373325,3.067852317748521
P08,S1,lv1,85,14.237270705712568,4.5106063212903535
P08,S1,lv1,86,9.081445447654382,7.074908244609153
P08,S1,lv1,87,7.351191985382871,8.500348251715668
P08,S1,lv1,88,10.572112909346632,7.835641697178571
P08,S1,lv1,89,9.34258674926958,6.925960991805159
P08,S1,lv1,90,4.5987717814641975,3.60759671410933
P08,S1,lv1,91,10.758653274557789,5.815039737512864
P08,S1,lv1,92,8.84568374973403,5.485491243270831
P08,S1,lv1,93,11.381434795420967,3.9349841465314923
P08,S1,lv1,94,15.839744984725142,5.630929913276181
P08,S1,lv1,95,10.066459689301311,7.2221512675861455
P08,S1,lv1,96,6.457609042239778,4.503133468301909
P08,S1,lv1,97,3.9732562069502504,6.676905946725352
P08,S1,lv1,98,5.746544985436316,5.411902902706234
P08,S1,lv1,99,30.598004013502354,8.01684939363967
P08,S1,lv1,100,27.543896624722656,8.54170410041913
P08,S1,lv1,101,7.241236114565608,5.66436576376207
P08,S1,lv1,102,16.35225703705363,3.8809522761776574
P08,S1,lv1,103,8.965909110925255,5.877022248115358
P08,S1,lv1,104,19.134073902462173,5.064618797086395
P08,S1,lv1,105,8.627445991987996,5.862802183275361
P08,S1,lv1,106,6.58756878628061,6.273031158838158
P08,S1,lv1,107,3.9820148520560656,5.883142193694416
P08,S1,lv1,108,9.790680286227886,4.280124127488701
P08,S1,lv1,109,7.79040921501133,6.280561986650315
P08,S1,lv1,110,9.422163021807272,3.758885550865461
P08,S1,lv1,111,19.06625189465806,6.0991762731063766
P08,S1,lv1,112,21.577242151287237,6.898225761714665
P08,S1,lv1,113,42.603121731325515,7.131455415934708
P08,S1,lv1,114,19.718351504171554,6.795302222531349
P08,S1,lv1,115,20.07054368505392,5.798147951130875
P08,S1,lv1,116,28.346497937336753,9.631036502777077
P08,S1,lv1,117,3.7149948831719506,5.904366339294748
P08,S1,lv1,118,17.707183083652826,7.059376845474197
P08,S1,lv1,119,39.04877293488777,7.1857353991701105
P08,S1,lv1,120,15.89429691679751,5.494115389446456
P08,S1,lv1,121,11.711043343913822,7.2765865150318305
P08,S1,lv1,122,7.2569834924788985,4.2973967880721915
P08,S1,lv1,123,21.629572352109154,7.187206370702512
P08,S1,lv1,124,24.80794777864459,9.917366800937074
P08,S1,lv1,125,10.326759327349865,7.1363624536489
P08,S1,lv1,126,12.710380446410928,6.996278359375092
P08,S1,lv1,127,19.293461457643883,4.4204291081379985
P08,S1,lv1,128,6.3033480213810105,6.606682967462737
P08,S1,lv1,129,6.820904439545865,2.3741218689211068
P08,S1,lv1,130,5.829764491081943,8.186954819738775
P08,S1,lv1,131,19.910983694375673,8.741450536137046
P08,S1,lv1,132,40.97475443007048,7.755270170300915
P08,S1,lv1,133,8.749665650091442,5.4086231208381905
P08,S1,lv1,134,6.7063268177254844,7.7859370318470855
P08,S1,lv1,135,26.40135438280393,5.304228830728477
P08,S1,lv1,136,18.672120025875802,5.9601139890814085
P08,S1,lv1,137,9.776663436124782,4.766806610241453
P08,S1,lv1,138,4.916980543607109,3.767067423965568
P08,S1,lv1,139,32.32145709381055,7.415243611107961
P08,S1,lv1,140,4.629329460896724,5.518828539468584
P08,S1,lv1,141,8.123042998397713,5.682048085112295
P08,S1,lv1,142,4.900716704406242,8.948393490032041
P08,S1,lv1,143,16.365248224349983,5.349505950360867
P08,S1,lv1,144,14.646582020435387,5.784737943075737
P08,S1,lv1,145,7.366732161993332,6.262753433039476
P08,S1,lv1,146,16.76324955432967,3.7811214715679675
P08,S1,lv1,147,15.665734575319151,6.6924797811623735
P08,S1,lv1,148,9.436664354654843,6.668437181421866
P08,S1,lv2,0,7.328697087656872,6.702718120822866
P08,S1,lv2,1,4.208084234226639,4.280369892076224
P08,S1,lv2,2,24.330078023383543,4.315267152007537
P08,S1,lv2,3,6.544624960849184,5.458861610983593
P08,S1,lv2,4,5.074331550978858,3.6189795969289005
P08,S1,lv2,5,14.748816579928938,4.753507616192674
P08,S1,lv2,6,15.075904449754969,3.8945351110136857
P08,S1,lv2,7,12.406080851446218,5.808753741437601
P08,S1,lv2,8,4.3594810959464665,5.049264767625842
P08,S1,lv2,9,11.80153115274137,6.5096868248661925
P08,S1,lv2,10,5.369638278205916,7.925345464132282
P08,S1,lv2,11,25.212456401380965,5.805964215901515
P08,S1,lv2,12,52.806645796030125,19.962602264458404
P08,S1,lv2,13,18.984175106474193,5.8412995249347945
P08,S1,lv2,14,35.747635373683245,14.690429246465564
P08,S1,lv2,15,19.513831087771198,9.29845688809953
P08,S1,lv2,16,9.92746189359971,6.623041892884909
P08,S1,lv2,17,12.016996160842389,8.169889500550278
P08,S1,lv2,18,6.979868848146084,2.9685757117337968
P08,S1,lv2,19,2.5457061745442364,2.8243099042079978
P08,S1,lv2,20,7.65280007626143,6.074001724274634
P08,S1,lv2,21,13.214545118513517,3.6410545598109723
P08,S1,lv2,22,41.83133450910953,15.528826729010737
P08,S1,lv2,23,7.506054832835452,2.4095513933187167
P08,S1,lv2,24,39.62393588864509,7.171492229479102
P08,S1,lv2,25,11.429504243689292,5.063816865254345
P08,S1,lv2,26,29.152486546684397,7.181015051183283
P08,S1,lv2,27,17.781407250354075,4.04682196912909
P08,S1,lv2,28,10.83784206629546,3.6120789244564295
P08,S1,lv2,29,31.1741701623886,6.561596145908763
P08,S1,lv2,30,42.60290233013119,10.531264076278202
P08,S1,lv2,31,5.229668627845083,6.260719192731692
P08,S1,lv2,32,21.207835031544036,9.506147953683
P08,S1,lv2,33,5.912394440069001,2.6377668378637726
P08,S1,lv2,34,6.903662541399256,7.201157507350136
P08,S1,lv2,35,8.09903165352013,3.5876999105086886
P08,S1,lv2,36,34.07282327794138,4.061287672333617
P08,S1,lv2,37,10.457119065409623,4.781199243908724
P08,S1,lv2,38,26.760042019594206,6.82549110472488
P08,S1,lv2,39,11.550260603954037,3.6821051691783326
P08,S1,lv2,40,13.095764883696496,6.789515856876233
P08,S1,lv2,41,8.255747552596132,4.741204540282861
P08,S1,lv2,42,19.427495545480976,3.259081651934111
P08,S1,lv2,43,15.945624702227551,3.5944697213860874
P08,S1,lv2,44,5.975427067412049,5.956457870488475
P08,S1,lv2,45,5.026892668908232,6.971393698312577
P08,S1,lv2,46,10.321939246688384,2.9483491117049487
P08,S1,lv2,47,19.80528775532616,3.3638978196507883
P08,S1,lv2,48,7.878729895659604,8.5527262890173
P08,S1,lv2,49,8.420573537205783,4.298474878784724
P08,S1,lv2,50,13.071344544550985,7.278836919562711
P08,S1,lv2,51,3.7254759337011505,2.8246764088960292
P08,S1,lv2,52,2.8694749902570242,4.043859409779344
P08,S1,lv2,53,6.026416746163258,5.377864778285833
P08,S1,lv2,54,27.17638661333117,5.63866573569278
P08,S1,lv2,55,7.230207496984966,6.426859056463753
P08,S1,lv2,56,10.111719649442135,4.473231772461984
P08,S1,lv2,57,7.207763315224952,6.0566233108079635
P08,S1,lv2,58,5.22578183116072,6.899561325184629
P08,S1,lv2,59,6.308831666893803,7.778134433649237
P08,S1,lv2,60,25.00175067044411,6.14100711942679
P08,S1,lv2,61,12.093445915997652,7.035329684470475
P08,S1,lv2,62,6.323112248778143,8.582400008695851
P08,S1,lv2,63,5.382269484304294,2.558204399903728
P08,S1,lv2,64,18.745981478164033,6.6665789282350945
P08,S1,lv2,65,5.886320563983038,3.911976253479044
P08,S1,lv2,66,9.032492327563752,2.9366353864596997
P08,S1,lv2,67,23.982392188867134,4.0696054247151014
P08,S1,lv2,68,5.786079645342993,7.780544094068526
P08,S1,lv2,69,24.771111670949754,10.638345953306823
P08,S1,lv2,70,7.790655578107982,4.1895744905100285
P08,S1,lv2,71,12.816231276711651,10.123917029522948
P08,S1,lv2,72,13.650605306427023,7.206168430578283
P08,S1,lv2,73,5.933795430433333,4.316110103718355
P08,S1,lv2,74,21.87494425403558,3.695907911609257
P08,S1,lv2,75,11.185655855717082,5.949043700378031
P08,S1,lv2,76,20.13328579629772,6.163192896896616
P08,S1,lv2,77,16.17430581255963,8.602525788981525
P08,S1,lv2,78,7.168933796601414,5.149638209751446
P08,S1,lv2,79,7.993169649866447,4.732063210246194
P08,S1,lv2,80,6.556526319281683,4.481624636025656
P08,S1,lv2,81,21.525756239356422,3.720422713892214
P08,S1,lv2,82,7.188990522054945,3.604006549773695
P08,S1,lv2,83,4.749372166512393,8.075508620041822
P08,S1,lv2,84,7.121897132706272,5.91671531301126
P08,S1,lv2,85,4.431938965310635,3.160563309721324
P08,S1,lv2,86,6.093730655561237,6.730186234317417
P08,S1,lv2,87,4.007855852902274,6.093411426745014
P08,S1,lv2,88,37.88790045788064,7.683401304294703
P08,S1,lv2,89,10.985378319081068,8.475582709845929
P08,S1,lv2,90,6.705044590028701,8.121777176822635
P08,S1,lv2,91,5.652726523900882,8.657081004056383
P08,S1,lv2,92,3.0982008655454103,2.7651291950853496
P08,S1,lv2,93,7.587430848558161,6.077742160832967
P08,S1,lv2,94,12.118556101805767,6.1274739280113915
P08,S1,lv2,95,17.518836720081353,6.653116445462013
P08,S1,lv2,96,7.234905469424903,4.389783315680726
P08,S1,lv2,97,7.113123491641814,4.157445479236461
P08,S1,lv2,98,20.88134383713237,6.634282000561828
P08,S1,lv2,99,11.385275592772748,6.2391781474033134
P08,S1,lv2,100,4.808780387458008,6.680826975051436
P08,S1,lv2,101,15.893686608196365,3.9948804530746744
P08,S1,lv2,102,14.860589345957825,2.839914874055351
P08,S1,lv2,103,23.444580201299463,7.745042050218538
P08,S1,lv2,104,19.81317793221735,5.990130188910558
P08,S1,lv2,105,22.189551273955757,8.042793670000625
P08,S1,lv2,106,5.258549682783355,10.84945064077292
P08,S1,lv2,107,8.64062497695173,6.800237088596106
P08,S1,lv2,108,6.951236093057098,3.335764654574901
P08,S1,lv2,109,12.31334575316877,5.340924504738624
P08,S1,lv2,110,24.205441115897703,6.628244281903371
P08,S1,lv2,111,6.370827001202959,10.335151449466247
P08,S1,lv2,112,14.891544184035418,6.888062740368713
P08,S1,lv2,113,8.901875927899054,9.438358286647079
P08,S1,lv2,114,6.937604203527678,7.5005709637638525
P08,S1,lv2,115,15.325222178234196,5.319946942280664
P08,S1,lv2,116,10.742691894688962,7.082180242400496
P08,S1,lv2,117,9.106441577371683,5.172923249789027
P08,S1,lv2,118,21.96581881627333,4.2317876295967185
P08,S1,lv2,119,26.039890319968666,9.68743598183249
P08,S1,lv2,120,3.013830775287136,5.202053119016313
P08,S1,lv2,121,16.195323289885106,3.9022516265142415
P08,S1,lv2,122,9.338465279238177,14.172064419080195
P08,S1,lv2,123,16.395322443585435,6.809045021207027
P08,S1,lv2,124,7.950232699131708,3.850751114996966
P08,S1,lv2,125,34.954779020524114,7.563745216038296
P08,S1,lv2,126,5.718047905848207,4.67947848790875
P08,S1,lv2,127,10.318387941191679,5.539872899982117
P08,S1,lv2,128,6.8461013680375915,5.528956945580322
P08,S1,lv2,129,72.96209386830549,6.886307232776176
P08,S1,lv2,130,14.19809017455677,5.266446404900124
P08,S1,lv2,131,4.799057863270598,6.9004136316248985
P08,S1,lv2,132,8.043053351266062,4.2121391055380455
P08,S1,lv2,133,6.391791659293846,6.086434940265677
P08,S1,lv2,134,17.239752580873585,5.995745293777591
P08,S1,lv2,135,26.388891610252497,7.4411842254932115
P08,S1,lv2,136,7.515595595931414,5.701054106800773
P08,S1,lv2,137,4.433541265326759,3.4331953167790883
P08,S1,lv2,138,5.273806889496955,6.1161983634573165
P08,S1,lv2,139,7.218822696757377,5.480423563916334
P08,S1,lv2,140,2.6875797276752915,6.698507258701386
P08,S1,lv2,141,16.102361954899276,5.379931221057955
P08,S1,lv2,142,27.285618206516688,2.836988153288503
P08,S1,lv2,143,29.27969834743133,4.678009404065079
P08,S1,lv2,144,13.022396455715056,5.548146138856002
P08,S1,lv2,145,20.701032901363554,6.635945021246303
P08,S1,lv2,146,24.10707772054148,6.6848230698904585
P08,S1,lv2,147,7.825291694244264,4.445393434605191
P08,S1,lv2,148,4.660163539786597,7.377148804411123
P08,S2,base,0,10.1547112478509,3.8888704362249142
P08,S2,base,1,3.395374137552819,6.673924319734743
P08,S2,base,2,4.880311880108063,18.621015511606068
P08,S2,base,3,11.40233605165066,24.931928443586706
P08,S2,base,4,8.679916404189814,6.919525228914185
P08,S2,base,5,12.8277814102078,24.688198282543798
P08,S2,base,6,9.507074394003396,11.559467230396763
P08,S2,base,7,4.528831537943215,28.442969307287996
P08,S2,base,8,3.052252157957296,32.10683017168566
P08,S2,base,9,5.484755759182392,14.243947044441217
P08,S2,base,10,8.074347683897289,39.04137946735428
P08,S2,base,11,7.963041301022805,22.427684665951645
P08,S2,base,12,2.5389666565865805,21.430324008937333
P08,S2,base,13,4.059633535611436,9.95588918606272
P08,S2,base,14,5.2228482765526785,19.615203115143796
P08,S2,base,15,14.325033844228985,27.697493990422466
P08,S2,base,16,6.148816421888904,17.955470659067277
P08,S2,base,17,6.455017875357755,35.69163513542379
P08,S2,base,18,3.862998893372863,30.492653356479483
P08,S2,base,19,9.054712962039499,39.17519478808566
P08,S2,base,20,7.316038012593409,31.41747691745514
P08,S2,base,21,6.048863442070164,22.683584545005488
P08,S2,base,22,4.047838571645343,10.388926044309233
P08,S2,base,23,8.640254077684636,14.123884916106665
P08,S2,base,24,3.9010627660559503,26.4073252038669
P08,S2,base,25,16.02019063650982,23.562434593742456
P08,S2,base,26,3.9636199003530765,23.910660829151873
P08,S2,base,27,5.488525211012099,58.40696237240128
P08,S2,base,28,8.508060948008286,46.23639746452321
P08,S2,base,29,12.154027116561142,29.6233042524828
P08,S2,lv0,0,7.036114111027861,4.952982462621537
P08,S2,lv0,1,3.0605341666196755,8.53629805799339
P08,S2,lv0,2,8.234508095591686,5.627824551928873
P08,S2,lv0,3,26.749907012068093,11.604826703159977
P08,S2,lv0,4,5.836606930973029,4.224803105602758
P08,S2,lv0,5,8.223419898565007,4.090360754411292
P08,S2,lv0,6,9.259499208547872,6.902764954424966
P08,S2,lv0,7,5.253066949346392,7.437118213816499
P08,S2,lv0,8,7.178338471097913,5.974532109784207
P08,S2,lv0,9,16.229490966623604,5.153937744918037
P08,S2,lv0,10,4.84809999925391,9.151553210889224
P08,S2,lv0,11,33.88200994178988,9.471742712796733
P08,S2,lv0,12,5.87289014115422,10.692496519719844
P08,S2,lv0,13,11.566362937514848,3.796540560379172
P08,S2,lv0,14,10.040996896856116,8.066140836982795
P08,S2,lv0,15,9.541940774562741,5.437633567307576
P08,S2,lv0,16,5.255748827269424,6.69064202092822
P08,S2,lv0,17,11.923768157308814,9.581381157845655
P08,S2,lv0,18,10.455991648564211,6.4842409383300605
P08,S2,lv0,19,18.423890375984033,6.24185957142
P08,S2,lv0,20,3.2644211095373987,4.390564685928839
P08,S2,lv0,21,4.338048404399293,4.612069376490569
P08,S2,lv0,22,6.371368860362855,6.04136096696167
P08,S2,lv0,23,9.688446138921083,5.500875738222555
P08,S2,lv0,24,4.366026012928664,5.199438011398264
P08,S2,lv0,25,8.57461867975637,12.373375560546924
P08,S2,lv0,26,13.167428697992213,14.244302011389834
P08,S2,lv0,27,7.922006065254773,5.359736886970654
P08,S2,lv0,28,13.224139369589965,8.819747022116324
P08,S2,lv0,29,12.067597387658862,9.305447696376461
P08,S2,lv0,30,8.772076758027433,5.688702501048996
P08,S2,lv0,31,15.821503327988196,10.71143000988752
P08,S2,lv0,32,4.056374165756036,7.752369588473993
P08,S2,lv0,33,41.199690776452385,10.51504593332406
P08,S2,lv0,34,6.523833806803771,4.990811639905659
P08,S2,lv0,35,8.528984165270886,3.803630700454234
P08,S2,lv0,36,4.607511272121407,4.42306303740575
P08,S2,lv0,37,5.907061309489749,4.773715241489155
P08,S2,lv0,38,7.601650736602117,4.989443028619471
P08,S2,lv0,39,11.856789333666663,4.822723909884807
P08,S2,lv0,40,5.68534573187032,6.561003799552398
P08,S2,lv0,41,11.959820064725015,6.78294290632667
P08,S2,lv0,42,3.508746370528684,7.613578449907845
P08,S2,lv0,43,10.514259004775372,7.506232426357723
P08,S2,lv0,44,9.645789932810949,5.202602487316749
P08,S2,lv0,45,7.374171335048987,5.293867862194987
P08,S2,lv0,46,5.678189039802991,6.558123720881899
P08,S2,lv0,47,5.531093474145415,5.236064714503595
P08,S2,lv0,48,6.999670467665687,10.199872745000535
P08,S2,lv0,49,8.02450881291444,4.690791596935475
P08,S2,lv0,50,19.13347603012328,5.416369751378736
P08,S2,lv0,51,15.150232516421655,6.712423628224572
P08,S2,lv0,52,5.891816149587446,4.1347363255787
P08,S2,lv0,53,8.695849195652551,9.879510579269168
P08,S2,lv0,54,17.337070155416207,6.2515054757292585
P08,S2,lv0,55,10.431228112038982,9.565567648540434
P08,S2,lv0,56,22.177990071600632,6.939462546640582
P08,S2,lv0,57,18.5693809840019,9.386867348241779
P08,S2,lv0,58,25.816634954928006,10.589895891520515
P08,S2,lv0,59,15.454162048965559,3.2939908276481766
P08,S2,lv0,60,8.079892436389068,5.167627523491855
P08,S2,lv0,61,4.945083769300886,9.964721060240128
P08,S2,lv0,62,5.7304628214817335,7.45750413944012
P08,S2,lv0,63,7.915788977502085,8.428630231585927
P08,S2,lv0,64,9.476686905493112,13.962255305281689
P08,S2,lv0,65,21.17192243530778,6.16914737460016
P08,S2,lv0,66,21.703011234405658,6.254952937747748
P08,S2,lv0,67,12.990586083639519,6.948837770896279
P08,S2,lv0,68,4.322215069024297,3.9820574002688858
P08,S2,lv0,69,4.71625257831535,8.174625364554405
P08,S2,lv0,70,6.976463231241103,7.820981584545278
P08,S2,lv0,71,6.130758342464326,4.588236703147636
P08,S2,lv0,72,12.457255178604631,6.271171160689682
P08,S2,lv0,73,13.445255394549873,5.7770134160722355
P08,S2,lv0,74,38.03057002252182,7.101847225965755
P08,S2,lv0,75,5.931026805315496,5.402606778554029
P08,S2,lv0,76,11.209599621710224,11.832861086108771
P08,S2,lv0,77,8.822616107665704,7.6050962531565105
P08,S2,lv0,78,4.63134022683994,6.828309424212248
P08,S2,lv0,79,8.716838965509568,5.367415154655066
P08,S2,lv0,80,13.356150608437288,9.650478608667854
P08,S2,lv0,81,3.8057038517121238,2.5837873409006593
P08,S2,lv0,82,5.252554066923595,5.788165048168376
P08,S2,lv0,83,4.657271929212358,4.645040317763827
P08,S2,lv0,84,12.270700764469963,5.580409816778688
P08,S2,lv0,85,8.105276889874785,6.474367114781027
P08,S2,lv0,86,7.944063457327713,9.638492061596656
P08,S2,lv0,87,9.403258499384524,11.280646684483528
P08,S2,lv0,88,20.693655554293464,4.58255700594143
P08,S2,lv0,89,11.10312805893564,7.19705639737916
P08,S2,lv0,90,6.141193006894132,9.355676504042469
P08,S2,lv0,91,8.979888784924302,7.799375248050661
P08,S2,lv0,92,11.154266054100322,6.479178435104967
P08,S2,lv0,93,3.05396438779323,6.757130060711328
P08,S2,lv0,94,10.616137853205622,3.8203593536459626
P08,S2,lv0,95,3.4353494404898552,6.7256359046895975
P08,S2,lv0,96,7.779218582431348,3.410637907647535
P08,S2,lv0,97,8.682547868691346,7.386155967348889
P08,S2,lv0,98,6.436499271014203,5.752290361554836
P08,S2,lv0,99,42.54904634347398,22.02184638966333
P08,S2,lv0,100,13.378433608990182,6.072571095068898
P08,S2,lv0,101,6.048585142130447,7.220960891908113
P08,S2,lv0,102,39.900997233534056,12.629734171359933
P08,S2,lv0,103,12.505352952526286,8.110441372812852
P08,S2,lv0,104,4.013460692027396,8.22284643774808
P08,S2,lv0,105,8.486750655154536,7.016680961439933
P08,S2,lv0,106,7.4824072090714475,8.17285595745452
P08,S2,lv0,107,4.82579212975956,6.429993809161674
P08,S2,lv0,108,35.45190974322108,8.338527858877923
P08,S2,lv0,109,10.385450399224442,7.127770348055988
P08,S2,lv0,110,9.788652760177214,8.343008163730891
P08,S2,lv0,111,12.994142167508578,9.47954305601225
P08,S2,lv0,112,35.49998000199858,17.279879208307772
P08,S2,lv0,113,12.404779381191831,7.866538791323116
P08,S2,lv0,114,4.716325846283908,7.166753573809118
P08,S2,lv0,115,26.13434848038026,6.689310715704606
P08,S2,lv0,116,6.515548670146497,8.837037728411776
P08,S2,lv0,117,10.829793701687233,8.962453795198318
P08,S2,lv0,118,12.293067746596412,9.705347360147597
P08,S2,lv0,119,13.330209587750247,5.43766013380671
P08,S2,lv0,120,2.895645981210009,3.1255991160038614
P08,S2,lv0,121,7.446200330835257,15.63647783817425
P08,S2,lv0,122,4.19319116191695,7.613333755059517
P08,S2,lv0,123,6.719362726389566,4.936064128004164
P08,S2,lv0,124,7.065868800568418,6.141027583463341
P08,S2,lv0,125,4.627158027737095,10.57637359276924
P08,S2,lv0,126,2.87934744950407,2.1564380597114714
P08,S2,lv0,127,11.913819116694757,9.5498450391338
P08,S2,lv0,128,6.625396139650136,5.882885601624634
P08,S2,lv0,129,6.742372350870149,6.552060708041827
P08,S2,lv0,130,84.70797093550715,16.202187311102637
P08,S2,lv0,131,16.62054618448134,9.324905450754308
P08,S2,lv0,132,5.644258917504787,5.118771829814882
P08,S2,lv0,133,8.980591337601483,5.0575072938074745
P08,S2,lv0,134,9.850364747571234,4.814363631553892
P08,S2,lv0,135,5.153662285581952,6.498381615704784
P08,S2,lv0,136,10.29216401566549,5.529903919701309
P08,S2,lv0,137,7.30461512464562,3.28118664967949
P08,S2,lv0,138,26.957879211469557,7.645772753921381
P08,S2,lv0,139,6.2664069392269415,3.867472422844757
P08,S2,lv0,140,3.796293485400593,4.474093994108753
P08,S2,lv0,141,4.3231586118939145,12.043810047027522
P08,S2,lv0,142,4.079246164003256,4.252974864233718
P08,S2,lv0,143,6.7789129326881135,6.445529061476086
P08,S2,lv0,144,71.1342706883676,12.281755126533051
P08,S2,lv0,145,12.741146456881209,10.519725852049168
P08,S2,lv0,146,8.973761761473009,5.086585080463183
P08,S2,lv0,147,2.334885647414419,3.9517008200489974
P08,S2,lv0,148,5.621269238031635,4.536507917489086
P08,S2,lv1,0,8.502477880047259,5.992267368803424
P08,S2,lv1,1,3.432009660498782,3.3704302997250974
P08,S2,lv1,2,7.688978543377638,2.1495214007674908
P08,S2,lv1,3,9.395878714482452,5.202674944772219
P08,S2,lv1,4,3.6523722369804776,6.204519382967359
P08,S2,lv1,5,10.390949250040185,4.440591935414408
P08,S2,lv1,6,11.006132076675236,5.576224846368219
P08,S2,lv1,7,6.687568770159407,4.896570605299315
P08,S2,lv1,8,3.3536354817529883,3.2199633598134016
P08,S2,lv1,9,6.002275687545382,6.731915028951004
P08,S2,lv1,10,15.379783104026219,9.863632541934292
P08,S2,lv1,11,6.6737373471668455,5.333819692509826
P08,S2,lv1,12,16.009476337369577,5.862116637681002
P08,S2,lv1,13,11.514166411236427,8.755325133869569
P08,S2,lv1,14,21.729217332144998,7.700005635424333
P08,S2,lv1,15,18.193720862068904,9.759331580277681
P08,S2,lv1,16,10.006965809160668,5.127447433633525
P08,S2,lv1,17,12.447242396366711,6.258641068461086
P08,S2,lv1,18,21.256072462256878,7.962018549187513
P08,S2,lv1,19,13.484534116466309,6.941802982557901
P08,S2,lv1,20,12.80872699281509,9.193461847351521
P08,S2,lv1,21,38.356396785469094,5.317480151288595
P08,S2,lv1,22,13.507384015816255,5.377361404347845
P08,S2,lv1,23,12.447452441319548,4.336937190425858
P08,S2,lv1,24,4.334633329690279,4.324092422574008
P08,S2,lv1,25,12.894673564275704,5.409516097247758
P08,S2,lv1,26,72.36841965567602,10.276117948105757
P08,S2,lv1,27,5.16389042650705,4.781704367196258
P08,S2,lv1,28,13.75557505316036,7.759765057889541
P08,S2,lv1,29,11.28311758462527,4.014414512996013
P08,S2,lv1,30,26.021886967149335,7.583992337429504
P08,S2,lv1,31,3.380158747932817,3.437313256041732
P08,S2,lv1,32,4.195365389085467,5.677791645048522
P08,S2,lv1,33,6.931193153737986,10.865466427167382
P08,S2,lv1,34,18.54710907148777,4.681035551908075
P08,S2,lv1,35,15.490711200909823,6.510351127267222
P08,S2,lv1,36,11.181638289265974,10.077864744177104
P08,S2,lv1,37,33.83736165951049,8.148623699331052
P08,S2,lv1,38,5.728677082149201,6.890927889864411
P08,S2,lv1,39,6.955902224160483,3.7143723370321746
P08,S2,lv1,40,6.601761554612238,6.564586100661723
P08,S2,lv1,41,10.918758685303247,5.276826380122722
P08,S2,lv1,42,6.914685449177341,8.054186227075428
P08,S2,lv1,43,5.1811566878730835,9.503483285661906
P08,S2,lv1,44,11.443090749213194,4.172419513842279
P08,S2,lv1,45,20.984994146230953,9.343616850707601
P08,S2,lv1,46,28.380673658965886,5.902319426176734
P08,S2,lv1,47,16.069857805676307,6.945366756378237
P08,S2,lv1,48,24.180622732211578,5.121572954893082
P08,S2,lv1,49,9.558862337482516,4.798883282404173
P08,S2,lv1,50,19.0845965615955,4.489704104727524
P08,S2,lv1,51,12.682976350582956,5.089021998390503
P08,S2,lv1,52,18.01283932110673,6.418690176669521
P08,S2,lv1,53,3.872469883454914,4.592206919082734
P08,S2,lv1,54,6.374579131878228,4.155741040463402
P08,S2,lv1,55,8.442332026878399,4.812579896129038
P08,S2,lv1,56,14.473359551223483,7.730523990703823
P08,S2,lv1,57,7.345056124536951,6.105674052275067
P08,S2,lv1,58,12.0606229415028,5.095457146773126
P08,S2,lv1,59,12.692981053289314,5.591133759899864
P08,S2,lv1,60,10.6884020275083,6.728117702216237
P08,S2,lv1,61,16.21797074577444,3.586340955353046
P08,S2,lv1,62,23.510003102800965,11.553010683272278
P08,S2,lv1,63,28.244424763505418,8.219155727511259
P08,S2,lv1,64,26.13249320936934,5.145634685842896
P08,S2,lv1,65,6.552562189932111,4.044062465554462
P08,S2,lv1,66,8.842016977494056,4.305105815739826
P08,S2,lv1,67,6.942305143780327,4.705150441830795
P08,S2,lv1,68,22.590683720342856,12.524773399257299
P08,S2,lv1,69,15.875643388415178,6.731880162771051
P08,S2,lv1,70,13.151643345589362,10.72612371421691
P08,S2,lv1,71,40.34130143874673,8.860549759002263
P08,S2,lv1,72,4.594104053418454,6.517926955192439
P08,S2,lv1,73,5.983924010379026,4.238917577245277
P08,S2,lv1,74,6.9811844422908145,9.225433870543617
P08,S2,lv1,75,9.085522827031983,5.6092922236389855
P08,S2,lv1,76,6.23886432576548,8.496596791271285
P08,S2,lv1,77,13.911533841069874,4.722015304466034
P08,S2,lv1,78,10.429995173256636,6.434589447177189
P08,S2,lv1,79,4.72863551822288,5.213009776513734
P08,S2,lv1,80,10.290954409114956,6.411083928944564
P08,S2,lv1,81,10.853859065314222,7.60461086926828
P08,S2,lv1,82,25.62177732112061,9.753313486432289
P08,S2,lv1,83,9.650354802094936,6.366166548909263
P08,S2,lv1,84,6.953269558875454,4.563218974995262
P08,S2,lv1,85,5.845045139765035,8.954489599337096
P08,S2,lv1,86,40.041405748720265,13.624338066111818
P08,S2,lv1,87,6.9555891375342265,5.859826138339242
P08,S2,lv1,88,11.500272081225276,4.5693234603743464
P08,S2,lv1,89,17.65787386199182,6.8897995220595405
P08,S2,lv1,90,9.387582445512555,6.779975053546152
P08,S2,lv1,91,7.79892461649337,5.824135347465796
P08,S2,lv1,92,28.438871930252244,9.003771032338904
P08,S2,lv1,93,8.513449574811865,8.954702341425923
P08,S2,lv1,94,7.771921171780423,8.949702205940886
P08,S2,lv1,95,14.638864280657318,9.563378155837334
P08,S2,lv1,96,17.232890535378367,6.754876090128302
P08,S2,lv1,97,17.729169361516227,6.890069079086481
P08,S2,lv1,98,10.141317740770821,7.6506244860945305
P08,S2,lv1,99,5.004824027418433,6.87320858393621
P08,S2,lv1,100,12.039641707387942,6.040094997857856
P08,S2,lv1,101,13.318204036097734,6.924238003570441
P08,S2,lv1,102,6.719857377281016,6.320728338262798
P08,S2,lv1,103,9.170700241377883,5.435967767372763
P08,S2,lv1,104,3.914276497367857,7.527730067302109
P08,S2,lv1,105,5.759251043419233,3.1314179739864514
P08,S2,lv1,106,2.025980986221193,3.583674308498869
P08,S2,lv1,107,24.93176417820098,7.514292850041524
P08,S2,lv1,108,14.004255066388152,8.655107662964493
P08,S2,lv1,109,16.350738259141625,6.124786729162791
P08,S2,lv1,110,14.929420795562773,3.623997808722851
P08,S2,lv1,111,62.54755645405501,16.42185122345923
P08,S2,lv1,112,15.243649059861347,6.371684416913491
P08,S2,lv1,113,9.91174356781299,8.186162199360535
P08,S2,lv1,114,8.63364608452319,10.164170971747453
P08,S2,lv1,115,3.739523313900238,1.0627421657231626
P08,S2,lv1,116,9.151997581157302,6.091332411659138
P08,S2,lv1,117,5.724606519171124,8.519614787278725
P08,S2,lv1,118,26.174383099601386,14.966656425646857
P08,S2,lv1,119,2.811772737842645,3.843907872474393
P08,S2,lv1,120,25.33723338438677,8.65436371890041
P08,S2,lv1,121,23.16108866534596,12.668074375586638
P08,S2,lv1,122,20.15933923494456,5.635012945248363
P08,S2,lv1,123,3.8928909805355745,6.418644039828877
P08,S2,lv1,124,5.170670506623444,7.90183044523748
P08,S2,lv1,125,10.979405035172523,7.076962107131755
P08,S2,lv1,126,12.006812160763353,5.28851388775954
P08,S2,lv1,127,5.947695330861843,3.994444600934844
P08,S2,lv1,128,16.49618633158377,9.230850401516179
P08,S2,lv1,129,6.385811722477441,10.590262493340035
P08,S2,lv1,130,22.93428405383324,6.318625844215094
P08,S2,lv1,131,18.394869269251938,5.962956249212447
P08,S2,lv1,132,34.527075693304155,11.889281310886266
P08,S2,lv1,133,11.094477617245957,3.834616630733043
P08,S2,lv1,134,4.321407635832364,7.900847557139723
P08,S2,lv1,135,5.916641605029651,7.659719842472876
P08,S2,lv1,136,12.057162590146985,9.230018721526658
P08,S2,lv1,137,4.168291007589069,8.730704615231996
P08,S2,lv1,138,10.836835760726862,10.079576935584285
P08,S2,lv1,139,21.97499765013185,6.368642531680675
P08,S2,lv1,140,10.558786908932777,6.642771967043517
P08,S2,lv1,141,8.283536855088151,7.8845637782147096
P08,S2,lv1,142,19.965987759287028,6.434778544580361
P08,S2,lv1,143,10.29115123590168,3.2843039823794675
P08,S2,lv1,144,33.53175588537716,7.077971808277198
P08,S2,lv1,145,10.650505638991422,8.854700301084979
P08,S2,lv1,146,9.198005481317928,6.822236375271308
P08,S2,lv1,147,22.357081062178324,7.514230582962129
P08,S2,lv1,148,5.916316372938626,6.670352222975112
P08,S2,lv2,0,8.400905889611678,7.647248232570541
P08,S2,lv2,1,13.809962243253498,7.227620277954711
P08,S2,lv2,2,13.860503110800552,6.5213333222844
P08,S2,lv2,3,25.743318931615047,8.459676580796994
P08,S2,lv2,4,7.190751878290854,7.527974149861375
P08,S2,lv2,5,50.17022632543835,9.595058434853508
P08,S2,lv2,6,4.468140049707539,7.67100080194698
P08,S2,lv2,7,5.279952423156611,3.177699956326903
P08,S2,lv2,8,5.0742382533011625,10.213490333463838
P08,S2,lv2,9,11.62388876605992,7.030371434080066
P08,S2,lv2,10,10.104868962419381,4.572531961390858
P08,S2,lv2,11,10.837166707017989,4.3508633934277645
P08,S2,lv2,12,7.489074280033826,3.657236305266224
P08,S2,lv2,13,18.1386908098717,10.566486650974511
P08,S2,lv2,14,20.114746746435994,4.718606119729205
P08,S2,lv2,15,14.316801580927041,7.319480338963199
P08,S2,lv2,16,4.584886988606381,6.285697112757304
P08,S2,lv2,17,4.370685696599007,8.09094672250024
P08,S2,lv2,18,3.5521084509420153,5.3044380497284225
P08,S2,lv2,19,7.922537173843137,4.490365535360558
P08,S2,lv2,20,10.703013593846894,7.161305953665214
P08,S2,lv2,21,4.84341697711017,3.8697234387733146
P08,S2,lv2,22,10.850190005986182,4.73943140472265
P08,S2,lv2,23,9.993499224154052,7.930087225524375
P08,S2,lv2,24,3.749921502027281,4.661756816281098
P08,S2,lv2,25,15.933553928465527,4.7528352376437955
P08,S2,lv2,26,10.181522571595451,4.821637232297976
P08,S2,lv2,27,7.675276946516088,4.661292214368845
P08,S2,lv2,28,29.299452331020543,5.148407079520783
P08,S2,lv2,29,6.64836331749326,5.389885995087044
P08,S2,lv2,30,5.387521478088088,5.099253568750715
P08,S2,lv2,31,33.596475075897146,6.816323379505501
P08,S2,lv2,32,3.066934237740327,3.633849309388004
P08,S2,lv2,33,13.464018590395744,5.946908871814694
P08,S2,lv2,34,4.793572868459703,7.84924580948316
P08,S2,lv2,35,9.935530474686974,5.872297476308259
P08,S2,lv2,36,3.389299561140166,6.794549007689378
P08,S2,lv2,37,19.043917055192637,4.784988676369579
P08,S2,lv2,38,10.075532204781736,9.479076616930422
P08,S2,lv2,39,3.0269053420556986,3.480497854588749
P08,S2,lv2,40,16.519801060693258,6.623673851783074
P08,S2,lv2,41,8.808561543815353,5.757401551997433
P08,S2,lv2,42,5.790389525486607,2.755822699853952
P08,S2,lv2,43,15.054931610626552,5.7995539560430815
P08,S2,lv2,44,30.273271018558653,3.0059845054088576
P08,S2,lv2,45,6.611139886947147,5.587403900624487
P08,S2,lv2,46,4.339236426297914,3.4789631852191847
P08,S2,lv2,47,17.730159833499215,5.390825084492445
P08,S2,lv2,48,21.960109501669972,6.226915081171054
P08,S2,lv2,49,6.909845802013502,3.8664440093873687
P08,S2,lv2,50,10.550735797439563,6.674583134360311
P08,S2,lv2,51,4.727849619761242,4.047860306689414
P08,S2,lv2,52,6.8833252078207385,4.831038808215072
P08,S2,lv2,53,6.436767127001581,3.1515732864743016
P08,S2,lv2,54,12.082244889211593,3.440093306969696
P08,S2,lv2,55,17.247901642859485,7.064449181479671
P08,S2,lv2,56,18.48196346594415,10.40430359417042
P08,S2,lv2,57,8.85518866107515,4.192962545875096
P08,S2,lv2,58,12.763429852933719,6.643860673193153
P08,S2,lv2,59,9.702362126683479,5.816496625210586
P08,S2,lv2,60,6.483116637206143,3.4398532395074044
P08,S2,lv2,61,17.597795384459417,5.15147297731376
P08,S2,lv2,62,8.535071731738517,3.408666126661794
P08,S2,lv2,63,15.175959920133428,7.630116107680372
P08,S2,lv2,64,7.894830895655149,3.3072615691748584
P08,S2,lv2,65,13.134214993215007,5.757280739827808
P08,S2,lv2,66,6.85844895195421,8.476632528129432
P08,S2,lv2,67,5.494399366091892,4.261032108571351
P08,S2,lv2,68,8.745640356062943,11.205095088144366
P08,S2,lv2,69,8.034932863725986,5.090075538697197
P08,S2,lv2,70,25.6977832024601,4.640815683938104
P08,S2,lv2,71,9.227968246782659,3.171260430206131
P08,S2,lv2,72,22.074882118791677,7.363551117950749
P08,S2,lv2,73,4.499093092831848,7.0358647034729875
P08,S2,lv2,74,8.021742463997517,6.869322572110793
P08,S2,lv2,75,4.1803784784358085,7.940983497020306
P08,S2,lv2,76,5.930652800281255,5.978731260093105
P08,S2,lv2,77,26.885837354939284,7.939080446846185
P08,S2,lv2,78,12.280859210183126,4.218542015401613
P08,S2,lv2,79,29.18283648179509,11.335174634731805
P08,S2,lv2,80,13.430930486343511,8.81070014647782
P08,S2,lv2,81,9.079971976156676,12.312045389907825
P08,S2,lv2,82,7.650438224051826,6.743046816496793
P08,S2,lv2,83,7.761730651094123,4.217147220390061
P08,S2,lv2,84,13.973182711727832,7.859062834930182
P08,S2,lv2,85,5.398314791376795,6.866148472756595
P08,S2,lv2,86,22.963359677799865,7.9629112037490986
P08,S2,lv2,87,10.084517928134012,4.116228926309763
P08,S2,lv2,88,9.739311561173317,3.6555538481934833
P08,S2,lv2,89,15.182152171546226,7.146425691700717
P08,S2,lv2,90,6.571057895532748,6.641244183333757
P08,S2,lv2,91,28.12214826871986,7.3614482769373835
P08,S2,lv2,92,6.724810228637847,4.750035467601909
P08,S2,lv2,93,23.297992609521998,6.558861051890706
P08,S2,lv2,94,11.141778576053534,9.388513447612631
P08,S2,lv2,95,4.697236269333696,4.674058787267822
P08,S2,lv2,96,5.678326414497776,4.258414348752952
P08,S2,lv2,97,7.28189109269612,5.943755528912431
P08,S2,lv2,98,9.114061971667235,2.9206331850662064
P08,S2,lv2,99,7.128904874071693,7.240996621099203
P08,S2,lv2,100,4.03334861692424,6.159688033951478
P08,S2,lv2,101,2.9674318989331376,4.589524953608394
P08,S2,lv2,102,4.042453727615243,3.539567603374887
P08,S2,lv2,103,2.643582207780815,2.111809935910628
P08,S2,lv2,104,27.477078020342926,11.768166578957823
P08,S2,lv2,105,23.250023743843037,5.219540550082269
P08,S2,lv2,106,9.286170403072461,6.106091028691574
P08,S2,lv2,107,10.9159923266016,7.674744933605247
P08,S2,lv2,108,12.45096256961552,7.927833499932398
P08,S2,lv2,109,10.788225229381005,4.889917904560547
P08,S2,lv2,110,13.773323360619198,8.576087711466302
P08,S2,lv2,111,17.25759121637157,9.140808350547248
P08,S2,lv2,112,16.65310775130393,7.240160481865281
P08,S2,lv2,113,10.90681757575625,8.086156302709906
P08,S2,lv2,114,16.096991758405444,5.40344293843179
P08,S2,lv2,115,18.240011075824594,15.416576685612968
P08,S2,lv2,116,9.863027080173525,17.01636302320215
P08,S2,lv2,117,13.708984487285026,4.643034485450532
P08,S2,lv2,118,6.146129452884138,2.7002350372868
P08,S2,lv2,119,7.452508557899583,7.193947014178272
P08,S2,lv2,120,13.028567102497309,4.206657019873708
P08,S2,lv2,121,11.937117691045014,3.9404541691045303
P08,S2,lv2,122,27.27527082470224,5.682641821412439
P08,S2,lv2,123,8.638418145125295,6.548769375483669
P08,S2,lv2,124,6.000758417745126,4.890053593433207
P08,S2,lv2,125,11.518216484663087,8.902243945499452
P08,S2,lv2,126,7.280932184675747,5.769742227630966
P08,S2,lv2,127,15.777083844971456,7.577206252369865
P08,S2,lv2,128,34.46104526787509,9.03326949833358
P08,S2,lv2,129,9.682529874416744,11.404052936859983
P08,S2,lv2,130,9.442735483059849,9.104461204606366
P08,S2,lv2,131,107.40022625257696,12.168120307740773
P08,S2,lv2,132,21.7746806144034,15.099171820686859
P08,S2,lv2,133,7.869072134885054,4.906444905302678
P08,S2,lv2,134,13.61054036390308,10.94541662690831
P08,S2,lv2,135,18.70974190694453,9.150695074520593
P08,S2,lv2,136,3.836840037490908,4.983502227894829
P08,S2,lv2,137,8.55082078857114,9.36936269963196
P08,S2,lv2,138,22.082289447119212,8.528340253357943
P08,S2,lv2,139,24.857648932962313,11.445911701796764
P08,S2,lv2,140,9.56953698256215,6.56860200446272
P08,S2,lv2,141,7.208551537375009,4.499932663620956
P08,S2,lv2,142,18.950633327717494,2.7897654171988338
P08,S2,lv2,143,7.333219804482224,8.984508893842218
P08,S2,lv2,144,12.23434688183744,9.854821873650605
P08,S2,lv2,145,13.996741340877312,7.4875892776048305
P08,S2,lv2,146,15.379281956747784,8.225603250430618
P08,S2,lv2,147,5.899753853148191,3.8766714259154336
P08,S2,lv2,148,6.092837096857418,4.78014390581166
P09,S1,base,0,20.884353905168886,2.2569635531514103
P09,S1,base,1,1.6197409850860767,1.4047448357891745
P09,S1,base,2,1.8104429154787514,2.135070721299955
P09,S1,base,3,2.113874846614427,1.4079576733232042
P09,S1,base,4,1.5009972730700596,1.1078521897226408
P09,S1,base,5,1.9763961535546217,0.7848865702500278
P09,S1,base,6,5.708662156912851,3.536057423131162
P09,S1,base,7,1.8874260506425855,1.2710222604981833
P09,S1,base,8,2.2433607661492783,1.5599017251587204
P09,S1,base,9,2.181353834386566,1.3979309825959323
P09,S1,base,10,2.9524095334523035,1.9295509337092482
P09,S1,base,11,2.61875623141599,4.243860208994
P09,S1,base,12,1.471985048535367,1.3602500710537522
P09,S1,base,13,1.2333831809574352,2.2572158705969403
P09,S1,base,14,2.448406061011631,5.751940695030817
P09,S1,base,15,3.2447045857391776,1.5459671695286268
P09,S1,base,16,1.9236282493114703,1.1867069695161405
P09,S1,base,17,1.547896130195741,1.5209256745294588
P09,S1,base,18,3.3473890814567473,1.7048484902120447
P09,S1,base,19,1.8169953536846253,1.153905744023155
P09,S1,base,20,3.9390539349456173,1.7342314233690306
P09,S1,base,21,1.8365691738995746,1.301133236176638
P09,S1,base,22,2.342207478895336,1.3249572619592183
P09,S1,base,23,2.8844346200376267,1.6559993392360262
P09,S1,base,24,2.0063303293710044,4.957903300997612
P09,S1,base,25,2.2960646441852144,1.3374355167621426
P09,S1,base,26,3.3100646079404505,1.0670326672138997
P09,S1,base,27,2.695256391444645,1.785423875258914
P09,S1,base,28,1.919731614571847,1.9701583630449668
P09,S1,base,29,1.859033053118944,0.8675857250841406
P09,S1,lv0,0,14.04749383454594,2.836056808912096
P09,S1,lv0,1,2.7667772155919033,1.5019642072766428
P09,S1,lv0,2,83.93084777494704,8.158258956443506
P09,S1,lv0,3,70.88659247395623,5.353963471050746
P09,S1,lv0,4,7.7055090802308035,1.798884989992226
P09,S1,lv0,5,4.2938426963110805,2.25496243648231
P09,S1,lv0,6,3.4726550522386512,1.7514552622749198
P09,S1,lv0,7,2.0789831693658463,1.5365507552112396
P09,S1,lv0,8,5.243023452927355,2.4772111802454013
P09,S1,lv0,9,7.842104984642161,2.8688574942252343
P09,S1,lv0,10,9.276582915825438,4.183771116448534
P09,S1,lv0,11,14.192924076392153,2.5402287115203293
P09,S1,lv0,12,6.686455481814464,1.7610558179983098
P09,S1,lv0,13,6.110792621952007,1.6488526110838384
P09,S1,lv0,14,10.103367357328088,2.246275152340244
P09,S1,lv0,15,7.016017072623499,2.181553044794208
P09,S1,lv0,16,6.9658045267106665,2.9880536840401972
P09,S1,lv0,17,12.783442011072532,3.1520952733985914
P09,S1,lv0,18,93.95619958476942,16.347226634029038
P09,S1,lv0,19,13.497528058793081,4.243773631285232
P09,S1,lv0,20,4.85792872939041,2.75067337684945
P09,S1,lv0,21,20.582968079429193,2.6350545825284564
P09,S1,lv0,22,7.959779168169423,3.0174983649480724
P09,S1,lv0,23,7.1712713939808985,1.869253531832557
P09,S1,lv0,24,4.5379594280188655,1.7641707409876823
P09,S1,lv0,25,8.817577075333432,2.2592838120736958
P09,S1,lv0,26,12.11980554936547,3.5531438319949458
P09,S1,lv0,27,95.41198256360104,3.636851296723926
P09,S1,lv0,28,7.91042146058209,1.878236796995468
P09,S1,lv0,29,6.185467738945923,2.53598180209129
P09,S1,lv0,30,7.578933021592695,1.5863577086610698
P09,S1,lv0,31,9.832327262531802,1.8190911709274213
P09,S1,lv0,32,8.786961367455019,1.9972129788019095
P09,S1,lv0,33,6.689014476382795,2.686860667810453
P09,S1,lv0,34,9.241009574717241,4.195679909763629
P09,S1,lv0,35,8.55603227679411,2.8427260131857697
P09,S1,lv0,36,9.36357063879657,3.150067942953752
P09,S1,lv0,37,11.197123501424949,2.3654661548160387
P09,S1,lv0,38,8.17417452136883,1.6356600188238217
P09,S1,lv0,39,3.2798354813707897,1.6029133186658047
P09,S1,lv0,40,4.923947007681054,3.926773921052283
P09,S1,lv0,41,94.78119103008417,1.9896916938971994
P09,S1,lv0,42,32.43759384531974,3.910297121773002
P09,S1,lv0,43,14.922072398982149,3.1911209786959738
P09,S1,lv0,44,7.6544361697870436,1.4926802702084294
P09,S1,lv0,45,10.17158473033189,2.0037716148984597
P09,S1,lv0,46,5.976343975824354,2.8901428697395466
P09,S1,lv0,47,5.878880007280282,2.8101586045967903
P09,S1,lv0,48,6.615244058947468,2.1710588032060536
P09,S1,lv0,49,13.591325350090404,4.320357491231798
P09,S1,lv0,50,14.140851470946918,3.7797091584367295
P09,S1,lv0,51,7.418075365826135,2.514402321480925
P09,S1,lv0,52,5.248857401333345,2.5464116820601834
P09,S1,lv0,53,4.191965797383669,2.8585169212520114
P09,S1,lv0,54,79.59347096806869,7.323699185305591
P09,S1,lv0,55,6.535088165194246,2.3967940294887278
P09,S1,lv0,56,5.183707150416797,2.6669852611646685
P09,S1,lv0,57,7.101134777860486,2.0387694296460577
P09,S1,lv0,58,13.87112995139273,2.8286559823938107
P09,S1,lv0,59,21.06475216466035,3.990754037082625
P09,S1,lv0,60,3.6205281588125264,1.5905978069621691
P09,S1,lv0,61,3.8850399106446454,2.8224659657405677
P09,S1,lv0,62,4.286487755905524,2.689769229916965
P09,S1,lv0,63,12.097850306215715,2.2817479921509114
P09,S1,lv0,64,6.007498569036056,2.911396729032
P09,S1,lv0,65,2.574980767473494,1.9063380987850296
P09,S1,lv0,66,193.52368951743972,13.292368360946922
P09,S1,lv0,67,163.41616006981386,4.640000983682373
P09,S1,lv0,68,8.613652874921476,1.859061305702898
P09,S1,lv0,69,7.221025051423286,2.981258441591056
P09,S1,lv0,70,9.541359022309338,3.0068647198152942
P09,S1,lv0,71,8.795181922799522,4.101186672595357
P09,S1,lv0,72,8.087140644480668,2.719192688978659
P09,S1,lv0,73,2.447680976097172,1.5417587575328675
P09,S1,lv0,74,208.0035038936256,10.029776348391062
P09,S1,lv0,75,6.767231901313236,3.190913814518529
P09,S1,lv0,76,13.261162705511003,2.029200375835141
P09,S1,lv0,77,8.02957453534029,1.8625877759768676
P09,S1,lv0,78,3.970763408149227,2.0106175873035785
P09,S1,lv0,79,7.45135131899727,2.8410481524841593
P09,S1,lv0,80,13.015967841220956,4.399232095289121
P09,S1,lv0,81,33.570818047860264,5.644195744111752
P09,S1,lv0,82,6.235825557801643,1.9950483835746369
P09,S1,lv0,83,12.706468512412664,1.434368801295309
P09,S1,lv0,84,5.502803731815597,1.3152627260978171
P09,S1,lv0,85,4.826725884931176,1.8009014222404955
P09,S1,lv0,86,7.70049334089584,1.908925374270649
P09,S1,lv0,87,5.5381451275219025,1.2125975701802505
P09,S1,lv0,88,8.194360513894562,1.2365388059262614
P09,S1,lv0,89,5.433730578555929,2.267403282641628
P09,S1,lv0,90,81.52594341438233,4.760130250084299
P09,S1,lv0,91,6.689265330659805,2.067515630497572
P09,S1,lv0,92,6.832218436550259,2.8148287616088448
P09,S1,lv0,93,4.93283629840116,2.720399744209275
P09,S1,lv0,94,6.649301872501901,1.9733541911540229
P09,S1,lv0,95,5.202841603005521,2.3255656556549416
P09,S1,lv0,96,6.931815515674934,2.871703011862584
P09,S1,lv0,97,6.929446223986126,2.4140066176580675
P09,S1,lv0,98,3.5211285561379473,1.985245113337181
P09,S1,lv0,99,8.270087313090317,1.5777424739506747
P09,S1,lv0,100,246.95369316463112,6.668020279771601
P09,S1,lv0,101,3.467951561930301,2.2659978953512536
P09,S1,lv0,102,249.57616941511284,6.770974431042427
P09,S1,lv0,103,6.009875655828823,2.995838407242295
P09,S1,lv0,104,8.560325263032112,2.5053542612444524
P09,S1,lv0,105,5.985230338914387,2.5482330070520582
P09,S1,lv0,106,6.858215597501502,2.050860024122641
P09,S1,lv0,107,2.3484485312046153,1.8430203843758033
P09,S1,lv0,108,6.270019251692973,1.637815055161837
P09,S1,lv0,109,1.9592574040181916,1.9201993474456316
P09,S1,lv0,110,6.6227823232341585,1.919373419729504
P09,S1,lv0,111,15.264516731949028,2.7103007237519647
P09,S1,lv0,112,5.6403304495608415,2.2471460276537183
P09,S1,lv0,113,6.980189634275905,3.491524363327418
P09,S1,lv0,114,9.009427392286723,1.9852749950908632
P09,S1,lv0,115,9.802453045042283,4.8119975132073485
P09,S1,lv0,116,9.850393572329907,2.545129639726404
P09,S1,lv0,117,7.559016079051502,2.0908249202655314
P09,S1,lv0,118,53.03676216347894,5.396842901519598
P09,S1,lv0,119,12.63628177617412,1.4857750391027824
P09,S1,lv0,120,4.2741545780519825,1.5314487900172868
P09,S1,lv0,121,9.478678624148879,1.969826863830075
P09,S1,lv0,122,4.504396165625743,3.3746643954868865
P09,S1,lv0,123,11.22323086349445,1.6773797778111657
P09,S1,lv0,124,2.3306335895195947,1.4813756800692977
P09,S1,lv0,125,3.4016063035682924,2.3252288038366604
P09,S1,lv0,126,4.4255475730333655,1.4272031703756245
P09,S1,lv0,127,3.5929861262713505,2.6206962101338234
P09,S1,lv0,128,63.876866756708985,3.6532381676990857
P09,S1,lv0,129,1.456445583362158,1.7756457386906412
P09,S1,lv0,130,2.7909800532650615,1.2156680489944585
P09,S1,lv0,131,10.682666323257374,1.8181492435953452
P09,S1,lv0,132,13.717803542444981,1.9202161347828202
P09,S1,lv0,133,6.189551275846837,2.9997933543117505
P09,S1,lv0,134,3.384869044350105,1.479672234190303
P09,S1,lv0,135,9.308083846132636,2.6544580511413742
P09,S1,lv0,136,4.528684009663786,1.6669417673442122
P09,S1,lv0,137,2.3843537702225377,1.7856319796854923
P09,S1,lv0,138,10.035509845387962,2.659319925105836
P09,S1,lv0,139,19.44469152462739,2.072039007371151
P09,S1,lv0,140,8.449408566078889,2.372056399697522
P09,S1,lv0,141,3.141661887510864,2.1146634632922057
P09,S1,lv0,142,4.472937648690654,2.4468833449008325
P09,S1,lv0,143,6.365616678460956,2.59648322575071
P09,S1,lv0,144,5.515152330647539,1.692206019147634
P09,S1,lv0,145,11.016591457532979,4.242763756898234
P09,S1,lv0,146,6.0307216042884635,2.791314284461636
P09,S1,lv0,147,7.320028605938916,2.7261401487983172
P09,S1,lv0,148,8.182130437072177,1.4756113024557342
P09,S1,lv1,0,9.09866431597004,4.516809110139169
P09,S1,lv1,1,47.544159554262805,4.470974652411331
P09,S1,lv1,2,174.42095184895626,7.369361193928064
P09,S1,lv1,3,4.438961346444335,3.75090878963673
P09,S1,lv1,4,45.3316850506787,4.112374988741107
P09,S1,lv1,5,6.804119811809348,4.804605706930889
P09,S1,lv1,6,13.659567023904689,3.3260638769442377
P09,S1,lv1,7,6.684883614644144,5.8709269591571145
P09,S1,lv1,8,16.54818165318951,3.983344702474247
P09,S1,lv1,9,95.96782412584868,9.620917443003135
P09,S1,lv1,10,8.084358321358218,3.4742804096677746
P09,S1,lv1,11,33.685057273766475,2.9288046811397948
P09,S1,lv1,12,7.542691667204159,1.952909305827554
P09,S1,lv1,13,4.312921614769067,2.267357263557906
P09,S1,lv1,14,33.859690027828236,3.1877140803756876
P09,S1,lv1,15,11.14878101769859,3.3466238946638525
P09,S1,lv1,16,14.529860510854153,3.3637099978950236
P09,S1,lv1,17,4.065550153594077,2.4965470553290974
P09,S1,lv1,18,56.04909306390409,4.131274185005462
P09,S1,lv1,19,18.468203294416313,2.059969635981193
P09,S1,lv1,20,5.213450995337229,2.096283947927927
P09,S1,lv1,21,5.841360923259685,2.7385961799157954
P09,S1,lv1,22,8.397573202153682,3.0041665808342985
P09,S1,lv1,23,19.191217727758104,2.850808937214651
P09,S1,lv1,24,22.99163401175256,4.146288643500734
P09,S1,lv1,25,87.56664861623743,5.7163618155068265
P09,S1,lv1,26,12.050712573764512,3.596163778324736
P09,S1,lv1,27,23.252804141705308,3.866371511501404
P09,S1,lv1,28,8.98042490851471,3.606577595206474
P09,S1,lv1,29,2.929069497923067,1.6864001468023757
P09,S1,lv1,30,8.250953906841998,1.9241891593101434
P09,S1,lv1,31,4.258948185506756,2.067786525830615
P09,S1,lv1,32,3.598916052345576,4.537212134875114
P09,S1,lv1,33,14.427720971437687,2.5241168586081613
P09,S1,lv1,34,1.972232542585824,1.3990812744793975
P09,S1,lv1,35,22.287804092307766,6.550415573089281
P09,S1,lv1,36,14.1726891842482,2.9044818981485396
P09,S1,lv1,37,17.06566987051844,2.9996922274695454
P09,S1,lv1,38,10.97609823076189,2.7288973288490292
P09,S1,lv1,39,135.76674605429275,6.315568468304836
P09,S1,lv1,40,23.853457797816603,5.325444921107179
P09,S1,lv1,41,11.813014701539938,3.5581020299395325
P09,S1,lv1,42,10.372556510039916,2.4846813194949355
P09,S1,lv1,43,7.089462446913179,3.101695304196479
P09,S1,lv1,44,9.063730424017411,2.2410646002199037
P09,S1,lv1,45,32.69521585661854,4.822980320217351
P09,S1,lv1,46,11.371774977284364,5.641293777632045
P09,S1,lv1,47,99.52952790016187,6.813584594531368
P09,S1,lv1,48,10.399285552034902,4.710287232406845
P09,S1,lv1,49,7.463320239397472,1.5701949038181107
P09,S1,lv1,50,5.554751741813536,4.382913196009305
P09,S1,lv1,51,40.01038404508708,4.573730336346219
P09,S1,lv1,52,5.535937489241917,3.1042683165557294
P09,S1,lv1,53,39.050398270743834,3.533975360264468
P09,S1,lv1,54,33.319825735359665,5.805968348481147
P09,S1,lv1,55,95.89501072701931,4.99083104479083
P09,S1,lv1,56,10.29010384939222,2.3577053575957168
P09,S1,lv1,57,5.6209168040084885,2.142961621816272
P09,S1,lv1,58,152.89942714026185,13.664195259757623
P09,S1,lv1,59,7.201152647812928,2.54292825662039
P09,S1,lv1,60,9.296967838754925,4.200833568337659
P09,S1,lv1,61,5.976541713026184,2.907488049906702
P09,S1,lv1,62,4.901277214922534,1.671922400909619
P09,S1,lv1,63,6.512440603100201,2.761328794872079
P09,S1,lv1,64,16.03902156927762,1.7089748081274452
P09,S1,lv1,65,101.76441594627265,10.739082743087998
P09,S1,lv1,66,15.028488968393761,2.4729929226425735
P09,S1,lv1,67,11.512452230104396,3.1366289193202124
P09,S1,lv1,68,20.812359110158052,2.2273394529504187
P09,S1,lv1,69,10.816465606062874,2.2287768080192754
P09,S1,lv1,70,5.713921678766839,2.147823675461369
P09,S1,lv1,71,4.85188981120887,1.9807617642322577
P09,S1,lv1,72,72.25211161378957,5.7126372122008595
P09,S1,lv1,73,3.283534177212699,1.6229257670688937
P09,S1,lv1,74,4.083732377937826,3.591710826865797
P09,S1,lv1,75,300.3434181970389,13.412968573551177
P09,S1,lv1,76,50.54186408903334,5.7862643179056255
P09,S1,lv1,77,44.64709163156563,5.209067610414869
P09,S1,lv1,78,5.928673035952237,1.98760064881964
P09,S1,lv1,79,6.460312883591536,2.479078128506407
P09,S1,lv1,80,71.31166339904554,4.388613247199625
P09,S1,lv1,81,26.479963584994465,6.110743110957247
P09,S1,lv1,82,7.672822801306618,1.5218661489301466
P09,S1,lv1,83,5.951704404971991,2.9324203924292696
P09,S1,lv1,84,4.847960933229401,1.8342709067205978
P09,S1,lv1,85,49.83301888858749,9.455182533183379
P09,S1,lv1,86,17.307358012538376,3.047315426510673
P09,S1,lv1,87,14.812343627647424,2.0686842703877177
P09,S1,lv1,88,22.108395908025177,3.685902173877453
P09,S1,lv1,89,5.901322760153897,3.0679525470106532
P09,S1,lv1,90,61.072133146203726,8.387815267556062
P09,S1,lv1,91,10.737926593894079,2.5342641705450104
P09,S1,lv1,92,8.442649748296482,2.7990397472615984
P09,S1,lv1,93,10.238345962065361,1.8993666693097904
P09,S1,lv1,94,21.141820269086246,4.176218276100978
P09,S1,lv1,95,4.358517616583807,2.4610366671051014
P09,S1,lv1,96,151.95588748727587,8.957923924684867
P09,S1,lv1,97,4.860458449357937,2.6199288687951197
P09,S1,lv1,98,48.64438683993797,3.2375569550624634
P09,S1,lv1,99,5.751748737791784,2.4858396198695045
P09,S1,lv1,100,6.7291187946721625,2.81492736526856
P09,S1,lv1,101,66.0796155638803,2.762416797037893
P09,S1,lv1,102,13.551078336070349,3.5960049784840495
P09,S1,lv1,103,43.478267516946374,5.059683503691922
P09,S1,lv1,104,101.49185732361475,6.230646907376385
P09,S1,lv1,105,85.80532742882168,12.282061955908114
P09,S1,lv1,106,5.23393604926209,4.660190520538573
P09,S1,lv1,107,14.259243289470938,4.7397010791649645
P09,S1,lv1,108,3.8697568638840227,1.7294500290378778
P09,S1,lv1,109,5.9189760642539735,1.97679412432451
P09,S1,lv1,110,5.480782935306731,2.5183444701025923
P09,S1,lv1,111,125.65929505738676,9.2719981005949
P09,S1,lv1,112,29.003752139704634,5.632292840520075
P09,S1,lv1,113,9.108258749844627,4.800785784493208
P09,S1,lv1,114,8.086014424231857,2.0954550609586233
P09,S1,lv1,115,4.642343070409941,1.292161972107239
P09,S1,lv1,116,151.73562698946498,8.610779244445482
P09,S1,lv1,117,4.595948455050985,3.968412151208534
P09,S1,lv1,118,10.933997952752222,3.7367318367562468
P09,S1,lv1,119,7.455232156883192,3.215183598947156
P09,S1,lv1,120,11.8839841173731,1.9243155770164704
P09,S1,lv1,121,8.770900191845591,4.059919624055735
P09,S1,lv1,122,10.326127779085708,2.6808911793842523
P09,S1,lv1,123,8.052839458067222,3.6769525638337237
P09,S1,lv1,124,8.166117799276716,5.2403508130077245
P09,S1,lv1,125,9.164217823482991,4.144344116207748
P09,S1,lv1,126,164.9684432661525,11.420572204805737
P09,S1,lv1,127,52.35398402236341,3.980642522420732
P09,S1,lv1,128,188.34592492865355,8.53432403739192
P09,S1,lv1,129,4.35632092701166,1.9251406036777468
P09,S1,lv1,130,90.60523257103071,6.486355527539457
P09,S1,lv1,131,11.389783233171393,2.342655025425624
P09,S1,lv1,132,196.9019300692606,17.114128511443667
P09,S1,lv1,133,18.62222639920444,3.9647549154419797
P09,S1,lv1,134,113.33827840096171,11.121553383915076
P09,S1,lv1,135,94.56237422636994,6.906206247440425
P09,S1,lv1,136,8.971924806632082,5.825434639242566
P09,S1,lv1,137,5.190171467767567,1.2117707627937442
P09,S1,lv1,138,39.15452501086858,3.484508644450562
P09,S1,lv1,139,47.857859369384535,3.8210707875867826
P09,S1,lv1,140,79.68799119143017,5.853556407537524
P09,S1,lv1,141,3.900714528602034,1.374284284819965
P09,S1,lv1,142,15.932016542158433,3.7157677941363163
P09,S1,lv1,143,68.22031284172479,5.299296982138944
P09,S1,lv1,144,29.691814497031984,3.5326185042480946
P09,S1,lv1,145,5.605895050207505,1.6374373951060268
P09,S1,lv1,146,2.899721639887047,2.417979006157383
P09,S1,lv1,147,3.7083489230566227,2.5810785917239376
P09,S1,lv1,148,38.540696532798655,4.017225540785111
P09,S1,lv2,0,5.526833879108522,3.2296719785732626
P09,S1,lv2,1,13.249042974275207,5.1261721415516295
P09,S1,lv2,2,4.634953603343355,4.061549622528914
P09,S1,lv2,3,51.00275223768721,5.723515714267813
P09,S1,lv2,4,10.609163555446981,2.6592416249763464
P09,S1,lv2,5,4.510164860996029,4.2194048127176575
P09,S1,lv2,6,96.94888875880868,9.01136708393116
P09,S1,lv2,7,5.262618643943877,3.534823847798347
P09,S1,lv2,8,19.01292988128153,5.038630158015981
P09,S1,lv2,9,4.859877143146485,3.55404588411116
P09,S1,lv2,10,5.152146864395733,4.844844511685373
P09,S1,lv2,11,12.836225216813123,2.5085175017876744
P09,S1,lv2,12,9.789705236174402,4.276385681580704
P09,S1,lv2,13,11.000684499983716,3.0095675687080563
P09,S1,lv2,14,8.057892232070467,4.592275068813022
P09,S1,lv2,15,6.2595904762991115,3.5542563038754644
P09,S1,lv2,16,6.024655503063671,1.8548326996534832
P09,S1,lv2,17,108.35328321111575,9.063108781175142
P09,S1,lv2,18,3.1883990147611607,2.6065309985728784
P09,S1,lv2,19,11.164822572975181,4.789457955510744
P09,S1,lv2,20,9.558736132427278,2.866084536171232
P09,S1,lv2,21,29.737542305674726,9.600835280031394
P09,S1,lv2,22,39.90123336961682,11.88625309487315
P09,S1,lv2,23,26.357561443864924,6.698083647689532
P09,S1,lv2,24,11.279566051416342,3.714323538969884
P09,S1,lv2,25,171.43645911434214,14.112350278814395
P09,S1,lv2,26,6.218533148841315,5.094335357183042
P09,S1,lv2,27,27.74569545026563,5.855287758152819
P09,S1,lv2,28,26.582245941323354,4.317529991073102
P09,S1,lv2,29,6.785521167816909,3.3599478686578794
P09,S1,lv2,30,55.66611509464139,3.271160642080462
P09,S1,lv2,31,4.763439719098436,2.234723140858078
P09,S1,lv2,32,5.009535384687086,3.224996494349984
P09,S1,lv2,33,34.36295113184184,4.722988297730171
P09,S1,lv2,34,5.388644501570968,1.7079895289249412
P09,S1,lv2,35,66.08779631879737,9.749642947837755
P09,S1,lv2,36,8.709845580570622,3.695161855053043
P09,S1,lv2,37,69.2493321175858,6.59436528900756
P09,S1,lv2,38,71.30881424200709,4.20730997362735
P09,S1,lv2,39,5.603008747331223,3.813796515146848
P09,S1,lv2,40,85.85721547041496,8.567506882243013
P09,S1,lv2,41,6.401862201070951,4.724964593216503
P09,S1,lv2,42,3.3713279303652746,4.438118716915678
P09,S1,lv2,43,4.2365273180844545,2.1934622842905105
P09,S1,lv2,44,11.427103354997563,7.005638435963439
P09,S1,lv2,45,8.432313169982585,3.943649788250701
P09,S1,lv2,46,6.321021146642437,3.1572196151413814
P09,S1,lv2,47,10.58236081177254,3.888950117173852
P09,S1,lv2,48,11.692502339490337,2.811254385416273
P09,S1,lv2,49,2.833636145963367,1.4965723247988092
P09,S1,lv2,50,2.8159770453805453,2.9028722464930716
P09,S1,lv2,51,232.07971401367988,14.377632496582006
P09,S1,lv2,52,26.207244827002658,4.900912114830343
P09,S1,lv2,53,3.167152832873032,1.7789003938312025
P09,S1,lv2,54,137.73550425384403,7.806765306005373
P09,S1,lv2,55,3.8202705499764398,3.0187865673463854
P09,S1,lv2,56,5.089339729385774,2.892958096540995
P09,S1,lv2,57,6.447925394524815,2.0764279193102695
P09,S1,lv2,58,39.01797949609142,3.2328456609398755
P09,S1,lv2,59,63.89808705051129,7.998153270417539
P09,S1,lv2,60,43.37775833533665,5.168137807797334
P09,S1,lv2,61,3.407340681088168,2.57144640155321
P09,S1,lv2,62,10.790497874379385,4.0568467687889385
P09,S1,lv2,63,8.030959938239228,3.9954848922005803
P09,S1,lv2,64,10.738092052447483,2.1726456231624973
P09,S1,lv2,65,189.8886794316347,18.5821826302148
P09,S1,lv2,66,62.99922767262646,9.495054521588889
P09,S1,lv2,67,4.689405389563165,2.412508505287414
P09,S1,lv2,68,11.445424798683948,4.472190549397155
P09,S1,lv2,69,137.1558721800356,9.142907681027799
P09,S1,lv2,70,18.670699735307423,4.38217471447819
P09,S1,lv2,71,54.17141172950213,8.110115386210236
P09,S1,lv2,72,82.89453679093161,10.08206022824739
P09,S1,lv2,73,9.651169937816926,3.5525647940823006
P09,S1,lv2,74,47.425565326206936,4.220405824557981
P09,S1,lv2,75,34.90413028711576,7.092524626943382
P09,S1,lv2,76,6.801475404168961,2.9588526884932373
P09,S1,lv2,77,6.069777056206958,1.9085604058807364
P09,S1,lv2,78,6.522905762039799,2.1627898482314962
P09,S1,lv2,79,67.53661371616248,7.996430504114113
P09,S1,lv2,80,126.56264491206613,11.339652498171285
P09,S1,lv2,81,10.024277994523201,7.812184229129608
P09,S1,lv2,82,150.61608572650653,7.929669712139048
P09,S1,lv2,83,8.38838064945132,4.299811478168055
P09,S1,lv2,84,2.0785591548404034,1.858196439359458
P09,S1,lv2,85,5.68267850668331,2.3427874775998303
P09,S1,lv2,86,7.64664129930314,3.8069214725946012
P09,S1,lv2,87,6.3104508985043255,4.9557014532251005
P09,S1,lv2,88,33.44147216162124,6.412976679558982
P09,S1,lv2,89,5.6384258496128234,2.260098780989158
P09,S1,lv2,90,4.803674025739245,2.730158918917274
P09,S1,lv2,91,16.223312116151007,5.851793815612856
P09,S1,lv2,92,2.94171554566773,1.7164230106466827
P09,S1,lv2,93,42.270258355727854,8.623196368788342
P09,S1,lv2,94,19.52466837916125,2.783767921925863
P09,S1,lv2,95,2.520332917274646,3.1503859461725416
P09,S1,lv2,96,6.195289592105178,4.309133024593434
P09,S1,lv2,97,3.5604455072901406,2.592354358655397
P09,S1,lv2,98,59.39778137232059,3.4039762160999927
P09,S1,lv2,99,134.12785473363707,6.518867004741845
P09,S1,lv2,100,177.50086876288472,12.90566784230669
P09,S1,lv2,101,6.292908861155225,2.8304178036869416
P09,S1,lv2,102,9.05255211828929,3.1848718707749866
P09,S1,lv2,103,3.4341764106387185,4.868393531884834
P09,S1,lv2,104,14.60395407088953,5.033162889717818
P09,S1,lv2,105,5.3269960868722155,1.533109626228707
P09,S1,lv2,106,17.346772246825196,3.4543959955106844
P09,S1,lv2,107,47.972347422526255,5.66703011043446
P09,S1,lv2,108,4.868565396420604,2.3998802413606795
P09,S1,lv2,109,13.366088332650131,5.008890531510494
P09,S1,lv2,110,2.8002668819051917,1.7943844013335313
P09,S1,lv2,111,5.279704371064902,3.7688427670983824
P09,S1,lv2,112,4.85291801642891,3.0390118128171397
P09,S1,lv2,113,12.996765568115299,2.4184561883974736
P09,S1,lv2,114,33.628925761672456,3.076820401580985
P09,S1,lv2,115,174.68169537783038,8.557158423197924
P09,S1,lv2,116,16.311938629026667,5.580595899012954
P09,S1,lv2,117,11.161773836826306,2.4908372866309567
P09,S1,lv2,118,80.38411486885246,7.635246671884254
P09,S1,lv2,119,14.28626123731411,3.17297110902786
P09,S1,lv2,120,107.12074577332163,9.263334056396625
P09,S1,lv2,121,4.648636339415544,3.743400685023767
P09,S1,lv2,122,21.301860401814594,3.2982494937643794
P09,S1,lv2,123,68.21410728273842,8.821002387389687
P09,S1,lv2,124,5.253555623722214,2.572706397813868
P09,S1,lv2,125,4.679459609583385,1.9214708957374045
P09,S1,lv2,126,3.5221739594636765,2.7420865514922634
P09,S1,lv2,127,6.0650138939663485,2.8111506342456436
P09,S1,lv2,128,9.79009266216106,1.3897880399615257
P09,S1,lv2,129,1.5527974357371332,1.273344956761094
P09,S1,lv2,130,1.4870472446226852,1.526037079067974
P09,S1,lv2,131,13.266701163763386,2.4610966794684264
P09,S1,lv2,132,7.229535129370437,1.7505871209607538
P09,S1,lv2,133,46.837816989335934,7.979492657105569
P09,S1,lv2,134,6.395950955425111,3.4022204971885546
P09,S1,lv2,135,12.786977500836626,4.117397646385163
P09,S1,lv2,136,6.233695893039921,2.4746628463730396
P09,S1,lv2,137,19.016188302827157,4.390446433916171
P09,S1,lv2,138,6.305666051311639,2.6399942087453367
P09,S1,lv2,139,2.8712203452420444,3.6093019945923923
P09,S1,lv2,140,231.29847211467361,8.910303554185528
P09,S1,lv2,141,4.184479764440702,2.5372945890475775
P09,S1,lv2,142,19.96744651647295,3.2442369765942063
P09,S1,lv2,143,147.81243969898472,10.147513792857136
P09,S1,lv2,144,2.1380680982991027,2.2987751974374517
P09,S1,lv2,145,110.68372050806258,5.022693337091493
P09,S1,lv2,146,6.650054525311136,5.661395685075466
P09,S1,lv2,147,12.642281748941956,4.044089611087998
P09,S1,lv2,148,7.369178039175115,3.8022358729326666
P09,S2,base,0,13.394191020790027,3.7358870473453285
P09,S2,base,1,3.8871456582037536,10.480765168790782
P09,S2,base,2,2.072670049366326,1.1462647616374522
P09,S2,base,3,39.75021139250118,7.376361079613827
P09,S2,base,4,2.3631905933406574,1.054916387601498
P09,S2,base,5,1.4077413193572323,1.1360728860863236
P09,S2,base,6,1.7579227905989023,0.8972834185689319
P09,S2,base,7,1.6032093832447871,1.419857977456173
P09,S2,base,8,2.2208874459625063,1.879882033147353
P09,S2,base,9,2.293383916191783,1.387287128795555
P09,S2,base,10,1.5826452974315035,1.8845507982659762
P09,S2,base,11,0.9611823634922665,0.8924792222754403
P09,S2,base,12,1.478894439408356,0.7163662313463965
P09,S2,base,13,24.923439518535936,2.414552201203557
P09,S2,base,14,66.19881392935147,5.00420653380189
P09,S2,base,15,2.1292494417272767,3.1282629594777362
P09,S2,base,16,1.5369839273874324,1.1549148554073216
P09,S2,base,17,2.346616841582062,1.292896548159641
P09,S2,base,18,2.6202156569076673,1.0428184844528086
P09,S2,base,19,1.784362373008417,2.1222441500269458
P09,S2,base,20,3.0084958049604884,3.1569165063762767
P09,S2,base,21,1.838364041550262,2.3247646970370828
P09,S2,base,22,1.8603819884686696,2.2359883183342917
P09,S2,base,23,2.226533798733505,4.6429942456154265
P09,S2,base,24,1.7700541023556013,4.183525104039862
P09,S2,base,25,1.7739228085556393,2.44697380712503
P09,S2,base,26,2.5507656990129424,2.877923989928423
P09,S2,base,27,5.509689539444191,1.9268229975437574
P09,S2,base,28,2.6361974994245325,1.308040757490063
P09,S2,base,29,1.9402186659479237,1.4392693292092376
P09,S2,lv0,0,20.68675616366001,3.9935920285459368
P09,S2,lv0,1,50.40595223044366,5.095910159383898
P09,S2,lv0,2,11.574770114161383,2.8120967751042123
P09,S2,lv0,3,9.674997374623617,3.09790533777824
P09,S2,lv0,4,21.900563679349986,4.774272633406702
P09,S2,lv0,5,9.51364719377117,2.232171452670361
P09,S2,lv0,6,117.74700272073889,9.701067439785204
P09,S2,lv0,7,3.356870454799043,0.9612999200189561
P09,S2,lv0,8,2.4824598324735345,1.9878606391652789
P09,S2,lv0,9,3.187557771757344,1.452688829729079
P09,S2,lv0,10,5.209206689582215,1.473747703694236
P09,S2,lv0,11,2.203741966817126,1.754183212785999
P09,S2,lv0,12,2.4558029706389513,1.1513733053098456
P09,S2,lv0,13,4.779296758570796,2.119353433481976
P09,S2,lv0,14,2.317158273588152,2.037167843492844
P09,S2,lv0,15,7.590576487291876,2.4910349134602945
P09,S2,lv0,16,73.18195634168926,7.90642467783353
P09,S2,lv0,17,8.615602643993022,2.376810989470105
P09,S2,lv0,18,5.942640977069152,1.3890316797280753
P09,S2,lv0,19,4.802643876564906,1.0992969894456037
P09,S2,lv0,20,41.04609909874859,5.197087889361331
P09,S2,lv0,21,4.326600113581265,1.8006052825920262
P09,S2,lv0,22,5.597305252150243,1.9393049294030733
P09,S2,lv0,23,7.040444399516307,1.3464966615040863
P09,S2,lv0,24,4.133110059444622,1.814845241853724
P09,S2,lv0,25,7.060451273639203,4.846782220311988
P09,S2,lv0,26,4.945989624540804,2.321971367624788
P09,S2,lv0,27,4.37195363134107,1.266006328011844
P09,S2,lv0,28,5.177056025243813,1.8457948415877188
P09,S2,lv0,29,2.466843454818083,1.3479595593387181
P09,S2,lv0,30,4.526697151073397,2.420565528627316
P09,S2,lv0,31,3.215793904560048,1.1374650598297602
P09,S2,lv0,32,6.039831706518179,2.8482332643477637
P09,S2,lv0,33,3.272819689367722,2.220179351644688
P09,S2,lv0,34,1.9655212648899423,0.6232510848181685
P09,S2,lv0,35,5.542110014326999,1.5138318840772413
P09,S2,lv0,36,6.387043749823438,1.9480748452665968
P09,S2,lv0,37,8.187579128411802,3.923982862554861
P09,S2,lv0,38,6.6348783031181275,2.971269429845526
P09,S2,lv0,39,5.249204505448859,1.903820817697278
P09,S2,lv0,40,9.800835680823262,0.7626719054313396
P09,S2,lv0,41,7.83026804082207,1.4935703990177374
P09,S2,lv0,42,1.7644052142149789,0.7681083333125209
P09,S2,lv0,43,5.097836412583238,1.7080701752288576
P09,S2,lv0,44,3.2945741356778546,3.1571100059744204
P09,S2,lv0,45,9.453945053655936,1.11163617616325
P09,S2,lv0,46,16.61180787563299,2.7766401252018227
P09,S2,lv0,47,4.964842967020718,1.19981408968332
P09,S2,lv0,48,3.4112383593859428,2.115462466913414
P09,S2,lv0,49,7.362270808866317,6.1312352423862615
P09,S2,lv0,50,6.799272164521911,1.6962619887837505
P09,S2,lv0,51,4.302777085168501,1.4766282641247666
P09,S2,lv0,52,12.510800062508357,3.73765291356353
P09,S2,lv0,53,8.694815320090223,2.109577601357748
P09,S2,lv0,54,61.33027786898991,5.156725890790219
P09,S2,lv0,55,94.14592187806866,4.763334246156889
P09,S2,lv0,56,5.541406597936517,1.6603049104233494
P09,S2,lv0,57,9.399977197643146,1.513029026403955
P09,S2,lv0,58,8.104968160118238,2.525134034646571
P09,S2,lv0,59,3.56186742743376,0.7809753735246914
P09,S2,lv0,60,8.238673573792497,3.0609624512087925
P09,S2,lv0,61,2.8178179142885096,0.9358199990024936
P09,S2,lv0,62,1.4777529883325957,1.489475513973029
P09,S2,lv0,63,7.695931286039825,1.0804773423061067
P09,S2,lv0,64,6.253452775334934,2.3625513553148525
P09,S2,lv0,65,2.8576984030714065,1.926813008398386
P09,S2,lv0,66,2.3695774044491458,1.120004316950638
P09,S2,lv0,67,1.6247632737469058,0.9918017591986591
P09,S2,lv0,68,97.90921367605478,7.590418675667964
P09,S2,lv0,69,8.769563591422642,2.7949041714457437
P09,S2,lv0,70,4.904236655025505,3.441954876546245
P09,S2,lv0,71,4.439791779111416,2.529516246908083
P09,S2,lv0,72,4.612778538522218,1.7343086073083323
P09,S2,lv0,73,3.463836981192525,1.2870535524821944
P09,S2,lv0,74,59.12057844945021,4.380145104534228
P09,S2,lv0,75,3.4962616560265536,1.4895397679440403
P09,S2,lv0,76,5.606485480317352,0.9523247638778103
P09,S2,lv0,77,5.461562955819705,1.2479952665078862
P09,S2,lv0,78,2.4334165809664094,1.1733830522032853
P09,S2,lv0,79,5.644308819129616,1.5757313751912851
P09,S2,lv0,80,6.077829443864897,1.6623466426367295
P09,S2,lv0,81,7.408595581531524,1.403837891493416
P09,S2,lv0,82,4.293285769567361,1.1761386519329442
P09,S2,lv0,83,2.531335230241393,2.6816521860212235
P09,S2,lv0,84,4.777301273314723,2.4855630316619037
P09,S2,lv0,85,6.517820051143194,1.6241339546447673
P09,S2,lv0,86,5.8254489434835355,1.5689047247180121
P09,S2,lv0,87,6.019258034810012,3.314344382008153
P09,S2,lv0,88,5.154993203292952,1.6215566127594598
P09,S2,lv0,89,7.223741011036238,1.376252925259227
P09,S2,lv0,90,14.44037173390459,1.5726716559424592
P09,S2,lv0,91,6.326550560227882,3.744016379331712
P09,S2,lv0,92,15.816507078534414,2.513843991224189
P09,S2,lv0,93,11.557520047804417,2.5742655697437185
P09,S2,lv0,94,4.1638434604795105,1.4266308835365562
P09,S2,lv0,95,8.898672063189318,2.2255602691340837
P09,S2,lv0,96,3.8636739023572013,2.264884123649493
P09,S2,lv0,97,5.330042296893915,1.6883207147918646
P09,S2,lv0,98,33.859878417130304,5.90231457152715
P09,S2,lv0,99,7.764563297086426,1.6739710850672564
P09,S2,lv0,100,4.271670868327772,1.463835986861098
P09,S2,lv0,101,5.6363395072549,1.197222246863283
P09,S2,lv0,102,11.476757952375623,1.0921434671634576
P09,S2,lv0,103,11.497639657909371,1.0212875048845351
P09,S2,lv0,104,4.12768513488274,0.9603557484905887
P09,S2,lv0,105,9.449450770326235,2.7141855401208015
P09,S2,lv0,106,4.0079029648494,1.555350224447566
P09,S2,lv0,107,6.760446563921211,1.736281368465599
P09,S2,lv0,108,6.367958236329541,1.7697326594681946
P09,S2,lv0,109,6.216707376165173,1.810148826301934
P09,S2,lv0,110,8.296799683918293,1.7986922879154839
P09,S2,lv0,111,5.463741009155054,1.7727973005344189
P09,S2,lv0,112,4.442302692500933,1.811864736096283
P09,S2,lv0,113,104.42796139606816,6.5546040827314895
P09,S2,lv0,114,6.235916898452728,1.0998026921844317
P09,S2,lv0,115,3.6131895995353847,1.762467246180937
P09,S2,lv0,116,9.202531145681863,1.52039407264737
P09,S2,lv0,117,4.2304767456241015,3.9978163720411346
P09,S2,lv0,118,6.187865755980709,1.1602309667570443
P09,S2,lv0,119,5.940478943119149,1.5637384692387446
P09,S2,lv0,120,2.445083477342153,1.3000063644012987
P09,S2,lv0,121,7.652185362796094,1.0119579581235272
P09,S2,lv0,122,2.6894294555108007,1.9464813820492506
P09,S2,lv0,123,31.48917206020363,3.2841549086470594
P09,S2,lv0,124,8.39006572125929,1.5372973054698187
P09,S2,lv0,125,7.967335208474282,1.7678552448117595
P09,S2,lv0,126,3.8217908778630396,2.0950291739255498
P09,S2,lv0,127,6.0587820590027395,1.471533508640605
P09,S2,lv0,128,12.81809747202587,2.4892117258554274
P09,S2,lv0,129,4.660386279956553,2.3358036439667615
P09,S2,lv0,130,8.5243142975327,2.2649916874315665
P09,S2,lv0,131,6.415203741513873,1.206452548520446
P09,S2,lv0,132,6.587748197328875,1.7100517434009084
P09,S2,lv0,133,2.2060670011327113,1.3916454088783459
P09,S2,lv0,134,6.009302296100634,3.397555998071072
P09,S2,lv0,135,4.392631886290583,1.7303666759984444
P09,S2,lv0,136,9.17484860290719,1.8750850030884922
P09,S2,lv0,137,3.8225748174991567,2.8240342094645805
P09,S2,lv0,138,2.95702889916141,1.5210814971997777
P09,S2,lv0,139,1.943478734962228,1.2497935973068912
P09,S2,lv0,140,38.50196670734729,2.838218480729344
P09,S2,lv0,141,135.94459013641705,6.312161452012215
P09,S2,lv0,142,3.427694020554429,1.6119108535025788
P09,S2,lv0,143,6.671751425765053,1.0263537077462364
P09,S2,lv0,144,10.117641535711956,1.7795101353875236
P09,S2,lv0,145,3.9992470599644796,2.1789645310337424
P09,S2,lv0,146,12.357388294773855,1.1475805433594748
P09,S2,lv0,147,11.890781260998695,2.349956120960963
P09,S2,lv0,148,2.859140218685742,1.5699023242162597
P09,S2,lv1,0,57.55561631263982,4.9848673574315905
P09,S2,lv1,1,73.93488387415574,4.76402356233444
P09,S2,lv1,2,1.933626472465949,1.5228691302825264
P09,S2,lv1,3,60.86736419098598,5.102647183446939
P09,S2,lv1,4,66.01023150498942,6.46683744739025
P09,S2,lv1,5,24.003705858137128,3.36406421283301
P09,S2,lv1,6,11.54583872773117,2.3932325805901917
P09,S2,lv1,7,7.364036294215326,3.029107123277842
P09,S2,lv1,8,101.95694034510785,4.365302889447331
P09,S2,lv1,9,4.565562382760817,3.2692478281830963
P09,S2,lv1,10,7.848666203759079,3.6540394882326726
P09,S2,lv1,11,34.99578620975433,4.786120454011021
P09,S2,lv1,12,64.06988600650463,5.568674816212321
P09,S2,lv1,13,40.51218895449693,5.72235580353839
P09,S2,lv1,14,9.478730141403966,2.2727295300829136
P09,S2,lv1,15,68.07411204195284,5.235780129666975
P09,S2,lv1,16,2.9786901512936166,1.3107122994359366
P09,S2,lv1,17,5.181668340122239,2.3430845761766186
P09,S2,lv1,18,205.2680786399147,11.819211816057953
P09,S2,lv1,19,3.480266484585196,1.9338109332696103
P09,S2,lv1,20,8.301174745040715,4.088619614591313
P09,S2,lv1,21,4.936563815339413,2.198396297370826
P09,S2,lv1,22,31.73181876937742,3.4554675070928877
P09,S2,lv1,23,35.47878093152322,3.7615274769869513
P09,S2,lv1,24,7.482383831064597,2.4820200539536157
P09,S2,lv1,25,15.081607122501245,3.480754868454674
P09,S2,lv1,26,168.83498321320351,13.834065407504427
P09,S2,lv1,27,3.4456011004912237,2.47457766051458
P09,S2,lv1,28,4.192481444862195,1.4086826805343649
P09,S2,lv1,29,4.804157785269918,1.4145133822619054
P09,S2,lv1,30,82.4454343069572,1.6562962594536255
P09,S2,lv1,31,4.975388977258094,4.160177089853593
P09,S2,lv1,32,13.762927488765431,2.808931304440557
P09,S2,lv1,33,125.71943839432869,9.636407598410512
P09,S2,lv1,34,103.36285786384855,8.531664115984377
P09,S2,lv1,35,94.18261755608047,10.849426450996141
P09,S2,lv1,36,19.504729916352126,4.1523755815395
P09,S2,lv1,37,190.18491870540123,12.547908751272171
P09,S2,lv1,38,2.612875322897023,1.5528843385667317
P09,S2,lv1,39,7.871127591054681,1.9419342549270067
P09,S2,lv1,40,27.37466665683214,1.8086700393154784
P09,S2,lv1,41,6.9486278626528994,1.562169795189666
P09,S2,lv1,42,1.434740103178056,0.9715613253748433
P09,S2,lv1,43,227.5275740912499,15.749638071087432
P09,S2,lv1,44,78.30905490693287,8.23669640383284
P09,S2,lv1,45,3.4410953807196925,2.2390298697535975
P09,S2,lv1,46,3.712257208212768,1.7182515688603204
P09,S2,lv1,47,243.46867786432605,15.558878643576026
P09,S2,lv1,48,10.97944627506122,2.003998467452884
P09,S2,lv1,49,58.123531471635246,4.919805680874002
P09,S2,lv1,50,91.7496577752877,8.878904298809147
P09,S2,lv1,51,5.692837114592923,1.4301934452958789
P09,S2,lv1,52,176.13248249124948,16.140019727272172
P09,S2,lv1,53,182.36527018076316,11.241469252786741
P09,S2,lv1,54,7.294904145812007,3.6525760648344714
P09,S2,lv1,55,180.50234680530477,8.747950898938484
P09,S2,lv1,56,58.74839056478301,3.5466742581193222
P09,S2,lv1,57,105.5110616388941,4.323960714931647
P09,S2,lv1,58,92.7600707235043,7.620027915192518
P09,S2,lv1,59,6.271166479242812,2.434867888654017
P09,S2,lv1,60,2.1965368349568615,1.9355875514176935
P09,S2,lv1,61,5.440904588381211,2.454251159111239
P09,S2,lv1,62,37.17964131006561,5.485116280313472
P09,S2,lv1,63,2.6686004579636067,1.6777785988393845
P09,S2,lv1,64,6.498653100385845,4.03607930641397
P09,S2,lv1,65,113.44767215451256,19.781066851392314
P09,S2,lv1,66,5.707533485209546,2.455523528454592
P09,S2,lv1,67,98.9580121502637,6.893969884552409
P09,S2,lv1,68,4.906647401345715,2.1588170865587366
P09,S2,lv1,69,35.34324771002992,9.28991178814885
P09,S2,lv1,70,4.839310030830728,1.4377207622873893
P09,S2,lv1,71,2.0848106160302926,1.7037804763569064
P09,S2,lv1,72,14.307934275801552,3.6346655199436704
P09,S2,lv1,73,41.85657993687283,6.911582428363593
P09,S2,lv1,74,7.853538144139299,2.4589977626224413
P09,S2,lv1,75,4.632588916027314,2.9833887603630367
P09,S2,lv1,76,2.6857365222438716,1.8044648322536556
P09,S2,lv1,77,48.7420119308143,2.2581560986814906
P09,S2,lv1,78,5.2899964466611005,1.6531768450581539
P09,S2,lv1,79,3.0016287886506636,2.157523377197415
P09,S2,lv1,80,33.2107519018129,2.6979998945999237
P09,S2,lv1,81,3.361003847513722,1.4420029670993186
P09,S2,lv1,82,109.60704789717438,14.97164269149943
P09,S2,lv1,83,4.134007225669616,2.467865673595855
P09,S2,lv1,84,142.16473115079495,12.705787611195843
P09,S2,lv1,85,6.043241134376017,2.104916503652193
P09,S2,lv1,86,7.399993781089951,3.582876686398686
P09,S2,lv1,87,5.748696478839268,3.0308129669804535
P09,S2,lv1,88,40.7556714617814,13.728865640390932
P09,S2,lv1,89,7.051406604415852,1.9574769452693705
P09,S2,lv1,90,5.888981346097059,2.0808336237362353
P09,S2,lv1,91,5.574709880339267,2.615671796476757
P09,S2,lv1,92,4.295460922877797,5.045526270909202
P09,S2,lv1,93,112.9536382577742,2.3173846959776987
P09,S2,lv1,94,6.8479879504657255,3.2850849320699482
P09,S2,lv1,95,7.9572715701923284,1.877360465617827
P09,S2,lv1,96,34.401184010101716,4.123823599763789
P09,S2,lv1,97,9.207476369009642,3.1517376863232243
P09,S2,lv1,98,124.89718556941678,7.040930198951387
P09,S2,lv1,99,4.2121900928694265,3.2428075126181866
P09,S2,lv1,100,285.16696066026077,9.551568454054834
P09,S2,lv1,101,35.41878469883868,10.150995984955868
P09,S2,lv1,102,92.4202176388533,5.642168271451527
P09,S2,lv1,103,4.269081449493701,2.258176409354858
P09,S2,lv1,104,172.5869138221672,8.048322938138323
P09,S2,lv1,105,10.423227164215987,4.3980299540490515
P09,S2,lv1,106,157.80167892450947,13.39712088556145
P09,S2,lv1,107,4.310440736179905,1.4928514863254303
P09,S2,lv1,108,9.7686809749696,1.9255902090757366
P09,S2,lv1,109,5.6311283920308295,1.9332460909539932
P09,S2,lv1,110,22.083473272562205,3.8239509563367524
P09,S2,lv1,111,5.353694244066078,1.6589792816812838
P09,S2,lv1,112,8.878138848582934,2.005817745291541
P09,S2,lv1,113,48.78784570214182,3.8746636232530247
P09,S2,lv1,114,8.083387801653195,2.8569153627239756
P09,S2,lv1,115,181.37529755704296,27.50969895647607
P09,S2,lv1,116,10.015836025490561,2.8198747491168477
P09,S2,lv1,117,4.6129327849226724,1.383331681570693
P09,S2,lv1,118,16.5063269051802,3.372633249171807
P09,S2,lv1,119,5.059939121150614,1.281072978585746
P09,S2,lv1,120,10.022181311522163,3.2098530057333408
P09,S2,lv1,121,2.4322950428567967,1.019239316001883
P09,S2,lv1,122,16.74262387074169,5.616264439877111
P09,S2,lv1,123,3.922843762748344,0.8826347709912017
P09,S2,lv1,124,14.570600892483835,2.3037126706944275
P09,S2,lv1,125,8.665911725007655,2.21112332786614
P09,S2,lv1,126,9.99472776500725,1.6713613989176273
P09,S2,lv1,127,23.041234281913507,3.234256810780887
P09,S2,lv1,128,6.777075314138519,3.10852654189648
P09,S2,lv1,129,25.742668012160753,3.797022531858384
P09,S2,lv1,130,226.1307385664182,16.589358340230046
P09,S2,lv1,131,23.656570770508534,3.3490106618998667
P09,S2,lv1,132,8.955441740844444,1.7392394648176321
P09,S2,lv1,133,116.18342446850554,3.482511708285253
P09,S2,lv1,134,3.902887590684077,2.32198811903084
P09,S2,lv1,135,7.980254795075693,2.3502930488318934
P09,S2,lv1,136,4.5133102619699015,1.5699272609306392
P09,S2,lv1,137,23.647771001922457,4.091427389791156
P09,S2,lv1,138,3.3038090037102474,1.4706456731240471
P09,S2,lv1,139,112.54280350625503,12.741411997277423
P09,S2,lv1,140,8.543197079242804,1.4046622413097056
P09,S2,lv1,141,21.104736410769014,3.407045478295896
P09,S2,lv1,142,8.100130655323841,3.0731035310519097
P09,S2,lv1,143,121.21694108481712,9.428481769220907
P09,S2,lv1,144,56.02552500222702,5.069886829623273
P09,S2,lv1,145,3.7799147088351495,1.607555387452059
P09,S2,lv1,146,11.100289525688709,2.470803952673564
P09,S2,lv1,147,11.61731629854821,1.8427024078397047
P09,S2,lv1,148,3.4516383205144106,1.1636982810941046
P09,S2,lv2,0,8.948392606058187,4.69333176532058
P09,S2,lv2,1,10.324632150066808,4.253054923699811
P09,S2,lv2,2,7.0974355116535115,3.377029600385113
P09,S2,lv2,3,17.250032922447563,2.2465848732054448
P09,S2,lv2,4,2.7725126986712976,2.1075977928901657
P09,S2,lv2,5,58.76995452654133,4.75953908491135
P09,S2,lv2,6,8.934979876681155,2.4221405158439686
P09,S2,lv2,7,214.39679784771477,16.55289615902283
P09,S2,lv2,8,7.873463944806969,2.0868715219642233
P09,S2,lv2,9,5.456578863576641,3.099419432314182
P09,S2,lv2,10,6.1227858779110305,2.1587761856237955
P09,S2,lv2,11,23.401517750570978,3.759634564886747
P09,S2,lv2,12,3.3858405894522217,2.041869536550914
P09,S2,lv2,13,21.475643288432757,2.325027731012709
P09,S2,lv2,14,6.141378641008809,1.980310870581156
P09,S2,lv2,15,131.21605336193883,15.86117053199414
P09,S2,lv2,16,66.16078213911682,5.742587878001656
P09,S2,lv2,17,44.938471726736815,4.973520331571515
P09,S2,lv2,18,6.0328540463765306,2.3048355003572167
P09,S2,lv2,19,36.09634983218221,7.138759741886678
P09,S2,lv2,20,7.857581224098799,3.8447047657254365
P09,S2,lv2,21,8.480928785625265,2.371237860254093
P09,S2,lv2,22,230.6618014534293,16.362716391829817
P09,S2,lv2,23,6.666233943940394,1.8684788531464782
P09,S2,lv2,24,131.53329568113827,20.22405938236268
P09,S2,lv2,25,103.57824933353488,12.075172814172145
P09,S2,lv2,26,10.455480700843717,2.660281414158545
P09,S2,lv2,27,5.586168111785582,1.9764792284880917
P09,S2,lv2,28,142.97767273697875,8.237395180262554
P09,S2,lv2,29,20.511543292994244,4.040100294749024
P09,S2,lv2,30,25.125995760001917,4.062068920023077
P09,S2,lv2,31,5.399755354705224,4.688316555029135
P09,S2,lv2,32,8.464419051837996,3.8832087131162774
P09,S2,lv2,33,5.571264815292138,1.6918466073510694
P09,S2,lv2,34,3.764414338215864,2.1312250520924136
P09,S2,lv2,35,44.86441263825741,3.1685574179414586
P09,S2,lv2,36,4.781559812681231,2.096228226055381
P09,S2,lv2,37,7.190193786737062,2.8852299157295622
P09,S2,lv2,38,157.83774204428502,9.52577468731875
P09,S2,lv2,39,102.99710601362757,14.10315383945892
P09,S2,lv2,40,44.22122582726338,11.711675313782068
P09,S2,lv2,41,9.666524273709562,2.3612437265312543
P09,S2,lv2,42,15.018243070925413,2.6077227644120797
P09,S2,lv2,43,141.59692739606447,9.492813352752535
P09,S2,lv2,44,14.256043904903517,2.2543239448488577
P09,S2,lv2,45,40.2766370423786,3.2415516322100415
P09,S2,lv2,46,133.00736783058687,11.20868821703989
P09,S2,lv2,47,4.4197229491445,2.4254141022181885
P09,S2,lv2,48,134.36164986244458,8.072099919233185
P09,S2,lv2,49,15.446871081839243,3.6310461178062137
P09,S2,lv2,50,201.10011084316568,13.69182867195416
P09,S2,lv2,51,22.34823968403364,3.3974981504414066
P09,S2,lv2,52,145.57767085515317,10.575138588162734
P09,S2,lv2,53,26.568518339599244,2.71848350737783
P09,S2,lv2,54,240.55512311484145,11.598902909948904
P09,S2,lv2,55,150.32320939667326,19.636669111178676
P09,S2,lv2,56,20.943218960853724,2.7939213633069984
P09,S2,lv2,57,3.288582400393908,1.6955227057373967
P09,S2,lv2,58,89.59356568444946,10.44900269589725
P09,S2,lv2,59,113.88316494459258,8.202490637155853
P09,S2,lv2,60,367.29813828543763,26.623166654834417
P09,S2,lv2,61,12.09859073994724,2.127166944335499
P09,S2,lv2,62,5.635290416242591,3.450482910565185
P09,S2,lv2,63,6.088910508765703,2.5792908207960195
P09,S2,lv2,64,43.37013599164578,8.393012312826853
P09,S2,lv2,65,92.85356055678002,13.017324181119776
P09,S2,lv2,66,15.685920238248979,2.47326655097073
P09,S2,lv2,67,14.671581193658001,1.6072079949514664
P09,S2,lv2,68,204.41236508177403,16.469858828392006
P09,S2,lv2,69,86.38232700691553,3.896901613638547
P09,S2,lv2,70,6.033331976208846,3.1099004259688656
P09,S2,lv2,71,3.7320550544996185,3.054101115980699
P09,S2,lv2,72,5.493907313208292,2.2718553377925637
P09,S2,lv2,73,20.147832762487475,4.657589748509592
P09,S2,lv2,74,67.71894213087324,4.098818669051149
P09,S2,lv2,75,8.765616970780073,3.317925822824014
P09,S2,lv2,76,10.471501630028845,1.389473950948023
P09,S2,lv2,77,11.823001879617507,2.1963322021708933
P09,S2,lv2,78,8.500191094674845,2.6817537397038427
P09,S2,lv2,79,111.94075934084728,13.636949140225855
P09,S2,lv2,80,150.63833241787617,21.241241775561257
P09,S2,lv2,81,141.9012623412518,7.330992278833418
P09,S2,lv2,82,18.015347305824132,3.636415263941769
P09,S2,lv2,83,12.243747062684802,5.2046042751794
P09,S2,lv2,84,8.329188790782922,3.7566159466146773
P09,S2,lv2,85,5.076332126281703,2.3713069182465487
P09,S2,lv2,86,13.734667232158078,2.678762562266991
P09,S2,lv2,87,22.53964497367113,2.5527319060845275
P09,S2,lv2,88,11.787447883158176,3.890019659042833
P09,S2,lv2,89,26.75851819232144,2.874103188138348
P09,S2,lv2,90,184.3358413657416,11.069933834837528
P09,S2,lv2,91,5.093748262963821,1.9405405664589608
P09,S2,lv2,92,5.489440914906824,2.7337033463730385
P09,S2,lv2,93,19.7650326170754,3.141350958767544
P09,S2,lv2,94,76.56229225303652,8.256594379363435
P09,S2,lv2,95,8.752263769232734,1.6400517531548937
P09,S2,lv2,96,27.124380023042768,8.605664663670435
P09,S2,lv2,97,215.96513285899786,21.233226542554895
P09,S2,lv2,98,161.1006774641672,6.072922062401321
P09,S2,lv2,99,255.3077108936683,14.889587429957283
P09,S2,lv2,100,18.20546468088785,3.449116738369765
P09,S2,lv2,101,10.42859839079412,8.18221882313639
P09,S2,lv2,102,12.050116642143049,3.5993001178453508
P09,S2,lv2,103,5.01858280569122,2.2157376150708714
P09,S2,lv2,104,4.19449272882274,2.8357120724681795
P09,S2,lv2,105,59.23043168865593,6.847735305128625
P09,S2,lv2,106,115.79073158429101,8.471990291135176
P09,S2,lv2,107,5.368760964880935,3.5224363686880458
P09,S2,lv2,108,24.40825907547779,4.780557405543549
P09,S2,lv2,109,173.4184345110613,19.262374805711083
P09,S2,lv2,110,18.092700723275296,3.9648473581756267
P09,S2,lv2,111,11.496411335590675,1.941194712534577
P09,S2,lv2,112,13.107192976778606,3.3492905311834194
P09,S2,lv2,113,4.176784372449954,1.5862838759575204
P09,S2,lv2,114,60.9955529499109,9.35456346448312
P09,S2,lv2,115,13.74629367472228,2.6986222649135554
P09,S2,lv2,116,111.94181886823839,9.607836341163399
P09,S2,lv2,117,58.409427174334255,8.599341593398744
P09,S2,lv2,118,90.5666132996217,7.224947851349094
P09,S2,lv2,119,6.277412527681016,3.2567404698382707
P09,S2,lv2,120,24.45706718742037,4.948543601313514
P09,S2,lv2,121,4.816682496852486,1.7864551297588753
P09,S2,lv2,122,4.096461719070578,2.16907149135589
P09,S2,lv2,123,3.6785436952687496,2.5174913880703524
P09,S2,lv2,124,4.891196173876268,3.6682493667656284
P09,S2,lv2,125,5.966388453429549,2.0622994821926333
P09,S2,lv2,126,23.535257239878266,4.367918736267641
P09,S2,lv2,127,138.80271213066004,11.541801844445066
P09,S2,lv2,128,81.11995731676723,8.566389285237822
P09,S2,lv2,129,15.758390497169808,3.6646147432019736
P09,S2,lv2,130,6.798481697320724,1.6447819321376838
P09,S2,lv2,131,50.51051104769364,15.456650766712173
P09,S2,lv2,132,30.6690111554469,4.432116508469326
P09,S2,lv2,133,86.48760491937195,13.455343206349138
P09,S2,lv2,134,151.38086141047245,12.35688059902177
P09,S2,lv2,135,20.951867435793048,2.4768623583567146
P09,S2,lv2,136,5.906791097017325,2.8239083840091626
P09,S2,lv2,137,3.5644021601505833,2.9043190536576544
P09,S2,lv2,138,21.61001235751084,4.925477364313866
P09,S2,lv2,139,192.26791316999729,4.38978265642852
P09,S2,lv2,140,73.12989672552925,6.663965869648531
P09,S2,lv2,141,3.2704551122334484,1.3814418990128479
P09,S2,lv2,142,9.107524876118207,7.236149165942571
P09,S2,lv2,143,162.34657375547906,10.916861041355801
P09,S2,lv2,144,81.09818956298444,8.99656417416457
P09,S2,lv2,145,4.727517090020359,2.4163687060692816
P09,S2,lv2,146,4.321839799561766,3.593206326653198
P09,S2,lv2,147,2.913128983980834,5.2341335048840145
P09,S2,lv2,148,111.21057724784934,7.99419746446379
P10,S1,base,0,3.7801409118191134,3.946253502268629
P10,S1,base,1,2.7946535688999807,12.555591704005437
P10,S1,base,2,9.554457603993589,8.80201704707824
P10,S1,base,3,2.5991408510478737,8.77656282245337
P10,S1,base,4,3.2644962880517885,2.6486846135655733
P10,S1,base,5,2.0384221100372932,4.256122600950604
P10,S1,base,6,4.14962175266794,1.7236107952215576
P10,S1,base,7,1.9641536599996268,7.037002545823224
P10,S1,base,8,2.038729491092633,5.693735118629599
P10,S1,base,9,2.3389933677935626,4.16399882786166
P10,S1,base,10,2.682838419813019,4.757928240151526
P10,S1,base,11,1.6038259772416477,10.96869096164456
P10,S1,base,12,2.1302664023478863,8.425839027473875
P10,S1,base,13,2.4641684428247688,15.296157479263064
P10,S1,base,14,2.1093054398288396,3.629366511671506
P10,S1,base,15,4.356420040651871,21.28691116082711
P10,S1,base,16,1.3302381655878788,7.035843900671834
P10,S1,base,17,2.662013701401816,5.912101888700203
P10,S1,base,18,2.197337236478672,5.4021254737866515
P10,S1,base,19,2.6593007184616777,2.569673893493468
P10,S1,base,20,2.6836205092010603,1.2257972934626116
P10,S1,base,21,1.4364215076014413,5.81095505143393
P10,S1,base,22,2.8908096484887347,3.960952924292051
P10,S1,base,23,1.767720014180625,2.4547889902037903
P10,S1,base,24,2.8016733788947943,4.720252408219945
P10,S1,base,25,2.319125081945834,5.718090941229147
P10,S1,base,26,3.264504996057054,6.713188128760148
P10,S1,base,27,1.8971549374353347,6.764916477512593
P10,S1,base,28,2.194981528959391,2.0431816781276213
P10,S1,base,29,1.5482605480401577,4.036621587083584
P10,S1,lv0,0,3.844254839867309,2.381029955310349
P10,S1,lv0,1,1.4679502630795198,2.5521564397722014
P10,S1,lv0,2,4.654078791172351,4.572254098122498
P10,S1,lv0,3,3.144469580415357,1.950300874718615
P10,S1,lv0,4,1.9282425412696913,2.620517121272753
P10,S1,lv0,5,2.0025330842891753,2.310319130139424
P10,S1,lv0,6,2.6302503039970673,2.4659966228809735
P10,S1,lv0,7,1.6787267739522878,3.171727387449629
P10,S1,lv0,8,3.0838299523963957,3.5862570376883225
P10,S1,lv0,9,2.0250027983085173,2.5469053605848657
P10,S1,lv0,10,1.6839293861718656,4.503925906144922
P10,S1,lv0,11,2.481848367418698,2.6115360581142943
P10,S1,lv0,12,1.7501498009206184,2.110993559136683
P10,S1,lv0,13,2.226484266761235,2.2038134615738736
P10,S1,lv0,14,1.2977989152493186,1.0942386563149888
P10,S1,lv0,15,1.410129304814412,3.7786920189457627
P10,S1,lv0,16,5.353746063967468,1.6561012176803134
P10,S1,lv0,17,2.5696200857546434,1.8210147127685532
P10,S1,lv0,18,3.3879131946890677,2.8640508587449074
P10,S1,lv0,19,2.6933979364182656,1.9419450275507975
P10,S1,lv0,20,3.6115001289263793,2.549771632800431
P10,S1,lv0,21,1.8272900345430714,1.8383568939746
P10,S1,lv0,22,1.8751874273445628,2.276149596494483
P10,S1,lv0,23,2.432643980222682,3.153159871577132
P10,S1,lv0,24,2.522820398570312,3.8089936223733023
P10,S1,lv0,25,1.4716176888234729,7.006824816853861
P10,S1,lv0,26,3.3630987914318564,6.113593515832464
P10,S1,lv0,27,2.057092083416513,2.452163892367287
P10,S1,lv0,28,2.8028446940420015,2.3046494238236357
P10,S1,lv0,29,2.045010073279543,3.878699160674834
P10,S1,lv0,30,3.7707050169974905,2.597109075710104
P10,S1,lv0,31,3.7963236618657454,2.912665166256642
P10,S1,lv0,32,2.011168818024964,4.170587450997325
P10,S1,lv0,33,3.7048757394146823,4.396575205239972
P10,S1,lv0,34,1.5371608638183762,3.367531653282844
P10,S1,lv0,35,1.8095220723888996,1.3611556265388145
P10,S1,lv0,36,1.169451894901749,1.2472361993031964
P10,S1,lv0,37,1.9621526984985553,1.3206467093352674
P10,S1,lv0,38,3.114227650574856,2.9900523773368564
P10,S1,lv0,39,2.1452345236944463,1.515330773065947
P10,S1,lv0,40,2.8678796681439787,2.910894755228617
P10,S1,lv0,41,2.77717989727988,2.303007739419718
P10,S1,lv0,42,1.3880863297262835,2.6388912105258573
P10,S1,lv0,43,1.5321329009879492,1.8538824709174029
P10,S1,lv0,44,2.0729085247434607,3.183134206608693
P10,S1,lv0,45,2.6047932428049574,1.3106000080931561
P10,S1,lv0,46,2.388197908273974,2.8104680196623297
P10,S1,lv0,47,2.200510257941824,2.2545346090358023
P10,S1,lv0,48,2.645689943622537,2.5906240170884534
P10,S1,lv0,49,2.197187510828329,1.3169601295390512
P10,S1,lv0,50,2.2389064751273335,2.2767854367591185
P10,S1,lv0,51,3.0937617920604588,4.275864714401345
P10,S1,lv0,52,3.621982440362151,2.649787123023578
P10,S1,lv0,53,1.7190537999027995,1.0070865604470496
P10,S1,lv0,54,1.5318742490023185,1.4272365185213094
P10,S1,lv0,55,1.9367076746219254,2.985302758984745
P10,S1,lv0,56,1.29590495468647,1.3718319157122882
P10,S1,lv0,57,2.7944451315599386,4.437411870695963
P10,S1,lv0,58,3.353138108929954,2.311802136879234
P10,S1,lv0,59,2.219623979878872,3.411744010762945
P10,S1,lv0,60,3.3300795397913796,6.6437766554962785
P10,S1,lv0,61,2.431235683887701,7.147846779314908
P10,S1,lv0,62,1.4393453035458859,2.2170322969090024
P10,S1,lv0,63,2.8346275027042993,6.041687959513787
P10,S1,lv0,64,3.621201645182541,5.782923598561892
P10,S1,lv0,65,1.9578467984620436,1.5432499697357234
P10,S1,lv0,66,3.3833892243305863,4.319422706633537
P10,S1,lv0,67,3.473825657016511,4.582902355965444
P10,S1,lv0,68,3.185186229065996,2.781706719350307
P10,S1,lv0,69,4.589089866147075,1.776701961219464
P10,S1,lv0,70,2.4140626043482625,2.0637019710138786
P10,S1,lv0,71,3.015961225651721,3.468366244607387
P10,S1,lv0,72,2.3626987854964376,2.181277726472105
P10,S1,lv0,73,1.5096749407231866,2.5441106609547592
P10,S1,lv0,74,2.613155735393472,6.517835861432084
P10,S1,lv0,75,2.712881500701861,3.130500780014922
P10,S1,lv0,76,1.107602943683005,1.2331037909147298
P10,S1,lv0,77,2.089810906011133,3.3391112574536828
P10,S1,lv0,78,1.939946134436598,1.3427999795759726
P10,S1,lv0,79,2.449268582045023,2.433541641860321
P10,S1,lv0,80,3.549218092609296,2.257114674723527
P10,S1,lv0,81,2.239365216798853,2.2768407924789953
P10,S1,lv0,82,2.0152780846066842,1.6449426106297473
P10,S1,lv0,83,2.4378285373038238,4.1422940741982135
P10,S1,lv0,84,3.4749626625512975,1.381237096992766
P10,S1,lv0,85,1.9755555164048673,2.8728946609817925
P10,S1,lv0,86,1.9256292231114298,2.342298866073274
P10,S1,lv0,87,1.84978056810586,4.748506214330763
P10,S1,lv0,88,4.011970384030055,1.9812703581364761
P10,S1,lv0,89,3.698855070503665,2.479515158788216
P10,S1,lv0,90,2.672401984993962,2.393172037760189
P10,S1,lv0,91,2.0735537254088117,1.7540303640951282
P10,S1,lv0,92,1.3812720881131866,4.371956341454825
P10,S1,lv0,93,2.7744838842542543,3.225380869908265
P10,S1,lv0,94,3.2327293015727916,3.075223383496076
P10,S1,lv0,95,3.8679640977919765,9.034324166802486
P10,S1,lv0,96,3.6948791222166677,1.566666110132355
P10,S1,lv0,97,3.8104332769533613,9.725362229248928
P10,S1,lv0,98,2.3529164471073716,5.999626854144336
P10,S1,lv0,99,2.995219757521552,1.1875012339015079
P10,S1,lv0,100,1.2634093038323233,2.580938504560265
P10,S1,lv0,101,2.011544270128101,2.834209756933494
P10,S1,lv0,102,3.007687202862545,1.760865503983048
P10,S1,lv0,103,2.5230571824801578,1.2222279518820558
P10,S1,lv0,104,2.2028188507602184,2.1138377157632777
P10,S1,lv0,105,1.7378173422597238,1.5551241285901063
P10,S1,lv0,106,1.703878290659544,0.8719329884245268
P10,S1,lv0,107,1.7372418504571658,1.0057767546185699
P10,S1,lv0,108,2.8448884897771936,6.524017101212443
P10,S1,lv0,109,2.7886717496937767,3.284887227588205
P10,S1,lv0,110,2.4706965594829717,3.245459451131791
P10,S1,lv0,111,2.2856084768992475,4.1909196193391764
P10,S1,lv0,112,1.7363177887003336,2.5970062833506757
P10,S1,lv0,113,3.2975749596855604,2.226779542059611
P10,S1,lv0,114,2.5072727546026803,2.916928993377752
P10,S1,lv0,115,3.9224209557190313,2.1380946808380332
P10,S1,lv0,116,4.43759717206611,5.476549939498422
P10,S1,lv0,117,5.013875194352837,6.1294898377159
P10,S1,lv0,118,3.6882594131381654,2.995260593691515
P10,S1,lv0,119,2.2464301084672886,2.1885221069865453
P10,S1,lv0,120,2.342878070579515,2.9407148897389397
P10,S1,lv0,121,2.1308958010160475,3.731711452089149
P10,S1,lv0,122,1.5533041015583322,4.2263009108997
P10,S1,lv0,123,3.2208939237742906,1.6064478382266831
P10,S1,lv0,124,1.704568024763384,1.9622544821050907
P10,S1,lv0,125,2.697549023210754,4.813632872555455
P10,S1,lv0,126,2.6005903677111166,2.7087384800582797
P10,S1,lv0,127,1.4510198154944496,1.094793752677961
P10,S1,lv0,128,3.295420982200537,2.4726443086961525
P10,S1,lv0,129,1.2739157789756486,2.3016643522775353
P10,S1,lv0,130,2.219663140796947,1.7599904028777063
P10,S1,lv0,131,1.6060105291002205,2.0464304560672453
P10,S1,lv0,132,3.4977945560086616,2.6954363216442614
P10,S1,lv0,133,1.8800184723199114,2.3665001212033268
P10,S1,lv0,134,3.0788205508804265,3.49884706917123
P10,S1,lv0,135,2.5289922652248036,1.5053626251976309
P10,S1,lv0,136,4.121647219361272,5.7545500665344
P10,S1,lv0,137,3.206905166986716,4.242680085135863
P10,S1,lv0,138,5.606236010157112,5.165122675467224
P10,S1,lv0,139,2.925364691233997,2.258036065658889
P10,S1,lv0,140,3.1167403994514125,2.3221140151601576
P10,S1,lv0,141,1.8447778545409028,1.965155009404496
P10,S1,lv0,142,4.024676377071109,2.897613046579497
P10,S1,lv0,143,1.68466008785441,1.1706057926942535
P10,S1,lv0,144,3.3684738904440192,1.5971035069909043
P10,S1,lv0,145,4.3031929795777994,2.6976917809337895
P10,S1,lv0,146,2.6152462441429587,2.4924233304384904
P10,S1,lv0,147,3.1886680146536794,3.600736685532917
P10,S1,lv0,148,1.430894478686416,6.400094822986121
P10,S1,lv1,0,5.594275935686301,4.733425728992674
P10,S1,lv1,1,2.776472001297989,4.39252902970802
P10,S1,lv1,2,3.6534885472044696,2.879863111816965
P10,S1,lv1,3,3.443764665245408,3.5891931666367576
P10,S1,lv1,4,3.4569792621925353,2.2611774448774717
P10,S1,lv1,5,2.541146583087276,2.0653124625615003
P10,S1,lv1,6,2.4775006994272664,2.8619306196129664
P10,S1,lv1,7,2.326341344929294,3.327609112291282
P10,S1,lv1,8,5.984772707032626,3.200621178652657
P10,S1,lv1,9,2.4633105098568615,2.851505272621609
P10,S1,lv1,10,3.4443344007514236,3.064974984571428
P10,S1,lv1,11,2.6643254367406395,2.9269921303196798
P10,S1,lv1,12,2.820433759023705,2.8462426487234316
P10,S1,lv1,13,2.949131900535412,2.7778909024674348
P10,S1,lv1,14,6.988983175396233,3.413320774427664
P10,S1,lv1,15,3.1096909354346702,2.135686329645695
P10,S1,lv1,16,3.0403232856273963,4.598954907322514
P10,S1,lv1,17,2.018536145125349,4.533070431568043
P10,S1,lv1,18,4.543666891128612,3.273574424229944
P10,S1,lv1,19,3.400599734962631,1.5554380891515367
P10,S1,lv1,20,3.7264905064479743,1.6317284252082747
P10,S1,lv1,21,3.1576391035020612,1.909468380867911
P10,S1,lv1,22,4.501852045084144,4.178856270676134
P10,S1,lv1,23,2.846165823493686,3.476186813689511
P10,S1,lv1,24,3.890414215658799,2.9781857370999596
P10,S1,lv1,25,5.21249901550098,3.0283219778583885
P10,S1,lv1,26,3.3135904582408267,3.0488369633844066
P10,S1,lv1,27,8.092333616314528,4.39740864966749
P10,S1,lv1,28,3.17369557204315,2.3351349522617775
P10,S1,lv1,29,5.049682786180365,7.394506904876259
P10,S1,lv1,30,8.058312542353233,3.9107624488851624
P10,S1,lv1,31,9.495940625550496,6.557306447678909
P10,S1,lv1,32,4.309440697889936,2.4550344303889053
P10,S1,lv1,33,4.254433500586201,3.471435837691533
P10,S1,lv1,34,3.765465326994192,3.7376423923872766
P10,S1,lv1,35,3.890410128083091,2.7371478505782374
P10,S1,lv1,36,2.8238475146871695,2.760435574656135
P10,S1,lv1,37,3.7192595152443375,3.226337460072027
P10,S1,lv1,38,5.029669533498336,3.036105796839244
P10,S1,lv1,39,2.6026466261017873,1.8730948869804218
P10,S1,lv1,40,4.975495379174907,2.5823605442480386
P10,S1,lv1,41,2.7894057732618993,1.9387518994099266
P10,S1,lv1,42,1.9030803964108531,2.074689428866656
P10,S1,lv1,43,1.9693674002014319,3.136029901035272
P10,S1,lv1,44,3.112944891950954,2.7887919459156847
P10,S1,lv1,45,9.139535252463228,4.44913903577281
P10,S1,lv1,46,8.419733038988683,2.4121554580228795
P10,S1,lv1,47,6.4790226997849665,2.4507805046837685
P10,S1,lv1,48,4.225858823155726,2.8081631771121165
P10,S1,lv1,49,3.7908300699363586,4.048847497012488
P10,S1,lv1,50,3.3044885987889643,2.3346694990714205
P10,S1,lv1,51,3.585773952580109,4.789532501523806
P10,S1,lv1,52,2.381465244810485,1.151315734022943
P10,S1,lv1,53,3.3942226903436254,1.4100166320884058
P10,S1,lv1,54,11.343203166642695,5.186011172970895
P10,S1,lv1,55,3.8035120017150508,3.2223056350230412
P10,S1,lv1,56,4.272321900779649,3.070641930046429
P10,S1,lv1,57,6.834888738994088,2.6633286293591083
P10,S1,lv1,58,3.111721177814054,2.231176431178788
P10,S1,lv1,59,3.038518547475124,3.823596163130516
P10,S1,lv1,60,6.4193252446635265,3.034030262009658
P10,S1,lv1,61,3.912746706649356,4.3251386167982355
P10,S1,lv1,62,2.9196011838667073,3.988453316628791
P10,S1,lv1,63,5.156406002550568,2.61663025039871
P10,S1,lv1,64,4.432916585527734,2.9798315923923626
P10,S1,lv1,65,6.021447835928065,4.359305407932293
P10,S1,lv1,66,2.1771597717092734,1.9472595083420259
P10,S1,lv1,67,3.2761045924281436,2.535802010493105
P10,S1,lv1,68,2.8258817199653317,4.55867170764972
P10,S1,lv1,69,4.2863569292407435,2.6934345334399947
P10,S1,lv1,70,1.8126185557615282,2.3338336666696415
P10,S1,lv1,71,3.4468983916935736,3.6613595180145175
P10,S1,lv1,72,3.1880288149501315,2.0712770918597974
P10,S1,lv1,73,4.097769111522026,2.761809231159324
P10,S1,lv1,74,2.522035957893323,2.784061779831197
P10,S1,lv1,75,2.5330107926952143,4.476196771589724
P10,S1,lv1,76,6.69688774366759,2.409219674602966
P10,S1,lv1,77,2.6966081666504835,3.950311901369944
P10,S1,lv1,78,5.2217033776212975,3.8413180283009645
P10,S1,lv1,79,2.4951249175708465,3.4112731291848744
P10,S1,lv1,80,4.159410376365477,1.9067940190656572
P10,S1,lv1,81,2.5212685538257196,3.644277003549649
P10,S1,lv1,82,4.462772947285778,2.0766621836908574
P10,S1,lv1,83,2.2137502323686458,3.3286071717694963
P10,S1,lv1,84,2.3552849643074385,1.9058883618792033
P10,S1,lv1,85,3.3978343833021705,4.449598670756147
P10,S1,lv1,86,2.50709448009776,1.845861498345424
P10,S1,lv1,87,4.642283241534754,2.661968500185839
P10,S1,lv1,88,4.770514277946693,3.1811200870433076
P10,S1,lv1,89,3.710690893345588,2.568244231875019
P10,S1,lv1,90,2.33936027808967,2.1634776333964902
P10,S1,lv1,91,5.086213568373576,3.167067305199811
P10,S1,lv1,92,4.163006852005184,2.329962149691996
P10,S1,lv1,93,3.7817259547930706,5.258538498349019
P10,S1,lv1,94,3.534836698616734,2.9634441766744284
P10,S1,lv1,95,6.790815236298528,4.932414762144685
P10,S1,lv1,96,4.5121321864654345,2.302186308385251
P10,S1,lv1,97,3.0188930331424872,2.680794411206355
P10,S1,lv1,98,4.046666254618718,2.691927391407707
P10,S1,lv1,99,4.440383549216793,2.0259107965647773
P10,S1,lv1,100,4.505892718776913,3.2895382843289718
P10,S1,lv1,101,2.5007524597570474,3.476593778013136
P10,S1,lv1,102,3.0478640510671693,4.6683507927484555
P10,S1,lv1,103,3.320204859609793,3.1876447342096794
P10,S1,lv1,104,3.674923801436572,2.9955172219233512
P10,S1,lv1,105,4.52596090767858,2.747047585073314
P10,S1,lv1,106,3.245538204552367,2.1703133811152626
P10,S1,lv1,107,3.7378415854111293,2.36517703441621
P10,S1,lv1,108,1.917931036143281,1.5527502823147468
P10,S1,lv1,109,4.701262036495543,6.532535600205139
P10,S1,lv1,110,4.696614398781819,3.630805177814644
P10,S1,lv1,111,5.498632490819415,4.552397362646215
P10,S1,lv1,112,0.9589580363527701,2.0589378133439595
P10,S1,lv1,113,3.4866319594499653,3.1741044051811214
P10,S1,lv1,114,4.3730370690963705,2.6821415788036975
P10,S1,lv1,115,2.3756906319814823,3.96139852372822
P10,S1,lv1,116,2.949227446540366,2.1331742026744704
P10,S1,lv1,117,5.551580239230471,4.515402651080199
P10,S1,lv1,118,5.073092802909098,3.095052940094124
P10,S1,lv1,119,2.1247250912398035,1.878492267695169
P10,S1,lv1,120,2.3229644720550935,2.932389327515359
P10,S1,lv1,121,2.9552095269682535,1.4896116733611777
P10,S1,lv1,122,4.588344791773033,1.8748289321134264
P10,S1,lv1,123,2.644983432100961,2.701230718487173
P10,S1,lv1,124,2.8512404629970853,2.734226203495581
P10,S1,lv1,125,1.8439366579397676,4.604178403790086
P10,S1,lv1,126,2.9925938465835014,1.6266864688289362
P10,S1,lv1,127,1.853489888810209,1.7678208327448133
P10,S1,lv1,128,6.242839576354338,3.164357651997038
P10,S1,lv1,129,10.889757360863006,2.608430435354992
P10,S1,lv1,130,2.6560768802192007,3.9823034616772057
P10,S1,lv1,131,2.9330855964530573,1.7112713698246307
P10,S1,lv1,132,3.3467605886766187,3.777431810667384
P10,S1,lv1,133,5.328098095837193,3.93016097475776
P10,S1,lv1,134,2.6907711182327074,4.341595648986566
P10,S1,lv1,135,2.2912940115036657,1.438227548202551
P10,S1,lv1,136,4.71036252134832,3.1559007836887307
P10,S1,lv1,137,5.670580862042095,3.3441653187016023
P10,S1,lv1,138,2.8874606436399803,4.075719907274235
P10,S1,lv1,139,4.6157165094164485,2.4465698951250907
P10,S1,lv1,140,2.241418235410386,2.508324738945045
P10,S1,lv1,141,5.146182631826684,5.560771719150836
P10,S1,lv1,142,5.258195563449191,3.4163957978289905
P10,S1,lv1,143,3.283109293881217,1.9236843984552003
P10,S1,lv1,144,3.184925751595325,4.00515200930864
P10,S1,lv1,145,6.2372885182319,2.1168849834729264
P10,S1,lv1,146,6.688747575158573,2.903134530735989
P10,S1,lv1,147,2.8206282230541264,1.6608392024799172
P10,S1,lv1,148,2.329040728340049,2.572908894374162
P10,S1,lv2,0,2.89181352481343,4.085610545027599
P10,S1,lv2,1,4.145578560585837,4.7670138067769985
P10,S1,lv2,2,1.482871705046071,2.5043204306779048
P10,S1,lv2,3,3.8563897935873253,3.2897564790511535
P10,S1,lv2,4,4.138668762444047,3.0686144921263403
P10,S1,lv2,5,1.5979125050332896,1.8091376906304433
P10,S1,lv2,6,1.8832256799731664,1.5621807247417117
P10,S1,lv2,7,2.6659229654091514,2.5194824477276763
P10,S1,lv2,8,2.7546176122530324,4.067380151393065
P10,S1,lv2,9,3.3836249945422274,2.112378597852887
P10,S1,lv2,10,3.2585852853612494,2.57643727961723
P10,S1,lv2,11,3.9519509067690195,4.021777229412584
P10,S1,lv2,12,3.5472501826925686,2.442162234977281
P10,S1,lv2,13,3.519279161423808,7.93202009094458
P10,S1,lv2,14,3.0419659478866374,2.335919579819319
P10,S1,lv2,15,2.7407192232017286,4.33057155103781
P10,S1,lv2,16,3.806474056324303,4.255963384824058
P10,S1,lv2,17,4.775308392632157,3.168502467391892
P10,S1,lv2,18,3.4212612491201093,3.424148659816271
P10,S1,lv2,19,4.89561266849067,3.0335768118566424
P10,S1,lv2,20,2.438109287948486,2.752537161439957
P10,S1,lv2,21,3.3634723110256566,3.434226238286128
P10,S1,lv2,22,4.116929026398653,4.3444466508010695
P10,S1,lv2,23,4.11277786240078,2.2460379692790298
P10,S1,lv2,24,3.7499544019758924,4.248428363628622
P10,S1,lv2,25,1.8921697117310858,1.9263513932609637
P10,S1,lv2,26,4.766565131862261,3.1665628522680067
P10,S1,lv2,27,4.415271432798247,2.766757586634256
P10,S1,lv2,28,2.8028567648236784,1.4410994730553661
P10,S1,lv2,29,3.927264556550964,3.3039002462341567
P10,S1,lv2,30,3.8819183479360757,5.90341451233143
P10,S1,lv2,31,6.004658871572353,3.540546623045256
P10,S1,lv2,32,4.588842985558077,2.7192763781643756
P10,S1,lv2,33,7.761466635349266,7.341281714591133
P10,S1,lv2,34,6.292622835882542,5.5735068718405145
P10,S1,lv2,35,5.302267531047222,2.307624207690255
P10,S1,lv2,36,3.324077600113393,6.8458189273385175
P10,S1,lv2,37,5.337473943283421,4.213877473001764
P10,S1,lv2,38,4.672028519634528,7.168913088448831
P10,S1,lv2,39,7.354304515137922,4.517769658768569
P10,S1,lv2,40,12.70820687450658,5.892221558545175
P10,S1,lv2,41,3.346369177902563,2.9967951439453797
P10,S1,lv2,42,1.9416410971764857,2.924944244774696
P10,S1,lv2,43,3.7697833134337477,3.671821087327976
P10,S1,lv2,44,8.037969322853295,4.865148247656806
P10,S1,lv2,45,3.874117436464266,3.90763355780738
P10,S1,lv2,46,2.6086747478657797,3.96515399716714
P10,S1,lv2,47,5.7742623041219865,4.588784485698294
P10,S1,lv2,48,2.5834734997221513,2.9030743332192785
P10,S1,lv2,49,6.386079005268179,3.439304575438218
P10,S1,lv2,50,6.410384709875666,6.708933704281031
P10,S1,lv2,51,3.5748621359530355,3.5304668763308142
P10,S1,lv2,52,6.432991757212775,3.6459898164458635
P10,S1,lv2,53,2.305050259115909,2.263191607058179
P10,S1,lv2,54,1.9118025829050007,2.265929942127586
P10,S1,lv2,55,7.5616192969228715,4.3148743071478055
P10,S1,lv2,56,4.738264454074367,3.396820676665474
P10,S1,lv2,57,2.3636362842317977,4.433726777322764
P10,S1,lv2,58,6.582088584784928,9.771119049525117
P10,S1,lv2,59,3.2001619985870584,5.438795859175047
P10,S1,lv2,60,4.094471960245571,4.054203355728245
P10,S1,lv2,61,7.242306912333022,4.36694489977157
P10,S1,lv2,62,4.157706395767656,3.2484533678404808
P10,S1,lv2,63,1.5605172867445507,2.896035024230402
P10,S1,lv2,64,3.5983997417599802,3.1211372746862343
P10,S1,lv2,65,5.062178691398279,2.3118923548977977
P10,S1,lv2,66,5.0381862755667965,2.8937768512929183
P10,S1,lv2,67,5.8259730651669415,7.309829596455258
P10,S1,lv2,68,4.4254280267524155,3.9297402777747443
P10,S1,lv2,69,3.775522766471972,3.377842327678088
P10,S1,lv2,70,3.7843667939662335,2.3469652158352337
P10,S1,lv2,71,3.921235704296223,4.602450559712536
P10,S1,lv2,72,6.884753595738871,4.130001494977526
P10,S1,lv2,73,5.217477807569621,3.294948115625813
P10,S1,lv2,74,2.2070051810272164,4.878968187481763
P10,S1,lv2,75,5.308041051476853,3.0244661865917415
P10,S1,lv2,76,4.0780176372448045,2.2489107332531986
P10,S1,lv2,77,3.307140083428575,2.419705065714168
P10,S1,lv2,78,4.455433258995341,3.673420400774078
P10,S1,lv2,79,1.6677967275176395,3.6667960038369687
P10,S1,lv2,80,4.6793847031736115,3.885881912029346
P10,S1,lv2,81,5.053625505045989,2.7834940773833865
P10,S1,lv2,82,13.018709003704952,4.2664152533899085
P10,S1,lv2,83,3.626055976835608,5.028523586762927
P10,S1,lv2,84,4.808915327966068,6.6120820819392305
P10,S1,lv2,85,3.0095659315794054,4.9089268417993
P10,S1,lv2,86,3.325243834584486,3.497387527097523
P10,S1,lv2,87,5.834700890975064,3.3985227479122746
P10,S1,lv2,88,4.785874537802527,2.499017679401662
P10,S1,lv2,89,6.567066666644745,4.126666713595551
P10,S1,lv2,90,4.011978937611899,3.7002940656132552
P10,S1,lv2,91,4.130573839144966,2.842546590299803
P10,S1,lv2,92,3.292319857804947,3.215170974400266
P10,S1,lv2,93,3.532890747145048,2.260230739873196
P10,S1,lv2,94,6.662541929294883,3.615355609559057
P10,S1,lv2,95,5.96214559275521,7.092697273277482
P10,S1,lv2,96,3.6518843639746885,3.489742760860011
P10,S1,lv2,97,4.394572801939894,5.285188684789766
P10,S1,lv2,98,4.587995239603951,4.02557093400479
P10,S1,lv2,99,4.012315059160828,3.4202022407275137
P10,S1,lv2,100,2.9812884411891645,2.6902642348489056
P10,S1,lv2,101,5.708684705589916,2.400974441728708
P10,S1,lv2,102,5.913897657494073,3.173080060447557
P10,S1,lv2,103,3.372584678093905,2.771364343266447
P10,S1,lv2,104,3.0160421305701766,4.117006991583173
P10,S1,lv2,105,4.1855591933439715,1.827313776669332
P10,S1,lv2,106,5.92534124903683,3.936108013585788
P10,S1,lv2,107,4.398090048489319,4.6161454411563865
P10,S1,lv2,108,3.00430755586869,3.6230400185698617
P10,S1,lv2,109,4.109313669327749,2.7680752879297947
P10,S1,lv2,110,2.7755575177754874,3.2407186717757823
P10,S1,lv2,111,3.4281218944969862,3.0739162712273584
P10,S1,lv2,112,6.71465600702118,2.1291674494080417
P10,S1,lv2,113,4.029092324340361,2.5580736700217868
P10,S1,lv2,114,2.937237062940634,3.457606393104974
P10,S1,lv2,115,2.0190805584104994,2.742539155736698
P10,S1,lv2,116,2.0314099508907355,3.8956071067020805
P10,S1,lv2,117,3.2336393116211997,4.245050448418759
P10,S1,lv2,118,5.679798104244299,3.4992790423627245
P10,S1,lv2,119,4.471091777834623,3.2103191567512144
P10,S1,lv2,120,3.6397635885550126,2.768824438651909
P10,S1,lv2,121,5.814504297991018,3.5396773640979555
P10,S1,lv2,122,4.267232636057051,3.310350452005906
P10,S1,lv2,123,3.5701349744947684,2.609329710908909
P10,S1,lv2,124,4.598702996916008,5.570431306131461
P10,S1,lv2,125,4.383481423201279,1.8788617359130966
P10,S1,lv2,126,3.9891704302984157,1.6256954389371827
P10,S1,lv2,127,4.377947648553321,2.316752643194857
P10,S1,lv2,128,4.8460721319845375,5.770628627598152
P10,S1,lv2,129,5.4764415317392885,2.187985991968549
P10,S1,lv2,130,1.8175438892190723,4.400290031389221
P10,S1,lv2,131,5.269413354596654,5.13686793126751
P10,S1,lv2,132,2.4390880540432422,2.1749248176799316
P10,S1,lv2,133,5.657721351136201,4.681272448205515
P10,S1,lv2,134,4.463217034387348,2.8203872415409594
P10,S1,lv2,135,3.681987603218409,3.217069697452095
P10,S1,lv2,136,3.358540085757303,3.06160581958152
P10,S1,lv2,137,3.5897054117634557,3.0743300080361604
P10,S1,lv2,138,3.781896386888168,3.646438082150181
P10,S1,lv2,139,4.557679035821554,2.9219078495533193
P10,S1,lv2,140,2.6805478919972363,2.8694502856308635
P10,S1,lv2,141,3.4077561733484116,2.6526545341172088
P10,S1,lv2,142,2.3398332077909054,2.4001901512863872
P10,S1,lv2,143,13.975445493263111,4.2424974070618875
P10,S1,lv2,144,2.3511688781083318,2.9794022610224804
P10,S1,lv2,145,5.220311116899723,4.357216611612365
P10,S1,lv2,146,2.8095454801770328,2.024276466045751
P10,S1,lv2,147,8.05923695964136,2.707187965740478
P10,S1,lv2,148,1.882512701793848,3.593865494692373
P10,S2,base,0,1.7627777189709386,2.8771770176833784
P10,S2,base,1,1.8000942461336835,6.0397607416141454
P10,S2,base,2,2.646696759009263,2.021033268727947
P10,S2,base,3,2.410855007850937,4.59710296513953
P10,S2,base,4,1.3625009070293672,6.924328539426724
P10,S2,base,5,2.899200408196998,4.7239804038363955
P10,S2,base,6,1.7973165688765547,9.112443583922067
P10,S2,base,7,1.766633017771247,6.673698127688344
P10,S2,base,8,1.9029902944888772,1.365864896384078
P10,S2,base,9,1.5406019194327063,7.144758896135147
P10,S2,base,10,3.059139212186889,1.5530929966114824
P10,S2,base,11,2.4038037949442943,1.464753629186978
P10,S2,base,12,2.2661752843249157,4.009563382106231
P10,S2,base,13,1.6982863729879765,6.109567818990437
P10,S2,base,14,1.8306284947524787,4.487213966237072
P10,S2,base,15,2.283349360665647,1.5296936791101121
P10,S2,base,16,2.6058644700160665,2.7885029026281716
P10,S2,base,17,1.5239679093211285,4.434522495239508
P10,S2,base,18,3.8266744455999078,4.259534929508416
P10,S2,base,19,1.5116830030777335,3.0475860882598673
P10,S2,base,20,3.4103467660444213,1.8325290701430494
P10,S2,base,21,1.7785125330665623,6.2537854641790815
P10,S2,base,22,2.3055486954517317,11.957383707950383
P10,S2,base,23,2.0694850410551475,10.62827164288987
P10,S2,base,24,2.2199316109297884,7.371025265611756
P10,S2,base,25,2.013192911694862,22.906322168128902
P10,S2,base,26,2.1199839270737972,16.26238496381661
P10,S2,base,27,3.830532113672847,16.28805561301025
P10,S2,base,28,2.4028047190341177,32.68906693156827
P10,S2,base,29,2.4812982007845883,30.041151515027494
P10,S2,lv0,0,3.7444351387686603,2.390164206684484
P10,S2,lv0,1,3.22333098550928,2.1747502489628254
P10,S2,lv0,2,11.288228745820387,2.8647019711254154
P10,S2,lv0,3,1.9908982292222495,2.6743885536890026
P10,S2,lv0,4,4.551436851267868,4.190985842922402
P10,S2,lv0,5,3.140935299341706,2.5974904742633447
P10,S2,lv0,6,2.078355828621808,2.774691277351254
P10,S2,lv0,7,3.008293950415628,2.442855802176627
P10,S2,lv0,8,2.2263174227161624,2.3184229472838838
P10,S2,lv0,9,1.8032836404523724,1.7292728684764733
P10,S2,lv0,10,4.8983438845313865,2.6307319538516447
P10,S2,lv0,11,1.9731537686481306,2.3608822788921118
P10,S2,lv0,12,2.066130258147723,1.4557578324662352
P10,S2,lv0,13,2.705806321625906,1.6159733692154556
P10,S2,lv0,14,2.244490363581835,3.875887988640656
P10,S2,lv0,15,3.3018023612894543,2.2499243749921645
P10,S2,lv0,16,2.8081922416521428,4.712516568860537
P10,S2,lv0,17,1.9384450860254543,1.7009321210537767
P10,S2,lv0,18,4.640991717912463,3.1045355979451745
P10,S2,lv0,19,1.4132710681324872,2.081566186797428
P10,S2,lv0,20,2.327003957247357,1.5661420779138953
P10,S2,lv0,21,2.1553965589654753,2.406304244587942
P10,S2,lv0,22,1.541110725929002,1.8286697169972759
P10,S2,lv0,23,1.9953045694999756,1.6999997699200369
P10,S2,lv0,24,3.7765830509956637,2.360654831459908
P10,S2,lv0,25,3.2224321200485355,3.1354712937553315
P10,S2,lv0,26,1.832211641229516,3.815698429823803
P10,S2,lv0,27,1.4587717238158247,2.449486294986858
P10,S2,lv0,28,4.920645757643984,3.381594258014012
P10,S2,lv0,29,1.4882580756261294,5.0939540080033
P10,S2,lv0,30,1.8881751610257975,3.5255569310273422
P10,S2,lv0,31,2.5478061026636833,2.0121505755006965
P10,S2,lv0,32,2.512335004296679,1.6678264771307028
P10,S2,lv0,33,0.9270099534445015,6.250144759661283
P10,S2,lv0,34,1.5931969559769246,1.8693981973084643
P10,S2,lv0,35,2.952117806184151,2.247380920532403
P10,S2,lv0,36,2.374112115007216,2.037497106007835
P10,S2,lv0,37,2.509258094811849,3.459912173664473
P10,S2,lv0,38,2.3626528472202337,1.5547511412597026
P10,S2,lv0,39,2.8834143284658467,2.864034896997788
P10,S2,lv0,40,3.74531013124623,1.5718037790721155
P10,S2,lv0,41,1.7971985365569902,2.0798242491054095
P10,S2,lv0,42,1.310355796773832,2.585306531575238
P10,S2,lv0,43,4.966101041162288,4.358829177296876
P10,S2,lv0,44,4.692934939109547,3.6351998107629764
P10,S2,lv0,45,4.056539370492842,4.265877113173842
P10,S2,lv0,46,3.9320065973604295,3.3884797134264737
P10,S2,lv0,47,4.2641916170088745,4.704485943362122
P10,S2,lv0,48,1.835081995315171,4.177688292046287
P10,S2,lv0,49,1.6236554264593357,6.9159407598509715
P10,S2,lv0,50,3.397123390926919,3.5502658052177374
P10,S2,lv0,51,2.5818513954740814,1.8880824007062387
P10,S2,lv0,52,3.084121294476705,2.324795371052285
P10,S2,lv0,53,5.395251434690504,2.3988919871787493
P10,S2,lv0,54,3.6962090120574427,3.6630969585158524
P10,S2,lv0,55,2.702696095286903,2.7778334519826813
P10,S2,lv0,56,4.158932251530699,2.2629700877900207
P10,S2,lv0,57,3.122740207666015,4.035611294143646
P10,S2,lv0,58,1.8186674295166578,1.3425631119059909
P10,S2,lv0,59,2.8438847082939853,3.1796928846060797
P10,S2,lv0,60,2.577944735235668,2.779856587521291
P10,S2,lv0,61,1.0820794118894472,4.642818529291815
P10,S2,lv0,62,2.830022449609859,4.087505491025627
P10,S2,lv0,63,1.5788721841481583,1.8274910890915963
P10,S2,lv0,64,0.9779952510268477,2.896978203783542
P10,S2,lv0,65,3.3902402808505796,2.2312416586198327
P10,S2,lv0,66,2.609140583164794,3.53375214350827
P10,S2,lv0,67,1.509221576196481,2.0311709706359715
P10,S2,lv0,68,1.219533413481939,3.9891357999899877
P10,S2,lv0,69,2.210773852822675,2.3698638169283344
P10,S2,lv0,70,6.1630637242853,5.163521546883441
P10,S2,lv0,71,3.326206903749369,2.8786601434309125
P10,S2,lv0,72,3.697355661522987,5.936386682568356
P10,S2,lv0,73,1.5566001228638455,2.3787521496306994
P10,S2,lv0,74,1.9926324589731033,2.0044606402754184
P10,S2,lv0,75,1.5157915678033118,2.343931569650378
P10,S2,lv0,76,2.0586308141549248,2.493135210293251
P10,S2,lv0,77,2.9435551490508454,3.2652039000961537
P10,S2,lv0,78,1.2435794373219513,2.1239026434985395
P10,S2,lv0,79,2.7826784388720145,2.0747140339081214
P10,S2,lv0,80,4.774098134530454,2.1034631192128663
P10,S2,lv0,81,3.6484099308895988,1.8924460703361923
P10,S2,lv0,82,1.990927337997916,1.8359531085971974
P10,S2,lv0,83,1.9451546966757423,2.5892634340439846
P10,S2,lv0,84,6.086082596470023,4.5069977047134815
P10,S2,lv0,85,2.1054791399913597,2.1663566071417097
P10,S2,lv0,86,1.9839678202877877,2.240699513548949
P10,S2,lv0,87,1.8635874395643512,1.9390623583505944
P10,S2,lv0,88,3.487443024561687,4.169917609154121
P10,S2,lv0,89,4.4135404011587145,2.273306683539808
P10,S2,lv0,90,4.608059206532148,2.51776987241578
P10,S2,lv0,91,2.5195045669021625,5.361290039879439
P10,S2,lv0,92,2.25405681698495,2.804169360003997
P10,S2,lv0,93,4.8333091642781545,3.1558132439855844
P10,S2,lv0,94,2.068673733693707,1.874923858580771
P10,S2,lv0,95,1.7631100368674186,1.56772491638705
P10,S2,lv0,96,3.290849510638799,2.431402603531588
P10,S2,lv0,97,1.6720709497514774,2.4912389250859963
P10,S2,lv0,98,1.4372815210632024,2.4571549652291904
P10,S2,lv0,99,2.6218313737225127,2.530796405024944
P10,S2,lv0,100,3.196115955208424,3.70802024932239
P10,S2,lv0,101,2.5255232273695634,3.830913262003128
P10,S2,lv0,102,1.430226635065427,2.1363381480916015
P10,S2,lv0,103,2.240739511530109,2.5078653378910407
P10,S2,lv0,104,3.292494297085079,7.409765544131062
P10,S2,lv0,105,1.612878000630582,1.6999270733116068
P10,S2,lv0,106,4.558318621381115,2.617173400224191
P10,S2,lv0,107,3.31655116826743,2.9941102059653932
P10,S2,lv0,108,2.9040214058791594,3.930391673727525
P10,S2,lv0,109,3.977662891592371,2.403582147318521
P10,S2,lv0,110,3.6756595543362693,4.202890939010949
P10,S2,lv0,111,2.3096018835280807,2.444808679980761
P10,S2,lv0,112,2.550951078158185,1.4882441637280863
P10,S2,lv0,113,2.266831287971227,1.2415810531194544
P10,S2,lv0,114,1.4149850331150728,0.9899101167724041
P10,S2,lv0,115,2.202274941825665,2.4719502355309144
P10,S2,lv0,116,2.2825026254392022,3.5426546207722867
P10,S2,lv0,117,4.492148985621107,2.447549525439688
P10,S2,lv0,118,3.5551669437911246,5.790561071015556
P10,S2,lv0,119,1.9236636334537995,1.6386933194433448
P10,S2,lv0,120,2.4583643296170674,3.22909661312515
P10,S2,lv0,121,1.7690140501511242,2.562626538594551
P10,S2,lv0,122,1.5812332017591668,2.457199554460061
P10,S2,lv0,123,3.6002219282723305,2.4742788459130494
P10,S2,lv0,124,4.105646192648205,3.243042744838542
P10,S2,lv0,125,2.439852667023202,3.5080236606740214
P10,S2,lv0,126,4.280070450334458,3.449894389226493
P10,S2,lv0,127,3.189850302423627,2.821103667237307
P10,S2,lv0,128,2.680943537227347,2.9902274485428193
P10,S2,lv0,129,2.007846003508134,2.5472657302808956
P10,S2,lv0,130,2.2424254960441,2.4385524875109588
P10,S2,lv0,131,2.2131788287405434,4.8124147620976006
P10,S2,lv0,132,1.5355200875800268,3.284372377196631
P10,S2,lv0,133,1.0855526133279239,3.5421826713800164
P10,S2,lv0,134,2.0904545446535643,5.178605492566382
P10,S2,lv0,135,1.0266065689597965,2.1126841814086474
P10,S2,lv0,136,4.660249853866898,2.1721680757665673
P10,S2,lv0,137,2.1380547920984374,2.1172977873927166
P10,S2,lv0,138,2.3614570020490886,3.2959898573446913
P10,S2,lv0,139,1.6197248619501967,4.7126159695059355
P10,S2,lv0,140,5.204749088015747,3.521939388019245
P10,S2,lv0,141,2.821044655977967,2.388486082708726
P10,S2,lv0,142,2.3773575832748786,2.5386516645578054
P10,S2,lv0,143,1.607810503518485,1.3850891840269757
P10,S2,lv0,144,3.1230954994706788,1.6828715915194536
P10,S2,lv0,145,1.3373009692596785,1.8218618103897335
P10,S2,lv0,146,3.1640882801555756,2.1554797390689155
P10,S2,lv0,147,4.584364200934835,3.0396475854784883
P10,S2,lv0,148,2.981583306246921,3.484900929554694
P10,S2,lv1,0,2.1110031037125645,3.9933089519212905
P10,S2,lv1,1,4.504956399261021,5.171235879734755
P10,S2,lv1,2,2.801361798112414,2.306949650014579
P10,S2,lv1,3,2.920874817431528,2.7959166740960084
P10,S2,lv1,4,4.367969208767805,2.6549929298451893
P10,S2,lv1,5,2.8584293041463336,1.518024237974851
P10,S2,lv1,6,4.066458747766655,1.599189957129463
P10,S2,lv1,7,2.1040104872535683,1.5482185415261376
P10,S2,lv1,8,3.8083708782650256,2.2671132114637347
P10,S2,lv1,9,2.8615630048677114,2.9060499555341988
P10,S2,lv1,10,5.981620384688866,1.7093296439936305
P10,S2,lv1,11,3.0905959836287695,3.186485720476794
P10,S2,lv1,12,3.6393732663018223,1.8716145085804259
P10,S2,lv1,13,3.8070969371796903,5.574140553320456
P10,S2,lv1,14,2.8251536024532182,2.515962423454758
P10,S2,lv1,15,4.5288325125954865,2.8888514346319085
P10,S2,lv1,16,4.369096566423511,3.3835674325360783
P10,S2,lv1,17,2.0868709102571477,2.7344028368951947
P10,S2,lv1,18,3.6031186119502445,2.1874107659679947
P10,S2,lv1,19,3.0131914080972146,2.6226103325041468
P10,S2,lv1,20,2.1292824174369107,2.3639502317663883
P10,S2,lv1,21,2.6749316647654293,3.6585976905762876
P10,S2,lv1,22,4.992076765002639,2.94988585457381
P10,S2,lv1,23,2.4483220915106045,1.8868441823149733
P10,S2,lv1,24,3.357110559438695,3.374637882730317
P10,S2,lv1,25,2.2866088156892928,1.5986022349785802
P10,S2,lv1,26,4.056104103741673,3.7993097429618814
P10,S2,lv1,27,3.114707335688252,3.5611551219822695
P10,S2,lv1,28,4.85555531093601,2.1945786199227304
P10,S2,lv1,29,3.732370110513819,3.1329152148111103
P10,S2,lv1,30,3.2852790732371164,1.4665795385551563
P10,S2,lv1,31,6.809632560334677,4.579330506231999
P10,S2,lv1,32,3.709778171083848,2.475925931621161
P10,S2,lv1,33,3.3781775162550245,3.327035900627042
P10,S2,lv1,34,4.461787134161096,1.9724154602126933
P10,S2,lv1,35,4.088458563328914,4.0425791600673735
P10,S2,lv1,36,3.51435694189203,3.519094776544988
P10,S2,lv1,37,10.801735915234069,3.314073192962976
P10,S2,lv1,38,4.170693211785105,3.4584660872853434
P10,S2,lv1,39,3.4589063700813205,2.470837056383913
P10,S2,lv1,40,3.0325385241289267,2.645477804728279
P10,S2,lv1,41,2.557933330897523,2.4941168217819687
P10,S2,lv1,42,2.023970767153565,2.4591678490604356
P10,S2,lv1,43,4.746001779619216,4.629120182448865
P10,S2,lv1,44,2.523763209681609,2.161941418846331
P10,S2,lv1,45,4.494812750727898,2.6278031500189662
P10,S2,lv1,46,3.2474663658592102,2.0820986387689
P10,S2,lv1,47,2.023174992970571,2.3160877166930662
P10,S2,lv1,48,1.9433935534434654,3.194269796311714
P10,S2,lv1,49,2.230476285497792,3.9937753757096788
P10,S2,lv1,50,1.4448632618340096,1.8531194711104446
P10,S2,lv1,51,3.2360313371681024,1.3658632795991865
P10,S2,lv1,52,2.3576210986102097,2.5390952937453712
P10,S2,lv1,53,2.0976081055988223,1.815710307042608
P10,S2,lv1,54,6.861677798298466,2.5306413755501818
P10,S2,lv1,55,3.905326358258472,1.809161829264366
P10,S2,lv1,56,2.397278771775203,3.6122358944822186
P10,S2,lv1,57,2.434245135192449,1.1190918431490686
P10,S2,lv1,58,1.439593858453584,2.6943434289137227
P10,S2,lv1,59,3.154643572499225,3.823174448190867
P10,S2,lv1,60,5.098968209723819,1.5762474700031126
P10,S2,lv1,61,5.601650766713275,3.976435749316135
P10,S2,lv1,62,4.565277324901047,2.886767939699843
P10,S2,lv1,63,8.254889806106533,3.260895501951278
P10,S2,lv1,64,7.066292404011801,2.60012761058806
P10,S2,lv1,65,4.729029589586116,3.0345517170727554
P10,S2,lv1,66,4.06151489006188,4.471308959223969
P10,S2,lv1,67,3.577839578213734,2.2449350959980348
P10,S2,lv1,68,1.471322959218186,2.222709057429577
P10,S2,lv1,69,1.5160287136604007,2.6628612902072497
P10,S2,lv1,70,4.21027738949687,2.879269501444651
P10,S2,lv1,71,3.945178853192197,4.496549172883796
P10,S2,lv1,72,6.526007821406444,3.0501557864066187
P10,S2,lv1,73,2.2187062452668282,3.2536927002410816
P10,S2,lv1,74,3.4262341407352985,2.565563118349775
P10,S2,lv1,75,2.4435049477543394,2.073095963269077
P10,S2,lv1,76,3.6552930741287466,2.646466999987554
P10,S2,lv1,77,5.288428450354098,2.3723689192044803
P10,S2,lv1,78,7.274220322900521,3.9526620510061106
P10,S2,lv1,79,4.511408376891081,3.1162974500355403
P10,S2,lv1,80,2.065082642323749,1.8013000181477359
P10,S2,lv1,81,3.550759050744784,3.0318302178030145
P10,S2,lv1,82,4.2067247012704545,4.647042232648325
P10,S2,lv1,83,2.927528682148695,5.496091964505951
P10,S2,lv1,84,3.6863543957925717,4.446742333660597
P10,S2,lv1,85,5.39393379757638,3.107758513001821
P10,S2,lv1,86,3.1277336811942966,4.481857134180812
P10,S2,lv1,87,3.836143066215253,5.431142275769335
P10,S2,lv1,88,4.557933359961477,2.456100445184664
P10,S2,lv1,89,4.142565855231283,2.9834268043473147
P10,S2,lv1,90,1.5211155212358594,2.001791020384386
P10,S2,lv1,91,2.010717710756847,2.4289134153433656
P10,S2,lv1,92,2.177002686016471,1.821804050453218
P10,S2,lv1,93,5.041857974887017,2.8906251303488544
P10,S2,lv1,94,3.94390126647117,4.06266992294135
P10,S2,lv1,95,2.239898571134875,3.766310866028332
P10,S2,lv1,96,2.3346390061621998,1.9585163703556419
P10,S2,lv1,97,2.1021786114247396,2.660754497909353
P10,S2,lv1,98,2.417101126913494,2.146922476686177
P10,S2,lv1,99,3.4094980272360895,2.240358062051869
P10,S2,lv1,100,2.9541073055325615,2.6801532166591246
P10,S2,lv1,101,5.608671867584568,2.225554974086391
P10,S2,lv1,102,3.256922607281945,3.7822604032117106
P10,S2,lv1,103,1.996984552965634,1.9620427522746073
P10,S2,lv1,104,4.212064379467118,2.956138229148829
P10,S2,lv1,105,4.322285522849786,3.324875999585034
P10,S2,lv1,106,3.6399476946244387,2.397501061563623
P10,S2,lv1,107,1.909673452398313,5.264197196239979
P10,S2,lv1,108,3.8183418223894923,4.48923112575518
P10,S2,lv1,109,2.349323081860525,3.556793068513832
P10,S2,lv1,110,4.385446345296792,2.6847185257781008
P10,S2,lv1,111,3.18756410463862,3.8856367190570236
P10,S2,lv1,112,3.025777501197418,2.5287672455213923
P10,S2,lv1,113,2.6414825494548206,1.2784864870288117
P10,S2,lv1,114,5.175696467165317,3.1225639611305005
P10,S2,lv1,115,2.5638340459193927,2.9079264555083286
P10,S2,lv1,116,3.201274937846432,3.6046821271972243
P10,S2,lv1,117,2.700086593438525,2.0313900123921305
P10,S2,lv1,118,2.8475783896053266,2.4188805564685962
P10,S2,lv1,119,3.7545120739045967,2.2247311298675037
P10,S2,lv1,120,3.878358435789976,4.448485591246011
P10,S2,lv1,121,4.3014194770631375,3.4129433689713213
P10,S2,lv1,122,3.434511889694437,2.5953633266203524
P10,S2,lv1,123,4.5329058278618,2.4786107775845245
P10,S2,lv1,124,3.1775972031459245,1.1942842717120186
P10,S2,lv1,125,2.0049818693628176,3.02609772006509
P10,S2,lv1,126,3.106174280038635,2.4180955336554475
P10,S2,lv1,127,2.456021358572149,1.892966965811543
P10,S2,lv1,128,7.652928120992903,2.8389696352532274
P10,S2,lv1,129,4.378673137678645,2.320893546117836
P10,S2,lv1,130,4.225396876577122,2.5246969376855857
P10,S2,lv1,131,2.4569387116654813,2.3006100739159407
P10,S2,lv1,132,1.5474075185821705,2.2366869420409827
P10,S2,lv1,133,2.254227609130559,6.854581470023399
P10,S2,lv1,134,4.923374442919119,11.020213616644506
P10,S2,lv1,135,4.193391384380706,2.8309836328170856
P10,S2,lv1,136,1.7663034325456892,2.138326213254442
P10,S2,lv1,137,4.166302498063429,2.173880773617597
P10,S2,lv1,138,2.610302696517365,2.144050550342048
P10,S2,lv1,139,1.386909548056467,1.7192166885143323
P10,S2,lv1,140,6.338232354232533,4.1730139575405
P10,S2,lv1,141,3.927802868447697,3.6827820011503567
P10,S2,lv1,142,2.64094827584728,2.62501555154214
P10,S2,lv1,143,2.971597636448761,2.673630888452893
P10,S2,lv1,144,3.958616593414309,3.249972656519894
P10,S2,lv1,145,3.9618288111091227,1.9824400798983064
P10,S2,lv1,146,1.9532893146041157,3.5133628382290087
P10,S2,lv1,147,1.7926498278862326,4.759292204054934
P10,S2,lv1,148,2.181523521675014,2.700139340922558
P10,S2,lv2,0,3.0695940154032533,3.972601955499453
P10,S2,lv2,1,4.599805166810071,3.828017292449392
P10,S2,lv2,2,3.9551449676282022,2.863877002327275
P10,S2,lv2,3,2.2557067356024607,1.6725053475677385
P10,S2,lv2,4,1.6218635253045388,3.0755813457506336
P10,S2,lv2,5,4.486969047093433,2.383109160241733
P10,S2,lv2,6,2.557961937888847,2.0940314252970396
P10,S2,lv2,7,2.5738724686117678,2.3401211792654095
P10,S2,lv2,8,4.896317397966522,3.226441856135411
P10,S2,lv2,9,4.699516174180689,4.5877998372982
P10,S2,lv2,10,5.108808430780191,1.5725633038052624
P10,S2,lv2,11,4.944585736788169,6.895606929387023
P10,S2,lv2,12,3.428241960021145,2.934015617963642
P10,S2,lv2,13,3.1733413516685567,3.0402238399662274
P10,S2,lv2,14,6.325331417401298,2.533343214737103
P10,S2,lv2,15,3.5489837501464327,3.2833271904555392
P10,S2,lv2,16,4.432361079498759,2.679948806381271
P10,S2,lv2,17,4.555700438475065,2.8309569076301604
P10,S2,lv2,18,4.99514928014808,7.007703796248447
P10,S2,lv2,19,4.610131421391943,3.9114201583905466
P10,S2,lv2,20,5.103192126244117,6.328235519231364
P10,S2,lv2,21,4.821446905637602,2.662820275338468
P10,S2,lv2,22,4.136801471196201,3.4133333780444426
P10,S2,lv2,23,5.228873085572396,2.723949134110743
P10,S2,lv2,24,8.90704460402135,2.4493416985101994
P10,S2,lv2,25,2.7708992583753855,2.88371448979663
P10,S2,lv2,26,4.718411447113171,2.614034550191663
P10,S2,lv2,27,9.600219725597581,4.621215293974236
P10,S2,lv2,28,5.021702562245589,3.336008114741947
P10,S2,lv2,29,5.839932754119924,3.2346646664100267
P10,S2,lv2,30,2.0809212231085503,3.0418830344686767
P10,S2,lv2,31,5.7949913710912595,4.598963598853672
P10,S2,lv2,32,4.185346285319718,4.574194013797981
P10,S2,lv2,33,1.893387127948702,2.529577388695099
P10,S2,lv2,34,2.7346842587726723,2.9707673618322694
P10,S2,lv2,35,5.056690780902587,3.646448726286088
P10,S2,lv2,36,3.680596312148446,9.479224866607371
P10,S2,lv2,37,3.3094978413404874,4.987312175019122
P10,S2,lv2,38,4.573204930928511,1.5514459488635217
P10,S2,lv2,39,2.7730249385305608,3.367594153428778
P10,S2,lv2,40,3.2812833119145464,6.359984143229335
P10,S2,lv2,41,4.269798441368961,2.0958658915488177
P10,S2,lv2,42,6.503467168592558,2.780947936814053
P10,S2,lv2,43,5.732182780456905,2.779649506429919
P10,S2,lv2,44,2.359586890276264,2.4728369152330747
P10,S2,lv2,45,5.412713682850402,3.901717504842827
P10,S2,lv2,46,6.121930870542902,3.155804507218057
P10,S2,lv2,47,4.325600601431169,2.695462052464279
P10,S2,lv2,48,3.2026764522353974,2.4187395090260875
P10,S2,lv2,49,2.203929712001597,2.7368244353424678
P10,S2,lv2,50,4.7744420035350235,3.782745886276216
P10,S2,lv2,51,5.2381986476516955,3.3841682337064776
P10,S2,lv2,52,3.2031879689776277,3.4420912599109537
P10,S2,lv2,53,6.333565046559567,4.245129081802868
P10,S2,lv2,54,3.288559571704135,2.3614484465478616
P10,S2,lv2,55,6.394523855810844,7.852636629384184
P10,S2,lv2,56,2.5135823520365057,3.3206706803249704
P10,S2,lv2,57,2.2541474126183396,3.7183142577861625
P10,S2,lv2,58,6.343688870132117,2.861207772088003
P10,S2,lv2,59,2.5723681995020353,3.1603028664240163
P10,S2,lv2,60,3.0838082356982777,2.575739186986341
P10,S2,lv2,61,3.056278319844771,2.261866957172585
P10,S2,lv2,62,4.241319545046147,2.904294579692029
P10,S2,lv2,63,5.178684207768235,3.0925247896272903
P10,S2,lv2,64,1.076186002624093,1.7315034626929915
P10,S2,lv2,65,3.3371200577503766,4.476532205266665
P10,S2,lv2,66,3.4641666659425376,3.185078352044471
P10,S2,lv2,67,12.156939824695929,5.986422149987127
P10,S2,lv2,68,2.825271625475281,3.49616784735383
P10,S2,lv2,69,4.3817299191099215,3.683593779310909
P10,S2,lv2,70,5.83760437519017,2.8476313379428277
P10,S2,lv2,71,7.938445949935781,3.835917494403923
P10,S2,lv2,72,1.962248848353714,2.72909658588296
P10,S2,lv2,73,3.256373528204221,3.443341890022586
P10,S2,lv2,74,3.1313120185712187,3.822603027514143
P10,S2,lv2,75,4.677644628634341,1.848887632964233
P10,S2,lv2,76,4.708007765959039,3.4004047669163033
P10,S2,lv2,77,5.951486653594269,5.49656580261014
P10,S2,lv2,78,4.161960625168431,3.1832178605936234
P10,S2,lv2,79,3.999453465506857,5.623163942692907
P10,S2,lv2,80,8.575153603426807,5.605052107518918
P10,S2,lv2,81,3.4971209807648784,3.3792703568654527
P10,S2,lv2,82,2.370702769419885,1.8357373005247246
P10,S2,lv2,83,1.911716285869052,2.96603506369106
P10,S2,lv2,84,1.7225546093316908,3.603162568117061
P10,S2,lv2,85,4.529392593038874,1.9228632277397828
P10,S2,lv2,86,3.1332787398077397,3.1205769789936015
P10,S2,lv2,87,2.814358980321383,2.70376741665243
P10,S2,lv2,88,5.062551837673101,3.054103813826106
P10,S2,lv2,89,2.4866770133774376,2.693171793992514
P10,S2,lv2,90,9.728014441412945,2.872835954681955
P10,S2,lv2,91,3.6505616805708683,6.884325967773072
P10,S2,lv2,92,3.7344929375287204,1.6911241947063562
P10,S2,lv2,93,3.3211497016930274,6.339280719171344
P10,S2,lv2,94,2.0857369498943767,3.3839148683108164
P10,S2,lv2,95,3.4234234597141135,1.995103951988848
P10,S2,lv2,96,5.126116657233278,3.133647208729613
P10,S2,lv2,97,4.410775819721927,3.955028522188123
P10,S2,lv2,98,3.925676391037019,3.609328484949779
P10,S2,lv2,99,2.182634647622316,2.2125596491596355
P10,S2,lv2,100,6.275200304007188,3.7717563378394083
P10,S2,lv2,101,5.238117985110055,3.0598291384458314
P10,S2,lv2,102,5.46210116017,5.210128202716591
P10,S2,lv2,103,3.3638559611319696,5.5724862540785125
P10,S2,lv2,104,4.999125684522523,6.134904931759528
P10,S2,lv2,105,3.9513214830790364,2.8116817735972317
P10,S2,lv2,106,5.722324105953697,3.206584041988742
P10,S2,lv2,107,4.28176501910502,4.124563696858433
P10,S2,lv2,108,3.6621124783366708,2.186002928770988
P10,S2,lv2,109,3.1283397352110147,2.228774190011058
P10,S2,lv2,110,2.941084573960428,2.30207410758053
P10,S2,lv2,111,2.3771884101220375,3.604509369004401
P10,S2,lv2,112,5.705159599101451,4.224031117800962
P10,S2,lv2,113,2.531653078080055,3.222815599373781
P10,S2,lv2,114,7.680314348670824,5.090936432302403
P10,S2,lv2,115,5.935561987074955,6.436989604349608
P10,S2,lv2,116,3.051138065179455,2.103232982693096
P10,S2,lv2,117,2.5449805977573337,3.648957344065439
P10,S2,lv2,118,10.921534823199265,3.306868467602691
P10,S2,lv2,119,5.66872870690063,4.455937213993568
P10,S2,lv2,120,2.9192493445001393,3.830773381667751
P10,S2,lv2,121,3.719733163306064,2.268957588303497
P10,S2,lv2,122,4.255615316705343,3.3847505452141373
P10,S2,lv2,123,3.5485063929341605,3.5859261937010283
P10,S2,lv2,124,2.13477175859031,3.2211330320769718
P10,S2,lv2,125,2.921334511381307,3.928099464555801
P10,S2,lv2,126,3.152987210800948,2.0071147661226787
P10,S2,lv2,127,6.424866686138311,7.308419450807104
P10,S2,lv2,128,2.0701152178400437,3.8365127509637333
P10,S2,lv2,129,3.097215271176724,2.464225031210884
P10,S2,lv2,130,9.243688606103037,4.599479372680091
P10,S2,lv2,131,2.46558640208411,2.9832646106081064
P10,S2,lv2,132,5.52357902297158,3.805030613735069
P10,S2,lv2,133,5.78886482886842,7.538350799455081
P10,S2,lv2,134,2.027482865483405,1.4086366202004417
P10,S2,lv2,135,4.754046559124614,2.0367852790640693
P10,S2,lv2,136,4.350289288822983,3.3107872021350992
P10,S2,lv2,137,2.5346974601345127,2.3593467145637375
P10,S2,lv2,138,3.0437129559311047,2.1602170568137495
P10,S2,lv2,139,4.3365740929246686,4.986090997283856
P10,S2,lv2,140,5.892704057253799,2.5052438332328424
P10,S2,lv2,141,4.365692074351135,3.503566902002176
P10,S2,lv2,142,4.078964335061557,3.9908376498747944
P10,S2,lv2,143,4.245360202852314,2.398344984756234
P10,S2,lv2,144,1.8303850520424623,3.4734546860810327
P10,S2,lv2,145,1.626359922084085,2.569377709638848
P10,S2,lv2,146,3.1556759378160644,1.95047478552802
P10,S2,lv2,147,3.9291426829620852,5.564782471782813
P10,S2,lv2,148,4.341247477350572,2.596718016800639
P11,S1,base,0,13.13842632092804,7.750413212204532
P11,S1,base,1,3.7995367203175676,9.170390039587076
P11,S1,base,2,13.78938657342675,11.818646947137488
P11,S1,base,3,8.102505044163228,10.18933414186934
P11,S1,base,4,3.0406526190302974,12.241732569050411
P11,S1,base,5,14.675984701214654,11.393070356512458
P11,S1,base,6,7.052234389832084,12.694466187556651
P11,S1,base,7,2.8541582015703435,20.584129444062253
P11,S1,base,8,3.702612177113232,20.563353468527357
P11,S1,base,9,12.140064660359897,6.236208134290237
P11,S1,base,10,3.8942772226708713,12.260286710897473
P11,S1,base,11,2.4673643765339297,33.31095365446453
P11,S1,base,12,3.8534699998639663,23.450410787768146
P11,S1,base,13,4.521657241805827,8.347501791976146
P11,S1,base,14,2.3289021953326507,11.105112012956232
P11,S1,base,15,5.5996253183889335,11.849099374217657
P11,S1,base,16,2.993673008008435,14.767180472778385
P11,S1,base,17,10.333914875366531,21.20912413545799
P11,S1,base,18,2.3265470455467216,7.247147140280619
P11,S1,base,19,7.041576765772383,8.356258284830446
P11,S1,base,20,25.854231482525353,44.533036004131
P11,S1,base,21,3.9613916471649597,34.0900079403294
P11,S1,base,22,3.894052414852725,24.266494708093642
P11,S1,base,23,6.64796912669158,23.412621526838446
P11,S1,base,24,4.151957337186242,14.56999171481855
P11,S1,base,25,2.679265868158995,8.649083172681124
P11,S1,base,26,3.637940237484037,7.024807259071592
P11,S1,base,27,3.3070804908939087,7.545366422758017
P11,S1,base,28,4.217230739192487,22.637294813203177
P11,S1,base,29,7.479202916008508,45.68319232086742
P11,S1,lv0,0,7.330573244299279,5.966741683543085
P11,S1,lv0,1,8.536269571511744,9.797598053424602
P11,S1,lv0,2,22.640176891134278,13.284833170851613
P11,S1,lv0,3,7.669660129071496,8.644782508537396
P11,S1,lv0,4,13.353747210641773,5.9536771923288185
P11,S1,lv0,5,19.175978565085515,6.438982902529679
P11,S1,lv0,6,5.487357884489857,11.421137393680118
P11,S1,lv0,7,4.416303580522392,7.543870193826562
P11,S1,lv0,8,4.256157090434055,4.6768499583659136
P11,S1,lv0,9,5.212541160065155,3.9597500341394114
P11,S1,lv0,10,8.44943117052367,5.705100973983986
P11,S1,lv0,11,5.5200664855381705,11.477945668911316
P11,S1,lv0,12,3.646508814602476,5.426440254934944
P11,S1,lv0,13,6.709164798857582,6.839020610461771
P11,S1,lv0,14,9.274121158644949,13.631425098305211
P11,S1,lv0,15,1.0509869282199498,3.153756354507338
P11,S1,lv0,16,2.5828377862827407,6.437575290009826
P11,S1,lv0,17,5.985990761197451,3.975734959513312
P11,S1,lv0,18,3.1054151622691712,8.24116513884411
P11,S1,lv0,19,7.043943279987425,12.116010640073707
P11,S1,lv0,20,3.8734026450420544,5.7376553067478175
P11,S1,lv0,21,2.3610099461799123,7.4029032193857045
P11,S1,lv0,22,8.821188748546405,9.277371487862558
P11,S1,lv0,23,8.549347991928032,13.375240306060235
P11,S1,lv0,24,6.745361119058112,5.856981503234647
P11,S1,lv0,25,6.09719165092693,14.241578963741569
P11,S1,lv0,26,5.77321427634151,6.141983515253643
P11,S1,lv0,27,6.233321015320479,5.654692055926069
P11,S1,lv0,28,8.83677284915549,13.075963312757997
P11,S1,lv0,29,5.809794691648669,3.449150197998342
P11,S1,lv0,30,5.822378555169026,5.7943798095954335
P11,S1,lv0,31,8.463354802858394,6.466770728584914
P11,S1,lv0,32,3.6263217562069276,8.443434914832814
P11,S1,lv0,33,4.047495585146707,10.213634719882906
P11,S1,lv0,34,2.1599319401021684,5.547781741455968
P11,S1,lv0,35,1.6941952581164292,6.532754698745985
P11,S1,lv0,36,5.924581202784005,6.997254772076727
P11,S1,lv0,37,22.942604171382246,8.254207257633759
P11,S1,lv0,38,3.8782723171412536,5.735207678404602
P11,S1,lv0,39,6.490483240330057,6.548043690452562
P11,S1,lv0,40,8.864331383162169,5.49560058944657
P11,S1,lv0,41,3.5206474508784487,7.611340591237169
P11,S1,lv0,42,4.203308066006138,7.913692736916165
P11,S1,lv0,43,2.3595004420322314,6.5101449378854515
P11,S1,lv0,44,3.207880669343657,6.88677124221484
P11,S1,lv0,45,3.0167709063335995,3.357748926366783
P11,S1,lv0,46,9.390428675439955,3.6047471769593313
P11,S1,lv0,47,7.754853330275598,7.974418099674591
P11,S1,lv0,48,6.3650858173430676,6.112274103594782
P11,S1,lv0,49,8.100124165855478,7.638101813467152
P11,S1,lv0,50,4.571061451772381,7.414567683033493
P11,S1,lv0,51,3.4443769900434438,16.60912380821547
P11,S1,lv0,52,9.541879186058077,10.154382681346828
P11,S1,lv0,53,2.457741149280972,8.102544901916872
P11,S1,lv0,54,2.4802852387594254,8.949486393594883
P11,S1,lv0,55,26.210739793109738,11.647667977681536
P11,S1,lv0,56,6.0174956783707945,9.633982301916491
P11,S1,lv0,57,4.948741402651306,7.129825813232124
P11,S1,lv0,58,5.669445508027757,15.035067811674514
P11,S1,lv0,59,6.965022051138499,10.996120586005858
P11,S1,lv0,60,3.512857564403774,10.456870467910868
P11,S1,lv0,61,4.726162600695928,5.389367664760266
P11,S1,lv0,62,3.901814390388892,12.78414287195246
P11,S1,lv0,63,3.5590260799562397,5.581584679845572
P11,S1,lv0,64,3.3135054317428154,10.235450134858686
P11,S1,lv0,65,6.235328384079453,14.513973595987364
P11,S1,lv0,66,2.7602900937713577,5.10909098808208
P11,S1,lv0,67,7.881553654147573,6.624368512513876
P11,S1,lv0,68,12.693801613574179,4.403888589081352
P11,S1,lv0,69,6.591524497792112,5.711503589427475
P11,S1,lv0,70,5.600733498972541,8.356467385004958
P11,S1,lv0,71,3.0369480020617945,5.043258025169686
P11,S1,lv0,72,4.815644610611547,5.884135429055437
P11,S1,lv0,73,1.3586630172317464,3.559000957024362
P11,S1,lv0,74,2.4048018354416807,10.784541245337337
P11,S1,lv0,75,3.3121636990610006,5.143719512300486
P11,S1,lv0,76,3.0192903812298613,10.029277371917008
P11,S1,lv0,77,5.60522813888109,9.525586223859175
P11,S1,lv0,78,4.3108502225421335,6.918164813147917
P11,S1,lv0,79,7.46115339992541,7.738744598245543
P11,S1,lv0,80,2.8206888266029666,5.386305337458606
P11,S1,lv0,81,7.992047978970977,10.625400625861136
P11,S1,lv0,82,13.092447464199527,4.161112873080308
P11,S1,lv0,83,4.498746571644677,5.971338577176792
P11,S1,lv0,84,2.7723141926961365,7.613038297810081
P11,S1,lv0,85,2.0426661009976357,10.882663491788986
P11,S1,lv0,86,3.2861769744503215,6.357166223404797
P11,S1,lv0,87,2.723906709074976,5.203113532505001
P11,S1,lv0,88,2.8825219631583314,4.78452748920796
P11,S1,lv0,89,3.987912268091591,4.911966463003241
P11,S1,lv0,90,4.067127180302617,5.3908929843509705
P11,S1,lv0,91,6.685470897309376,3.8875788837247764
P11,S1,lv0,92,6.466156984074262,3.3189247006563276
P11,S1,lv0,93,7.5381091451023865,6.94129268251421
P11,S1,lv0,94,2.4776820154732597,6.858560040013742
P11,S1,lv0,95,12.540341804882257,6.842290516707203
P11,S1,lv0,96,11.282757775644916,7.278192806219516
P11,S1,lv0,97,2.97294143557357,6.288812552202343
P11,S1,lv0,98,4.140074959990211,8.137703664588152
P11,S1,lv0,99,4.136593273625171,3.952690557274547
P11,S1,lv0,100,11.53486282753022,6.379292774622227
P11,S1,lv0,101,4.924469333479204,5.352129392785604
P11,S1,lv0,102,6.368828979683348,9.432083993465662
P11,S1,lv0,103,3.4787031540157196,5.254991901811807
P11,S1,lv0,104,6.412018642188302,7.529586309122448
P11,S1,lv0,105,2.3234688301012616,6.614542866443928
P11,S1,lv0,106,12.61757644688005,4.580664244912761
P11,S1,lv0,107,6.008967787685051,5.642586342500802
P11,S1,lv0,108,4.168759872899425,14.533308055784834
P11,S1,lv0,109,4.4342450468377805,12.505044765204428
P11,S1,lv0,110,8.15953469270038,4.656307481468173
P11,S1,lv0,111,6.451163355757954,5.689903229836705
P11,S1,lv0,112,3.5510064534109467,6.448760219358821
P11,S1,lv0,113,6.017637955192588,6.707949818826057
P11,S1,lv0,114,5.90351541325149,8.561886646603126
P11,S1,lv0,115,4.52216831774666,3.2666629145183035
P11,S1,lv0,116,3.5509630941637615,4.339945551407755
P11,S1,lv0,117,4.0757352616844695,3.767452019809303
P11,S1,lv0,118,12.194423474361386,2.808584690548685
P11,S1,lv0,119,11.17961377936181,6.228079598304525
P11,S1,lv0,120,5.9759027247052305,7.904919490819856
P11,S1,lv0,121,3.763932043472838,3.3231204957241154
P11,S1,lv0,122,4.05330923241675,5.484592120565515
P11,S1,lv0,123,9.068277897866373,5.775240648672259
P11,S1,lv0,124,3.909541424720854,5.417052756953138
P11,S1,lv0,125,3.92318536938613,3.024937407643398
P11,S1,lv0,126,4.210290209152028,4.3194295380661005
P11,S1,lv0,127,7.52207292979582,3.6468184282148797
P11,S1,lv0,128,3.9661526337316797,4.183722903566502
P11,S1,lv0,129,4.789835942521274,4.59999010325409
P11,S1,lv0,130,1.9074990104986254,5.206618488193534
P11,S1,lv0,131,9.682306584966001,2.854653289519352
P11,S1,lv0,132,1.7103187918666851,5.7647471158786034
P11,S1,lv0,133,5.148451539424747,4.255548257191996
P11,S1,lv0,134,2.442262820878891,6.216299170447482
P11,S1,lv0,135,3.5082114629061283,4.622589558465994
P11,S1,lv0,136,9.215823319075296,3.052323055311844
P11,S1,lv0,137,6.35900917309167,3.4968549469567023
P11,S1,lv0,138,2.6695608206047075,2.603896653554822
P11,S1,lv0,139,4.704932202330089,8.378132819735917
P11,S1,lv0,140,7.9570470674960845,5.496887642519601
P11,S1,lv0,141,4.483151442949019,2.941690392057349
P11,S1,lv0,142,4.402277626021192,3.820407019697454
P11,S1,lv0,143,2.4884731090089396,3.516852172141244
P11,S1,lv0,144,8.993370644536954,4.3797453018695895
P11,S1,lv0,145,2.3307229322465535,5.492736556953103
P11,S1,lv0,146,5.2253047379741,5.092737756059548
P11,S1,lv0,147,2.3682490779428753,5.67281367678981
P11,S1,lv0,148,3.078403000176301,5.34367235635596
P11,S1,lv1,0,12.358435213492816,9.04575741363061
P11,S1,lv1,1,8.168020798737778,12.745452756011524
P11,S1,lv1,2,57.322946965489734,31.85215678486013
P11,S1,lv1,3,43.03575052410329,13.836795702936614
P11,S1,lv1,4,8.08038512438188,10.464329010005043
P11,S1,lv1,5,16.705176886631687,11.746111251466491
P11,S1,lv1,6,81.16801608416033,19.494488675634045
P11,S1,lv1,7,5.831276822437843,4.372054599612791
P11,S1,lv1,8,11.659792978872881,4.0965117736300805
P11,S1,lv1,9,5.037636968504103,8.757656649927913
P11,S1,lv1,10,8.808206569062614,10.533758119493553
P11,S1,lv1,11,9.259663198931284,12.194320750674764
P11,S1,lv1,12,8.876148264026144,12.034676110333345
P11,S1,lv1,13,12.198542147950832,16.912443937609105
P11,S1,lv1,14,2.0703356831070465,15.01608141707395
P11,S1,lv1,15,4.5389050558994954,12.548247284619354
P11,S1,lv1,16,19.659245087605992,22.760445665667714
P11,S1,lv1,17,56.81481230466871,15.816058130880094
P11,S1,lv1,18,12.91649852007715,19.43361246546737
P11,S1,lv1,19,6.931705107888489,16.64292702707898
P11,S1,lv1,20,6.721856493821206,13.978809600166214
P11,S1,lv1,21,12.23550771247238,14.633648463216039
P11,S1,lv1,22,5.123347632289205,5.7608523386530175
P11,S1,lv1,23,3.4572603158634183,6.694674984953869
P11,S1,lv1,24,12.927730331065403,9.293640647079595
P11,S1,lv1,25,19.85695366990818,26.84014912639023
P11,S1,lv1,26,29.583620539698764,9.603276604228647
P11,S1,lv1,27,7.160272201446362,10.317693028987401
P11,S1,lv1,28,13.068546541066453,14.471961272490427
P11,S1,lv1,29,24.35264448153507,10.864929349331799
P11,S1,lv1,30,5.016969230342803,15.266263472916771
P11,S1,lv1,31,7.264217266541037,19.34361142852258
P11,S1,lv1,32,13.913618101825321,28.78237039579016
P11,S1,lv1,33,10.053836562123488,18.314301452158595
P11,S1,lv1,34,20.63118942583748,19.915177033179305
P11,S1,lv1,35,25.369646516022865,17.76830242531335
P11,S1,lv1,36,14.107332447122092,18.44129418047958
P11,S1,lv1,37,6.39349369492192,8.694912413080557
P11,S1,lv1,38,6.714541634032736,13.756726843444119
P11,S1,lv1,39,11.82962639583148,19.981473293653483
P11,S1,lv1,40,8.364334596403452,3.954691662221101
P11,S1,lv1,41,9.304588880420146,31.352063433175516
P11,S1,lv1,42,6.151730746824192,11.051911912951397
P11,S1,lv1,43,11.10260843695074,11.556518548887968
P11,S1,lv1,44,5.120155415611443,10.886710886597271
P11,S1,lv1,45,15.900926562788648,13.693260638743823
P11,S1,lv1,46,8.336861237404227,13.918474529514736
P11,S1,lv1,47,5.324393599829789,9.654810323584709
P11,S1,lv1,48,6.833750453234158,8.01419965786948
P11,S1,lv1,49,4.588419050543295,4.158250540070782
P11,S1,lv1,50,46.35222218276087,21.161538091752952
P11,S1,lv1,51,22.571491487632073,21.178284918203744
P11,S1,lv1,52,14.178130107991535,10.348057456611103
P11,S1,lv1,53,17.144403901344226,6.582940048463022
P11,S1,lv1,54,11.86746635884697,17.011478831721558
P11,S1,lv1,55,14.911981626258292,16.55203327766205
P11,S1,lv1,56,10.915936596345595,16.087578896096364
P11,S1,lv1,57,5.761564851175821,6.875621496582579
P11,S1,lv1,58,5.254928409544186,9.446529817542979
P11,S1,lv1,59,1.821064007854987,9.572861150244968
P11,S1,lv1,60,21.283405796380706,17.28017075955404
P11,S1,lv1,61,19.114737963624933,17.97556755913502
P11,S1,lv1,62,5.763463319306526,17.770775809855145
P11,S1,lv1,63,56.59468933121931,18.617479816211546
P11,S1,lv1,64,10.274749500679215,14.605550179608844
P11,S1,lv1,65,19.1889715482667,13.886103361606558
P11,S1,lv1,66,3.7617809498689123,10.476127081592933
P11,S1,lv1,67,6.437799370630385,5.418690728528651
P11,S1,lv1,68,5.598171763692517,12.326255684092898
P11,S1,lv1,69,10.413038016397719,6.779486018207585
P11,S1,lv1,70,13.566441717140632,33.33245026769468
P11,S1,lv1,71,10.395215583982743,21.749118131541078
P11,S1,lv1,72,11.318571127531513,7.317128178081408
P11,S1,lv1,73,11.210616173844423,5.51723257796779
P11,S1,lv1,74,35.849709474389506,23.40042066928154
P11,S1,lv1,75,6.875906050050538,4.668707810371522
P11,S1,lv1,76,16.732982005973106,17.17744108347678
P11,S1,lv1,77,38.151998207343205,25.201992561941108
P11,S1,lv1,78,4.510271084028214,21.07933683273754
P11,S1,lv1,79,9.388621054332294,15.491900611361975
P11,S1,lv1,80,5.190525727550356,5.99840055569371
P11,S1,lv1,81,18.89952474149505,6.975128231838767
P11,S1,lv1,82,5.267417089110501,5.289369735702775
P11,S1,lv1,83,3.478484754974998,12.599285658684764
P11,S1,lv1,84,5.264318167612976,9.101015322555552
P11,S1,lv1,85,30.87000744778172,11.275530321297259
P11,S1,lv1,86,2.982083136877947,2.984061203382897
P11,S1,lv1,87,14.580044958152564,5.842049780108798
P11,S1,lv1,88,8.447741453656672,6.076537544790155
P11,S1,lv1,89,5.646319781193638,8.865727856508864
P11,S1,lv1,90,19.57931129942936,7.827950469326595
P11,S1,lv1,91,12.411330448499061,13.782216203435723
P11,S1,lv1,92,36.267920365093,11.572120368781986
P11,S1,lv1,93,8.680811732885727,7.289564934498302
P11,S1,lv1,94,12.254430334366418,29.77554191757782
P11,S1,lv1,95,10.866250730749679,12.625738703373916
P11,S1,lv1,96,44.00199617857398,7.141631115618128
P11,S1,lv1,97,9.447954243232536,14.871593651117507
P11,S1,lv1,98,26.07165614095142,8.723929486149858
P11,S1,lv1,99,9.677639677930685,7.138830041174032
P11,S1,lv1,100,10.922212927248223,7.701465027472964
P11,S1,lv1,101,12.02315083588782,11.496532753678357
P11,S1,lv1,102,4.241764582867209,9.451331320476998
P11,S1,lv1,103,11.197786791337055,13.970763119021168
P11,S1,lv1,104,30.994429697884524,13.329677192402075
P11,S1,lv1,105,32.20365243461541,11.690378216694432
P11,S1,lv1,106,36.25306529607818,16.414552865594377
P11,S1,lv1,107,18.32320059314663,9.782232054141028
P11,S1,lv1,108,9.659790276190972,10.383177278224231
P11,S1,lv1,109,4.0700955497293805,17.39074781881221
P11,S1,lv1,110,16.06175462276856,7.452595037751636
P11,S1,lv1,111,7.545762480061082,7.234928449466709
P11,S1,lv1,112,46.69436215954933,12.165821480182817
P11,S1,lv1,113,4.309141112404276,5.753324021816909
P11,S1,lv1,114,4.285292049811755,4.784260348582549
P11,S1,lv1,115,12.871421119350115,6.449288763057089
P11,S1,lv1,116,9.977141490163138,9.015986851292022
P11,S1,lv1,117,41.619267441227784,9.060695034901045
P11,S1,lv1,118,4.1882605399190345,14.316423071467302
P11,S1,lv1,119,6.325812384425808,6.91805948041899
P11,S1,lv1,120,7.6321043760839435,6.95531209258279
P11,S1,lv1,121,5.166915712752699,3.0749422911804145
P11,S1,lv1,122,3.0073551931774225,8.926416246172147
P11,S1,lv1,123,5.662392675572203,7.305925112031603
P11,S1,lv1,124,2.6974808795902785,8.111018637017741
P11,S1,lv1,125,5.8294701806712474,5.090405393154124
P11,S1,lv1,126,5.295767088491584,20.050061875740756
P11,S1,lv1,127,60.1798970849325,26.88169371955493
P11,S1,lv1,128,9.244249701275166,8.571294221483553
P11,S1,lv1,129,26.48382977320185,11.833565523128685
P11,S1,lv1,130,5.742440327813338,9.103870995045506
P11,S1,lv1,131,17.025946608651886,23.61270195862031
P11,S1,lv1,132,28.122664910689654,9.892511003510087
P11,S1,lv1,133,15.39774105830967,9.29653275950742
P11,S1,lv1,134,16.515140959117982,16.111525462567503
P11,S1,lv1,135,8.311878837800146,8.11404602124714
P11,S1,lv1,136,12.666259692836887,12.541629775349989
P11,S1,lv1,137,30.94774450649509,27.65390045319866
P11,S1,lv1,138,6.732642344434447,13.388387390548267
P11,S1,lv1,139,9.073025416951404,8.67674179045821
P11,S1,lv1,140,28.228165741104206,9.029384739190526
P11,S1,lv1,141,5.235210236715301,8.09159179678499
P11,S1,lv1,142,16.325265094124546,14.24653683460028
P11,S1,lv1,143,8.868654710334123,7.515546745353331
P11,S1,lv1,144,34.83471245704264,10.1636155956296
P11,S1,lv1,145,7.781753000105863,4.522539217602113
P11,S1,lv1,146,19.607943413120843,10.307517769959462
P11,S1,lv1,147,5.267266011632467,5.563665567426504
P11,S1,lv1,148,8.97640858527704,9.654392245028951
P11,S1,lv2,0,9.94374573077532,10.542560332347566
P11,S1,lv2,1,10.337976138082446,25.769037428033695
P11,S1,lv2,2,6.157873606956877,9.749040003018333
P11,S1,lv2,3,6.7502454215244825,23.384893463489284
P11,S1,lv2,4,6.474741888707585,21.576696750573838
P11,S1,lv2,5,10.867473977817836,10.753422214729667
P11,S1,lv2,6,19.477947497842703,28.470654188723188
P11,S1,lv2,7,14.85433909809736,29.173972826331998
P11,S1,lv2,8,3.72258328568765,18.75830728113922
P11,S1,lv2,9,15.237890660386903,28.353212040227223
P11,S1,lv2,10,7.8681692085754795,15.061088394566049
P11,S1,lv2,11,23.188116409279377,33.96754118908302
P11,S1,lv2,12,20.92319410072423,17.681197908640414
P11,S1,lv2,13,17.325751510266603,27.12930535679055
P11,S1,lv2,14,39.38904371133585,26.088292943649257
P11,S1,lv2,15,7.470486978601808,32.382068750180316
P11,S1,lv2,16,6.288871554229889,10.456651829457156
P11,S1,lv2,17,15.189297841775934,9.526061156084063
P11,S1,lv2,18,13.397339875773927,20.572791732828126
P11,S1,lv2,19,11.02104150942827,24.99341643903483
P11,S1,lv2,20,29.14134818259818,36.50412002546866
P11,S1,lv2,21,20.83988576280211,26.598650400898
P11,S1,lv2,22,21.070906399534064,21.61402696543514
P11,S1,lv2,23,6.052665901326192,13.737499520533955
P11,S1,lv2,24,10.965004699584751,10.497683345238267
P11,S1,lv2,25,18.61403236116425,25.550045814152234
P11,S1,lv2,26,4.037317951944879,8.706029557327978
P11,S1,lv2,27,24.027639432648616,14.769629996367613
P11,S1,lv2,28,22.693564352811237,17.610770788867523
P11,S1,lv2,29,18.458314229077263,17.361901032232844
P11,S1,lv2,30,8.907505594782902,8.650170829437615
P11,S1,lv2,31,4.280699238173533,6.181424029259931
P11,S1,lv2,32,3.36929008628511,5.133473139529577
P11,S1,lv2,33,26.89757984402095,25.081104498693648
P11,S1,lv2,34,29.29730439234399,17.0284471827273
P11,S1,lv2,35,43.18327727287843,15.971819983374372
P11,S1,lv2,36,4.332663587414449,14.705891332984107
P11,S1,lv2,37,20.69075984948306,20.349247613569396
P11,S1,lv2,38,15.948717379063421,12.888468528145543
P11,S1,lv2,39,6.610055670073159,8.917905420661313
P11,S1,lv2,40,3.594890726501106,8.150504920827462
P11,S1,lv2,41,8.512234891697766,6.508784636329932
P11,S1,lv2,42,5.481624504080304,13.01455324279633
P11,S1,lv2,43,32.09433669441645,5.996691911293733
P11,S1,lv2,44,35.699871856321046,21.979289364199616
P11,S1,lv2,45,21.42645880214373,6.455959564531543
P11,S1,lv2,46,25.338287023756717,19.63794873390531
P11,S1,lv2,47,10.220398131703403,11.97975819311267
P11,S1,lv2,48,11.801981671233964,16.960389988983664
P11,S1,lv2,49,11.571947084434205,17.46875688002392
P11,S1,lv2,50,7.013362643395246,15.801751737839629
P11,S1,lv2,51,28.097675520600074,9.618978983538922
P11,S1,lv2,52,37.28028760430198,11.992351623944222
P11,S1,lv2,53,7.003046614477696,15.064676775664475
P11,S1,lv2,54,10.335566803585623,15.729565483083167
P11,S1,lv2,55,51.82971555946995,18.08313769949262
P11,S1,lv2,56,8.891105977650524,12.856324057114435
P11,S1,lv2,57,4.912254946262575,8.772798189589867
P11,S1,lv2,58,19.621456075421975,17.120434525545374
P11,S1,lv2,59,7.404093499667234,18.128263871525643
P11,S1,lv2,60,8.727452926022057,11.22888661733451
P11,S1,lv2,61,6.712391989324294,29.00335245809342
P11,S1,lv2,62,15.580949890222236,39.62640440761252
P11,S1,lv2,63,13.740063069586343,9.534002370542877
P11,S1,lv2,64,24.823127570051106,60.4436225866165
P11,S1,lv2,65,25.648401344756028,18.102982072197527
P11,S1,lv2,66,26.73893592209507,22.233534580954878
P11,S1,lv2,67,39.170573542013614,11.060506149350939
P11,S1,lv2,68,38.48163186581463,17.29766229568982
P11,S1,lv2,69,17.11879489438379,12.208567601629252
P11,S1,lv2,70,9.363263581293372,4.5025060364989224
P11,S1,lv2,71,106.88978610690299,33.1713198837055
P11,S1,lv2,72,27.527707363473855,8.511833795678253
P11,S1,lv2,73,19.994335645720426,23.05307404149854
P11,S1,lv2,74,31.912154898989993,29.136037035799053
P11,S1,lv2,75,4.671378168997206,16.593933603212303
P11,S1,lv2,76,31.832590221411433,25.438923089258783
P11,S1,lv2,77,33.44705894269503,27.637631860238493
P11,S1,lv2,78,7.1505174333056445,10.759730853980722
P11,S1,lv2,79,8.031416273047135,10.72913956347133
P11,S1,lv2,80,32.130843680429116,4.961230344221187
P11,S1,lv2,81,8.200819919350407,16.36364847691802
P11,S1,lv2,82,18.467850233130168,13.289374708781585
P11,S1,lv2,83,50.71193702562049,32.60099517048076
P11,S1,lv2,84,15.153829247240036,10.129441961879715
P11,S1,lv2,85,7.3795406550837965,17.089632467405476
P11,S1,lv2,86,22.11927680955818,25.788878323489286
P11,S1,lv2,87,10.65400839617819,17.230197957221776
P11,S1,lv2,88,42.63743009047824,18.926248807068003
P11,S1,lv2,89,11.358397931717805,9.124693657416316
P11,S1,lv2,90,37.76391097961745,15.77381091771325
P11,S1,lv2,91,28.284394716826256,11.800531754739714
P11,S1,lv2,92,4.300744469401606,12.48422214372241
P11,S1,lv2,93,27.831168617568537,58.44166486330433
P11,S1,lv2,94,14.285396874648958,12.523995478423714
P11,S1,lv2,95,23.55682035139226,16.4756837593462
P11,S1,lv2,96,9.676935044724642,7.640013831849145
P11,S1,lv2,97,5.208058363108622,9.212130567940802
P11,S1,lv2,98,5.3959839200542845,11.524656145661956
P11,S1,lv2,99,14.94774404701657,7.605583196742557
P11,S1,lv2,100,6.912605660134557,7.2523447621424255
P11,S1,lv2,101,38.70466839410586,3.85414398708892
P11,S1,lv2,102,3.228645502051285,7.40856302757668
P11,S1,lv2,103,57.89297621975507,20.77822849423142
P11,S1,lv2,104,6.919969056618065,10.756408009393922
P11,S1,lv2,105,25.930316986195677,19.666216854923977
P11,S1,lv2,106,5.079166444357711,14.096408617218414
P11,S1,lv2,107,22.334662463268188,27.89155822902408
P11,S1,lv2,108,43.95822352765862,17.848612839497346
P11,S1,lv2,109,4.235459814031642,11.929225312421629
P11,S1,lv2,110,26.588317587084685,14.89591029837798
P11,S1,lv2,111,12.342064304075073,12.00588186735399
P11,S1,lv2,112,5.9733790552751085,6.325125548604723
P11,S1,lv2,113,19.233734660753104,22.99477092123115
P11,S1,lv2,114,11.722623057714564,9.250446303565745
P11,S1,lv2,115,3.0255531561032076,10.933905648351624
P11,S1,lv2,116,15.606400155149514,13.429595851575417
P11,S1,lv2,117,28.50813200178966,47.002702966091825
P11,S1,lv2,118,9.509662870057388,4.332599870380871
P11,S1,lv2,119,4.083131008266139,13.825478495230417
P11,S1,lv2,120,3.330422361356894,19.015812678992678
P11,S1,lv2,121,5.112011003726256,15.432303154003122
P11,S1,lv2,122,7.818683294683353,12.318357718915692
P11,S1,lv2,123,12.602326807515581,7.755369018258241
P11,S1,lv2,124,8.363765279102566,4.513818224677367
P11,S1,lv2,125,6.607423849154604,6.49175447378645
P11,S1,lv2,126,52.055971461864054,6.041997493430582
P11,S1,lv2,127,10.476153457722639,5.804044412588888
P11,S1,lv2,128,9.151602226135289,10.72667542702503
P11,S1,lv2,129,4.610590933975292,11.276698229066364
P11,S1,lv2,130,83.30858956129747,14.419693836753533
P11,S1,lv2,131,8.06053423862157,11.97991748042278
P11,S1,lv2,132,33.737369069170605,13.597646163790435
P11,S1,lv2,133,6.311706225179121,12.651125372323254
P11,S1,lv2,134,3.0287932617483486,11.650128879989424
P11,S1,lv2,135,9.627682924681894,6.131832585549614
P11,S1,lv2,136,9.90879783316635,7.786230943493496
P11,S1,lv2,137,5.376313768926515,9.95228095566053
P11,S1,lv2,138,10.179345257827029,6.402842198328161
P11,S1,lv2,139,9.154190338376278,13.332607437356366
P11,S1,lv2,140,13.825551178989134,16.922019132030858
P11,S1,lv2,141,6.970396783410506,5.13547282328102
P11,S1,lv2,142,4.260028743619215,4.309387689822287
P11,S1,lv2,143,1.2165204633004836,22.659898288406758
P11,S1,lv2,144,10.373493838087782,12.65800016938253
P11,S1,lv2,145,9.840866166793107,7.746596046158352
P11,S1,lv2,146,9.146514338221854,11.450927501689476
P11,S1,lv2,147,6.372102688482515,13.171671816465517
P11,S1,lv2,148,13.040071329711957,10.87011752062803
P11,S2,base,0,25.02555732157071,10.704668504858736
P11,S2,base,1,3.3064037288032493,7.005613169964916
P11,S2,base,2,4.053043126352987,8.04360510975143
P11,S2,base,3,12.498927207143,8.79108017895755
P11,S2,base,4,4.800560894635408,6.786360611770919
P11,S2,base,5,12.810630757387253,6.634886306440629
P11,S2,base,6,26.082023958333835,8.185591603647195
P11,S2,base,7,4.289429202852089,3.3191542257119813
P11,S2,base,8,5.29030004379944,7.901561936881179
P11,S2,base,9,6.878683089850698,17.283999645298348
P11,S2,base,10,24.7496436324998,9.218082561217823
P11,S2,base,11,4.199198796458398,16.195420400043588
P11,S2,base,12,15.889953058979078,11.579578004590566
P11,S2,base,13,17.107635316547483,12.513938836248148
P11,S2,base,14,31.454209698673747,15.553263544832317
P11,S2,base,15,4.577143085836427,32.234338290135334
P11,S2,base,16,2.430643261564719,18.275002738289704
P11,S2,base,17,9.343993752933532,14.776621852367489
P11,S2,base,18,5.040063795804052,9.71386949106787
P11,S2,base,19,49.89711333182354,21.069589566631578
P11,S2,base,20,34.88101221345997,13.08084799435689
P11,S2,base,21,19.699911899118792,7.38564244544845
P11,S2,base,22,89.80647186045681,5.178985506795985
P11,S2,base,23,9.017792313750757,3.6700018242287826
P11,S2,base,24,12.17452842759075,9.58547353637617
P11,S2,base,25,4.518867131815292,19.24992490089552
P11,S2,base,26,3.5235976322830767,9.772779330198722
P11,S2,base,27,4.353186437866999,17.229780369526708
P11,S2,base,28,7.494664531293602,32.09137440581888
P11,S2,base,29,5.182237390021963,13.890984892894243
P11,S2,lv0,0,11.046420730070933,10.60097268384575
P11,S2,lv0,1,7.218854325386807,5.75483250118976
P11,S2,lv0,2,4.33050572718147,3.564513391852
P11,S2,lv0,3,5.173857005094443,4.506244631902327
P11,S2,lv0,4,3.803518540702891,3.5213022317665232
P11,S2,lv0,5,2.608630310231671,4.938477480738116
P11,S2,lv0,6,4.007793841834068,3.4610081405901996
P11,S2,lv0,7,10.827668014316162,3.849433201652475
P11,S2,lv0,8,5.7260066057442724,3.689385603213605
P11,S2,lv0,9,6.0185732684880024,4.26948383925763
P11,S2,lv0,10,9.056672482411754,4.048369472991816
P11,S2,lv0,11,6.433557177183856,5.467614544621556
P11,S2,lv0,12,6.532944905299838,3.748046948443347
P11,S2,lv0,13,6.500361870108174,11.7873213404287
P11,S2,lv0,14,2.8928961165777904,3.165728473193221
P11,S2,lv0,15,6.9233535773051145,4.660129646895653
P11,S2,lv0,16,5.0566617774204055,4.113664452641702
P11,S2,lv0,17,10.318230484766268,4.892257180938912
P11,S2,lv0,18,8.813607742601228,5.9301064533007
P11,S2,lv0,19,5.55379239799633,5.530048414925449
P11,S2,lv0,20,9.646481781879094,3.4695274103233014
P11,S2,lv0,21,2.153775048398651,4.246275676800343
P11,S2,lv0,22,6.6860972725316925,13.579828645126417
P11,S2,lv0,23,11.16779261129257,6.041545848623855
P11,S2,lv0,24,6.965038093009606,4.507358625188168
P11,S2,lv0,25,2.813024822789249,7.406092334320237
P11,S2,lv0,26,9.688453602445554,4.80225848591196
P11,S2,lv0,27,1.3386982749668574,4.524065743309163
P11,S2,lv0,28,5.046936134544969,4.49242228396708
P11,S2,lv0,29,4.3441368591085,6.670331143289166
P11,S2,lv0,30,4.221666844134933,4.789503036948846
P11,S2,lv0,31,2.680556013301878,4.139050176326767
P11,S2,lv0,32,18.001449943985907,13.826232988033198
P11,S2,lv0,33,74.60744460786269,9.777487061599253
P11,S2,lv0,34,5.509649758678553,7.082946576004887
P11,S2,lv0,35,3.2077701752837107,5.979129604971149
P11,S2,lv0,36,14.286043289560402,5.959169776007969
P11,S2,lv0,37,11.265379904782863,5.754999136606042
P11,S2,lv0,38,5.496536663779541,4.308996835233803
P11,S2,lv0,39,30.175073307886937,7.081671560317864
P11,S2,lv0,40,72.29143763913902,10.73885116204506
P11,S2,lv0,41,12.164136339416533,9.520910317883176
P11,S2,lv0,42,4.976212879620373,2.706110045537935
P11,S2,lv0,43,3.1049244141980608,5.332532836766512
P11,S2,lv0,44,11.425379817236356,10.354975001405787
P11,S2,lv0,45,16.90340184504395,6.428692981391254
P11,S2,lv0,46,6.130824616581801,6.079629993687554
P11,S2,lv0,47,13.26252355600976,3.832526809187946
P11,S2,lv0,48,33.04125226804234,11.96911941396227
P11,S2,lv0,49,5.468846676530851,2.797726623814957
P11,S2,lv0,50,9.202236838874764,8.094101531596676
P11,S2,lv0,51,11.402841946832048,6.814482847878205
P11,S2,lv0,52,9.402518050139077,8.282836101043108
P11,S2,lv0,53,5.106148981539185,11.074139598453147
P11,S2,lv0,54,4.87428745162631,3.827253220333852
P11,S2,lv0,55,3.9047550694933504,6.109395815161602
P11,S2,lv0,56,3.8344805368023005,7.57745393571487
P11,S2,lv0,57,3.8517885679083776,8.21864504401983
P11,S2,lv0,58,2.2654903904048656,8.235809657320244
P11,S2,lv0,59,6.395136317473918,14.00735977572663
P11,S2,lv0,60,6.567412487207111,3.574443974936358
P11,S2,lv0,61,5.184419282443529,7.127422763757004
P11,S2,lv0,62,4.035391013815734,12.727595158557046
P11,S2,lv0,63,4.745838449938166,13.677942795003117
P11,S2,lv0,64,2.5841534632428798,4.492576528554618
P11,S2,lv0,65,19.028051531710865,11.212193793910192
P11,S2,lv0,66,20.5321319815314,9.929432229553798
P11,S2,lv0,67,8.622626156379617,6.7660757798026845
P11,S2,lv0,68,8.46924065713407,7.670176409657214
P11,S2,lv0,69,7.89160543650356,5.861582511389244
P11,S2,lv0,70,13.443794950220509,14.607867212293526
P11,S2,lv0,71,4.177704201164155,6.131997910362929
P11,S2,lv0,72,8.992777822580202,7.735174312970339
P11,S2,lv0,73,20.7056623985914,16.122880969355617
P11,S2,lv0,74,8.070618895734874,19.546219326045758
P11,S2,lv0,75,2.2442952688765083,10.40375093785734
P11,S2,lv0,76,9.599474203623723,9.708402289149767
P11,S2,lv0,77,6.666316556715152,9.048228711902512
P11,S2,lv0,78,3.5522619844026284,4.123563719428819
P11,S2,lv0,79,4.2411926768673585,12.134346174254
P11,S2,lv0,80,3.5348675379141987,10.59696036409059
P11,S2,lv0,81,2.9348436690720425,5.8480050117818765
P11,S2,lv0,82,3.625460703920254,6.3434067911165615
P11,S2,lv0,83,7.30682108442197,13.337249469950903
P11,S2,lv0,84,4.748896091200811,3.6503497594020202
P11,S2,lv0,85,4.430818829541206,10.207580419633882
P11,S2,lv0,86,4.058328556606795,15.59191326237747
P11,S2,lv0,87,7.267787214378211,12.63450966527531
P11,S2,lv0,88,10.121269099889094,12.018734084996606
P11,S2,lv0,89,59.23720584797251,13.322237226986728
P11,S2,lv0,90,8.486460406668655,8.409731127006436
P11,S2,lv0,91,11.294558696135702,13.805579629850264
P11,S2,lv0,92,9.457116685484573,11.173692256738102
P11,S2,lv0,93,7.28431939846251,3.77712124953933
P11,S2,lv0,94,5.110706980933846,5.794570992389469
P11,S2,lv0,95,4.264476529808499,8.171405115782123
P11,S2,lv0,96,10.25579750219116,8.624051314610576
P11,S2,lv0,97,16.634198861352733,10.904056649457882
P11,S2,lv0,98,9.00795646651819,11.674946536157927
P11,S2,lv0,99,16.411929390006435,8.089533609473984
P11,S2,lv0,100,3.505713996024355,6.524282410241045
P11,S2,lv0,101,14.065237741308602,18.283323217022954
P11,S2,lv0,102,8.54722025552334,6.286793087618791
P11,S2,lv0,103,8.681689279434183,8.079364198112588
P11,S2,lv0,104,4.918545515846646,7.539897063464469
P11,S2,lv0,105,3.6704112151403536,14.919656922317486
P11,S2,lv0,106,4.802559759732323,3.352267204551051
P11,S2,lv0,107,5.904411650274162,4.520115078979352
P11,S2,lv0,108,3.6423548697374137,4.8469224561309785
P11,S2,lv0,109,10.83180202332727,11.034643183877352
P11,S2,lv0,110,3.7671806962175203,4.8996377451566095
P11,S2,lv0,111,10.14220659262601,7.060085698248982
P11,S2,lv0,112,18.228287441036045,8.127548291741554
P11,S2,lv0,113,4.393675007170334,2.8156271435313225
P11,S2,lv0,114,5.721028412359242,3.8700102196564488
P11,S2,lv0,115,14.545490964501978,21.851795789920285
P11,S2,lv0,116,5.456804316621329,11.560577208603927
P11,S2,lv0,117,4.392711610664301,3.866374852544241
P11,S2,lv0,118,3.604679627463034,3.415614388204104
P11,S2,lv0,119,7.280770608408239,3.6689175279852995
P11,S2,lv0,120,7.113667666248521,6.78475071473303
P11,S2,lv0,121,9.01676962304704,4.217150024516833
P11,S2,lv0,122,16.19589182369562,4.516539665503409
P11,S2,lv0,123,5.743501860155512,5.650446111635599
P11,S2,lv0,124,8.342871212152222,9.361733360517604
P11,S2,lv0,125,15.52388361226136,6.54718872721362
P11,S2,lv0,126,4.419214107000287,3.0323643709492765
P11,S2,lv0,127,5.003355934462157,3.200195460703784
P11,S2,lv0,128,9.561856311793166,5.51243322461896
P11,S2,lv0,129,4.725741785451122,6.194350251778834
P11,S2,lv0,130,15.7099268531318,9.224674599129314
P11,S2,lv0,131,7.783190418864718,4.259752175162887
P11,S2,lv0,132,10.779637259343144,4.3810927121840155
P11,S2,lv0,133,3.953469479814338,5.330571200649246
P11,S2,lv0,134,4.076308760437504,3.889985721533119
P11,S2,lv0,135,17.384709703173726,7.513374131358449
P11,S2,lv0,136,9.126690837252667,9.282876043861261
P11,S2,lv0,137,6.394801228638638,12.159316792848696
P11,S2,lv0,138,4.578834777094353,6.116490992105708
P11,S2,lv0,139,17.153741305884697,3.2953024067851273
P11,S2,lv0,140,11.345631115534685,2.493819750873822
P11,S2,lv0,141,5.981139875923589,4.9861257309912155
P11,S2,lv0,142,7.424947774575656,4.113746995579464
P11,S2,lv0,143,2.557075630796216,4.821795905654066
P11,S2,lv0,144,2.87490817424584,3.059300926593992
P11,S2,lv0,145,6.614364740564758,5.541515227902302
P11,S2,lv0,146,5.699799393331265,4.657223739210468
P11,S2,lv0,147,7.019169913783914,4.6454321761357145
P11,S2,lv0,148,6.046349627051284,3.8718303887023255
P11,S2,lv1,0,23.18982606855847,8.937880367429674
P11,S2,lv1,1,7.275940425043693,5.720015274772642
P11,S2,lv1,2,18.165538253832377,40.43908723641351
P11,S2,lv1,3,20.479213950184075,15.313758983778742
P11,S2,lv1,4,41.64324514838226,58.565969136061135
P11,S2,lv1,5,7.852906289903136,18.876394899971398
P11,S2,lv1,6,10.253321107662703,20.787211202954342
P11,S2,lv1,7,9.639117371243037,22.563610492223493
P11,S2,lv1,8,97.37224633856897,10.46230260112284
P11,S2,lv1,9,105.09900783870832,23.04334410676995
P11,S2,lv1,10,5.189847899533377,24.984072383004467
P11,S2,lv1,11,13.476771839323545,18.449106757773798
P11,S2,lv1,12,18.81516166844155,11.92708594500775
P11,S2,lv1,13,41.69117326557835,10.736146667669608
P11,S2,lv1,14,24.416009431347764,11.339978112404967
P11,S2,lv1,15,42.34295669022484,15.624354872402284
P11,S2,lv1,16,3.525432822131011,9.787534382479398
P11,S2,lv1,17,8.089331003080764,9.288600622408078
P11,S2,lv1,18,18.370785257187077,8.290238724313589
P11,S2,lv1,19,22.22070777952152,12.870435432021745
P11,S2,lv1,20,7.773696893010776,10.024327489582575
P11,S2,lv1,21,10.941092188818288,11.061608963428602
P11,S2,lv1,22,6.268163105871376,12.366867462919556
P11,S2,lv1,23,141.41151601696635,16.122398137559298
P11,S2,lv1,24,15.339688437930462,8.347365797468543
P11,S2,lv1,25,102.11266555897656,23.4312142090924
P11,S2,lv1,26,10.587023912006346,3.6069174023770074
P11,S2,lv1,27,11.695576393360115,28.38419735222149
P11,S2,lv1,28,163.70551934091998,21.635562421473082
P11,S2,lv1,29,9.87044475908348,11.912582422993882
P11,S2,lv1,30,31.59021568898483,16.74606319578201
P11,S2,lv1,31,14.596457294027369,8.819213582743552
P11,S2,lv1,32,10.883465744170675,15.934449705207017
P11,S2,lv1,33,19.04898525980812,9.917213345784068
P11,S2,lv1,34,62.15301820959479,12.107465469758196
P11,S2,lv1,35,2.4640817685568543,7.593865198938801
P11,S2,lv1,36,20.254818934504236,7.798579830552674
P11,S2,lv1,37,9.783636313112892,16.77126145408338
P11,S2,lv1,38,9.452434195813042,9.148455238893359
P11,S2,lv1,39,4.994931620931322,12.990857122956408
P11,S2,lv1,40,13.908251507689412,32.232365522788825
P11,S2,lv1,41,4.633576178145282,17.201925757407533
P11,S2,lv1,42,5.537045946134793,11.581027334423771
P11,S2,lv1,43,55.932994461770036,28.69004686790036
P11,S2,lv1,44,25.711948341285392,12.888568152402229
P11,S2,lv1,45,16.991203252737552,9.69226046852279
P11,S2,lv1,46,87.17431014028699,13.669271444494125
P11,S2,lv1,47,15.793247302902316,13.797347949470419
P11,S2,lv1,48,108.78843280671559,10.028858578128252
P11,S2,lv1,49,8.681156156415874,14.013504028730937
P11,S2,lv1,50,6.757967692899551,21.92920374190915
P11,S2,lv1,51,16.508402549158973,10.490166160549741
P11,S2,lv1,52,6.916265721534149,9.375467878100077
P11,S2,lv1,53,62.54168707287157,22.295136121038233
P11,S2,lv1,54,21.12593195274241,27.693882846726517
P11,S2,lv1,55,22.488831796952073,35.12998106145068
P11,S2,lv1,56,13.484056905060507,9.179427328931226
P11,S2,lv1,57,16.52033365801044,16.411699435620175
P11,S2,lv1,58,9.311884152122396,18.742161637509692
P11,S2,lv1,59,69.30486758478405,23.38051517621052
P11,S2,lv1,60,19.17238207195808,5.565886815666558
P11,S2,lv1,61,13.021368698488962,9.508151828198839
P11,S2,lv1,62,61.09366884525975,16.026452038920997
P11,S2,lv1,63,4.91055651556977,14.54122571003864
P11,S2,lv1,64,5.265741058214327,13.814598371892224
P11,S2,lv1,65,5.3171354441746415,11.693218590097773
P11,S2,lv1,66,3.1656514975372114,9.201664563963222
P11,S2,lv1,67,13.399741670188867,6.107840296859121
P11,S2,lv1,68,6.1854040774965595,8.033329261883347
P11,S2,lv1,69,7.448663556831533,7.1258022335995665
P11,S2,lv1,70,4.362359850222892,4.763456634597307
P11,S2,lv1,71,17.922091230263494,7.464188696010294
P11,S2,lv1,72,7.594833770654676,13.675405122490877
P11,S2,lv1,73,7.216462400593311,9.758385407753257
P11,S2,lv1,74,15.769929146432421,7.288600690187071
P11,S2,lv1,75,10.829131171755554,6.26796945153607
P11,S2,lv1,76,7.719799439743797,15.1915959470835
P11,S2,lv1,77,48.094234017979296,20.922773928528404
P11,S2,lv1,78,16.309014363975077,8.142932934700534
P11,S2,lv1,79,99.86640356366188,25.115290455060073
P11,S2,lv1,80,6.871546964546893,2.810451884555912
P11,S2,lv1,81,13.815525055011303,16.95456982861168
P11,S2,lv1,82,115.79702009809468,14.863133321644375
P11,S2,lv1,83,17.130727692715293,16.697871271268625
P11,S2,lv1,84,14.29184691151803,21.99147810805394
P11,S2,lv1,85,7.995958336735858,6.393412691968048
P11,S2,lv1,86,44.41066543772445,10.413032286001268
P11,S2,lv1,87,22.068264037730938,12.193097902459597
P11,S2,lv1,88,10.778389670515995,16.864103109088298
P11,S2,lv1,89,122.27866510643842,22.979347396450933
P11,S2,lv1,90,18.539218301360556,10.640920393734048
P11,S2,lv1,91,36.47210028452437,8.956146579809745
P11,S2,lv1,92,6.110961894031352,4.768160934635613
P11,S2,lv1,93,6.504307240621354,2.572136402200055
P11,S2,lv1,94,8.488175524437727,8.10817454866223
P11,S2,lv1,95,6.032362856037504,7.446287481852107
P11,S2,lv1,96,50.79342973079865,3.571588245367627
P11,S2,lv1,97,30.237554633629234,11.553436549572398
P11,S2,lv1,98,12.135811797152822,23.407682169879678
P11,S2,lv1,99,8.749998937816157,11.211661786012069
P11,S2,lv1,100,13.019239978599053,30.99500217045314
P11,S2,lv1,101,36.92519919836271,12.989001792220163
P11,S2,lv1,102,41.64772584343823,13.093972642518104
P11,S2,lv1,103,5.135256698014074,6.9798171479353535
P11,S2,lv1,104,10.831720381207406,9.235297542464144
P11,S2,lv1,105,5.839600700840953,4.068164256790916
P11,S2,lv1,106,4.477961874446564,5.944588675648141
P11,S2,lv1,107,3.840620962592846,8.30731294061538
P11,S2,lv1,108,14.094687979906555,6.010777990094229
P11,S2,lv1,109,3.3008546482785115,4.135487697382079
P11,S2,lv1,110,3.730334690245909,5.342858272589876
P11,S2,lv1,111,1.8286358939225384,3.404537360195345
P11,S2,lv1,112,10.420825740734024,9.873426609192009
P11,S2,lv1,113,3.066909523594411,9.390911874630298
P11,S2,lv1,114,6.284469542417502,11.29392313662113
P11,S2,lv1,115,18.81477967674405,10.964621184036195
P11,S2,lv1,116,11.839895216692003,14.068957378051214
P11,S2,lv1,117,27.186676491245457,10.845918792027728
P11,S2,lv1,118,91.78549780649848,9.29589086265195
P11,S2,lv1,119,9.982438739071105,8.065791746734792
P11,S2,lv1,120,15.261722402813156,10.278402657125872
P11,S2,lv1,121,3.4972936187833294,3.543786904651615
P11,S2,lv1,122,14.671345324912968,5.218112888259025
P11,S2,lv1,123,89.18609885873859,9.721495731355489
P11,S2,lv1,124,18.102732947811653,9.46352636657679
P11,S2,lv1,125,4.322158525208006,6.403398309076402
P11,S2,lv1,126,12.32161981889364,7.948268392056884
P11,S2,lv1,127,9.432104570365832,5.145235339765159
P11,S2,lv1,128,10.013316426870846,5.755557061389118
P11,S2,lv1,129,100.82422317987624,22.49213872079348
P11,S2,lv1,130,12.116514936828036,4.946168007851574
P11,S2,lv1,131,10.368665486319934,8.953437348702366
P11,S2,lv1,132,66.01859969257792,8.928962348749211
P11,S2,lv1,133,10.674255359504762,9.655643315821953
P11,S2,lv1,134,4.647611386047697,6.251510645983973
P11,S2,lv1,135,23.159640777370164,18.720073438208143
P11,S2,lv1,136,35.363505522736844,18.104182315508062
P11,S2,lv1,137,6.894505382953761,7.47237774087669
P11,S2,lv1,138,2.4610355913265174,3.0645425502853016
P11,S2,lv1,139,2.7586552237536797,4.465597027690723
P11,S2,lv1,140,2.462760090599984,5.121848773777224
P11,S2,lv1,141,4.613061830915937,4.517541938853074
P11,S2,lv1,142,20.12920305465081,9.787611034188473
P11,S2,lv1,143,102.24917228805478,16.020186530047955
P11,S2,lv1,144,10.120734460455536,6.257729713581502
P11,S2,lv1,145,17.509057449391392,10.384619900262381
P11,S2,lv1,146,42.864006057028014,3.803321109464019
P11,S2,lv1,147,6.210103158398361,2.978703025376708
P11,S2,lv1,148,94.12188960507416,8.268002462650927
P11,S2,lv2,0,15.292784345506997,20.02442247291245
P11,S2,lv2,1,12.933426026405185,13.142924518700033
P11,S2,lv2,2,20.5651564856652,7.493600352860809
P11,S2,lv2,3,17.45593356477497,17.79385483371921
P11,S2,lv2,4,10.714722737310193,11.69236890656362
P11,S2,lv2,5,5.559193858069052,8.832374310660379
P11,S2,lv2,6,13.301579102405764,15.830263664692255
P11,S2,lv2,7,43.10994857945884,32.99925879645061
P11,S2,lv2,8,8.15829275875515,11.776783890926701
P11,S2,lv2,9,13.052411507754627,9.72871948344106
P11,S2,lv2,10,16.832559071687022,15.32841885090078
P11,S2,lv2,11,2.3835992601867133,8.56500216336242
P11,S2,lv2,12,74.39225633042889,27.964702870417927
P11,S2,lv2,13,30.997847973092256,21.497930779613128
P11,S2,lv2,14,4.658693737823988,9.44715986078106
P11,S2,lv2,15,52.68553386445114,20.6781332941545
P11,S2,lv2,16,15.851490536390676,31.495388512445018
P11,S2,lv2,17,20.737213204333287,23.826587697964513
P11,S2,lv2,18,66.73964976215986,13.7723380830914
P11,S2,lv2,19,14.229716070634336,7.989844180805304
P11,S2,lv2,20,13.888061937758836,14.891384343441723
P11,S2,lv2,21,23.59981717608325,15.812492800132627
P11,S2,lv2,22,45.04190747943734,25.87169311935262
P11,S2,lv2,23,22.30452464108779,12.913798789182485
P11,S2,lv2,24,11.438473430237488,11.974852268399587
P11,S2,lv2,25,5.151852187276541,9.170394431353452
P11,S2,lv2,26,80.95201168393508,36.33169278256532
P11,S2,lv2,27,108.9333526369843,16.596633353425794
P11,S2,lv2,28,9.268082427982621,11.145951529599097
P11,S2,lv2,29,21.795805408693166,8.775527789405835
P11,S2,lv2,30,3.056292965912822,13.912929469225826
P11,S2,lv2,31,5.208100387699262,17.39142344655093
P11,S2,lv2,32,20.474689946049867,3.4302138330661327
P11,S2,lv2,33,61.07209147721381,11.921806672651218
P11,S2,lv2,34,30.196153974290972,41.20559146837316
P11,S2,lv2,35,19.422134368571353,14.594742315310208
P11,S2,lv2,36,9.334517297720657,8.211352221464528
P11,S2,lv2,37,8.268140046163337,13.534302940305425
P11,S2,lv2,38,11.593824271165655,15.372909188221229
P11,S2,lv2,39,5.260464887564292,11.921601502437829
P11,S2,lv2,40,14.931099819382007,18.74891567185527
P11,S2,lv2,41,65.00462819672772,22.11389296850481
P11,S2,lv2,42,18.42685635562131,17.247717851118576
P11,S2,lv2,43,12.979048771248097,8.015545549328015
P11,S2,lv2,44,11.221451257271129,9.628609621438478
P11,S2,lv2,45,14.358327180654987,5.579942534200864
P11,S2,lv2,46,12.843556077194785,17.873100221415346
P11,S2,lv2,47,11.219904806123836,8.246822184146122
P11,S2,lv2,48,10.364170448389435,15.603914032620287
P11,S2,lv2,49,80.23246681980264,19.246991846051028
P11,S2,lv2,50,7.163065060131347,13.298210154959204
P11,S2,lv2,51,5.09354193864321,9.718918467874287
P11,S2,lv2,52,80.12166800345148,14.138447468661946
P11,S2,lv2,53,36.34059702444575,14.022500895739356
P11,S2,lv2,54,6.738003717297193,17.600459334916
P11,S2,lv2,55,8.784248063914879,17.545032931637596
P11,S2,lv2,56,82.38029050185776,20.69154995781927
P11,S2,lv2,57,7.0210500643240925,5.11291096418496
P11,S2,lv2,58,10.997644670273523,12.192263389637654
P11,S2,lv2,59,6.214179370591012,16.410117699945953
P11,S2,lv2,60,24.33455887723937,24.177810261945165
P11,S2,lv2,61,13.500042086664475,21.871855671502455
P11,S2,lv2,62,5.920529976564046,21.820658410918792
P11,S2,lv2,63,7.1843988939139045,16.5495396594596
P11,S2,lv2,64,11.156386874669332,56.160641193686665
P11,S2,lv2,65,14.964693232037556,43.76011280103451
P11,S2,lv2,66,4.126876866806828,12.146149959311321
P11,S2,lv2,67,5.912007914578759,10.695260390486089
P11,S2,lv2,68,23.486912632301884,7.557139758279821
P11,S2,lv2,69,52.95734194307258,21.675154589650823
P11,S2,lv2,70,11.843426183884663,18.75247472223056
P11,S2,lv2,71,10.361544597666695,8.208969667781515
P11,S2,lv2,72,17.239831037923334,8.44458687363834
P11,S2,lv2,73,13.647988033367843,6.917987490448351
P11,S2,lv2,74,16.10075397884678,9.73796620179435
P11,S2,lv2,75,8.206077001060507,7.95020381914258
P11,S2,lv2,76,41.22800294317611,13.796941614752615
P11,S2,lv2,77,5.912322175330779,7.511370913823295
P11,S2,lv2,78,4.433343036390271,17.82014494426665
P11,S2,lv2,79,8.40422632220186,4.49203533350481
P11,S2,lv2,80,9.101208645357328,17.50068980029485
P11,S2,lv2,81,16.488052247499112,27.981125197788653
P11,S2,lv2,82,22.161660064644988,7.0686752258094785
P11,S2,lv2,83,12.693179835767816,7.207897588202985
P11,S2,lv2,84,43.67167415504693,16.56984180073651
P11,S2,lv2,85,28.08661783299945,21.442323762583293
P11,S2,lv2,86,20.013930742623877,30.270034583430604
P11,S2,lv2,87,6.176282287246462,8.098593827854524
P11,S2,lv2,88,7.3128118783493115,19.884468851811064
P11,S2,lv2,89,3.5083031658018817,17.781591637569615
P11,S2,lv2,90,12.019386894012516,17.00623981613948
P11,S2,lv2,91,21.545490526254643,18.078753808658412
P11,S2,lv2,92,6.196332511603189,8.975143954218796
P11,S2,lv2,93,9.000414519708423,17.46224298132523
P11,S2,lv2,94,13.741224310883117,14.236099233051654
P11,S2,lv2,95,31.818967583637995,30.99605654202397
P11,S2,lv2,96,22.524013612231418,14.12097177943937
P11,S2,lv2,97,2.941382135045657,12.083104120669118
P11,S2,lv2,98,4.494020405391325,16.90383233461072
P11,S2,lv2,99,5.332183448876514,16.88323660460185
P11,S2,lv2,100,10.23659530831313,16.397880453053936
P11,S2,lv2,101,4.599870442856517,29.2341468641003
P11,S2,lv2,102,3.4233941853060625,18.011002599096955
P11,S2,lv2,103,13.871512810401928,6.509685842903303
P11,S2,lv2,104,14.092383119436716,10.399035272780827
P11,S2,lv2,105,4.837091492118628,6.088792514773469
P11,S2,lv2,106,16.224872564593966,26.210224184602982
P11,S2,lv2,107,16.959091397264583,7.546887543459678
P11,S2,lv2,108,11.329953482624331,8.590095496193335
P11,S2,lv2,109,6.881792787142076,15.356542227486775
P11,S2,lv2,110,7.2819882226432355,8.026445363199992
P11,S2,lv2,111,15.016819109077112,29.1030259576348
P11,S2,lv2,112,14.327159757696188,20.124653753976
P11,S2,lv2,113,9.400434064161036,22.852422603766332
P11,S2,lv2,114,4.37023319539787,4.173250193054202
P11,S2,lv2,115,9.152874137155242,4.9998142250162205
P11,S2,lv2,116,26.880169881537622,14.751389667413079
P11,S2,lv2,117,12.238119252971545,15.610779091111244
P11,S2,lv2,118,12.293296360586778,11.683725783801057
P11,S2,lv2,119,19.309158839126003,19.5841157565219
P11,S2,lv2,120,16.632032276062198,14.574965100779261
P11,S2,lv2,121,13.575999752863563,11.346053017085497
P11,S2,lv2,122,25.722258054723824,15.5399736267128
P11,S2,lv2,123,57.19899070181913,10.637016945397193
P11,S2,lv2,124,7.811776088856195,6.642455382841043
P11,S2,lv2,125,9.123482587937158,7.41253333828235
P11,S2,lv2,126,17.67737534841927,10.055494910914582
P11,S2,lv2,127,13.06063244326533,7.805295296687781
P11,S2,lv2,128,11.28824193967481,5.828197627636967
P11,S2,lv2,129,18.965674109134515,5.251240723585424
P11,S2,lv2,130,10.20718833899767,7.811821565874947
P11,S2,lv2,131,9.070348511486866,9.004480280499479
P11,S2,lv2,132,73.4702611385558,36.67136259805407
P11,S2,lv2,133,16.682465848804465,6.170953087412309
P11,S2,lv2,134,73.28269660882624,21.000029961396184
P11,S2,lv2,135,5.310847106348785,8.812750721910461
P11,S2,lv2,136,5.757614292198029,3.820558744089647
P11,S2,lv2,137,10.928909172167414,5.343304176955818
P11,S2,lv2,138,7.050429294961377,5.855543416525607
P11,S2,lv2,139,43.93867197739427,10.051977689245314
P11,S2,lv2,140,5.752132656024877,11.8764609858145
P11,S2,lv2,141,7.968659965662875,19.691113530293446
P11,S2,lv2,142,6.93185674915091,6.050980324058207
P11,S2,lv2,143,17.26320355100543,10.182659386556429
P11,S2,lv2,144,12.533018544920692,10.453075453345699
P11,S2,lv2,145,9.013577099680704,9.497353438617049
P11,S2,lv2,146,74.81644598858462,15.730641664275685
P11,S2,lv2,147,19.02287814008807,9.555525578031842
P11,S2,lv2,148,50.639415170880426,12.86517233490092
P12,S1,base,0,18.052462642220075,3.364620560932687
P12,S1,base,1,16.497462306300672,4.572631229096055
P12,S1,base,2,6.532070905338385,9.437777867497601
P12,S1,base,3,4.97832834244411,6.100917269351316
P12,S1,base,4,1.8354740106736391,4.749301328154355
P12,S1,base,5,2.4901920685038252,7.2836819308998715
P12,S1,base,6,17.173260592793156,10.839265876063351
P12,S1,base,7,4.463051530887575,10.58413377943865
P12,S1,base,8,5.2432598944132724,29.963250781058044
P12,S1,base,9,6.003313168628991,8.298635500523211
P12,S1,base,10,8.42971401049197,4.3873345543453635
P12,S1,base,11,7.469306535165191,3.77258394182366
P12,S1,base,12,3.9771231961658464,5.026480982463647
P12,S1,base,13,3.3201775885591136,11.8259386380895
P12,S1,base,14,3.008408787794349,4.998470331666241
P12,S1,base,15,1.98766897017897,8.362459326138401
P12,S1,base,16,5.697683080622154,5.6537063374078045
P12,S1,base,17,2.523455308308214,1.5182128938884902
P12,S1,base,18,2.216369543615347,44.0933398288276
P12,S1,base,19,3.074558384127905,4.186661392218516
P12,S1,base,20,4.905608850239492,12.033594785433255
P12,S1,base,21,3.1018004071119556,6.061264411429222
P12,S1,base,22,3.6503405714578205,19.772364608785647
P12,S1,base,23,7.2655362859884765,11.766989239645884
P12,S1,base,24,4.164970179367272,5.338604931402233
P12,S1,base,25,4.660458016778134,6.058597301217081
P12,S1,base,26,9.375030573149477,6.038345687685697
P12,S1,base,27,6.954151390983356,4.38745659210902
P12,S1,base,28,5.463431339606992,56.74765689914707
P12,S1,base,29,7.153963598183224,9.121328009803705
P12,S1,lv0,0,14.783740987614204,3.960847134192779
P12,S1,lv0,1,3.5717694208599315,2.0408110849726455
P12,S1,lv0,2,15.624144688945766,2.3011095548401808
P12,S1,lv0,3,10.811235274732665,4.366821974799348
P12,S1,lv0,4,15.020349222212554,4.0403421084322995
P12,S1,lv0,5,24.048188081267764,6.38373121822887
P12,S1,lv0,6,8.492751543985573,3.393340086626559
P12,S1,lv0,7,4.812516327252552,2.077943397327995
P12,S1,lv0,8,7.145549232313168,3.262774062796821
P12,S1,lv0,9,3.205137918218813,2.701493071038545
P12,S1,lv0,10,19.3968347257132,5.0649803150453465
P12,S1,lv0,11,9.466636680044738,5.712189731598671
P12,S1,lv0,12,7.093412565229518,4.241415383895029
P12,S1,lv0,13,4.651329890750261,3.17351811232405
P12,S1,lv0,14,3.7002497533033956,4.377085382649409
P12,S1,lv0,15,15.24482211663386,3.491618400074282
P12,S1,lv0,16,7.853100797014745,4.007693620275563
P12,S1,lv0,17,8.792340614336153,3.024690007491045
P12,S1,lv0,18,17.155002366031695,5.7695876987424475
P12,S1,lv0,19,16.8596731443211,8.456390727011147
P12,S1,lv0,20,5.2069567712760225,2.312427952547093
P12,S1,lv0,21,8.032589514582101,4.29346131833088
P12,S1,lv0,22,3.930463835338131,3.9914970157305456
P12,S1,lv0,23,16.720944862385014,4.999304068425073
P12,S1,lv0,24,4.0194952310178,3.365210490241057
P12,S1,lv0,25,17.666016976683846,9.636834013127018
P12,S1,lv0,26,7.395858713915236,3.583311500258772
P12,S1,lv0,27,4.782914120238562,4.216176543024498
P12,S1,lv0,28,6.6454540642401705,2.705600446512785
P12,S1,lv0,29,12.346802403836499,3.563988124743892
P12,S1,lv0,30,6.554532962324826,5.353857811861814
P12,S1,lv0,31,4.121908002213211,2.4731997467206357
P12,S1,lv0,32,11.381311856690115,3.84449464150092
P12,S1,lv0,33,13.972074469067593,4.472864677701454
P12,S1,lv0,34,9.118012447726995,4.544436645792373
P12,S1,lv0,35,9.71722709789369,3.5031924801422223
P12,S1,lv0,36,3.124744486093553,2.8792550601169222
P12,S1,lv0,37,7.310108737210534,3.207892922821776
P12,S1,lv0,38,7.295442617939121,5.365991881485564
P12,S1,lv0,39,10.308117142658459,3.0751998590613736
P12,S1,lv0,40,19.349342853085144,6.39909648280144
P12,S1,lv0,41,6.51509230086713,4.921540443535611
P12,S1,lv0,42,7.459733170838468,4.285544991722366
P12,S1,lv0,43,16.424883806737096,4.206374972677013
P12,S1,lv0,44,4.682164594528445,1.8999992158710506
P12,S1,lv0,45,10.611007331141934,6.383027627109574
P12,S1,lv0,46,6.668627828425462,5.142863120959636
P12,S1,lv0,47,7.332470943725612,6.1536977577584
P12,S1,lv0,48,4.395831923723638,5.792030620760843
P12,S1,lv0,49,9.410462500675454,2.9764035592092095
P12,S1,lv0,50,5.6476238803913,4.528288919980485
P12,S1,lv0,51,5.236314914041056,2.8929461741938582
P12,S1,lv0,52,8.388061464980225,3.711817632195963
P12,S1,lv0,53,9.791029793054113,3.2356600902570443
P12,S1,lv0,54,6.241728586139554,2.6945161720801023
P12,S1,lv0,55,9.93288204247898,3.901365089670844
P12,S1,lv0,56,8.275839057208682,8.199463961517324
P12,S1,lv0,57,8.393173455720436,4.99285752099905
P12,S1,lv0,58,6.381504965450311,2.669604886208043
P12,S1,lv0,59,6.4415731947188695,3.0683866621947398
P12,S1,lv0,60,4.319642690431069,6.369897488355471
P12,S1,lv0,61,7.324693513438077,5.3126503520159325
P12,S1,lv0,62,5.401203628665634,4.720473857134411
P12,S1,lv0,63,28.185469545661256,3.6146319687395567
P12,S1,lv0,64,2.850494533471737,2.795228242213175
P12,S1,lv0,65,8.209890380024804,5.07828216795541
P12,S1,lv0,66,13.52486639571496,5.802911571045725
P12,S1,lv0,67,7.013269884889724,4.106128441579474
P12,S1,lv0,68,3.4863393921288885,2.865497826821629
P12,S1,lv0,69,10.01432939960747,7.747843503398724
P12,S1,lv0,70,6.147866189064566,3.5107326584408103
P12,S1,lv0,71,5.291240436752277,3.595775488297867
P12,S1,lv0,72,5.384477730876443,5.457919905423158
P12,S1,lv0,73,5.804731591776302,3.670939295826239
P12,S1,lv0,74,21.13843966845563,4.061946110957067
P12,S1,lv0,75,10.455746384100166,3.266344692574248
P12,S1,lv0,76,10.16323268029515,3.856936986889225
P12,S1,lv0,77,2.981482180640851,2.4437528646282836
P12,S1,lv0,78,8.335224555586247,5.1087533293655785
P12,S1,lv0,79,13.896133442381133,3.3546507980149882
P12,S1,lv0,80,18.894025438090065,4.848320799325126
P12,S1,lv0,81,3.994325587554366,7.706968702959441
P12,S1,lv0,82,6.499529721038719,3.2996839998834138
P12,S1,lv0,83,5.9357699632688545,4.1369596086846006
P12,S1,lv0,84,4.0073054090635125,3.8560711120815285
P12,S1,lv0,85,10.394336261546133,3.426987143724823
P12,S1,lv0,86,10.039371729293,3.8044932543861485
P12,S1,lv0,87,10.940060944117752,12.269962976925578
P12,S1,lv0,88,17.82767465505712,3.802975849380822
P12,S1,lv0,89,1.837569362725782,2.428465399757619
P12,S1,lv0,90,5.432767592196386,3.1417495768256853
P12,S1,lv0,91,4.9653455653456815,2.7119980031628246
P12,S1,lv0,92,21.648228066231187,6.540575500609719
P12,S1,lv0,93,5.9892511446854675,3.1857087625943463
P12,S1,lv0,94,3.996727318355724,3.5713608002272856
P12,S1,lv0,95,6.0830058236490325,3.7509915629990482
P12,S1,lv0,96,27.571362193176945,4.440924471794432
P12,S1,lv0,97,5.287995472751634,3.96853691519637
P12,S1,lv0,98,10.537503162347482,7.563609543962907
P12,S1,lv0,99,14.345712068003538,2.8279258017265447
P12,S1,lv0,100,2.394315443692333,3.6466291945092046
P12,S1,lv0,101,22.906202974081815,6.7639728836582504
P12,S1,lv0,102,11.85247984939677,8.150624547538458
P12,S1,lv0,103,3.1165411770258347,6.286333455070007
P12,S1,lv0,104,4.767927231270608,4.9292045409928775
P12,S1,lv0,105,15.586325244049226,5.087627106273814
P12,S1,lv0,106,11.823195108726063,6.231600642515924
P12,S1,lv0,107,8.232722374720929,3.3471609841186556
P12,S1,lv0,108,5.885971929924659,4.269464188160775
P12,S1,lv0,109,7.793362717483444,3.68173457596145
P12,S1,lv0,110,13.079450258818465,2.7249620446129086
P12,S1,lv0,111,4.952427974891036,2.8665694071004806
P12,S1,lv0,112,5.520403843140923,5.398998275605008
P12,S1,lv0,113,18.81125981281697,5.032664355070905
P12,S1,lv0,114,7.946917728959379,5.489383751583818
P12,S1,lv0,115,3.476954594398773,2.4411651828226058
P12,S1,lv0,116,2.768200167245173,2.1790570513850147
P12,S1,lv0,117,2.5260609069215176,3.1516977643266837
P12,S1,lv0,118,2.315068517214784,2.2889470016887508
P12,S1,lv0,119,8.955049791661944,3.6861481557531808
P12,S1,lv0,120,5.98573876057154,5.154539156497171
P12,S1,lv0,121,13.317456003171108,3.939079065691604
P12,S1,lv0,122,5.162915510487012,4.956126672045171
P12,S1,lv0,123,31.068792687324315,4.986920098658681
P12,S1,lv0,124,10.221499377007289,4.199897595329941
P12,S1,lv0,125,4.633744743043213,5.674476221943351
P12,S1,lv0,126,3.9112890773076847,4.796448201741049
P12,S1,lv0,127,5.944824397940749,5.588700266685558
P12,S1,lv0,128,2.987768823649828,4.732797814294147
P12,S1,lv0,129,4.979963032053805,5.31247518799695
P12,S1,lv0,130,5.4209554781169,3.8221222458846746
P12,S1,lv0,131,14.232340211683717,4.929203904255356
P12,S1,lv0,132,9.226065174745328,8.91577586020511
P12,S1,lv0,133,31.431613808996698,6.5803034436540875
P12,S1,lv0,134,3.748977213246587,2.647047385672721
P12,S1,lv0,135,5.315704706332985,2.873694896529194
P12,S1,lv0,136,3.0257412306926494,3.700821808090577
P12,S1,lv0,137,7.240546954502976,5.40022153503773
P12,S1,lv0,138,6.612395892662317,3.7776290296172537
P12,S1,lv0,139,19.88256895770805,4.268892322861928
P12,S1,lv0,140,9.96873581566028,4.865655211465747
P12,S1,lv0,141,6.156968312534929,2.538781530819046
P12,S1,lv0,142,7.668378251798475,3.7581618000303103
P12,S1,lv0,143,4.615934458520031,2.898648661364128
P12,S1,lv0,144,6.305223199723786,3.8872851146937326
P12,S1,lv0,145,9.571243506997655,7.436621523796482
P12,S1,lv0,146,4.009426029426929,5.166509184268849
P12,S1,lv0,147,11.416279495911185,4.128517134367892
P12,S1,lv0,148,5.543864601703418,6.052216021658691
P12,S1,lv1,0,4.4215577460221915,3.699709952421602
P12,S1,lv1,1,3.6320685873658825,3.622461385428048
P12,S1,lv1,2,5.678752859704896,1.8343896165093898
P12,S1,lv1,3,13.74458637929659,4.665096524244528
P12,S1,lv1,4,5.792073241623787,4.141954500450403
P12,S1,lv1,5,26.04053386750411,4.48532937396774
P12,S1,lv1,6,4.806276975190392,4.20152628464945
P12,S1,lv1,7,6.678124413024257,4.4469421806436324
P12,S1,lv1,8,15.083623788193645,2.6003706247260294
P12,S1,lv1,9,27.709700624775483,7.401228341760311
P12,S1,lv1,10,7.573283255581555,5.313349592550737
P12,S1,lv1,11,3.0497199520801272,2.6291946745912838
P12,S1,lv1,12,12.573287493959926,4.009173058642018
P12,S1,lv1,13,14.629920433273783,3.3823433426666
P12,S1,lv1,14,11.451028820439868,5.495253656744485
P12,S1,lv1,15,27.46224290139137,5.101394074082782
P12,S1,lv1,16,8.943661148314307,3.4395380813802667
P12,S1,lv1,17,4.577303845409752,2.730800405694515
P12,S1,lv1,18,5.716156862737471,3.538539899699902
P12,S1,lv1,19,10.661241637874625,5.134829674899558
P12,S1,lv1,20,1.1974611132599438,2.2407657862145824
P12,S1,lv1,21,23.01286994293933,5.703237244871746
P12,S1,lv1,22,11.114649547664786,4.845260499227286
P12,S1,lv1,23,22.618365274736497,5.080441181540959
P12,S1,lv1,24,9.496939052259007,5.456780663506254
P12,S1,lv1,25,5.368528130164109,4.836761300414581
P12,S1,lv1,26,10.994971571366337,5.790935547479458
P12,S1,lv1,27,7.841889045435613,8.831846237923813
P12,S1,lv1,28,5.639806603384165,3.3129967159555953
P12,S1,lv1,29,6.1791230036636575,5.025675334459951
P12,S1,lv1,30,7.76827249712146,3.4968211378702287
P12,S1,lv1,31,20.74401188177006,7.803538115644651
P12,S1,lv1,32,9.789040046665901,6.724226359465197
P12,S1,lv1,33,3.9443706001985874,2.286586796132947
P12,S1,lv1,34,7.084155875074559,2.4449979363673813
P12,S1,lv1,35,10.064657300515794,4.5967253758868525
P12,S1,lv1,36,16.24174969980115,2.725096062699159
P12,S1,lv1,37,17.702167986850704,6.307090317701847
P12,S1,lv1,38,4.700468348471724,4.329469549392572
P12,S1,lv1,39,21.833277555035938,5.215684336621113
P12,S1,lv1,40,6.346453652916677,10.047978078982299
P12,S1,lv1,41,4.971283537626988,3.136278311686348
P12,S1,lv1,42,19.600653599933867,5.085026419795935
P12,S1,lv1,43,3.4166407249726936,2.5194007186565437
P12,S1,lv1,44,4.8886611608620445,3.584694119543679
P12,S1,lv1,45,15.441021792002541,3.1858663327113783
P12,S1,lv1,46,9.69337369224909,8.372621132705719
P12,S1,lv1,47,14.874482268879397,5.3784705149231264
P12,S1,lv1,48,5.6133411157425535,6.806371725801002
P12,S1,lv1,49,7.799775815026906,2.6455453772552833
P12,S1,lv1,50,9.278418703777424,6.132884366445777
P12,S1,lv1,51,46.62344896925684,6.597836582918449
P12,S1,lv1,52,5.48853315813851,4.569913282488856
P12,S1,lv1,53,9.431129311454807,3.573819865502646
P12,S1,lv1,54,15.165622770597318,2.8694837142083123
P12,S1,lv1,55,3.3970633674540287,3.3093365152653695
P12,S1,lv1,56,21.238816164201037,5.9940991981598835
P12,S1,lv1,57,18.91182659758863,6.593434609660873
P12,S1,lv1,58,14.96640633485201,5.483437006070398
P12,S1,lv1,59,3.8686144457607856,5.175035923259043
P12,S1,lv1,60,4.9813074543603895,2.6174768710935354
P12,S1,lv1,61,10.662106712093204,12.63139774901378
P12,S1,lv1,62,23.713133669903772,9.65570111347014
P12,S1,lv1,63,5.039519586654908,5.357385535997421
P12,S1,lv1,64,10.173786414034836,4.048822972971929
P12,S1,lv1,65,20.572048244640612,5.6015265424563365
P12,S1,lv1,66,4.440563975444329,3.5218454618962514
P12,S1,lv1,67,5.583664370979443,4.1759386182705
P12,S1,lv1,68,7.573932186544181,4.432825937146983
P12,S1,lv1,69,3.5760335186058114,4.752705554893372
P12,S1,lv1,70,10.932763193244101,3.722169549154353
P12,S1,lv1,71,7.946503295600375,3.7178031237218976
P12,S1,lv1,72,13.37809025691761,4.1521215860708995
P12,S1,lv1,73,9.146983056884483,6.684267949412209
P12,S1,lv1,74,5.524045548654067,3.9832153447910006
P12,S1,lv1,75,14.328880132969799,2.925668293710654
P12,S1,lv1,76,4.2920521722264695,3.0530751762348616
P12,S1,lv1,77,14.560129436989586,2.623038464951887
P12,S1,lv1,78,9.48026249131463,5.256243966492625
P12,S1,lv1,79,13.109727566225295,1.9260045753672417
P12,S1,lv1,80,5.055138227469251,5.151683490428762
P12,S1,lv1,81,4.471671688727695,3.3729519898582048
P12,S1,lv1,82,1.8609557207683136,2.7718702716668875
P12,S1,lv1,83,7.597446076624926,3.906481491220012
P12,S1,lv1,84,14.629432034480034,3.6145608765199064
P12,S1,lv1,85,7.89356355840476,5.990957745204973
P12,S1,lv1,86,6.388034026978294,2.694571937882322
P12,S1,lv1,87,14.608498696938911,4.396793998100855
P12,S1,lv1,88,6.0811961775726,7.359263888650494
P12,S1,lv1,89,8.69908992965347,4.253160474191387
P12,S1,lv1,90,6.492065763047605,4.046956803201409
P12,S1,lv1,91,12.407180171496059,6.891122035727202
P12,S1,lv1,92,7.457710677253558,5.384866039888301
P12,S1,lv1,93,12.662283768904846,5.1776832981351815
P12,S1,lv1,94,4.569014819968065,6.018928474746174
P12,S1,lv1,95,4.405714709493056,5.3964853008033975
P12,S1,lv1,96,6.9304206634476895,5.722440771975056
P12,S1,lv1,97,3.004357784448964,2.733442635354887
P12,S1,lv1,98,12.215754066003685,4.464118493236849
P12,S1,lv1,99,4.352237843170255,4.153515982482329
P12,S1,lv1,100,5.770091721552941,5.207523052531046
P12,S1,lv1,101,3.8136061492807727,2.750716239392951
P12,S1,lv1,102,13.464686866869569,3.096701605432977
P12,S1,lv1,103,6.618248420831923,3.3613317566640277
P12,S1,lv1,104,5.451270401934378,7.582362927046567
P12,S1,lv1,105,6.766930387857361,2.349515619810377
P12,S1,lv1,106,7.931528672391961,4.63042152817912
P12,S1,lv1,107,8.22911588325401,3.1345978079956383
P12,S1,lv1,108,4.091667198128103,2.9972393905836463
P12,S1,lv1,109,6.973029746068641,3.3879707390511054
P12,S1,lv1,110,15.471760665867594,14.052736737885805
P12,S1,lv1,111,3.0315115460686513,3.3859307115381547
P12,S1,lv1,112,8.319432266581444,5.880560525567748
P12,S1,lv1,113,12.661184178890696,4.347598201068074
P12,S1,lv1,114,5.864578783502644,3.1330114712515327
P12,S1,lv1,115,12.598183418483218,5.225745994035709
P12,S1,lv1,116,5.549624296800056,5.868214947853628
P12,S1,lv1,117,3.7817100057170667,4.485881615347459
P12,S1,lv1,118,8.969874574080508,3.1714573672684345
P12,S1,lv1,119,13.929013112660595,3.5936993058559463
P12,S1,lv1,120,10.969295804921492,5.498706248133116
P12,S1,lv1,121,12.5050169324665,5.199056180704522
P12,S1,lv1,122,11.14951120109849,5.351784791597754
P12,S1,lv1,123,7.265110206963527,3.814064224961156
P12,S1,lv1,124,4.5431953636508515,3.2720049746859226
P12,S1,lv1,125,4.374722422906504,2.860901523733814
P12,S1,lv1,126,6.263794121084044,3.479147197763465
P12,S1,lv1,127,14.840889323056043,5.122260780490493
P12,S1,lv1,128,14.913246441090646,4.823679491720897
P12,S1,lv1,129,9.127382296260327,2.253735920936439
P12,S1,lv1,130,29.208977419994508,6.402119372212428
P12,S1,lv1,131,5.559735275292605,5.425476043589747
P12,S1,lv1,132,5.0751126598377425,3.886131784451549
P12,S1,lv1,133,6.443430039085705,3.3972751240449064
P12,S1,lv1,134,6.712659202225425,5.0043152941959645
P12,S1,lv1,135,3.5443026620574773,3.1866725880619593
P12,S1,lv1,136,2.8023461204181994,5.891179392829259
P12,S1,lv1,137,14.168770630981923,2.9285267107872732
P12,S1,lv1,138,8.869111058448214,9.539736456643803
P12,S1,lv1,139,7.891349651304302,3.7167055343383804
P12,S1,lv1,140,3.3909468157606826,3.6912814260236795
P12,S1,lv1,141,12.242267944268646,3.211977223548925
P12,S1,lv1,142,16.962525138882135,3.7525268603950486
P12,S1,lv1,143,8.864593443126088,5.836223615237727
P12,S1,lv1,144,9.897220416272411,4.928819864758102
P12,S1,lv1,145,10.11814416440914,6.695700579183497
P12,S1,lv1,146,2.7540943130026823,3.119898922040485
P12,S1,lv1,147,5.901154078033221,6.431241725392404
P12,S1,lv1,148,10.495789577847718,4.386792766838852
P12,S1,lv2,0,2.877462921936322,3.465720408217023
P12,S1,lv2,1,7.02603233044173,5.955506826028869
P12,S1,lv2,2,2.6148045798517554,6.883040012225664
P12,S1,lv2,3,17.592411279130165,5.580958885583852
P12,S1,lv2,4,3.5867436120034255,4.3996173964613225
P12,S1,lv2,5,5.016794417121026,3.354748993459632
P12,S1,lv2,6,19.938313071892022,4.569765079809532
P12,S1,lv2,7,2.679339133608013,2.2789117428902417
P12,S1,lv2,8,4.798261578125583,3.7073099346569993
P12,S1,lv2,9,18.535621721097858,6.332163072150764
P12,S1,lv2,10,5.921457810891059,2.4340647759784777
P12,S1,lv2,11,9.921387384359353,8.234014303849577
P12,S1,lv2,12,3.394887055727032,3.516812455748589
P12,S1,lv2,13,6.71835178421115,4.371386507040789
P12,S1,lv2,14,3.8745358522970856,4.413108554292345
P12,S1,lv2,15,4.7388634064722,3.731438481003083
P12,S1,lv2,16,41.36453504418799,6.010563525078264
P12,S1,lv2,17,4.44518856073483,2.67607527054743
P12,S1,lv2,18,5.036708880938089,4.392613543070479
P12,S1,lv2,19,3.3922093207668333,2.343541759884684
P12,S1,lv2,20,20.309328653003814,6.497158742453886
P12,S1,lv2,21,8.07742825185198,3.755209967785269
P12,S1,lv2,22,6.924829288121647,3.9991393152217976
P12,S1,lv2,23,11.785792723731678,5.882409812082154
P12,S1,lv2,24,7.1027131649544355,3.1959606462815735
P12,S1,lv2,25,8.420420869080118,4.967670311184196
P12,S1,lv2,26,11.619948233328344,5.219465709559118
P12,S1,lv2,27,8.386620014791195,10.480819782724724
P12,S1,lv2,28,9.274136042265791,4.937827447429188
P12,S1,lv2,29,5.077995282005008,8.294046771621137
P12,S1,lv2,30,29.530052933370534,5.104253567899871
P12,S1,lv2,31,5.358973942172131,10.922858966868239
P12,S1,lv2,32,4.980500036496534,2.3537620193038356
P12,S1,lv2,33,12.18237290502777,3.194443739337156
P12,S1,lv2,34,9.561729024320718,5.360187179197309
P12,S1,lv2,35,5.665763825946333,6.918356219963147
P12,S1,lv2,36,12.378346839837015,6.293163977623049
P12,S1,lv2,37,9.360096368223598,7.315792648409108
P12,S1,lv2,38,5.4564970148405125,3.9909840515444586
P12,S1,lv2,39,25.5176339003561,6.197381898927661
P12,S1,lv2,40,4.522868346774307,3.450834226413503
P12,S1,lv2,41,14.283332150305135,5.316014768973798
P12,S1,lv2,42,8.495572977367727,5.363029899693888
P12,S1,lv2,43,6.138103516712639,4.264655153463113
P12,S1,lv2,44,12.414921551356295,7.374835930112418
P12,S1,lv2,45,15.030898865193022,3.922768036663272
P12,S1,lv2,46,8.809164439790433,4.486078106902002
P12,S1,lv2,47,5.284261222777564,3.8218749618986743
P12,S1,lv2,48,15.2897844474677,8.4840111595376
P12,S1,lv2,49,8.57999351868903,3.9301493381585955
P12,S1,lv2,50,9.603784523409168,5.502723455061402
P12,S1,lv2,51,5.822261188817407,2.9376204424995134
P12,S1,lv2,52,2.8523311541564906,3.5715514704777824
P12,S1,lv2,53,43.86009977392409,4.920976788912865
P12,S1,lv2,54,23.954253548243926,5.219460614542123
P12,S1,lv2,55,7.087151151406329,15.478355093188872
P12,S1,lv2,56,7.037448378434665,6.508358286812004
P12,S1,lv2,57,2.379649491366533,3.354478731639715
P12,S1,lv2,58,10.259091191034642,9.235615539116353
P12,S1,lv2,59,8.305681449710177,9.587399475513978
P12,S1,lv2,60,5.737154893274437,5.106790555251446
P12,S1,lv2,61,2.9326695838186216,3.814111146692754
P12,S1,lv2,62,8.809492259251103,8.761927020037866
P12,S1,lv2,63,5.982730150664132,3.8856032493530632
P12,S1,lv2,64,7.511141786174187,3.406316485932718
P12,S1,lv2,65,17.288120587000364,10.927054451092893
P12,S1,lv2,66,42.787641565805906,3.8518325966927374
P12,S1,lv2,67,5.5321174830375455,10.815812954714096
P12,S1,lv2,68,6.037999740401557,2.0566699737605525
P12,S1,lv2,69,36.4572056123948,5.67010886595173
P12,S1,lv2,70,2.2827641432795343,2.8107990836588974
P12,S1,lv2,71,1.9880853043541893,3.5621584211812998
P12,S1,lv2,72,9.660571990930615,4.246766404715357
P12,S1,lv2,73,7.330814333670463,5.713876323883133
P12,S1,lv2,74,7.650086285398078,3.6952536997933145
P12,S1,lv2,75,26.267894623549157,4.172101803965259
P12,S1,lv2,76,6.076899919041057,2.4723341677965402
P12,S1,lv2,77,6.097788242463121,2.808318457772664
P12,S1,lv2,78,12.726684858278398,4.486079127941127
P12,S1,lv2,79,9.088190878212341,3.414436487400569
P12,S1,lv2,80,8.721773964016323,5.2332318352672615
P12,S1,lv2,81,40.489564340230146,4.978124962278741
P12,S1,lv2,82,3.910395856864629,2.793046183788314
P12,S1,lv2,83,4.232471100121258,4.57218280132863
P12,S1,lv2,84,11.6030858603298,8.364437885044325
P12,S1,lv2,85,19.932383540016005,6.129773260712021
P12,S1,lv2,86,30.27408354481185,6.195323926954411
P12,S1,lv2,87,3.5099662218403602,6.850299493336817
P12,S1,lv2,88,5.975244579826384,4.637395949097027
P12,S1,lv2,89,5.372270258325234,4.66265344799631
P12,S1,lv2,90,18.529412601235112,2.681095725000436
P12,S1,lv2,91,8.869333098870781,5.5240782842598355
P12,S1,lv2,92,15.761158527586632,3.2383448101901147
P12,S1,lv2,93,5.4841187639025115,3.3118617129849577
P12,S1,lv2,94,4.202834172749557,4.2949337607201565
P12,S1,lv2,95,22.716046190910017,6.195141045734291
P12,S1,lv2,96,7.6972577875304244,5.841106635562185
P12,S1,lv2,97,9.244985087133536,6.393434051518485
P12,S1,lv2,98,5.729222319553934,8.629803501240005
P12,S1,lv2,99,5.572025368662428,2.970683167767728
P12,S1,lv2,100,22.405691559019417,3.425847530687854
P12,S1,lv2,101,3.5460961243438893,2.046626298173908
P12,S1,lv2,102,10.643670228929809,6.476397248289386
P12,S1,lv2,103,14.73109741368437,4.644400786380311
P12,S1,lv2,104,16.03569738171173,2.6144305305446798
P12,S1,lv2,105,5.594097172861394,5.273317357304899
P12,S1,lv2,106,7.859003058854092,3.5268716089779995
P12,S1,lv2,107,12.021628764929686,5.4300349829476575
P12,S1,lv2,108,21.917398810333683,4.297326391917046
P12,S1,lv2,109,2.7802062238010143,2.7299222217371812
P12,S1,lv2,110,4.439182618299976,5.71293320306399
P12,S1,lv2,111,3.834389927277629,4.583093613898794
P12,S1,lv2,112,6.054363297939371,3.767118466459174
P12,S1,lv2,113,8.721296101481917,5.326003166411854
P12,S1,lv2,114,3.215364814978853,4.6983723871677
P12,S1,lv2,115,13.2994521539182,6.749535642869133
P12,S1,lv2,116,3.722456794847511,2.7285847646262646
P12,S1,lv2,117,9.779324567957294,2.5854677446221976
P12,S1,lv2,118,5.522139682713561,12.056723833514349
P12,S1,lv2,119,5.772821867096705,3.101290125399334
P12,S1,lv2,120,5.007605345464769,5.362984166470798
P12,S1,lv2,121,8.052254471136491,7.802150351392009
P12,S1,lv2,122,7.598068479552253,5.3764823136575615
P12,S1,lv2,123,39.415543312628806,5.408434589509967
P12,S1,lv2,124,4.649316402905358,4.780873176139316
P12,S1,lv2,125,16.367661657311018,6.985868894313225
P12,S1,lv2,126,3.895794487607729,5.478827854836214
P12,S1,lv2,127,5.708805208039359,2.8164056109868634
P12,S1,lv2,128,4.73761911855252,3.769258253180775
P12,S1,lv2,129,24.608064787406338,4.188412624820143
P12,S1,lv2,130,16.276280226476384,7.46899181429757
P12,S1,lv2,131,3.0944061445311375,3.291537070468023
P12,S1,lv2,132,2.3315822511052082,5.655209802938636
P12,S1,lv2,133,6.151312606364652,4.311435333015807
P12,S1,lv2,134,6.626480729458552,11.96959551168927
P12,S1,lv2,135,8.958205310742137,5.472130382290043
P12,S1,lv2,136,36.66734296708518,5.935912878064634
P12,S1,lv2,137,6.218379040994977,3.2761041487392837
P12,S1,lv2,138,45.115044841499696,12.339649692640876
P12,S1,lv2,139,4.952273407360839,4.792970507654496
P12,S1,lv2,140,13.275970805948495,5.082818332130594
P12,S1,lv2,141,12.496710435153956,2.8125622262521306
P12,S1,lv2,142,5.315638398776212,4.499402131140373
P12,S1,lv2,143,37.486006600417554,4.649777776795739
P12,S1,lv2,144,9.573213720087518,8.348842580773468
P12,S1,lv2,145,9.773908507673466,3.570943861019199
P12,S1,lv2,146,7.384415924529544,4.25129833018676
P12,S1,lv2,147,38.38113597884662,7.330460251524594
P12,S1,lv2,148,24.838666860126732,4.960365152566357
P12,S2,base,0,62.68510806836398,9.087441435703564
P12,S2,base,1,19.195625421457944,7.346660739835644
P12,S2,base,2,15.467420388061262,6.346650346949637
P12,S2,base,3,2.7998449447888003,5.209734104242358
P12,S2,base,4,33.44732662453056,2.9949032032901366
P12,S2,base,5,8.879875952351545,8.182658928363587
P12,S2,base,6,13.115544193300526,5.149454629713439
P12,S2,base,7,8.075545014227641,9.043506177819317
P12,S2,base,8,4.421779600888511,3.1348527729925544
P12,S2,base,9,3.993788516370248,2.8998798212608476
P12,S2,base,10,3.410366281345199,3.186754904512872
P12,S2,base,11,2.25487771408747,3.6746740588787654
P12,S2,base,12,5.827981631209467,3.154813208472571
P12,S2,base,13,3.929609810839065,4.496392989239822
P12,S2,base,14,8.096285853036111,5.952851922236386
P12,S2,base,15,18.0274253213366,4.086055041634919
P12,S2,base,16,3.641365286285355,4.86018099547342
P12,S2,base,17,4.182936843118487,3.351773410463943
P12,S2,base,18,3.555537171152285,2.747463219776985
P12,S2,base,19,2.044119391860959,1.2726482045540954
P12,S2,base,20,4.893286945271905,6.477629470970561
P12,S2,base,21,45.758731826114996,3.9518585458314
P12,S2,base,22,10.04267747010365,5.701932790023946
P12,S2,base,23,2.35687543085214,2.8166175849587822
P12,S2,base,24,3.6359734038790554,3.579466563637389
P12,S2,base,25,3.8795669183161277,4.5239690427258985
P12,S2,base,26,24.750385970788695,3.154235198291029
P12,S2,base,27,24.03663469252685,5.3727283204233
P12,S2,base,28,2.2114092048361544,2.9218898446824526
P12,S2,base,29,5.11560988033932,6.364562660094218
P12,S2,lv0,0,8.324424164360657,5.340473534324559
P12,S2,lv0,1,10.732483912370135,3.654782619666535
P12,S2,lv0,2,9.29706468989543,4.362031280945488
P12,S2,lv0,3,10.846234569805473,6.292185063657732
P12,S2,lv0,4,3.98851775916587,2.2120536785945175
P12,S2,lv0,5,4.1853437075624536,3.943015441081616
P12,S2,lv0,6,7.931287010910808,7.6327270432528715
P12,S2,lv0,7,7.381165197008097,3.600693494137663
P12,S2,lv0,8,5.464032868486844,2.5688770704031425
P12,S2,lv0,9,4.821498434224141,2.621415539647416
P12,S2,lv0,10,5.442872488737567,2.7095953239534087
P12,S2,lv0,11,8.968356436772346,7.340480132709886
P12,S2,lv0,12,18.086304403317925,6.052208502757223
P12,S2,lv0,13,7.502872817851173,5.715895022818741
P12,S2,lv0,14,3.502411299751279,3.5332788388778233
P12,S2,lv0,15,19.309442742857417,4.674176472569451
P12,S2,lv0,16,6.023966823369107,3.145376596522111
P12,S2,lv0,17,6.003929217028001,3.2849211872505792
P12,S2,lv0,18,10.41724185965152,4.366068344783687
P12,S2,lv0,19,4.820351758283344,2.7992434184863018
P12,S2,lv0,20,12.895858432232286,3.426640998948478
P12,S2,lv0,21,5.958770849921335,4.854607045674275
P12,S2,lv0,22,4.332791450378356,4.246891113411168
P12,S2,lv0,23,6.888479452758644,3.679521756614983
P12,S2,lv0,24,8.376954554334253,6.729435206651213
P12,S2,lv0,25,14.613944952747318,22.472409803043004
P12,S2,lv0,26,11.584818421192956,4.2396820709426235
P12,S2,lv0,27,8.393789600170889,4.166114899145127
P12,S2,lv0,28,7.386351714884809,6.265645771880527
P12,S2,lv0,29,3.431914951886741,3.79441399495035
P12,S2,lv0,30,7.995382482376001,5.062971611053325
P12,S2,lv0,31,24.708970875348385,3.4135518709971002
P12,S2,lv0,32,6.197875285489719,4.578200512941382
P12,S2,lv0,33,21.033425904641422,3.4707760537708534
P12,S2,lv0,34,8.385254389563169,3.9578124610189036
P12,S2,lv0,35,9.906741728995232,4.194299153499754
P12,S2,lv0,36,8.541858768008128,2.4850129257608127
P12,S2,lv0,37,4.664754681288772,3.971300367335634
P12,S2,lv0,38,5.452648309245635,3.8045801205376253
P12,S2,lv0,39,23.4374715909174,4.412700932071538
P12,S2,lv0,40,10.224886158357195,2.205005695386389
P12,S2,lv0,41,18.000561492387803,4.863344167836182
P12,S2,lv0,42,6.161982079004231,2.6607919584264166
P12,S2,lv0,43,10.28613641843938,6.120257498269681
P12,S2,lv0,44,17.301122356463345,6.299020089931688
P12,S2,lv0,45,9.300637697727659,3.767144721628057
P12,S2,lv0,46,6.880991128922783,2.953394904509916
P12,S2,lv0,47,5.172466899574567,3.607642834367672
P12,S2,lv0,48,14.574035997933992,3.2264773030547524
P12,S2,lv0,49,11.648423050874996,4.852229934746895
P12,S2,lv0,50,22.40878284151268,5.029164179386196
P12,S2,lv0,51,7.56703328552777,2.6492509672054023
P12,S2,lv0,52,10.8323770437746,6.207378253172415
P12,S2,lv0,53,8.24135464718257,7.791898822333606
P12,S2,lv0,54,8.492273750729174,3.3964270405181076
P12,S2,lv0,55,4.935659906442696,4.388967106273213
P12,S2,lv0,56,2.4410708737036084,3.694123330236451
P12,S2,lv0,57,5.49827860275134,5.227756072274071
P12,S2,lv0,58,7.360934063281303,4.36451059999542
P12,S2,lv0,59,18.944022549009762,14.950455987137838
P12,S2,lv0,60,12.90008167306761,3.6040554740320645
P12,S2,lv0,61,11.175424295632903,7.810608635870031
P12,S2,lv0,62,7.095393176530633,2.974965708076813
P12,S2,lv0,63,10.356967086561323,2.9447235442935686
P12,S2,lv0,64,5.236657764461574,3.535193438188931
P12,S2,lv0,65,3.4925342481101325,2.543730995433621
P12,S2,lv0,66,6.755689108020005,4.024872086815589
P12,S2,lv0,67,4.720248043237226,3.942206140308872
P12,S2,lv0,68,36.77823374351312,5.098221130158916
P12,S2,lv0,69,8.086701608648909,4.802097773584737
P12,S2,lv0,70,13.83931556757531,5.237097590308542
P12,S2,lv0,71,10.005831947796336,3.510384836965728
P12,S2,lv0,72,5.245288732866082,3.443031008292841
P12,S2,lv0,73,14.938029564277782,6.43129074477991
P12,S2,lv0,74,7.825707922855419,5.196664899151129
P12,S2,lv0,75,7.311785859003312,6.111893491040636
P12,S2,lv0,76,4.582385467606762,5.227538053491369
P12,S2,lv0,77,13.211539584546514,10.347411257798557
P12,S2,lv0,78,26.080598571735965,10.178853554963348
P12,S2,lv0,79,17.586775793989208,4.784976954630227
P12,S2,lv0,80,10.692535218173122,6.048860717875077
P12,S2,lv0,81,16.34030475259771,3.88395305660999
P12,S2,lv0,82,8.84441955296374,6.096429939900528
P12,S2,lv0,83,12.50620625466519,3.857447537059421
P12,S2,lv0,84,22.446471814501674,3.8752184757537362
P12,S2,lv0,85,4.334046142503131,5.297487860485042
P12,S2,lv0,86,8.17950721516615,3.501934076191149
P12,S2,lv0,87,6.9171870037480225,3.0248079102869654
P12,S2,lv0,88,9.65141964938435,3.8315052021956517
P12,S2,lv0,89,8.187870027903543,2.158077471659632
P12,S2,lv0,90,6.310416430556138,3.7202960812844714
P12,S2,lv0,91,6.416516463606705,6.096882600671885
P12,S2,lv0,92,11.298169256735807,5.897962377020762
P12,S2,lv0,93,6.778865441807433,3.8535298218646843
P12,S2,lv0,94,9.853751264949754,4.000366870064306
P12,S2,lv0,95,9.353650695138231,4.552795795435294
P12,S2,lv0,96,5.049099890947688,3.461024741639816
P12,S2,lv0,97,8.895667049177598,5.1026627019457145
P12,S2,lv0,98,8.0723680459129,3.195555633691674
P12,S2,lv0,99,10.898024315519958,3.8701357933537777
P12,S2,lv0,100,7.924187302991746,2.9926360913103247
P12,S2,lv0,101,9.940151851498312,3.59685843053467
P12,S2,lv0,102,3.9509130279141895,2.00041469189549
P12,S2,lv0,103,4.4145929262325,3.962306618172508
P12,S2,lv0,104,6.422755574685275,3.287222468719141
P12,S2,lv0,105,8.038930117754306,5.739646865562957
P12,S2,lv0,106,6.950027725767776,2.8407649787070626
P12,S2,lv0,107,13.408541745015938,8.581724507624749
P12,S2,lv0,108,7.215010907747699,2.971434242244713
P12,S2,lv0,109,9.204232622011013,7.428775154096089
P12,S2,lv0,110,8.037278728944301,6.4824627150700485
P12,S2,lv0,111,23.35358816625123,4.128799219202651
P12,S2,lv0,112,7.359320226418443,4.856171159165897
P12,S2,lv0,113,6.4848014148438455,3.6131079771837964
P12,S2,lv0,114,9.76195180307525,3.73998772944057
P12,S2,lv0,115,21.833216559511722,11.51698594896215
P12,S2,lv0,116,5.932601802206897,3.5911806507316717
P12,S2,lv0,117,7.089699114792756,4.7644196443038105
P12,S2,lv0,118,6.531436848592995,2.207157331090207
P12,S2,lv0,119,4.779077675175749,5.1092220659619505
P12,S2,lv0,120,6.96943077334936,4.831483819431492
P12,S2,lv0,121,6.987178451574722,5.032529272673446
P12,S2,lv0,122,3.0917339386042024,2.8199249935542703
P12,S2,lv0,123,4.070793825061312,4.335130963470711
P12,S2,lv0,124,4.76918390181526,3.6920694945529
P12,S2,lv0,125,5.091601148540708,3.697716639703329
P12,S2,lv0,126,8.227159718447748,3.2523047361845974
P12,S2,lv0,127,3.253731565610088,4.4368758182364845
P12,S2,lv0,128,7.327047287846318,4.691128637143574
P12,S2,lv0,129,3.801342431893673,1.7519054292510468
P12,S2,lv0,130,7.097174353413111,5.642243965084291
P12,S2,lv0,131,5.6220133732231465,4.080874939656019
P12,S2,lv0,132,7.556954480733229,3.4785471597562454
P12,S2,lv0,133,8.670953896624773,4.825698717799909
P12,S2,lv0,134,4.661151076433439,2.282294741837719
P12,S2,lv0,135,7.278911657019502,2.3584994762185976
P12,S2,lv0,136,16.847603018948774,3.1140515732354794
P12,S2,lv0,137,8.632856877900123,2.1027674811377404
P12,S2,lv0,138,5.47455584206286,3.424671543156861
P12,S2,lv0,139,2.335792255823071,2.7745031612859905
P12,S2,lv0,140,5.442135133067587,4.740474429597365
P12,S2,lv0,141,4.46861885241248,6.655726771709168
P12,S2,lv0,142,9.28599948808703,3.4866000600636333
P12,S2,lv0,143,2.1148729526135206,2.0855458220947702
P12,S2,lv0,144,2.921015012403955,5.708714208328382
P12,S2,lv0,145,8.434839523860791,2.8648671439891573
P12,S2,lv0,146,7.406838865148345,3.2574323495214395
P12,S2,lv0,147,4.63076197487728,3.4891277819226083
P12,S2,lv0,148,7.689785682202393,2.7522313376804517
P12,S2,lv1,0,9.060228004689739,2.8454136034377195
P12,S2,lv1,1,5.564169094067417,3.4678108005336883
P12,S2,lv1,2,28.79644734295128,4.226825112942471
P12,S2,lv1,3,8.415024808847148,4.55834723714809
P12,S2,lv1,4,11.13003162280793,3.4886402677538975
P12,S2,lv1,5,14.297923804394568,6.189129585291828
P12,S2,lv1,6,9.78951171277128,4.44852366365074
P12,S2,lv1,7,16.340855648115397,5.339470610665162
P12,S2,lv1,8,17.691644232615687,3.4848605636702095
P12,S2,lv1,9,7.472668462137439,2.5609564569414984
P12,S2,lv1,10,19.399108104520046,2.564936667431401
P12,S2,lv1,11,4.37573062385319,3.4796829232795035
P12,S2,lv1,12,4.185562577206692,5.393669504414146
P12,S2,lv1,13,6.40193114365593,6.336571067374064
P12,S2,lv1,14,28.275690050064956,4.538257788514901
P12,S2,lv1,15,16.550859670811015,6.059760430065513
P12,S2,lv1,16,14.34627958355188,5.6589935955195525
P12,S2,lv1,17,2.991681457117748,3.1358527761568618
P12,S2,lv1,18,8.125743680470835,3.132503276734413
P12,S2,lv1,19,14.444663841096284,3.7838361404711773
P12,S2,lv1,20,23.411799785508084,4.2954307574521495
P12,S2,lv1,21,21.721151488701715,4.781658180252899
P12,S2,lv1,22,6.963191936441359,4.400630875056236
P12,S2,lv1,23,7.670989902269521,4.855768230312897
P12,S2,lv1,24,5.524969018362223,3.2108088487114506
P12,S2,lv1,25,40.83075268998477,6.195917801243577
P12,S2,lv1,26,8.366033364183876,6.027291142811
P12,S2,lv1,27,5.670872532599875,5.015863951975609
P12,S2,lv1,28,22.270247161640828,4.031101689102563
P12,S2,lv1,29,24.721165534385065,6.398908901454587
P12,S2,lv1,30,46.13473605860472,8.778661806298285
P12,S2,lv1,31,9.343029490717086,4.0063400555512505
P12,S2,lv1,32,11.7484822604114,3.734523865558539
P12,S2,lv1,33,10.668185417992811,5.77112799806155
P12,S2,lv1,34,8.014191369541116,4.276043451947776
P12,S2,lv1,35,34.552540113496086,7.609832835954381
P12,S2,lv1,36,3.987581102955911,4.2958035914392765
P12,S2,lv1,37,5.362049369570284,4.232331036010888
P12,S2,lv1,38,3.3580557154212016,2.725933940406651
P12,S2,lv1,39,13.186263802175743,4.073503897265873
P12,S2,lv1,40,4.538645019423549,3.5326664647703714
P12,S2,lv1,41,5.47493449907236,3.865796845746664
P12,S2,lv1,42,8.944320414339108,6.66250620698542
P12,S2,lv1,43,4.16845043417288,3.088289014877477
P12,S2,lv1,44,27.061672236493695,5.414833271012301
P12,S2,lv1,45,5.881398664274766,4.8315159127854805
P12,S2,lv1,46,13.13454720035455,4.934032623668513
P12,S2,lv1,47,4.6637155453436705,3.88288452327695
P12,S2,lv1,48,6.4293445303424495,4.746667207915621
P12,S2,lv1,49,9.975321550209681,4.745883989689423
P12,S2,lv1,50,17.787424370839155,4.780263468050759
P12,S2,lv1,51,8.411103878132117,8.86387798980628
P12,S2,lv1,52,4.182123729990654,3.0430326134715577
P12,S2,lv1,53,3.552938402306152,3.9122904951244926
P12,S2,lv1,54,2.969724764210149,5.479567362903313
P12,S2,lv1,55,10.318817257173457,6.142172434819272
P12,S2,lv1,56,17.934310786738497,8.26934941431184
P12,S2,lv1,57,11.746381824883489,4.355778587525225
P12,S2,lv1,58,8.516047355522703,4.790558574795808
P12,S2,lv1,59,10.545028750175026,4.053408614654002
P12,S2,lv1,60,5.406972360483635,5.712543635147682
P12,S2,lv1,61,14.59415143733412,4.00031159683036
P12,S2,lv1,62,5.0856000268660395,4.451940689778333
P12,S2,lv1,63,44.2578365055998,8.070396586627156
P12,S2,lv1,64,10.144950798803022,4.816623921406827
P12,S2,lv1,65,7.131097721093816,4.152540953930253
P12,S2,lv1,66,46.395885070272634,11.111351534300738
P12,S2,lv1,67,4.984882867685514,4.210019619793827
P12,S2,lv1,68,4.578112436445116,4.045250721838298
P12,S2,lv1,69,6.202682934347923,7.647070166360156
P12,S2,lv1,70,13.124809269316383,4.939741694483219
P12,S2,lv1,71,7.770063213077976,2.5918227002725707
P12,S2,lv1,72,3.644864821186183,3.12240841240597
P12,S2,lv1,73,14.853354167277864,4.946555570437062
P12,S2,lv1,74,3.512847580441113,3.875038438097447
P12,S2,lv1,75,11.92611819673484,2.7635837988096554
P12,S2,lv1,76,5.174019107062257,3.1364684848420943
P12,S2,lv1,77,14.667148544911086,6.4105668215494305
P12,S2,lv1,78,25.519042560764646,12.673792933903878
P12,S2,lv1,79,9.169742462154883,5.882842696522365
P12,S2,lv1,80,34.464027565256124,4.043601390244051
P12,S2,lv1,81,26.787268359343855,10.727570821241295
P12,S2,lv1,82,11.699868255086903,6.326318981375852
P12,S2,lv1,83,10.062845903451205,7.6243763839849406
P12,S2,lv1,84,5.42085556691199,4.581639610648918
P12,S2,lv1,85,20.956707427065083,4.299118273203796
P12,S2,lv1,86,7.090348863258339,7.652644644504204
P12,S2,lv1,87,7.104083442795592,3.510457452973527
P12,S2,lv1,88,30.71057918371287,7.286862132188269
P12,S2,lv1,89,5.208400491893067,6.10107165414726
P12,S2,lv1,90,20.792405005710233,4.197405736713498
P12,S2,lv1,91,3.280628526981234,3.172778013597651
P12,S2,lv1,92,8.706293637991594,3.925107080286866
P12,S2,lv1,93,5.984328897208834,2.0144007490553704
P12,S2,lv1,94,18.99278971081381,7.61597085221271
P12,S2,lv1,95,8.35466311309854,2.952140867335258
P12,S2,lv1,96,2.760969389386002,2.9533660303477376
P12,S2,lv1,97,14.20920474458371,10.070133964179789
P12,S2,lv1,98,8.382090070385694,3.5821984105941795
P12,S2,lv1,99,3.9149782570479887,3.6214342503191164
P12,S2,lv1,100,3.9919013772383174,3.4473836317725035
P12,S2,lv1,101,10.224631219566007,5.500143190920082
P12,S2,lv1,102,6.431345468102169,3.2564044757251778
P12,S2,lv1,103,16.704229015792606,5.420293889900565
P12,S2,lv1,104,18.178279739226692,2.640673471846903
P12,S2,lv1,105,23.245733964471334,8.771693260500966
P12,S2,lv1,106,6.525736205811772,5.7637997788490205
P12,S2,lv1,107,7.262250495459352,4.332706368680413
P12,S2,lv1,108,4.708681762900339,3.264267152659644
P12,S2,lv1,109,14.935036790776765,9.428309861740303
P12,S2,lv1,110,1.913544598142951,3.154018406957182
P12,S2,lv1,111,4.155906253476968,2.972199967648192
P12,S2,lv1,112,3.5765611613109627,3.3508613909610165
P12,S2,lv1,113,6.020947505941213,2.6248271181763108
P12,S2,lv1,114,21.236333630496873,6.718704832025719
P12,S2,lv1,115,69.94333418276776,9.121141245204303
P12,S2,lv1,116,6.507129472207749,5.063668896181173
P12,S2,lv1,117,11.994652706157412,3.5698705364920076
P12,S2,lv1,118,6.602280466041867,2.6746540072470677
P12,S2,lv1,119,4.606647029396178,3.7387328604568744
P12,S2,lv1,120,9.288583546206922,3.5932081978769914
P12,S2,lv1,121,66.99676632019634,4.551509145602243
P12,S2,lv1,122,6.3501770005475535,2.837476334513672
P12,S2,lv1,123,8.569972002826423,4.2194998123191505
P12,S2,lv1,124,8.183660556017893,3.0481268493798397
P12,S2,lv1,125,5.169997485242447,3.2150930238639526
P12,S2,lv1,126,3.5775543224051995,3.0901816851336394
P12,S2,lv1,127,3.811501533784344,3.1838937794277062
P12,S2,lv1,128,5.9477375745429635,2.2944346504372546
P12,S2,lv1,129,15.3904886666463,7.540283285282147
P12,S2,lv1,130,3.4060369785266182,2.53626077823388
P12,S2,lv1,131,3.841377418180375,1.7675455732233905
P12,S2,lv1,132,10.132802093405012,3.0722534921972025
P12,S2,lv1,133,2.8583218595187683,3.7966805293281745
P12,S2,lv1,134,6.361070254931092,6.7790024314462345
P12,S2,lv1,135,7.9048537323865595,3.7741340105838637
P12,S2,lv1,136,11.318784667631432,4.9822808293505405
P12,S2,lv1,137,24.8284499635376,4.687943770087987
P12,S2,lv1,138,13.417003673465173,3.955021997950437
P12,S2,lv1,139,7.263935610201241,4.297994620820481
P12,S2,lv1,140,4.459692145940533,4.844361663476957
P12,S2,lv1,141,8.175204358561437,4.199641782133159
P12,S2,lv1,142,5.557706732503491,4.439247711462238
P12,S2,lv1,143,21.83703348502596,5.281174291099748
P12,S2,lv1,144,5.161075805911098,4.156813982100288
P12,S2,lv1,145,27.479802574824884,3.850352545560854
P12,S2,lv1,146,11.658425677435254,4.535540888965569
P12,S2,lv1,147,3.99408881098331,3.146426364006261
P12,S2,lv1,148,6.164844054018467,3.2194578595344914
P12,S2,lv2,0,7.060993069970629,4.703441573593455
P12,S2,lv2,1,18.7616237278768,4.499179968194642
P12,S2,lv2,2,11.308742455095981,3.5791350345380746
P12,S2,lv2,3,28.676199499866332,4.731479224397595
P12,S2,lv2,4,5.428894575925958,2.5625556407404377
P12,S2,lv2,5,14.398356798333733,7.129274958203419
P12,S2,lv2,6,17.64818794069525,5.123232314133953
P12,S2,lv2,7,25.680389690297353,3.2018176903750812
P12,S2,lv2,8,6.402236430986311,5.547704324564784
P12,S2,lv2,9,5.443294448532656,3.791458324859259
P12,S2,lv2,10,9.955316641408798,9.12108998074
P12,S2,lv2,11,28.976433262387584,4.249983974237978
P12,S2,lv2,12,6.276835649566714,4.009313128418657
P12,S2,lv2,13,7.349241441870449,6.6813839619342135
P12,S2,lv2,14,4.0607026392933285,3.7104893783015784
P12,S2,lv2,15,18.122753662668135,5.5964589715517885
P12,S2,lv2,16,8.224089634014305,4.104944619683857
P12,S2,lv2,17,14.766930443262174,5.627269751026969
P12,S2,lv2,18,4.751287838994849,2.188812299706302
P12,S2,lv2,19,15.373797579781558,4.454865454202885
P12,S2,lv2,20,26.378208262065773,16.487537528478764
P12,S2,lv2,21,4.202161959091125,3.451722203389392
P12,S2,lv2,22,5.0130002788511545,3.2746912334395564
P12,S2,lv2,23,13.269347560446848,5.571438048408282
P12,S2,lv2,24,19.38544926337284,4.988481131989358
P12,S2,lv2,25,6.4555683926668435,6.101266656764858
P12,S2,lv2,26,18.95049199097856,3.9373891315586236
P12,S2,lv2,27,9.823588604364115,4.611135562159591
P12,S2,lv2,28,34.50152164052369,6.076729970086474
P12,S2,lv2,29,3.5077825004499936,4.17457664738285
P12,S2,lv2,30,3.4565975196577057,5.646891017650266
P12,S2,lv2,31,10.829502357145236,13.41362551853016
P12,S2,lv2,32,5.7340658849724795,4.927649698320645
P12,S2,lv2,33,9.810005522304213,4.9666605175210625
P12,S2,lv2,34,11.41054438584462,4.203934411964926
P12,S2,lv2,35,3.86671399244478,5.012458920111214
P12,S2,lv2,36,69.00830921439061,9.762408222116834
P12,S2,lv2,37,7.068535976153616,5.0368283612965135
P12,S2,lv2,38,5.493425379109038,3.788826428044838
P12,S2,lv2,39,12.784772700535722,3.030421394904718
P12,S2,lv2,40,16.105972534151906,6.029195148880409
P12,S2,lv2,41,4.503551245233548,4.301148540634594
P12,S2,lv2,42,6.341668753945326,2.3925931877763316
P12,S2,lv2,43,4.422578815949981,6.75037807117008
P12,S2,lv2,44,7.151333324888684,5.665021384748546
P12,S2,lv2,45,23.105310516953683,5.095745163541679
P12,S2,lv2,46,25.17167974213646,3.996871147032971
P12,S2,lv2,47,6.09844334347359,5.893958736739328
P12,S2,lv2,48,23.30714190787092,3.3267979280343654
P12,S2,lv2,49,21.28503225190801,4.0138003856565065
P12,S2,lv2,50,12.010420478039286,3.8552188899582496
P12,S2,lv2,51,53.704499946185386,5.028938437632063
P12,S2,lv2,52,3.1859908739967833,2.9491830493254727
P12,S2,lv2,53,13.989319553042092,5.9488819539845705
P12,S2,lv2,54,17.1797316665057,4.789175504721702
P12,S2,lv2,55,9.359074934722283,7.41694695719945
P12,S2,lv2,56,13.26449315177489,6.9299910380692875
P12,S2,lv2,57,4.915496026949012,3.6579406254762312
P12,S2,lv2,58,8.147413900032118,3.4519844227144776
P12,S2,lv2,59,7.811828318148452,3.2524238933323475
P12,S2,lv2,60,37.84235043716999,6.275333290959475
P12,S2,lv2,61,9.549063149095506,6.09200159249257
P12,S2,lv2,62,34.90263020317564,3.7581950988475556
P12,S2,lv2,63,8.11523752990262,4.597699638573471
P12,S2,lv2,64,11.681901157886736,6.3231312334629
P12,S2,lv2,65,29.335500978258665,3.179328890550085
P12,S2,lv2,66,13.779635759409867,6.023602848764637
P12,S2,lv2,67,7.151456642643125,3.782915026501479
P12,S2,lv2,68,9.958829921951542,3.764253274662602
P12,S2,lv2,69,22.52216760930775,6.840384890851582
P12,S2,lv2,70,12.225116464259068,4.5627310828521255
P12,S2,lv2,71,5.796088456441438,6.663562173678747
P12,S2,lv2,72,8.528463357939021,4.666184726835447
P12,S2,lv2,73,5.334972816734366,3.691225654093038
P12,S2,lv2,74,16.535165387138168,10.599927148443678
P12,S2,lv2,75,2.2456024885121786,3.256479015451255
P12,S2,lv2,76,4.951698471573544,5.199715253460151
P12,S2,lv2,77,9.388502331224974,3.5342746308206743
P12,S2,lv2,78,99.155227977759,10.955316307446136
P12,S2,lv2,79,4.172194166639663,7.262587967818055
P12,S2,lv2,80,4.746796237114747,4.529628338234206
P12,S2,lv2,81,3.197862463340158,3.6561033749416763
P12,S2,lv2,82,25.30979602284971,2.5482565009608136
P12,S2,lv2,83,18.98912631695928,4.578764399555602
P12,S2,lv2,84,6.652784510989762,2.9430604427880445
P12,S2,lv2,85,4.372166628811745,2.586622247775034
P12,S2,lv2,86,4.375449017071937,5.002479717427506
P12,S2,lv2,87,18.362938810302953,4.979205991842912
P12,S2,lv2,88,12.512047398963636,15.299930299442652
P12,S2,lv2,89,23.611482837791787,5.190988275236045
P12,S2,lv2,90,8.484786441437823,3.8464760800094533
P12,S2,lv2,91,5.015707889645609,6.1592614123131995
P12,S2,lv2,92,11.878087881596977,3.9871866279276
P12,S2,lv2,93,6.038075132209607,2.913336610744773
P12,S2,lv2,94,33.33035881783821,8.01947879232061
P12,S2,lv2,95,23.41191104373254,2.778491024879391
P12,S2,lv2,96,10.717843950513846,5.1283716705930615
P12,S2,lv2,97,28.41748865508744,5.768902178040825
P12,S2,lv2,98,7.7137783441801675,2.124533851999941
P12,S2,lv2,99,7.63771640888173,6.252919767269239
P12,S2,lv2,100,4.137867635850679,5.563491532037075
P12,S2,lv2,101,22.4538687033488,5.0017941029467705
P12,S2,lv2,102,23.963933539416068,4.929974445961073
P12,S2,lv2,103,24.263002278489935,4.214523680180088
P12,S2,lv2,104,7.952986583652507,3.0004552257501222
P12,S2,lv2,105,13.872972662693087,4.0233180041839285
P12,S2,lv2,106,4.864314343075228,2.6624280030384413
P12,S2,lv2,107,55.62658499052592,5.73267292000381
P12,S2,lv2,108,3.4828888418736614,4.130305904462186
P12,S2,lv2,109,5.185871965125363,3.771010918092836
P12,S2,lv2,110,5.025368654537984,3.3247496296532013
P12,S2,lv2,111,12.391605924812037,5.589088817463445
P12,S2,lv2,112,6.777586691448266,3.2544850427496144
P12,S2,lv2,113,4.835854158415656,3.5329412023130455
P12,S2,lv2,114,14.795173222412314,4.60730981219823
P12,S2,lv2,115,7.193686042791641,7.265351846839407
P12,S2,lv2,116,13.254167778784952,8.892831220365494
P12,S2,lv2,117,9.851903421150162,5.340517998541509
P12,S2,lv2,118,7.033663038236671,5.64423203226944
P12,S2,lv2,119,4.994102783542045,5.373174985950743
P12,S2,lv2,120,3.354640297313961,5.290873563277822
P12,S2,lv2,121,20.78200265576906,3.0326120346635155
P12,S2,lv2,122,13.387350040462538,8.662751942195545
P12,S2,lv2,123,8.977760521165145,3.8195230499491104
P12,S2,lv2,124,5.860931128181632,4.605965659281964
P12,S2,lv2,125,3.3894241302920753,1.5799986923509413
P12,S2,lv2,126,19.288746956084463,2.7879798855190665
P12,S2,lv2,127,2.952023974488864,2.944960504576823
P12,S2,lv2,128,11.19819816049838,4.9152630336359255
P12,S2,lv2,129,8.03282638167557,5.384223590292529
P12,S2,lv2,130,7.713694048895367,3.5086859882616763
P12,S2,lv2,131,6.038597968877785,2.8813891552074664
P12,S2,lv2,132,11.782174759462155,5.102017176703514
P12,S2,lv2,133,4.559872413529129,2.661689954618567
P12,S2,lv2,134,16.726693736325835,3.497103158296274
P12,S2,lv2,135,5.075978825239929,5.735101115448054
P12,S2,lv2,136,7.190825104749506,4.972951048025708
P12,S2,lv2,137,6.778747443020372,7.243624445667106
P12,S2,lv2,138,3.8184277438170136,2.1109330921967993
P12,S2,lv2,139,4.865753026722213,5.141301482327023
P12,S2,lv2,140,10.182725624832496,3.201724204630473
P12,S2,lv2,141,18.800539242433366,4.466685459400081
P12,S2,lv2,142,10.9735337500946,9.088289449989801
P12,S2,lv2,143,13.814537594072954,2.7883909481917466
P12,S2,lv2,144,20.185599193175456,3.830266787974631
P12,S2,lv2,145,30.269562468301345,6.62508169985066
P12,S2,lv2,146,5.417628570997852,3.5211974891320974
P12,S2,lv2,147,5.067145766162805,2.3647742721304956
P12,S2,lv2,148,5.943398207522514,4.781087852139055
P13,S1,base,0,28.944817287175507,4.813259193837223
P13,S1,base,1,7.42107277973967,3.535898085318797
P13,S1,base,2,1.936075801157163,1.2359997722312808
P13,S1,base,3,1.4343871647103261,3.126615155366899
P13,S1,base,4,4.390625787215918,3.5059856848422366
P13,S1,base,5,1.8930080317051987,2.0970522122092703
P13,S1,base,6,1.4589758053209945,2.1866500504725574
P13,S1,base,7,1.416154877644523,3.968014752661997
P13,S1,base,8,1.6615448500708423,1.000021359748637
P13,S1,base,9,0.8903603902507143,1.3279013980176764
P13,S1,base,10,1.5452839541378875,3.98282933181067
P13,S1,base,11,2.747678667999582,2.2333314981168075
P13,S1,base,12,9.75439669950239,2.7870811698732716
P13,S1,base,13,0.9359691900320725,2.1039601350593298
P13,S1,base,14,3.032789014989898,1.2987880405604475
P13,S1,base,15,1.1347008831099548,1.2633597208466112
P13,S1,base,16,2.3539068664753353,3.6860735606760557
P13,S1,base,17,11.43470550320512,4.018618908782748
P13,S1,base,18,5.8370199417217785,2.1988280833035176
P13,S1,base,19,8.54466881297875,9.177213510862675
P13,S1,base,20,7.8898359148897494,2.306904011136347
P13,S1,base,21,12.356079302287018,2.2859891152933836
P13,S1,base,22,4.338163157153162,1.2758573393066246
P13,S1,base,23,17.008300375809323,3.2493865957933408
P13,S1,base,24,1.4166707534214555,3.0047364431046897
P13,S1,base,25,1.0391872706912149,2.871734277296067
P13,S1,base,26,8.462595709896283,1.8513306036634654
P13,S1,base,27,0.8275623272115559,1.4808526452662156
P13,S1,base,28,1.238686272085219,1.7577553294150958
P13,S1,base,29,0.6797018267350864,0.9056728475774495
P13,S1,lv0,0,5.561552868109912,1.827107987559964
P13,S1,lv0,1,3.812996330327392,2.671681533203761
P13,S1,lv0,2,3.562976580194121,3.0470794202443927
P13,S1,lv0,3,2.8328535735788933,3.3650925670824194
P13,S1,lv0,4,3.169402738080104,1.8943857272040385
P13,S1,lv0,5,1.7616941622436917,1.1188151608191526
P13,S1,lv0,6,1.3983998392603232,2.352975402710055
P13,S1,lv0,7,23.18490144426044,6.664832241516135
P13,S1,lv0,8,1.645357924941783,1.8886760908726457
P13,S1,lv0,9,2.0069974586041734,1.9371175796846414
P13,S1,lv0,10,2.9706032772149222,1.4829441800893293
P13,S1,lv0,11,10.049511314507184,3.672004188891858
P13,S1,lv0,12,2.8251419536484828,2.0335899439734755
P13,S1,lv0,13,11.879736945361692,2.171140706796166
P13,S1,lv0,14,2.770384408494743,2.2723448203540992
P13,S1,lv0,15,1.838560101525205,0.9885626700371389
P13,S1,lv0,16,6.050927825401158,2.7766115050348072
P13,S1,lv0,17,3.228586442761521,2.2803815032915775
P13,S1,lv0,18,3.3579596130515266,1.1784703700865722
P13,S1,lv0,19,2.7692006428546896,3.551190508890534
P13,S1,lv0,20,3.423279194248611,2.7201684420757544
P13,S1,lv0,21,4.63614889821423,3.6330278477434153
P13,S1,lv0,22,4.955059296537728,1.9822021782375259
P13,S1,lv0,23,3.3575407076410877,4.140694839388558
P13,S1,lv0,24,1.0299795371328566,1.3080757111717882
P13,S1,lv0,25,3.815437565507251,1.3329321766144677
P13,S1,lv0,26,2.4222990498916768,1.5257185296376272
P13,S1,lv0,27,4.325101597223767,4.021042697811072
P13,S1,lv0,28,2.3613842455348006,2.2435441896677526
P13,S1,lv0,29,1.6213244068175843,1.8201636087150135
P13,S1,lv0,30,4.121833874127986,2.712977799734564
P13,S1,lv0,31,5.67341587715793,3.857631315211657
P13,S1,lv0,32,4.7423946351542,3.2520683945562103
P13,S1,lv0,33,2.631825001533176,2.037731629103702
P13,S1,lv0,34,1.9202623797305876,2.134609215753413
P13,S1,lv0,35,5.095735531117164,3.4893133886609866
P13,S1,lv0,36,1.6738932040943373,1.2968333894798392
P13,S1,lv0,37,4.365292826393748,2.283960435835012
P13,S1,lv0,38,2.034509275640482,2.962101573122179
P13,S1,lv0,39,3.4554035797674696,2.5107381471314425
P13,S1,lv0,40,21.638392513174082,2.6374145409392225
P13,S1,lv0,41,1.423210658985639,1.6533546869162827
P13,S1,lv0,42,2.4710965115320365,2.383015445623818
P13,S1,lv0,43,2.007620079988592,1.5352744129352118
P13,S1,lv0,44,6.586452851582799,4.0223177850588305
P13,S1,lv0,45,3.0323534273524055,3.781880159746922
P13,S1,lv0,46,1.7820237519778954,1.9843071543584714
P13,S1,lv0,47,31.24663903041514,6.2794398204360276
P13,S1,lv0,48,3.4124183661020475,1.7391366119400857
P13,S1,lv0,49,2.8163827563621053,1.9119476422517767
P13,S1,lv0,50,3.514007243980697,3.807707745062238
P13,S1,lv0,51,1.6131586147511732,1.50634438690881
P13,S1,lv0,52,1.9761990775848426,2.4271167400371505
P13,S1,lv0,53,4.687798460212561,4.242321541875608
P13,S1,lv0,54,6.476032845373173,4.41387395310121
P13,S1,lv0,55,1.400488097133595,1.6014168481454703
P13,S1,lv0,56,3.7691010761714505,5.216757706431641
P13,S1,lv0,57,4.938875756167622,5.932345000566622
P13,S1,lv0,58,8.724981482818603,7.5925842695890715
P13,S1,lv0,59,1.625282760634006,1.5374455593878107
P13,S1,lv0,60,13.294910678857791,1.5471887430398013
P13,S1,lv0,61,1.1483839215051406,1.9444671091390513
P13,S1,lv0,62,8.121480249444515,3.977315007464976
P13,S1,lv0,63,1.5525536481521056,0.9341386815794465
P13,S1,lv0,64,4.218650039802727,2.3454172646455804
P13,S1,lv0,65,2.1828679575805614,1.1731063111743902
P13,S1,lv0,66,1.5753201398675876,1.5508505153283894
P13,S1,lv0,67,1.2778002622018898,3.484758523006504
P13,S1,lv0,68,2.6863848353675226,3.768197232355847
P13,S1,lv0,69,4.001314480381053,3.840181208752246
P13,S1,lv0,70,2.3950706234473356,2.740633644545136
P13,S1,lv0,71,2.592138434487664,3.323996233716443
P13,S1,lv0,72,3.170625166047321,3.8124594178248707
P13,S1,lv0,73,2.614418749596584,2.031911200749446
P13,S1,lv0,74,2.5573621773036397,3.511452472610601
P13,S1,lv0,75,1.1855645689844023,2.6137614443163004
P13,S1,lv0,76,2.3207902305718675,3.6211845502690854
P13,S1,lv0,77,2.889667060396488,1.5156287715396655
P13,S1,lv0,78,2.681993796366465,2.056706721564659
P13,S1,lv0,79,7.362494978921775,2.9663730209770303
P13,S1,lv0,80,9.197682951855821,1.532666414537201
P13,S1,lv0,81,10.338168598442524,4.5862856841112505
P13,S1,lv0,82,3.189063303876815,3.035382056362325
P13,S1,lv0,83,18.553039810418763,5.241016365251103
P13,S1,lv0,84,3.2631432449717943,3.148628969838794
P13,S1,lv0,85,1.9966389030452167,2.007643613412233
P13,S1,lv0,86,1.9177897261810073,2.2773804968624902
P13,S1,lv0,87,10.52350732527136,2.9498469379582066
P13,S1,lv0,88,3.1798388676863087,2.2284311243055197
P13,S1,lv0,89,1.2632500929343138,1.1490541885606398
P13,S1,lv0,90,3.754108723696785,2.5996054467892917
P13,S1,lv0,91,2.4356258083637226,2.8771028095274787
P13,S1,lv0,92,2.743957365262049,2.5700085870658085
P13,S1,lv0,93,1.6298784833670725,2.7930245751656995
P13,S1,lv0,94,1.7356738276290207,3.520101654613461
P13,S1,lv0,95,1.4820556866439285,1.1111614234709777
P13,S1,lv0,96,1.6092399949389071,2.1963481646860727
P13,S1,lv0,97,1.733133342842825,2.0366776827225865
P13,S1,lv0,98,2.814588549432008,4.161873938906228
P13,S1,lv0,99,10.380117839729921,4.921948103725251
P13,S1,lv0,100,2.2771212096764666,1.7777212955984283
P13,S1,lv0,101,6.1335776241698055,6.312049222012552
P13,S1,lv0,102,2.103939500038902,1.629328392777291
P13,S1,lv0,103,2.0267309014226047,2.4698916247810065
P13,S1,lv0,104,2.8927482768569215,2.083088277515825
P13,S1,lv0,105,5.88583392080083,3.8486492747063497
P13,S1,lv0,106,3.5567030977687284,3.273423066600617
P13,S1,lv0,107,2.5899524802949787,1.5027271005198433
P13,S1,lv0,108,2.777690091581797,2.5521885765107193
P13,S1,lv0,109,2.2462643918559086,3.227261149016242
P13,S1,lv0,110,2.4439580929775926,0.9216758026560606
P13,S1,lv0,111,5.7704526264818,4.370695759732643
P13,S1,lv0,112,3.358831937348916,1.6553381374049856
P13,S1,lv0,113,3.3064195935277203,2.7084682380447163
P13,S1,lv0,114,1.6567980292863678,2.3793084553809845
P13,S1,lv0,115,2.145532268157063,3.0472810277458686
P13,S1,lv0,116,2.072781724264585,1.0616767049723268
P13,S1,lv0,117,2.337967396764594,3.1041993253299975
P13,S1,lv0,118,3.1782470616743317,1.0689903625008341
P13,S1,lv0,119,2.108156966408664,2.425276082559647
P13,S1,lv0,120,7.602229897059766,2.1029326281925136
P13,S1,lv0,121,2.8204178409798817,2.1076519516626564
P13,S1,lv0,122,2.102490334887876,3.135637702750135
P13,S1,lv0,123,2.0912557813170083,1.6095688323153876
P13,S1,lv0,124,1.5229152059130004,1.5777066993301323
P13,S1,lv0,125,3.5809289998299394,2.2871789072894093
P13,S1,lv0,126,1.5142669528916954,2.7698433224934838
P13,S1,lv0,127,4.748508553013717,3.454504120845357
P13,S1,lv0,128,2.2611399842893984,3.2621076664174673
P13,S1,lv0,129,4.420480460000086,4.662991481863534
P13,S1,lv0,130,2.166660006250244,2.999719319728658
P13,S1,lv0,131,1.8460412838605493,1.4503377433810762
P13,S1,lv0,132,2.2986944851837534,1.7637436357735221
P13,S1,lv0,133,9.987482531661705,3.4558709242811445
P13,S1,lv0,134,1.9627725149631903,3.1582259364040666
P13,S1,lv0,135,3.453879492348081,4.179361566127339
P13,S1,lv0,136,3.6743164611889942,3.360629203497168
P13,S1,lv0,137,3.4737707593086697,3.7544719104367497
P13,S1,lv0,138,4.180332267461933,4.389857877359255
P13,S1,lv0,139,3.1029801500765206,2.7904741803682267
P13,S1,lv0,140,5.4325971258757875,2.5021343212415337
P13,S1,lv0,141,1.8237360172922803,1.13942345548993
P13,S1,lv0,142,2.1502139061682217,2.2621574825991098
P13,S1,lv0,143,10.155524306467392,3.0658291122484878
P13,S1,lv0,144,2.4415825499947,1.9490526585636854
P13,S1,lv0,145,3.0185363128121914,2.6241651314321524
P13,S1,lv0,146,20.486443707667508,3.920629752724868
P13,S1,lv0,147,3.929633336278278,2.1720945364811923
P13,S1,lv0,148,2.787147259966961,3.4590401496957908
P13,S1,lv1,0,2.587368076064221,1.260768757941367
P13,S1,lv1,1,11.047949198689833,3.936575436882162
P13,S1,lv1,2,4.852963103571834,2.6579914584572872
P13,S1,lv1,3,2.7571589921870014,1.3357578315460248
P13,S1,lv1,4,3.5751545217018816,2.571019779954468
P13,S1,lv1,5,5.0819969000834,1.9500028576269464
P13,S1,lv1,6,2.9571582696562677,1.891450913649513
P13,S1,lv1,7,5.53429446775042,2.3636463757353625
P13,S1,lv1,8,11.945250677301223,2.466624120393982
P13,S1,lv1,9,1.8587279432108101,1.0597375159437301
P13,S1,lv1,10,1.8707966061673036,2.69341507417529
P13,S1,lv1,11,1.9855483762264328,2.624721531128365
P13,S1,lv1,12,12.931567718308296,1.9877959025528846
P13,S1,lv1,13,13.61816670050813,3.8600718848939355
P13,S1,lv1,14,11.450058574774278,5.762434055427919
P13,S1,lv1,15,16.470522917806758,3.288303443296883
P13,S1,lv1,16,5.348014980343781,5.73319468686379
P13,S1,lv1,17,2.2528835749700997,1.652170170589054
P13,S1,lv1,18,3.6473556181065168,1.8454276163453127
P13,S1,lv1,19,6.24756073199563,3.9837066764794318
P13,S1,lv1,20,1.776754220391183,1.4146172622282092
P13,S1,lv1,21,1.4730924837772919,1.9062384160133687
P13,S1,lv1,22,6.360325857901028,3.605528120604174
P13,S1,lv1,23,4.137797340969356,4.079361414140608
P13,S1,lv1,24,1.7417324869318473,1.6461952667187063
P13,S1,lv1,25,10.19016038675167,4.028024112608032
P13,S1,lv1,26,2.805713643902567,1.811014612891712
P13,S1,lv1,27,20.9107597421647,3.640597951855952
P13,S1,lv1,28,2.785487696377824,3.4332769485203225
P13,S1,lv1,29,3.5312542495502215,3.109362133775941
P13,S1,lv1,30,2.5533015753593107,2.062419303454828
P13,S1,lv1,31,2.134907879206709,2.051554049688042
P13,S1,lv1,32,5.450327850933929,2.872593177144843
P13,S1,lv1,33,7.476734529817677,2.228363651385694
P13,S1,lv1,34,6.485672279351409,3.6525706908316247
P13,S1,lv1,35,2.7179378243924415,2.1089346891231666
P13,S1,lv1,36,20.660900350352136,5.517152948147058
P13,S1,lv1,37,9.613774433651965,4.608491285401527
P13,S1,lv1,38,9.724364800144839,2.3575030948800078
P13,S1,lv1,39,4.212494307904483,2.9878119235608303
P13,S1,lv1,40,2.9990316160704023,5.671701594157956
P13,S1,lv1,41,2.644995652479176,2.900896771435393
P13,S1,lv1,42,1.6606855101822149,3.12943232040357
P13,S1,lv1,43,7.443534053339537,3.5992877353697312
P13,S1,lv1,44,6.89768378543532,3.6594660724535215
P13,S1,lv1,45,5.23474268713752,4.59851470370943
P13,S1,lv1,46,7.41533747404394,2.8258618093798
P13,S1,lv1,47,1.3006039702014063,1.6383837478370422
P13,S1,lv1,48,12.571034966807732,4.893530362843881
P13,S1,lv1,49,2.566278056071978,2.0595739749213893
P13,S1,lv1,50,4.183193165937182,3.7099603089565925
P13,S1,lv1,51,4.0275466651332374,2.451970020443895
P13,S1,lv1,52,3.3447055824775123,1.334356800565115
P13,S1,lv1,53,2.343602867631378,2.650180145928459
P13,S1,lv1,54,8.05565610324399,2.681817503606639
P13,S1,lv1,55,3.611028747121527,3.8850383365799113
P13,S1,lv1,56,3.306704864423133,2.6489944489394084
P13,S1,lv1,57,2.558844237959278,2.422097168246278
P13,S1,lv1,58,16.439600535540873,4.696433121700075
P13,S1,lv1,59,4.66907074190117,4.873300391205757
P13,S1,lv1,60,1.9662330309278715,2.185490562655641
P13,S1,lv1,61,3.9254386862838397,2.5606113230632452
P13,S1,lv1,62,7.397462983263406,2.3463295762213146
P13,S1,lv1,63,3.082322024848981,1.484771627513221
P13,S1,lv1,64,22.02739402125207,3.6152337056613306
P13,S1,lv1,65,10.927544259410604,3.277649450741609
P13,S1,lv1,66,8.759538028428173,4.482608534738361
P13,S1,lv1,67,2.7867529362505894,1.9075814216419236
P13,S1,lv1,68,1.7209003451052733,2.7876104351555626
P13,S1,lv1,69,14.733136600817259,3.086465939985058
P13,S1,lv1,70,12.981281689145478,4.256984783889488
P13,S1,lv1,71,11.557728725337428,3.4597425214759325
P13,S1,lv1,72,1.8769416586612142,2.3077770967385125
P13,S1,lv1,73,4.309975253747812,2.0242627049286988
P13,S1,lv1,74,4.014949912932803,2.332926956563335
P13,S1,lv1,75,7.80223614380015,3.4154285358923406
P13,S1,lv1,76,12.520169183173804,4.4271376975221255
P13,S1,lv1,77,7.254956285271128,7.190161153393492
P13,S1,lv1,78,1.8476292836100106,3.9203907337677046
P13,S1,lv1,79,5.555973013901259,3.424615419400941
P13,S1,lv1,80,1.4896633193107947,3.647570703803544
P13,S1,lv1,81,3.245990912271461,3.523770670057224
P13,S1,lv1,82,1.2937605814299429,2.960600876919726
P13,S1,lv1,83,8.701430113450034,7.661170334153982
P13,S1,lv1,84,1.7890224561254444,2.253396585116106
P13,S1,lv1,85,2.0838071532880185,2.7639680774465103
P13,S1,lv1,86,9.764353543249362,7.667915760905614
P13,S1,lv1,87,3.2930615649481867,4.35280711173584
P13,S1,lv1,88,10.029065839761664,6.064692085449124
P13,S1,lv1,89,7.155775061729298,2.8732567782592926
P13,S1,lv1,90,2.006778730482446,2.3293257899434825
P13,S1,lv1,91,9.802051631567153,3.017820536801996
P13,S1,lv1,92,7.538463414796133,1.9433253223282794
P13,S1,lv1,93,9.234119736097911,3.1588116779136275
P13,S1,lv1,94,20.720588852326312,6.3195571040627945
P13,S1,lv1,95,12.672469513290366,3.4945002810142243
P13,S1,lv1,96,3.9680574558572,6.4747537854354364
P13,S1,lv1,97,2.282097267244711,2.1164973613791758
P13,S1,lv1,98,2.7441448378737254,2.449445904990145
P13,S1,lv1,99,1.8188017218457175,2.2676962490808954
P13,S1,lv1,100,12.804688626885948,7.68990678628284
P13,S1,lv1,101,2.410355461985765,1.4765955008422713
P13,S1,lv1,102,3.0356839741041974,2.801541123039279
P13,S1,lv1,103,6.06781795874575,7.801220970708064
P13,S1,lv1,104,8.12965268629934,2.6250899439152926
P13,S1,lv1,105,7.8830942725144775,2.305699102929598
P13,S1,lv1,106,2.2729531773076355,2.2878172729327715
P13,S1,lv1,107,6.673364014408065,2.1727721280392025
P13,S1,lv1,108,4.407965345104161,4.0494053400940055
P13,S1,lv1,109,11.44335937634411,2.061587250263776
P13,S1,lv1,110,2.663003573249271,6.1610100693216365
P13,S1,lv1,111,3.026148296238198,2.780761126628802
P13,S1,lv1,112,2.4024235705830117,2.427814559413909
P13,S1,lv1,113,3.7550448671994037,3.0240126055820324
P13,S1,lv1,114,2.5610725064889426,2.641309152488491
P13,S1,lv1,115,4.192750074987859,3.3237854083853215
P13,S1,lv1,116,6.00838435399247,2.281151804904802
P13,S1,lv1,117,2.532689120479518,2.8161477065496614
P13,S1,lv1,118,3.171483101364141,3.0450777902832855
P13,S1,lv1,119,3.717674028644848,3.169471969847646
P13,S1,lv1,120,7.058227939223997,3.7279072441463676
P13,S1,lv1,121,2.5010789523707895,2.638626417321948
P13,S1,lv1,122,3.0603072432116125,3.3026978511167364
P13,S1,lv1,123,2.3794302445767213,4.651154974981542
P13,S1,lv1,124,1.0104046222830367,1.6932205189061502
P13,S1,lv1,125,2.5459479767898325,1.3711886039459305
P13,S1,lv1,126,2.297734070975029,1.766412540939459
P13,S1,lv1,127,9.736353208684344,7.405384251310903
P13,S1,lv1,128,4.0809551995214,3.673008202969505
P13,S1,lv1,129,2.122342228008372,2.0487229334536523
P13,S1,lv1,130,7.059969164030878,3.039836919416436
P13,S1,lv1,131,10.717996192799777,2.607474278452527
P13,S1,lv1,132,2.9009653470352244,4.3626552818056705
P13,S1,lv1,133,14.428554439841003,3.9352639313454025
P13,S1,lv1,134,1.402317224390563,1.649869971403471
P13,S1,lv1,135,4.0792014132870875,2.2177010481577697
P13,S1,lv1,136,7.5756832294412115,6.938873574197037
P13,S1,lv1,137,3.0437655412795306,2.944595969775147
P13,S1,lv1,138,18.771051544626296,4.777034445584819
P13,S1,lv1,139,2.924229324088078,6.206669757113421
P13,S1,lv1,140,9.137331394426548,9.03929401897815
P13,S1,lv1,141,2.9762698324640153,4.520797822481373
P13,S1,lv1,142,1.7317950104309892,2.735712572144537
P13,S1,lv1,143,15.160995800570268,5.883279987754608
P13,S1,lv1,144,9.357227669055469,4.3746083715804
P13,S1,lv1,145,3.968563983300164,4.422540252695107
P13,S1,lv1,146,3.4440243074867656,2.159726373810631
P13,S1,lv1,147,3.4474382629949396,2.880191530991244
P13,S1,lv1,148,6.039245710382089,2.52535559165794
P13,S1,lv2,0,3.2266287709575825,2.602871070312081
P13,S1,lv2,1,6.331562013654196,4.142967531380381
P13,S1,lv2,2,4.02179255246228,3.4207875503222662
P13,S1,lv2,3,6.482251728152096,4.067097674428674
P13,S1,lv2,4,4.823271366429457,4.668519892497301
P13,S1,lv2,5,4.839766985811,2.9263708700099706
P13,S1,lv2,6,17.856627318757152,6.190834791589128
P13,S1,lv2,7,3.9170919691675805,2.928381034420114
P13,S1,lv2,8,6.054087129866414,3.210203980754602
P13,S1,lv2,9,5.63695699639836,3.8148378933989155
P13,S1,lv2,10,1.1960791020383172,1.4059328074965214
P13,S1,lv2,11,31.874585257686174,3.0763030210448457
P13,S1,lv2,12,2.305199399150618,1.7251920542020145
P13,S1,lv2,13,3.210830384036772,3.0979555477326683
P13,S1,lv2,14,1.7991768458054678,1.4183718439314899
P13,S1,lv2,15,5.441696799164647,4.574324440843912
P13,S1,lv2,16,2.6213430827242035,2.6270200623261637
P13,S1,lv2,17,3.1253005630185986,4.040759290388376
P13,S1,lv2,18,2.3037137367350673,1.9600715066362984
P13,S1,lv2,19,2.4462707960492236,4.729233375225875
P13,S1,lv2,20,8.891274336420954,3.4164490860118795
P13,S1,lv2,21,3.4958029237729367,2.849966201325134
P13,S1,lv2,22,2.8337470330678363,1.1104546522811887
P13,S1,lv2,23,1.623804498817414,3.3635242095762177
P13,S1,lv2,24,9.56273241205648,6.473060483241314
P13,S1,lv2,25,23.716989545759855,6.721541820158485
P13,S1,lv2,26,2.0634839400442666,1.702533680756985
P13,S1,lv2,27,4.60969531780898,1.3962703038880175
P13,S1,lv2,28,6.814569866798937,4.2139926144482684
P13,S1,lv2,29,3.6881993891183695,3.3134321137927354
P13,S1,lv2,30,8.382601523732506,3.6446310574001886
P13,S1,lv2,31,7.485995349286664,3.7144544577160237
P13,S1,lv2,32,2.216354252012036,3.8116530673169025
P13,S1,lv2,33,4.119210391026885,2.39777063905559
P13,S1,lv2,34,8.990463258576451,5.268723585416824
P13,S1,lv2,35,1.6475768733483962,2.0189060449545364
P13,S1,lv2,36,1.269154778576982,1.2555628560398333
P13,S1,lv2,37,12.987016975059314,5.883725877877066
P13,S1,lv2,38,8.27183157726483,4.754416717538229
P13,S1,lv2,39,5.834851559342007,2.427398819860436
P13,S1,lv2,40,4.530922164071764,2.7413381182228678
P13,S1,lv2,41,9.413387740929952,9.122167643527055
P13,S1,lv2,42,7.3192345551241145,4.663521737982294
P13,S1,lv2,43,5.2726051124247135,3.857668330522946
P13,S1,lv2,44,1.272425672726518,2.001873672093752
P13,S1,lv2,45,8.642092543251769,4.949430018539147
P13,S1,lv2,46,8.950788374690212,5.031178965173119
P13,S1,lv2,47,14.405219774724506,3.1100389870294705
P13,S1,lv2,48,8.70024662790637,3.1228689725671677
P13,S1,lv2,49,5.613496045528465,2.1497052627110147
P13,S1,lv2,50,2.228381372162172,1.7287736639798674
P13,S1,lv2,51,4.92609259046343,1.742727832220549
P13,S1,lv2,52,38.72920925651694,5.898286604480047
P13,S1,lv2,53,19.965631327389133,3.7108026625352633
P13,S1,lv2,54,25.91792013796098,2.628094356926618
P13,S1,lv2,55,8.289173961016974,2.0555910429570825
P13,S1,lv2,56,2.1192643850818857,1.3304110784726948
P13,S1,lv2,57,43.45888002315145,6.823723134625624
P13,S1,lv2,58,4.9451515384592275,9.638942307172337
P13,S1,lv2,59,5.222591686869763,3.2783206788107453
P13,S1,lv2,60,1.8965961522755004,1.7520895262471414
P13,S1,lv2,61,4.193368685649447,2.001919976234627
P13,S1,lv2,62,1.929383334660673,2.7166757583303993
P13,S1,lv2,63,3.6106182243751466,3.39772618925853
P13,S1,lv2,64,15.916954800263627,4.86980236373068
P13,S1,lv2,65,2.587418922748703,1.7699932895233603
P13,S1,lv2,66,24.250457018301947,4.189792672216267
P13,S1,lv2,67,6.2356314069618115,2.506567806085261
P13,S1,lv2,68,11.627505342496763,2.938316812635463
P13,S1,lv2,69,2.2206253264891194,1.2836838652839042
P13,S1,lv2,70,19.717756504479976,6.6776141706920935
P13,S1,lv2,71,7.31309657894469,3.7950658095178795
P13,S1,lv2,72,2.982489940485213,4.288822120352278
P13,S1,lv2,73,7.922388596525211,2.5160651425468776
P13,S1,lv2,74,3.696144278551776,3.310504761886773
P13,S1,lv2,75,2.124057140301438,3.7721945886566797
P13,S1,lv2,76,6.797055355705093,3.703041570260441
P13,S1,lv2,77,2.4133596114719658,1.9972220970778654
P13,S1,lv2,78,5.742466687682431,2.3015098316125475
P13,S1,lv2,79,3.583722021312213,2.991322234276608
P13,S1,lv2,80,2.2612840175403814,2.101485024793201
P13,S1,lv2,81,18.57472713858804,4.576893200500271
P13,S1,lv2,82,17.480838874633406,4.5231358273709645
P13,S1,lv2,83,6.144768941954003,3.0053125986040254
P13,S1,lv2,84,72.08758119323726,6.433485356567785
P13,S1,lv2,85,15.800401560057027,2.6621004887921704
P13,S1,lv2,86,21.913002730362045,5.077989759625947
P13,S1,lv2,87,4.365471541505552,2.9008743663303718
P13,S1,lv2,88,15.684582403116645,5.052912440208132
P13,S1,lv2,89,2.3882197647005796,1.8663130679371092
P13,S1,lv2,90,13.983267579898278,5.040572370467976
P13,S1,lv2,91,1.0374004295487291,0.9670249636238235
P13,S1,lv2,92,2.387042254456613,1.866647938045217
P13,S1,lv2,93,14.341862036259132,4.292956355752935
P13,S1,lv2,94,28.4474822810053,6.252308192223999
P13,S1,lv2,95,6.429727360061084,3.2974439269293248
P13,S1,lv2,96,11.509091620610805,3.9246747743965447
P13,S1,lv2,97,2.603381599863237,2.705241815984452
P13,S1,lv2,98,5.463592606841247,3.03143644819263
P13,S1,lv2,99,3.5865840118048737,2.0724002611515817
P13,S1,lv2,100,3.055370817616895,4.888624784249552
P13,S1,lv2,101,5.3702385345127,3.0479533826896965
P13,S1,lv2,102,1.7427065594801476,2.236261919837653
P13,S1,lv2,103,10.85654804729128,4.285261148408341
P13,S1,lv2,104,21.179839565798606,4.677120279111358
P13,S1,lv2,105,4.1422157756927644,1.8839463522197344
P13,S1,lv2,106,16.271814846925732,4.1986599037763535
P13,S1,lv2,107,15.048366071252206,3.81110151857652
P13,S1,lv2,108,5.596263145806699,3.1984311658233953
P13,S1,lv2,109,1.6489799830917986,2.0012912813773207
P13,S1,lv2,110,3.745723129545772,1.654527682384108
P13,S1,lv2,111,12.928969772605694,2.491286056708232
P13,S1,lv2,112,3.340009487168975,2.378886392727626
P13,S1,lv2,113,4.225892635773007,2.1652289599108325
P13,S1,lv2,114,1.2860692909278697,1.2503299029918498
P13,S1,lv2,115,6.58408188908985,2.74915926573846
P13,S1,lv2,116,3.290233774047713,1.8578973286711797
P13,S1,lv2,117,13.676248996404558,5.742755127040295
P13,S1,lv2,118,6.891595232238786,3.260404149478202
P13,S1,lv2,119,13.96990726430341,3.129210682737137
P13,S1,lv2,120,2.7621901003310407,1.8207271602827582
P13,S1,lv2,121,7.420674995450503,1.9839003356138014
P13,S1,lv2,122,2.8129242949232487,2.321430140987086
P13,S1,lv2,123,2.6625289105424828,4.569548336771494
P13,S1,lv2,124,45.07604611730897,4.601444442153706
P13,S1,lv2,125,9.682852131606426,2.959658699655966
P13,S1,lv2,126,3.4246389186822257,2.8818024042895423
P13,S1,lv2,127,3.5903240866935646,2.269486341662695
P13,S1,lv2,128,7.769902306182784,4.510654248604905
P13,S1,lv2,129,18.231743688643448,7.65111492514323
P13,S1,lv2,130,6.413198320477715,2.8208544563181754
P13,S1,lv2,131,9.350343633752292,3.888255209839646
P13,S1,lv2,132,2.494937756331016,3.7051718507801126
P13,S1,lv2,133,2.1382607442299206,2.0812560732633374
P13,S1,lv2,134,2.2360974062796966,3.3082555058379537
P13,S1,lv2,135,30.14574121631108,4.848694004620798
P13,S1,lv2,136,9.168668151795053,2.997391076322691
P13,S1,lv2,137,1.8138656932359594,4.916068221838668
P13,S1,lv2,138,13.251974966181804,5.890545931281361
P13,S1,lv2,139,18.02808092930392,5.274795770112082
P13,S1,lv2,140,5.471679063384374,4.524671243576035
P13,S1,lv2,141,3.4880933704477943,3.183437953075805
P13,S1,lv2,142,6.309814037633773,4.512270975627379
P13,S1,lv2,143,1.8291538384045112,2.1812214465556714
P13,S1,lv2,144,12.497051470514494,8.576747513686982
P13,S1,lv2,145,3.588494571712692,5.1852274343295335
P13,S1,lv2,146,4.836095029496684,1.8005584453233472
P13,S1,lv2,147,2.8399559310266986,4.039709040535595
P13,S1,lv2,148,4.318505537879403,2.128583706388957
P13,S2,base,0,2.8968712790212123,1.058279351574509
P13,S2,base,1,5.008179249022083,1.6515008547280376
P13,S2,base,2,0.8481955635378406,2.2775482782019933
P13,S2,base,3,1.8928463102203277,1.1012959156164182
P13,S2,base,4,1.5296783770816984,2.554309155337786
P13,S2,base,5,0.9338744165624918,1.4038965511219437
P13,S2,base,6,9.526766644125807,5.133850648889863
P13,S2,base,7,1.1009682128128757,0.7259461730836764
P13,S2,base,8,1.2225324278873038,0.8668404243997382
P13,S2,base,9,1.8147541480857698,1.813812422471366
P13,S2,base,10,1.9960911720789625,0.9494961920653158
P13,S2,base,11,1.4529736155574295,1.0278681017105764
P13,S2,base,12,1.3160747329924998,1.483523026814579
P13,S2,base,13,11.754187189315534,2.133335927922022
P13,S2,base,14,1.4324730395732712,0.6703394674630077
P13,S2,base,15,1.5894512056113486,1.5362587970989552
P13,S2,base,16,1.062802588542888,2.625431664199214
P13,S2,base,17,2.229217595363925,1.5847354092197308
P13,S2,base,18,1.0954990504799904,2.02282725417661
P13,S2,base,19,1.414764196403642,1.9681557805410979
P13,S2,base,20,1.6659719872390895,3.0286500636837035
P13,S2,base,21,4.048755865926187,2.1043654510085505
P13,S2,base,22,2.0381791801951845,1.4357881779379107
P13,S2,base,23,0.8334928665821777,1.2520804762240312
P13,S2,base,24,1.8628990794859706,1.2176471255257948
P13,S2,base,25,3.0031403018503293,1.5462224048082411
P13,S2,base,26,0.8794134819995022,1.2743868813874886
P13,S2,base,27,6.439368446980558,1.9370700920904915
P13,S2,base,28,1.2925966710743966,1.0075141265828014
P13,S2,base,29,1.606855021204163,3.010148895333119
P13,S2,lv0,0,4.706848577665061,5.598225485089919
P13,S2,lv0,1,4.72532730033403,2.882393436306243
P13,S2,lv0,2,1.8565927070150012,1.2596211724895092
P13,S2,lv0,3,8.085446756545204,3.2315788468023454
P13,S2,lv0,4,3.81400139084434,2.2706301438763545
P13,S2,lv0,5,8.477611603516156,3.2047341582762714
P13,S2,lv0,6,3.063085084511341,4.1271177725137225
P13,S2,lv0,7,6.3404530737695,2.8873503665999523
P13,S2,lv0,8,2.7339423746734366,2.2541814024820797
P13,S2,lv0,9,2.9783265434030395,4.706123936368033
P13,S2,lv0,10,3.1472055459772585,5.452985796745522
P13,S2,lv0,11,1.120885961037443,1.1989863605887898
P13,S2,lv0,12,4.5147868744739155,2.036873232273315
P13,S2,lv0,13,12.378664836380702,4.023335269416233
P13,S2,lv0,14,3.3536013279189185,3.7540930340843666
P13,S2,lv0,15,2.8024932653381454,2.3429989808345373
P13,S2,lv0,16,2.9437090446698053,2.4678735786141996
P13,S2,lv0,17,5.986288611929846,4.652838549404722
P13,S2,lv0,18,2.7731556105758326,1.6695060429536812
P13,S2,lv0,19,2.2839945300910913,2.100962889461091
P13,S2,lv0,20,2.9260505505562584,2.921323024844971
P13,S2,lv0,21,9.684117735654842,2.85823733337828
P13,S2,lv0,22,2.250347844935674,1.4508599000885738
P13,S2,lv0,23,3.906114869309898,2.4578563159846594
P13,S2,lv0,24,3.215357191103204,2.362704879616147
P13,S2,lv0,25,3.2652123642853574,4.18754632592986
P13,S2,lv0,26,2.891748896856102,3.856019535501707
P13,S2,lv0,27,3.605270348804235,2.4202234391850834
P13,S2,lv0,28,3.624467489212062,2.316048849915647
P13,S2,lv0,29,1.9057417417551923,0.9920905730228494
P13,S2,lv0,30,2.376027335174874,1.262161492505151
P13,S2,lv0,31,3.4208205017348297,1.9790088091164064
P13,S2,lv0,32,6.24689614823039,2.808043106379099
P13,S2,lv0,33,2.6649073742001423,2.287161203400211
P13,S2,lv0,34,2.4708284517974146,4.353703181408067
P13,S2,lv0,35,3.5625027156298925,2.6347308167990513
P13,S2,lv0,36,3.827632679473054,2.6806407472521667
P13,S2,lv0,37,1.972260829909823,2.0807318502902703
P13,S2,lv0,38,3.904225159141498,1.6234577060890905
P13,S2,lv0,39,3.1202120488501626,3.1307810657277275
P13,S2,lv0,40,5.014547954775697,2.2409621543750777
P13,S2,lv0,41,3.880282465595985,4.984341123739173
P13,S2,lv0,42,4.007003495977456,1.9872688791606397
P13,S2,lv0,43,18.812589941820143,1.6408497835502411
P13,S2,lv0,44,2.7452405646744023,2.724520096687174
P13,S2,lv0,45,5.12379296279855,2.8063540055030254
P13,S2,lv0,46,2.8113498061832494,1.493715133820372
P13,S2,lv0,47,3.404317013351086,1.9351891486047383
P13,S2,lv0,48,27.040110950090977,3.3151363275304053
P13,S2,lv0,49,5.373895072399006,2.604115251827179
P13,S2,lv0,50,2.611462554651522,2.1826570546545967
P13,S2,lv0,51,2.8610357620691245,3.8662291501754935
P13,S2,lv0,52,13.998025166171002,1.7613500421050001
P13,S2,lv0,53,5.812692430154584,1.9145879762187854
P13,S2,lv0,54,4.60336626205201,3.025757658086562
P13,S2,lv0,55,2.6910422011733997,2.0302617637687006
P13,S2,lv0,56,2.041409427063939,2.335402167994914
P13,S2,lv0,57,3.4492505860361415,3.978042334244284
P13,S2,lv0,58,3.271072727524786,1.8462306201065202
P13,S2,lv0,59,2.7767154173475523,1.5017090855164439
P13,S2,lv0,60,2.231292371330448,2.728051338461063
P13,S2,lv0,61,1.6683003036308295,1.7528642162710657
P13,S2,lv0,62,3.844384877031194,3.2873028680943315
P13,S2,lv0,63,3.654464652587657,4.753236298842787
P13,S2,lv0,64,7.275404475299349,4.947284206627721
P13,S2,lv0,65,1.6205711842017152,1.6494032960202227
P13,S2,lv0,66,15.018076695664806,3.305681238758897
P13,S2,lv0,67,2.643744935500815,2.045191088753008
P13,S2,lv0,68,10.791273889839763,4.3947141524896765
P13,S2,lv0,69,4.1068419128109115,2.761808403840719
P13,S2,lv0,70,3.466860690480343,2.271550528849945
P13,S2,lv0,71,4.054583254022502,6.646853066280069
P13,S2,lv0,72,3.0279260934829693,2.7117856932988533
P13,S2,lv0,73,1.9988804745231543,3.1290740231081373
P13,S2,lv0,74,2.192402508741133,3.3417893812570325
P13,S2,lv0,75,1.817099652671252,1.595458875647962
P13,S2,lv0,76,10.088539862234905,4.883689350784646
P13,S2,lv0,77,5.295651357293544,2.5283140583526063
P13,S2,lv0,78,1.7292775916488565,2.486230328871479
P13,S2,lv0,79,6.943062486550919,2.833798173454037
P13,S2,lv0,80,2.527293743583097,2.9686393010429146
P13,S2,lv0,81,3.0294957746830646,1.5917242496530812
P13,S2,lv0,82,3.2926180480465725,2.6731847764119743
P13,S2,lv0,83,4.914902803073304,3.6260656890376453
P13,S2,lv0,84,3.807639888523892,3.608724713638769
P13,S2,lv0,85,1.578465689729939,1.3921129835494952
P13,S2,lv0,86,1.982459989061702,1.8654790303781386
P13,S2,lv0,87,9.6856317782255,4.135372326636397
P13,S2,lv0,88,3.7012269646590075,2.4670683731071685
P13,S2,lv0,89,3.4057166525448177,2.2998280031050635
P13,S2,lv0,90,1.9867143804503424,3.60413275973324
P13,S2,lv0,91,2.716439901548433,1.3815225893436165
P13,S2,lv0,92,22.09698587204668,5.116945819704737
P13,S2,lv0,93,2.5410251210380292,2.454498066244164
P13,S2,lv0,94,4.678067148825493,2.6128230905406857
P13,S2,lv0,95,2.8652201554071746,2.845664009718006
P13,S2,lv0,96,4.491163782587401,1.4666300699756898
P13,S2,lv0,97,2.4306417259262134,1.321520072484851
P13,S2,lv0,98,2.997275228251069,1.7083246255104019
P13,S2,lv0,99,9.138012987914047,2.15272729872853
P13,S2,lv0,100,4.631282448058207,3.732792233792126
P13,S2,lv0,101,2.436584262445816,2.8301656692919694
P13,S2,lv0,102,11.808213126021329,1.791125410056757
P13,S2,lv0,103,2.9198376990931587,2.493042078186953
P13,S2,lv0,104,4.883147736266862,2.9559718152483785
P13,S2,lv0,105,3.052785546777555,1.333975488740258
P13,S2,lv0,106,4.021541687884415,2.2818066390480563
P13,S2,lv0,107,3.7840261798508297,4.562519365451103
P13,S2,lv0,108,4.235340680114268,1.9474586732936006
P13,S2,lv0,109,2.696092321873431,1.539533022846719
P13,S2,lv0,110,1.734171151729808,2.350972012408419
P13,S2,lv0,111,3.4819617461763808,3.653906152858362
P13,S2,lv0,112,1.6221201563031442,1.1956827276378723
P13,S2,lv0,113,6.130152086238239,8.481643423311127
P13,S2,lv0,114,1.8833299650219364,1.3595812907143119
P13,S2,lv0,115,2.9185232017740708,1.243339480231214
P13,S2,lv0,116,1.2455860864231643,1.398049619496725
P13,S2,lv0,117,1.130770816438902,3.1429193078299007
P13,S2,lv0,118,3.958082755841486,3.8622542470814545
P13,S2,lv0,119,1.6050128697612667,1.8871500433996244
P13,S2,lv0,120,12.371674019481203,3.7428031236988795
P13,S2,lv0,121,2.128886154684272,1.2094101008065703
P13,S2,lv0,122,1.8815544351776097,2.2246325362867587
P13,S2,lv0,123,1.997599983295097,0.9557798959749255
P13,S2,lv0,124,6.542970129170259,2.7884460402390787
P13,S2,lv0,125,2.6230325102070773,3.4173917691324114
P13,S2,lv0,126,2.3067098729663007,1.9241634108703287
P13,S2,lv0,127,2.4545815994362528,1.1767133215971544
P13,S2,lv0,128,3.776858045533029,3.6251873785273814
P13,S2,lv0,129,2.5631478108582546,2.1582576678832845
P13,S2,lv0,130,4.832625905687815,2.1797626380824586
P13,S2,lv0,131,2.6681447184153932,3.6039500061173517
P13,S2,lv0,132,2.6563810122841796,1.6506349027790497
P13,S2,lv0,133,6.6946719075012275,1.757586927481954
P13,S2,lv0,134,2.757996260162299,3.513509894139929
P13,S2,lv0,135,4.904347727597484,3.686466800103959
P13,S2,lv0,136,1.5047700049830988,0.9258071806250586
P13,S2,lv0,137,1.7270665023521024,1.1233604747580603
P13,S2,lv0,138,1.290967102319504,1.7886767968157353
P13,S2,lv0,139,1.1637689630500363,1.8186746835590586
P13,S2,lv0,140,16.227757731945804,3.0441983320550916
P13,S2,lv0,141,2.18212063080671,1.2437535978431546
P13,S2,lv0,142,2.5884493586285324,2.009701267258996
P13,S2,lv0,143,5.339543646516278,4.022090891089889
P13,S2,lv0,144,1.71784823071424,1.6993287458434392
P13,S2,lv0,145,2.7151166168408314,4.694863600054366
P13,S2,lv0,146,3.313472654564085,1.3302346651791814
P13,S2,lv0,147,1.6451605848824922,1.8833638814016926
P13,S2,lv0,148,4.807525729845456,1.6483520125979152
P13,S2,lv1,0,5.177848137886059,3.4617232537483424
P13,S2,lv1,1,5.26087445116495,1.2389957537872887
P13,S2,lv1,2,29.24723819725227,4.328626902038018
P13,S2,lv1,3,16.348005864157443,3.712252464752221
P13,S2,lv1,4,3.2589228404666994,3.305123558326396
P13,S2,lv1,5,2.94669018261745,1.681507329069289
P13,S2,lv1,6,16.49038521973665,2.10496573575726
P13,S2,lv1,7,2.544412421126241,1.5898101238258886
P13,S2,lv1,8,14.948285539760816,3.9944646496744345
P13,S2,lv1,9,3.5968299761175904,4.214690777241969
P13,S2,lv1,10,2.249250916664612,1.968718654256801
P13,S2,lv1,11,18.356393865206115,6.374530903837472
P13,S2,lv1,12,2.71671241198322,2.538370140679184
P13,S2,lv1,13,9.79654366807225,1.451852190464051
P13,S2,lv1,14,2.877780782158867,2.6271328515192094
P13,S2,lv1,15,2.541842798241585,3.4811648328562974
P13,S2,lv1,16,5.280506385666566,2.9414648994515677
P13,S2,lv1,17,1.6198779146044944,1.3667539821909618
P13,S2,lv1,18,1.2792971533168866,1.6018941090717798
P13,S2,lv1,19,3.846305733441364,2.082937816841699
P13,S2,lv1,20,23.077901925788165,2.131057397682103
P13,S2,lv1,21,1.633215910740426,3.1484037355260424
P13,S2,lv1,22,9.216360509843424,2.762377515734391
P13,S2,lv1,23,17.149383828492176,4.790482531266452
P13,S2,lv1,24,3.5466779155790893,3.2432188919590423
P13,S2,lv1,25,3.755661582380623,2.416283679347855
P13,S2,lv1,26,11.294042399682821,4.265757529043708
P13,S2,lv1,27,4.573759430386982,3.1223714817863835
P13,S2,lv1,28,23.46230002888979,4.22567501026521
P13,S2,lv1,29,6.3118905410459725,2.278330836011159
P13,S2,lv1,30,3.374257582802482,3.350441027163061
P13,S2,lv1,31,12.618728511237286,3.268944689100161
P13,S2,lv1,32,3.963545336877709,2.730368747257151
P13,S2,lv1,33,12.94548446193438,3.4105879522519764
P13,S2,lv1,34,2.2752975354773004,2.4362413548050883
P13,S2,lv1,35,5.2598923178924695,2.6860740596365473
P13,S2,lv1,36,9.269686874992702,2.513996256468522
P13,S2,lv1,37,12.627064609721018,5.483053086389243
P13,S2,lv1,38,4.560343871595335,4.655364188739019
P13,S2,lv1,39,1.722189969143217,1.6845210920716631
P13,S2,lv1,40,18.178311664895634,4.09280195718188
P13,S2,lv1,41,18.93650151940805,7.05686257561144
P13,S2,lv1,42,2.9223775207522915,2.907765480212836
P13,S2,lv1,43,4.45546931928486,2.6058386514325886
P13,S2,lv1,44,1.2292224263343419,2.44860226294444
P13,S2,lv1,45,22.38805354088066,4.300787094874489
P13,S2,lv1,46,2.4110958155173328,3.3042210235303733
P13,S2,lv1,47,2.1542960367730646,1.5143336084182948
P13,S2,lv1,48,9.882357450106737,2.892485048883218
P13,S2,lv1,49,3.3167390318799272,1.9756282524211064
P13,S2,lv1,50,4.097463595365603,3.12326041366204
P13,S2,lv1,51,6.034876711688446,3.353046939034537
P13,S2,lv1,52,17.892456455260078,4.0960909409440465
P13,S2,lv1,53,12.21426214591255,4.225739327080442
P13,S2,lv1,54,4.072861042891014,5.529409139945952
P13,S2,lv1,55,2.78890704222345,2.465195513713896
P13,S2,lv1,56,18.123434572042484,3.9181110011699616
P13,S2,lv1,57,9.44273442412955,5.936571312313543
P13,S2,lv1,58,13.99177721111297,5.367946709623821
P13,S2,lv1,59,15.532898455405723,3.2274229085146096
P13,S2,lv1,60,2.512357008953024,2.894682355308515
P13,S2,lv1,61,30.5147664557235,4.594447263009307
P13,S2,lv1,62,20.980397061540916,3.405528945734156
P13,S2,lv1,63,9.591929874683354,4.461564340882158
P13,S2,lv1,64,3.1582888723187557,2.3005517188322147
P13,S2,lv1,65,8.434275029117506,4.2629977671127905
P13,S2,lv1,66,2.9640948723090053,2.3682668562376286
P13,S2,lv1,67,3.9589944262905905,5.286883345036371
P13,S2,lv1,68,14.272065534745387,4.3930340351040496
P13,S2,lv1,69,1.2357955387732886,2.003913498270086
P13,S2,lv1,70,3.1282774470469263,4.325093823239556
P13,S2,lv1,71,6.325170303415229,3.4173749043983546
P13,S2,lv1,72,2.474568654242764,2.3776330391042864
P13,S2,lv1,73,8.655610991815204,4.679248622985499
P13,S2,lv1,74,4.10582416923613,4.198217109661151
P13,S2,lv1,75,1.6962241918296181,1.6927186156081784
P13,S2,lv1,76,13.251205423782231,2.569560364937512
P13,S2,lv1,77,2.8928439755669424,3.2127065632500087
P13,S2,lv1,78,11.093835310680278,3.763313921723459
P13,S2,lv1,79,3.0436615872078074,2.4390195686645835
P13,S2,lv1,80,5.167656870331437,2.8662741487251644
P13,S2,lv1,81,1.2596517488072156,1.8775400436880814
P13,S2,lv1,82,7.115957941278202,4.147432404481836
P13,S2,lv1,83,2.325114186075043,2.743625254884978
P13,S2,lv1,84,3.975972554959376,2.494441350300596
P13,S2,lv1,85,1.5364439835172694,1.8058890326848023
P13,S2,lv1,86,1.2594708955758402,1.637180896944155
P13,S2,lv1,87,15.265260512723572,3.84811130513831
P13,S2,lv1,88,4.768598442658621,5.353556739065221
P13,S2,lv1,89,3.920879187605684,3.6759871909258925
P13,S2,lv1,90,12.972938883618033,3.3886713563646156
P13,S2,lv1,91,2.136387133055937,4.598069178412108
P13,S2,lv1,92,1.8377496675074512,1.6373485711004185
P13,S2,lv1,93,3.5509450378797465,2.797623700698466
P13,S2,lv1,94,4.901337666567978,2.3607909345915608
P13,S2,lv1,95,4.323018348363726,3.1522355450076724
P13,S2,lv1,96,4.725717494123547,2.786662046217721
P13,S2,lv1,97,24.428243157018635,2.993208017713583
P13,S2,lv1,98,1.3657339316502062,2.0418081996705517
P13,S2,lv1,99,4.488773189924554,2.1233608428128714
P13,S2,lv1,100,3.9331893406057805,3.669849416181517
P13,S2,lv1,101,9.550267301067963,4.087727392041447
P13,S2,lv1,102,8.188685594564559,2.816654740581694
P13,S2,lv1,103,7.118343978481166,6.114084191532289
P13,S2,lv1,104,13.834351761619734,3.4675994563858468
P13,S2,lv1,105,3.4658748889596893,2.657759179777748
P13,S2,lv1,106,4.542388639952251,2.2267969448263956
P13,S2,lv1,107,20.082360314947895,4.2458719857155485
P13,S2,lv1,108,2.694121505811492,3.3023356439128397
P13,S2,lv1,109,8.688450866780876,3.5556007102425484
P13,S2,lv1,110,3.247320370781093,2.0221792725206074
P13,S2,lv1,111,7.680541834322735,7.356993452443968
P13,S2,lv1,112,4.265346655479282,3.5617921996418977
P13,S2,lv1,113,12.401204902513417,7.421037092565336
P13,S2,lv1,114,5.183244572624386,3.2763401819861153
P13,S2,lv1,115,5.239636631689395,6.069537183840535
P13,S2,lv1,116,3.5471346753638504,1.459163911625013
P13,S2,lv1,117,7.273186551924902,3.96593485176609
P13,S2,lv1,118,19.307513786203753,3.5353309013437335
P13,S2,lv1,119,2.4939871813469776,6.219321563917124
P13,S2,lv1,120,2.9503354635122214,3.898937329314502
P13,S2,lv1,121,6.884948268079757,3.542501217980194
P13,S2,lv1,122,9.14299390451379,3.861057498796166
P13,S2,lv1,123,2.6517146346429143,1.5631934137858092
P13,S2,lv1,124,6.986911036508688,2.8232745391066456
P13,S2,lv1,125,1.7305916339619511,2.4780054315234032
P13,S2,lv1,126,1.6680747001534757,1.2142269420500755
P13,S2,lv1,127,11.705119389016843,5.4122122178463785
P13,S2,lv1,128,6.769351273385507,3.1956632865046273
P13,S2,lv1,129,1.8570290038026,2.551269401214343
P13,S2,lv1,130,11.50989630708882,3.252388781081839
P13,S2,lv1,131,1.6576805393328888,3.1875594157881686
P13,S2,lv1,132,4.782453915520234,5.2429141489037425
P13,S2,lv1,133,19.89686112793685,9.077722173168226
P13,S2,lv1,134,1.8991689219983474,1.7186629529556912
P13,S2,lv1,135,2.123849586662271,2.9434205901659896
P13,S2,lv1,136,18.914266104965662,6.674868075311153
P13,S2,lv1,137,7.136488322097006,2.527677761135901
P13,S2,lv1,138,7.434546250038365,3.7255509333400223
P13,S2,lv1,139,4.582321886012532,6.889636420163878
P13,S2,lv1,140,17.15507633536228,4.094000234640015
P13,S2,lv1,141,1.658829945658698,2.3506369763734374
P13,S2,lv1,142,6.060461731164658,2.474545107457259
P13,S2,lv1,143,5.1970552247197555,3.0196426013533824
P13,S2,lv1,144,4.234059122539837,4.279036034734655
P13,S2,lv1,145,3.8923106232862983,6.1106787768339785
P13,S2,lv1,146,27.45163066285297,3.919591022411111
P13,S2,lv1,147,1.730038471673605,2.783575482376349
P13,S2,lv1,148,7.278019184882567,5.3928533111961645
P13,S2,lv2,0,2.0842182078022726,2.7618422143206858
P13,S2,lv2,1,9.249064454809972,5.061660372026847
P13,S2,lv2,2,24.29721405973628,3.7416013589906836
P13,S2,lv2,3,23.49344458641727,3.81623556127789
P13,S2,lv2,4,4.072904361473538,1.49164075025534
P13,S2,lv2,5,33.1724665959461,10.435113640264301
P13,S2,lv2,6,4.712915917268437,4.11578354648973
P13,S2,lv2,7,7.350778065886459,3.30935963612925
P13,S2,lv2,8,15.813197510866056,3.5087503357189185
P13,S2,lv2,9,4.924092123865905,3.2877900159017193
P13,S2,lv2,10,14.096128745474074,5.978909628562351
P13,S2,lv2,11,4.315293757398794,2.1571498882975773
P13,S2,lv2,12,3.508607472212404,2.317522275423924
P13,S2,lv2,13,4.002000209015484,2.648124205925119
P13,S2,lv2,14,4.881599456712747,4.719004578836802
P13,S2,lv2,15,3.548809049941129,2.0746001439556054
P13,S2,lv2,16,4.943265656248297,1.6518934471899813
P13,S2,lv2,17,1.4311270021629694,4.122801138275935
P13,S2,lv2,18,4.622336975072674,3.9360919342043963
P13,S2,lv2,19,2.989262821995258,1.7498545497312408
P13,S2,lv2,20,5.089547388340725,2.4625490963380408
P13,S2,lv2,21,6.067062807051906,1.1362782861441065
P13,S2,lv2,22,2.1052074905503053,2.3842760834022503
P13,S2,lv2,23,2.2666929701347214,1.4850096542201596
P13,S2,lv2,24,4.038603165673088,2.601722371301944
P13,S2,lv2,25,6.395578628696096,2.4401209459012425
P13,S2,lv2,26,1.99909694879891,1.7107223569293326
P13,S2,lv2,27,23.70884097118506,5.0063970770710355
P13,S2,lv2,28,16.61114265558155,4.9494953390829295
P13,S2,lv2,29,2.255103242059034,2.1626182815154826
P13,S2,lv2,30,2.6687945891707234,4.3866051515138365
P13,S2,lv2,31,2.5859484024513706,2.0128764652936617
P13,S2,lv2,32,6.487923973121597,4.98161843142487
P13,S2,lv2,33,0.9580354625297621,4.121593892115027
P13,S2,lv2,34,2.163717779989991,1.4571887789832134
P13,S2,lv2,35,3.4829344384715037,6.16715389418202
P13,S2,lv2,36,4.921892852115355,2.05001114439948
P13,S2,lv2,37,5.209759755663372,4.0480065557976115
P13,S2,lv2,38,13.568786620242532,5.89111503098289
P13,S2,lv2,39,1.876995840620764,2.6877649747875374
P13,S2,lv2,40,4.706878498808336,1.2075050023371758
P13,S2,lv2,41,5.078085304609787,2.3201572495945126
P13,S2,lv2,42,1.445276784957217,3.3847390493094354
P13,S2,lv2,43,1.0604105683238119,1.6618005065501296
P13,S2,lv2,44,13.04869465850259,4.750790799712423
P13,S2,lv2,45,18.017074251356707,2.0462079444692063
P13,S2,lv2,46,12.980558749390386,4.342332782183979
P13,S2,lv2,47,14.823526504098288,4.758090292417481
P13,S2,lv2,48,1.8591061026486952,1.6324037853035833
P13,S2,lv2,49,6.405689245271297,4.262111897948986
P13,S2,lv2,50,5.611904208981543,5.031854448084151
P13,S2,lv2,51,4.225640136115902,2.0614440684031656
P13,S2,lv2,52,11.507516921228843,4.245023436417378
P13,S2,lv2,53,2.235789803497325,2.6560483348164987
P13,S2,lv2,54,19.17459555537518,3.9118235518582645
P13,S2,lv2,55,1.8233257420068352,2.7217586614663203
P13,S2,lv2,56,5.504702869514431,2.3506034838259704
P13,S2,lv2,57,2.0563032302246858,3.578145980341275
P13,S2,lv2,58,1.6360661938233263,2.1114386956389875
P13,S2,lv2,59,4.582997558516335,1.772746082539003
P13,S2,lv2,60,1.4799085057759724,3.4131545965217716
P13,S2,lv2,61,13.427833262266791,3.179817228568487
P13,S2,lv2,62,2.3389057665002166,4.3182079637915605
P13,S2,lv2,63,3.6109272289364225,2.2890325690107676
P13,S2,lv2,64,3.1039013351020115,2.554975728312501
P13,S2,lv2,65,9.37856232736585,2.4504623750205328
P13,S2,lv2,66,3.6183201328964247,2.314142388408449
P13,S2,lv2,67,4.962298453357967,3.476784381431876
P13,S2,lv2,68,1.5807386850288567,3.451601424501737
P13,S2,lv2,69,8.823916236276489,1.7919380234526854
P13,S2,lv2,70,2.3794312981600148,2.117479048782006
P13,S2,lv2,71,2.0675233809172315,1.1929268501460364
P13,S2,lv2,72,9.101039670487411,3.0781968088505933
P13,S2,lv2,73,10.580805466711935,4.718815511132408
P13,S2,lv2,74,4.888148759778868,2.4393503867292763
P13,S2,lv2,75,11.261812305179205,4.1363509215018395
P13,S2,lv2,76,4.4788185763141355,3.9410398334535772
P13,S2,lv2,77,14.609017375394679,2.7373156768171913
P13,S2,lv2,78,2.3870786536611255,2.025047295965499
P13,S2,lv2,79,1.8033067814381445,1.9027747982816758
P13,S2,lv2,80,11.236766839821103,2.9383016777897497
P13,S2,lv2,81,2.89571753139249,2.1001920797554225
P13,S2,lv2,82,3.6643276924796955,3.718360397860027
P13,S2,lv2,83,7.491810182475255,2.575380348761278
P13,S2,lv2,84,2.3845399121385515,2.4442255781754465
P13,S2,lv2,85,3.588397033010548,3.474732645387474
P13,S2,lv2,86,2.938998565342371,2.9596399117432304
P13,S2,lv2,87,3.0580023712207014,2.48791621860429
P13,S2,lv2,88,2.9544266147425384,1.1129079905837194
P13,S2,lv2,89,4.483238859655704,4.651272706605431
P13,S2,lv2,90,3.613367908337151,1.4086894699890553
P13,S2,lv2,91,2.9314494319679163,4.397683224901026
P13,S2,lv2,92,3.8242024172658198,4.1639085645026634
P13,S2,lv2,93,5.748598627860587,4.173308158611126
P13,S2,lv2,94,4.520401934773698,2.5487436017966494
P13,S2,lv2,95,6.290517006060265,3.1039220863625667
P13,S2,lv2,96,1.5015718634020425,1.5179713288432821
P13,S2,lv2,97,9.22004776256155,3.081321613822606
P13,S2,lv2,98,3.459312658127495,5.34420010737928
P13,S2,lv2,99,3.090636965029199,4.339808485295481
P13,S2,lv2,100,18.70396481367265,5.9056873149806455
P13,S2,lv2,101,7.869944227161056,4.828243218226999
P13,S2,lv2,102,1.9907389093434957,2.1787047455090818
P13,S2,lv2,103,4.148305448340034,4.491749825366631
P13,S2,lv2,104,12.872952829610254,2.673107450004093
P13,S2,lv2,105,2.1044891887315167,1.7591585326272061
P13,S2,lv2,106,4.4020494927373965,2.1520002154102817
P13,S2,lv2,107,21.698149197817116,4.82302125049488
P13,S2,lv2,108,9.957324296459786,4.506379329939753
P13,S2,lv2,109,1.7668454212737719,2.0926850521624143
P13,S2,lv2,110,7.3985917451224985,4.111108859466487
P13,S2,lv2,111,20.418619380904946,6.220122340929261
P13,S2,lv2,112,26.154612738622845,4.2845449292869064
P13,S2,lv2,113,2.411461457420665,1.7899667022118257
P13,S2,lv2,114,2.6110459896944156,2.5892488052929807
P13,S2,lv2,115,28.560461910388238,5.850293818102019
P13,S2,lv2,116,2.500368728075596,2.2848589081424246
P13,S2,lv2,117,1.474091315026112,1.2048993352670323
P13,S2,lv2,118,0.7870664431011278,1.198209021827472
P13,S2,lv2,119,6.759904593372254,2.7221983387397763
P13,S2,lv2,120,5.341970625208444,2.6403030444123923
P13,S2,lv2,121,1.0600321761862352,1.0873357529372463
P13,S2,lv2,122,3.980973149152345,3.508502718701473
P13,S2,lv2,123,2.4567371517033085,3.1319646742608755
P13,S2,lv2,124,7.324042841579545,1.8885143784018656
P13,S2,lv2,125,3.5663509095663186,2.170355465132143
P13,S2,lv2,126,17.743890858522036,4.082577930929366
P13,S2,lv2,127,2.6588163232768274,1.790297927669708
P13,S2,lv2,128,9.159268903496438,3.531454292064927
P13,S2,lv2,129,3.4816082271766304,2.9980866858784525
P13,S2,lv2,130,2.9542353131802916,1.0374596720216414
P13,S2,lv2,131,5.561852422492732,4.390533672742847
P13,S2,lv2,132,1.5681634727586837,3.171657103858937
P13,S2,lv2,133,2.1689854215659476,2.0866268422088945
P13,S2,lv2,134,6.269741390315751,3.567674125362898
P13,S2,lv2,135,4.680731878156028,3.7226429810759867
P13,S2,lv2,136,1.9342008505362795,2.1872488084548842
P13,S2,lv2,137,2.487504504211468,2.3376591070982555
P13,S2,lv2,138,3.1714729172483427,1.4673629465780902
P13,S2,lv2,139,1.4564748262269551,2.5532507712278165
P13,S2,lv2,140,5.4203697653446286,3.590869023264867
P13,S2,lv2,141,1.9723076810667275,1.7408283603380512
P13,S2,lv2,142,12.958795283856144,6.267090579232523
P13,S2,lv2,143,13.108973126903456,3.3345980772550616
P13,S2,lv2,144,2.3636549945635017,1.9459206977879355
P13,S2,lv2,145,6.163317387185497,3.0223928724371985
P13,S2,lv2,146,1.7041871047943944,2.4171854187302255
P13,S2,lv2,147,8.937848968680209,2.389629088317553
P13,S2,lv2,148,2.7050831150478136,4.171673572024098
P14,S1,base,0,24.879681586334687,4.618132142474245
P14,S1,base,1,1.707962730836294,5.445971888357983
P14,S1,base,2,32.63661088255458,3.993791295332186
P14,S1,base,3,16.503830169471424,4.273290065309323
P14,S1,base,4,3.130288158524018,2.1598990357488415
P14,S1,base,5,8.169051305254934,4.479534639227949
P14,S1,base,6,3.547209597242289,10.883857328967657
P14,S1,base,7,4.47626696566926,4.789714032128873
P14,S1,base,8,4.821058651653832,2.83926819156854
P14,S1,base,9,32.61429213745082,7.0963417800363535
P14,S1,base,10,26.845096145140147,4.173020917608725
P14,S1,base,11,8.18404928221424,4.255389282075804
P14,S1,base,12,3.361959199485127,4.417294055135132
P14,S1,base,13,4.15321870979106,4.404641192798823
P14,S1,base,14,5.94743290854803,5.143820624398498
P14,S1,base,15,10.833279068711809,8.75475894197244
P14,S1,base,16,4.071707402327515,5.8064878506762945
P14,S1,base,17,31.582893566596265,7.880580720601562
P14,S1,base,18,29.7724460415584,8.674936007878749
P14,S1,base,19,40.59537162850817,6.163493466125863
P14,S1,base,20,15.953280146836383,5.138046867728872
P14,S1,base,21,4.135097839532018,5.3899114367688
P14,S1,base,22,3.042608734850088,7.904540399911169
P14,S1,base,23,15.12688878549116,5.1844994333908
P14,S1,base,24,11.263639534243895,4.879198558147332
P14,S1,base,25,2.0881866036692696,8.936960047952066
P14,S1,base,26,3.5624451690633796,10.78062676783907
P14,S1,base,27,21.62682508008722,5.629395450784379
P14,S1,base,28,4.930588137442693,7.28488663641925
P14,S1,base,29,18.398792808267952,7.44731372493191
P14,S1,lv0,0,4.213823991861171,5.759016208044611
P14,S1,lv0,1,15.18584533509544,6.994657269351478
P14,S1,lv0,2,7.355835757620912,7.784477440842212
P14,S1,lv0,3,25.535087857957347,9.773828392720901
P14,S1,lv0,4,50.003639439482036,15.752907351409279
P14,S1,lv0,5,8.096765177619744,4.164293262313865
P14,S1,lv0,6,4.187232415017256,3.6933400887498604
P14,S1,lv0,7,13.226931697464392,5.429449140938467
P14,S1,lv0,8,36.83193167541811,9.111098378903272
P14,S1,lv0,9,12.578182900035106,8.353637461600515
P14,S1,lv0,10,23.053255381444934,8.47276192608274
P14,S1,lv0,11,7.217639227000313,5.187419921345497
P14,S1,lv0,12,6.93005179489472,10.246977572983287
P14,S1,lv0,13,9.48876544048895,6.671424741759287
P14,S1,lv0,14,52.46741882157883,10.006921380824332
P14,S1,lv0,15,10.252543447191156,7.351514857814484
P14,S1,lv0,16,7.548399823173456,9.350321888795024
P14,S1,lv0,17,6.273818458130494,4.754762998601476
P14,S1,lv0,18,8.900458149181251,7.0467545565494945
P14,S1,lv0,19,17.68814175585646,9.034312345264434
P14,S1,lv0,20,2.171521175025337,3.052312578376862
P14,S1,lv0,21,5.641293802289418,10.063066333767685
P14,S1,lv0,22,17.965392983559223,9.774112749009095
P14,S1,lv0,23,9.816353944387878,6.192711762520995
P14,S1,lv0,24,10.272545154644977,6.292326210845585
P14,S1,lv0,25,8.15927156463822,7.102920269310033
P14,S1,lv0,26,7.03639846670578,3.7110924557471052
P14,S1,lv0,27,13.045427866492393,10.168221012254971
P14,S1,lv0,28,13.241506534191776,7.282019408017048
P14,S1,lv0,29,8.808723469202718,10.218408573962943
P14,S1,lv0,30,8.41413417890325,7.894276511866641
P14,S1,lv0,31,39.256622166572235,9.416102169475655
P14,S1,lv0,32,10.633957714760056,9.551357691907002
P14,S1,lv0,33,6.697335755314912,5.550422906954232
P14,S1,lv0,34,3.9987217298531985,3.5364528548051917
P14,S1,lv0,35,4.492133948555589,7.397852012011944
P14,S1,lv0,36,18.195595387862223,18.468890323586333
P14,S1,lv0,37,6.502542931156699,4.1385464623900985
P14,S1,lv0,38,5.3482841537002965,4.442975264058957
P14,S1,lv0,39,4.324850726726943,7.787909856850909
P14,S1,lv0,40,35.47250054013346,8.413240693989998
P14,S1,lv0,41,7.244573082772045,7.435246706898615
P14,S1,lv0,42,40.84405242422693,7.313363737765719
P14,S1,lv0,43,5.015539308241533,9.962991817430208
P14,S1,lv0,44,57.840518872006776,6.13457464208106
P14,S1,lv0,45,4.020455926786037,5.855832686649956
P14,S1,lv0,46,7.347822985038277,5.684069803257185
P14,S1,lv0,47,38.08960849013718,10.465488998086833
P14,S1,lv0,48,5.303719379158879,7.419317857044342
P14,S1,lv0,49,37.52447725443178,7.894152311903289
P14,S1,lv0,50,15.202335419261864,6.770768159647382
P14,S1,lv0,51,7.963128345395357,6.919288950562562
P14,S1,lv0,52,8.146113454372067,4.855979573103766
P14,S1,lv0,53,15.649295372724703,12.228520294116162
P14,S1,lv0,54,30.890686472023,5.959482097513595
P14,S1,lv0,55,6.01727077726324,3.9163380639842647
P14,S1,lv0,56,35.042952249483484,13.05281781989684
P14,S1,lv0,57,26.28287074853293,5.141467149834326
P14,S1,lv0,58,10.962013255409799,5.685882245078155
P14,S1,lv0,59,8.198710177713753,8.365844356968356
P14,S1,lv0,60,12.570248676596698,5.696802404456536
P14,S1,lv0,61,8.222405083069914,7.786818268443926
P14,S1,lv0,62,14.234533465077655,5.730807655385379
P14,S1,lv0,63,26.868573172798968,8.01511213380582
P14,S1,lv0,64,3.5901505666270443,6.381072180006647
P14,S1,lv0,65,3.493829288362002,9.885867884336406
P14,S1,lv0,66,7.326453209609239,6.74643630180347
P14,S1,lv0,67,3.6386032569441933,3.44202394328198
P14,S1,lv0,68,9.147390535940222,9.953858555066489
P14,S1,lv0,69,4.52773935715513,5.001859435785294
P14,S1,lv0,70,4.360262458222377,4.125946197673219
P14,S1,lv0,71,4.570949920259138,5.990855371054019
P14,S1,lv0,72,37.40583490889804,6.230064399726612
P14,S1,lv0,73,13.516368690490822,8.528192759177038
P14,S1,lv0,74,23.1738168313486,4.893889659539603
P14,S1,lv0,75,9.911996992177674,6.286062280918308
P14,S1,lv0,76,8.756925431820695,7.582167149443605
P14,S1,lv0,77,8.5024430777986,5.145700762336493
P14,S1,lv0,78,4.665896064667483,9.181544463588535
P14,S1,lv0,79,8.84007042773577,6.525213170975585
P14,S1,lv0,80,4.365531570217559,6.296479174211412
P14,S1,lv0,81,10.269393031426532,9.713973483219691
P14,S1,lv0,82,3.5858226430005065,8.612862243714472
P14,S1,lv0,83,18.80602489665335,8.078900391575042
P14,S1,lv0,84,6.899953914206013,5.576512579993892
P14,S1,lv0,85,6.000752235743512,10.419185012886464
P14,S1,lv0,86,35.09900285675706,9.517702770115568
P14,S1,lv0,87,6.79914395709132,4.024931932804901
P14,S1,lv0,88,16.17617279180445,12.454844343949869
P14,S1,lv0,89,6.126497149255893,4.86477646078368
P14,S1,lv0,90,3.5637501429862057,4.796384136601446
P14,S1,lv0,91,7.277960235147295,6.238402426613379
P14,S1,lv0,92,22.688462728244367,5.497166595112978
P14,S1,lv0,93,6.863944699641775,4.731059855502622
P14,S1,lv0,94,5.373828239708336,6.46660026519948
P14,S1,lv0,95,5.351390166805843,3.7085970178773184
P14,S1,lv0,96,4.241575883483796,6.022484925077404
P14,S1,lv0,97,11.225243911939392,8.508786395904256
P14,S1,lv0,98,49.20782645671297,11.995079766773783
P14,S1,lv0,99,5.626693368349472,6.269969341139223
P14,S1,lv0,100,6.270237446716883,4.330559991205137
P14,S1,lv0,101,8.207602292806682,3.3951589194716876
P14,S1,lv0,102,40.41026818194455,8.706806660364256
P14,S1,lv0,103,2.4834420710566643,3.140659811567771
P14,S1,lv0,104,3.99926808159699,8.100584203948957
P14,S1,lv0,105,4.493561547456516,5.292927055759621
P14,S1,lv0,106,21.712260066322035,6.058069810774868
P14,S1,lv0,107,9.144868700240371,5.477659741168511
P14,S1,lv0,108,5.059119549086642,3.877454180521062
P14,S1,lv0,109,2.5555853332575187,2.1393922560348657
P14,S1,lv0,110,44.045960956694024,12.32467396585912
P14,S1,lv0,111,12.3860591413122,9.535423979364003
P14,S1,lv0,112,34.88948124981408,3.9844161369867246
P14,S1,lv0,113,3.6926339038888787,3.8235850024581968
P14,S1,lv0,114,19.898188057973126,7.42034440209233
P14,S1,lv0,115,4.3387793642645445,7.89916226363248
P14,S1,lv0,116,3.4780336665997384,6.117445801684646
P14,S1,lv0,117,36.68120174573618,12.024300521271297
P14,S1,lv0,118,7.44677635728786,6.722737170255657
P14,S1,lv0,119,2.2300454203852684,4.481592758250916
P14,S1,lv0,120,13.307210949310521,4.868531572197345
P14,S1,lv0,121,8.826512752600783,4.688256164236659
P14,S1,lv0,122,6.988927231226171,7.783226693379828
P14,S1,lv0,123,6.6554102541941,4.874232923125095
P14,S1,lv0,124,14.669630164584671,5.828446848360048
P14,S1,lv0,125,18.15734453634969,8.825585197088547
P14,S1,lv0,126,16.612027466831222,17.894423414383578
P14,S1,lv0,127,61.51198897379331,13.93229784707031
P14,S1,lv0,128,44.855929689604544,10.644528279841586
P14,S1,lv0,129,16.969102771009304,14.257520944787563
P14,S1,lv0,130,4.206738433009271,7.649185655853019
P14,S1,lv0,131,4.356916468756744,4.936568352922577
P14,S1,lv0,132,6.15259489443091,5.8916651394439725
P14,S1,lv0,133,6.8786709686257055,4.186144896081553
P14,S1,lv0,134,6.3179241884156,4.64685043941543
P14,S1,lv0,135,7.6704509259120695,7.7546200779353835
P14,S1,lv0,136,73.87069550879974,18.26290342148151
P14,S1,lv0,137,15.806060533738652,9.287286100591878
P14,S1,lv0,138,9.229127604372897,8.76956150936198
P14,S1,lv0,139,6.238454006530129,7.815709856452092
P14,S1,lv0,140,9.962193613336138,6.094517424120547
P14,S1,lv0,141,13.50364501399981,3.8420736895037315
P14,S1,lv0,142,6.311812599059493,5.87309762959985
P14,S1,lv0,143,5.812267169846724,5.139914721562643
P14,S1,lv0,144,5.230844253295019,7.0223060258511
P14,S1,lv0,145,9.685078121506562,5.681846328030486
P14,S1,lv0,146,35.98118742874223,7.457021106362869
P14,S1,lv0,147,4.192385789118802,5.850756587088618
P14,S1,lv0,148,8.693201273311644,4.866938185290575
P14,S1,lv1,0,78.93817121316667,9.363628662447985
P14,S1,lv1,1,51.32696830267965,7.643656309453969
P14,S1,lv1,2,7.670251709869565,6.682088939431356
P14,S1,lv1,3,16.117073108367997,6.705118346057539
P14,S1,lv1,4,7.85252825129146,3.864442871222252
P14,S1,lv1,5,68.51184008367825,9.302627599884948
P14,S1,lv1,6,29.024487067990933,10.425253938581744
P14,S1,lv1,7,4.38276560878283,6.07903734237456
P14,S1,lv1,8,73.1704111789223,10.334036387651762
P14,S1,lv1,9,12.531752605707378,7.145069555138863
P14,S1,lv1,10,8.650664407560763,8.91287789549387
P14,S1,lv1,11,101.47318012099451,21.31710982815511
P14,S1,lv1,12,1.9373360875549925,6.5095472380982
P14,S1,lv1,13,49.88345681185069,9.604497517164408
P14,S1,lv1,14,8.10006542557558,9.747778537704548
P14,S1,lv1,15,97.19958925716111,21.57772275630924
P14,S1,lv1,16,6.134536739349716,7.3724496461313125
P14,S1,lv1,17,6.108431166081783,7.472069957259746
P14,S1,lv1,18,10.572690357227886,8.676949956677042
P14,S1,lv1,19,4.0628177304427835,5.586514290769123
P14,S1,lv1,20,5.183129797192067,9.668473282079756
P14,S1,lv1,21,9.431116090911708,9.470018559857602
P14,S1,lv1,22,7.812482322523063,10.628026068155624
P14,S1,lv1,23,43.154761702018384,11.885468861085613
P14,S1,lv1,24,12.697151708992976,4.786085885011779
P14,S1,lv1,25,3.903696039322154,5.46885065010508
P14,S1,lv1,26,8.583320538242981,3.9658359151350253
P14,S1,lv1,27,11.403423278752033,10.836011558512155
P14,S1,lv1,28,6.423251624141902,3.396298817808135
P14,S1,lv1,29,4.0467137739908035,5.701316664502033
P14,S1,lv1,30,8.914703456417996,5.1254307087464905
P14,S1,lv1,31,27.926101925464376,6.943158774895599
P14,S1,lv1,32,8.179898362533043,11.902470829064772
P14,S1,lv1,33,6.7701944451826686,5.7780745329056415
P14,S1,lv1,34,8.843035584354771,5.828804378833628
P14,S1,lv1,35,5.022727429553263,4.696888224122397
P14,S1,lv1,36,41.47235797588595,10.277090545211957
P14,S1,lv1,37,29.714551115534846,10.319530664821638
P14,S1,lv1,38,3.712257673291372,4.686803363489045
P14,S1,lv1,39,6.397288286528305,5.4607064202726745
P14,S1,lv1,40,39.670451382433484,10.813462433483606
P14,S1,lv1,41,8.370153292793269,4.938808536555237
P14,S1,lv1,42,35.97559739803488,8.836602968816615
P14,S1,lv1,43,7.647566874774656,4.416424342924474
P14,S1,lv1,44,56.80958284277589,9.221249934421417
P14,S1,lv1,45,10.388910488536043,10.710872087712772
P14,S1,lv1,46,72.82498795713109,25.73487864967256
P14,S1,lv1,47,9.505152538355526,16.202778963232177
P14,S1,lv1,48,2.532425211118984,3.738822010485418
P14,S1,lv1,49,17.21626140183253,6.614889823300219
P14,S1,lv1,50,9.271802090523364,8.10860831738864
P14,S1,lv1,51,26.956818272543533,5.692533864669614
P14,S1,lv1,52,123.87652195977188,14.81012528103815
P14,S1,lv1,53,3.307329900386319,2.0190125296352828
P14,S1,lv1,54,15.0782642619106,4.183035567518961
P14,S1,lv1,55,3.911195767626075,4.1931305269045165
P14,S1,lv1,56,42.72384085472354,6.651036814960224
P14,S1,lv1,57,69.68949561016775,8.007809148574138
P14,S1,lv1,58,10.516812222452282,5.181137592830954
P14,S1,lv1,59,82.5756778888119,27.17756552675809
P14,S1,lv1,60,30.6194497861944,7.07021546224989
P14,S1,lv1,61,12.558716365434965,4.7949053098071035
P14,S1,lv1,62,77.59263833421043,16.527879316043087
P14,S1,lv1,63,5.380918810509271,8.128368011567431
P14,S1,lv1,64,9.036359573787957,4.39872749493555
P14,S1,lv1,65,87.70948108527428,14.324232548554194
P14,S1,lv1,66,72.07973475032996,8.02434470068839
P14,S1,lv1,67,10.126809668607079,7.178649608297993
P14,S1,lv1,68,12.272398744938426,8.134538280584277
P14,S1,lv1,69,135.49178306693705,8.96079377815713
P14,S1,lv1,70,128.82700842097464,12.4423808943193
P14,S1,lv1,71,86.71484694424005,8.687108794601912
P14,S1,lv1,72,4.360046444669306,7.352685661755955
P14,S1,lv1,73,4.413468407029037,9.70248961808651
P14,S1,lv1,74,63.371351727650286,13.690564545076716
P14,S1,lv1,75,30.07736989145529,6.060809884607229
P14,S1,lv1,76,27.433552539854762,9.951682065541926
P14,S1,lv1,77,9.025744911998506,7.720668504306945
P14,S1,lv1,78,21.086944690504144,9.07594856043978
P14,S1,lv1,79,10.434852658834826,6.6849459781826495
P14,S1,lv1,80,9.47723898332786,3.9600839571964226
P14,S1,lv1,81,48.62280621076484,5.221777392136274
P14,S1,lv1,82,58.11471164458582,12.162123300604994
P14,S1,lv1,83,7.758426778477861,4.661197255810381
P14,S1,lv1,84,150.79622781269376,10.308497020651357
P14,S1,lv1,85,111.06567871301839,10.207022813060185
P14,S1,lv1,86,10.967779157319043,6.370477167355837
P14,S1,lv1,87,12.423459904070565,7.061399692802173
P14,S1,lv1,88,4.866863590832317,8.276633928087266
P14,S1,lv1,89,30.4621060644398,6.102958831276348
P14,S1,lv1,90,7.7328060271842896,5.780336781996896
P14,S1,lv1,91,3.0158109960139234,4.429818781200598
P14,S1,lv1,92,51.01727153900039,16.419693738273782
P14,S1,lv1,93,8.490039416992182,4.058534421693794
P14,S1,lv1,94,5.9428791109859676,3.7248076426075323
P14,S1,lv1,95,19.288896846899544,4.371559368309178
P14,S1,lv1,96,22.20098909756261,7.101748796992021
P14,S1,lv1,97,2.3272303475040266,13.442789275809575
P14,S1,lv1,98,7.879618734457967,4.061030111984713
P14,S1,lv1,99,18.562760683402924,8.777804655461647
P14,S1,lv1,100,14.377189767937248,5.022261602278256
P14,S1,lv1,101,20.454880861233473,7.774996070332341
P14,S1,lv1,102,13.741761150660626,5.560842753357656
P14,S1,lv1,103,23.509122661608334,7.13068752092897
P14,S1,lv1,104,7.217093153231078,6.440699918302021
P14,S1,lv1,105,19.554985204212343,12.129656353806954
P14,S1,lv1,106,3.66379526043431,6.230589987053134
P14,S1,lv1,107,62.7323641825065,14.779992379782144
P14,S1,lv1,108,18.815277151694307,6.631266977409953
P14,S1,lv1,109,5.614569524475149,7.248452247282127
P14,S1,lv1,110,16.947451523509116,6.1153114468499865
P14,S1,lv1,111,28.753560377178534,9.940231934964505
P14,S1,lv1,112,8.780973020761976,3.7289818016459377
P14,S1,lv1,113,23.915087163070666,9.739395735746337
P14,S1,lv1,114,7.10106878247356,6.029873143906637
P14,S1,lv1,115,8.987609800604565,4.042016507625957
P14,S1,lv1,116,17.128869864390428,10.882240343121834
P14,S1,lv1,117,19.185138570607414,11.718961694812029
P14,S1,lv1,118,102.70505617106382,16.599535597780235
P14,S1,lv1,119,43.10510637195957,12.871305010798832
P14,S1,lv1,120,69.83661478900994,9.540115505704557
P14,S1,lv1,121,5.324072107008806,4.533743748405851
P14,S1,lv1,122,9.100071355937143,9.820996210844674
P14,S1,lv1,123,57.67549868853023,14.442990695830943
P14,S1,lv1,124,11.141724857604899,7.942126825005783
P14,S1,lv1,125,11.116760736477431,6.541571043164891
P14,S1,lv1,126,9.807054210529124,5.671284965958
P14,S1,lv1,127,12.380111455288672,6.178945942008916
P14,S1,lv1,128,25.248338511814527,8.632383649011656
P14,S1,lv1,129,8.14734355752824,4.882121443390586
P14,S1,lv1,130,28.121139482612644,8.689338842405457
P14,S1,lv1,131,38.22981287947736,14.678299460766459
P14,S1,lv1,132,8.607767324628188,4.572442757027754
P14,S1,lv1,133,33.017576284129525,9.274244345831297
P14,S1,lv1,134,8.12567909796322,7.207671795495785
P14,S1,lv1,135,6.234883590157022,5.046992655952871
P14,S1,lv1,136,20.02401796253093,5.215748411210604
P14,S1,lv1,137,56.30290263815157,9.461702522456898
P14,S1,lv1,138,7.83090107855313,4.987646485962877
P14,S1,lv1,139,14.304356414806797,6.564051940095816
P14,S1,lv1,140,9.666759191059791,10.209181515069222
P14,S1,lv1,141,8.525979937420233,5.8108881333829645
P14,S1,lv1,142,24.96545075917089,9.761516383180204
P14,S1,lv1,143,5.401116948252302,3.8906529219819315
P14,S1,lv1,144,6.123970386115359,7.217410563272601
P14,S1,lv1,145,10.67772174071857,12.884646539967378
P14,S1,lv1,146,5.131318633112148,6.858315366269066
P14,S1,lv1,147,54.109855967780504,12.583096050539348
P14,S1,lv1,148,10.19849964477305,12.526849115154869
P14,S1,lv2,0,19.59931163546993,7.748470517465482
P14,S1,lv2,1,14.53068493219902,9.10002734115813
P14,S1,lv2,2,4.5697553289837725,5.398316432869802
P14,S1,lv2,3,17.273844648951556,10.346186765959834
P14,S1,lv2,4,163.55158239288852,12.396799090356318
P14,S1,lv2,5,9.140409600081446,10.262892084320692
P14,S1,lv2,6,73.35554953850881,12.108697740478455
P14,S1,lv2,7,5.6778914756554295,5.337974709380893
P14,S1,lv2,8,34.75750797549968,10.741831406570045
P14,S1,lv2,9,87.4727585339062,14.546990004953079
P14,S1,lv2,10,6.0705492408864,7.520261494166279
P14,S1,lv2,11,16.21266329553903,11.257902423890075
P14,S1,lv2,12,10.305728626322392,6.5356820807083125
P14,S1,lv2,13,10.484913834775849,5.339061334317406
P14,S1,lv2,14,6.51205470640303,7.772900270084722
P14,S1,lv2,15,7.552735518223717,6.296710923895237
P14,S1,lv2,16,18.305282264473945,8.524572400328658
P14,S1,lv2,17,103.39224645312615,10.196490632898165
P14,S1,lv2,18,21.47327839413181,10.338715259366936
P14,S1,lv2,19,5.400438564302025,5.644486715008189
P14,S1,lv2,20,14.11159913023118,8.583902029445289
P14,S1,lv2,21,5.92736521150323,6.117730756571431
P14,S1,lv2,22,5.581390311447501,5.785734760157572
P14,S1,lv2,23,5.256906933599324,3.7087327899541442
P14,S1,lv2,24,22.516109701767036,12.177770396358902
P14,S1,lv2,25,49.13894764173205,7.999873600795385
P14,S1,lv2,26,49.2828403699781,12.058544373875733
P14,S1,lv2,27,10.090009621829044,9.90904428172127
P14,S1,lv2,28,92.11058954002857,29.65094868397669
P14,S1,lv2,29,33.20467601899994,7.106408756756538
P14,S1,lv2,30,3.7752078019519475,3.832334085000321
P14,S1,lv2,31,7.26047305525036,9.170098858860756
P14,S1,lv2,32,7.8645726669116165,8.509685241377605
P14,S1,lv2,33,7.091200593079917,6.492186905416041
P14,S1,lv2,34,24.439127080320652,6.72921482145218
P14,S1,lv2,35,37.34121631201521,9.081732508456478
P14,S1,lv2,36,23.720520496725417,10.162299160291303
P14,S1,lv2,37,47.13553323196267,7.495840167422568
P14,S1,lv2,38,8.304224121016253,5.259718792784614
P14,S1,lv2,39,5.571205116782783,6.536164244821213
P14,S1,lv2,40,3.7453971316775343,4.803630676172064
P14,S1,lv2,41,9.99712368515478,16.04708187725183
P14,S1,lv2,42,120.37085941163159,23.313790786972824
P14,S1,lv2,43,13.092733244680336,9.533038804730475
P14,S1,lv2,44,12.225386635549157,3.839454059392599
P14,S1,lv2,45,7.564266966228829,5.3546006962309916
P14,S1,lv2,46,20.073306890924115,6.193551113555661
P14,S1,lv2,47,9.868635263973523,11.814257533203463
P14,S1,lv2,48,77.23282973176053,11.688094576656246
P14,S1,lv2,49,9.498246862458693,6.081835517152714
P14,S1,lv2,50,13.658994869919976,9.839764601533535
P14,S1,lv2,51,12.625329311381636,6.185514112394321
P14,S1,lv2,52,35.44002235746506,6.470063787180324
P14,S1,lv2,53,3.4666364123294624,4.848794414099557
P14,S1,lv2,54,6.060566279401434,4.243552512684421
P14,S1,lv2,55,2.3575119056014975,5.076597908121403
P14,S1,lv2,56,35.74053721853257,7.692520957823372
P14,S1,lv2,57,5.676240571451932,10.169295513890127
P14,S1,lv2,58,40.875146167128214,8.662244776302245
P14,S1,lv2,59,7.822885333697534,6.264068789938821
P14,S1,lv2,60,3.55200892525977,3.683471457362188
P14,S1,lv2,61,44.93150450956641,8.273565638935239
P14,S1,lv2,62,3.787227105530036,3.703278308268353
P14,S1,lv2,63,31.21710882364937,9.206474201205209
P14,S1,lv2,64,9.537539906010606,5.6411924518482
P14,S1,lv2,65,41.80452088721162,8.728842852992402
P14,S1,lv2,66,8.309920727655667,5.323031432456418
P14,S1,lv2,67,46.14277654813851,7.895224171162351
P14,S1,lv2,68,4.904490509215291,4.025267713608962
P14,S1,lv2,69,8.654566337216739,7.373548414122095
P14,S1,lv2,70,9.568048508454604,9.437361093941846
P14,S1,lv2,71,11.070086778284612,4.945289642643479
P14,S1,lv2,72,33.33600998725938,14.649045766793689
P14,S1,lv2,73,8.145170012447066,8.628189510291827
P14,S1,lv2,74,42.117025171467745,12.554843217463173
P14,S1,lv2,75,12.797727692340304,6.25196872278195
P14,S1,lv2,76,5.028420719691583,6.273135454694703
P14,S1,lv2,77,20.585928053759286,6.294693764603169
P14,S1,lv2,78,57.01902381120572,10.704462783442017
P14,S1,lv2,79,12.510421473378235,5.393656526633442
P14,S1,lv2,80,66.12526784439227,8.966973981731984
P14,S1,lv2,81,7.635135549573424,6.3694939254406
P14,S1,lv2,82,5.4673945631655,8.94150355981753
P14,S1,lv2,83,18.92832531741618,13.03124209808391
P14,S1,lv2,84,7.189424664747164,7.819215987173952
P14,S1,lv2,85,112.77045371883462,19.788821258285267
P14,S1,lv2,86,46.652751687969506,17.391735641090776
P14,S1,lv2,87,57.74505867767433,10.053666083998875
P14,S1,lv2,88,8.381206470649994,9.473752826085613
P14,S1,lv2,89,11.946566097303036,8.103634769918107
P14,S1,lv2,90,65.6530765700766,13.802765760319756
P14,S1,lv2,91,9.345849595874231,8.825806948751918
P14,S1,lv2,92,18.813624340029875,10.305256675759907
P14,S1,lv2,93,11.410528386433274,6.847546367899596
P14,S1,lv2,94,9.242935913004201,4.496723116987593
P14,S1,lv2,95,94.37140411900756,15.033859426516987
P14,S1,lv2,96,32.74581852792196,6.468117503160868
P14,S1,lv2,97,4.407380717733081,4.158304084198233
P14,S1,lv2,98,74.52267453908897,8.12836783731123
P14,S1,lv2,99,7.366481390526495,5.590394067415675
P14,S1,lv2,100,70.692875161563,10.475859376662408
P14,S1,lv2,101,24.515664823153767,7.914821506440494
P14,S1,lv2,102,26.249435022760593,5.540700473107819
P14,S1,lv2,103,39.19253211100186,10.266112861046633
P14,S1,lv2,104,26.951991997993623,10.993494817477435
P14,S1,lv2,105,6.639258632217609,6.516305631021441
P14,S1,lv2,106,10.954443829210664,8.782644275399647
P14,S1,lv2,107,14.975218648001887,8.130724233286092
P14,S1,lv2,108,56.60073376477309,10.16351420090847
P14,S1,lv2,109,88.38863931599498,7.318833739000645
P14,S1,lv2,110,2.3527870385206557,4.414633499458854
P14,S1,lv2,111,5.981578908694321,5.284595105414832
P14,S1,lv2,112,28.640804160008113,6.102717076959098
P14,S1,lv2,113,3.987930460649398,4.732258742694458
P14,S1,lv2,114,25.825913431759734,6.767939764155493
P14,S1,lv2,115,53.418278976775454,13.55152957797023
P14,S1,lv2,116,18.91097003057556,6.460437008808282
P14,S1,lv2,117,9.94867072841388,6.832986449740767
P14,S1,lv2,118,10.26476412517849,7.325113331685781
P14,S1,lv2,119,36.73755563264716,18.54208122575068
P14,S1,lv2,120,5.896433205648865,5.826030843713357
P14,S1,lv2,121,4.289975914791431,5.003342103904565
P14,S1,lv2,122,42.43137446866567,8.062510911766198
P14,S1,lv2,123,43.33669918939127,10.83955664799348
P14,S1,lv2,124,7.323017167881347,7.075756590014343
P14,S1,lv2,125,44.50856460888778,11.158461277172322
P14,S1,lv2,126,34.78991661899725,9.543013876938005
P14,S1,lv2,127,131.05109217945798,16.4482518420507
P14,S1,lv2,128,8.554482787022339,7.374796741458471
P14,S1,lv2,129,50.91322188272566,12.771844220369005
P14,S1,lv2,130,4.76246418353901,5.3349233106763005
P14,S1,lv2,131,8.984542157395413,9.464867572866673
P14,S1,lv2,132,126.32215835718092,15.769927531775737
P14,S1,lv2,133,10.642914530927484,6.907035803870237
P14,S1,lv2,134,4.759376240262123,6.161118090109786
P14,S1,lv2,135,8.639559981087967,8.90219791050455
P14,S1,lv2,136,8.79920646812362,5.43021803740668
P14,S1,lv2,137,163.7441709532693,16.496373595521458
P14,S1,lv2,138,14.216517945895816,11.790408551840757
P14,S1,lv2,139,45.09580195708867,9.917833360911478
P14,S1,lv2,140,123.60431651401008,23.310366211497133
P14,S1,lv2,141,36.562878040683486,11.094688025239076
P14,S1,lv2,142,2.6309580056088104,3.365418468466284
P14,S1,lv2,143,17.787165528886927,5.403655290300507
P14,S1,lv2,144,7.902979022041826,4.216089008668223
P14,S1,lv2,145,12.242175416703223,10.494945693309315
P14,S1,lv2,146,8.536885556601687,5.420395091005327
P14,S1,lv2,147,3.962605731688822,6.143182830072735
P14,S1,lv2,148,8.909709595266161,13.263460869046236
P14,S2,base,0,2.9581876113988383,2.7890133163509043
P14,S2,base,1,2.6058723053887203,2.613112901714472
P14,S2,base,2,3.033058002121058,2.817970046699008
P14,S2,base,3,3.8355909659697467,2.5996573529414815
P14,S2,base,4,3.4662479059548623,1.9443943258752008
P14,S2,base,5,2.5442975523742204,4.087588639253774
P14,S2,base,6,11.118459462941107,5.573707472578228
P14,S2,base,7,22.566132590134,4.542103688801335
P14,S2,base,8,21.062029831087223,5.61028681265513
P14,S2,base,9,3.4452188152775878,3.293947865639246
P14,S2,base,10,4.627037316911859,5.487172323077486
P14,S2,base,11,2.6301166887968206,5.313906278891298
P14,S2,base,12,15.04910568618467,4.922568553640421
P14,S2,base,13,3.1697478043514717,2.368446497556919
P14,S2,base,14,7.851373228492857,4.509977821821024
P14,S2,base,15,30.275099000474214,4.650728256318278
P14,S2,base,16,3.368499932330397,2.076680839187407
P14,S2,base,17,3.061765323446636,5.185822600223505
P14,S2,base,18,3.115296955783881,3.2742043542442
P14,S2,base,19,3.235773613319893,4.045008608326186
P14,S2,base,20,24.30229458445035,2.2359432688446783
P14,S2,base,21,3.0119840113235083,10.895017707454972
P14,S2,base,22,2.678718164009282,4.552810161575836
P14,S2,base,23,3.524860161201719,3.279952136564864
P14,S2,base,24,3.440581727885685,2.9255112387729874
P14,S2,base,25,3.426335503109967,7.5025751154124904
P14,S2,base,26,3.082024765447603,3.7444177291730503
P14,S2,base,27,3.990202909644634,5.170563226862242
P14,S2,base,28,2.9301818158767508,4.2381238540799275
P14,S2,base,29,5.637182891479473,2.72292834979717
P14,S2,lv0,0,14.415217776021779,6.884058686896705
P14,S2,lv0,1,9.505793905063074,3.6836819745492395
P14,S2,lv0,2,32.756870827351946,9.451329254236578
P14,S2,lv0,3,8.384825358260404,5.575065590889994
P14,S2,lv0,4,7.698629371769504,5.880705298708683
P14,S2,lv0,5,7.884724073210469,6.765408742832697
P14,S2,lv0,6,3.304059039854153,1.8320929577084284
P14,S2,lv0,7,9.410403154532405,7.53969307234162
P14,S2,lv0,8,3.7059824208964938,4.759918940015406
P14,S2,lv0,9,50.98590195599281,5.753464627477947
P14,S2,lv0,10,2.5231788390115293,3.8643121851272086
P14,S2,lv0,11,25.352836929934806,16.81680623934285
P14,S2,lv0,12,9.351931955989567,6.204553810049524
P14,S2,lv0,13,13.37769454614037,7.512423937454462
P14,S2,lv0,14,39.674069189966595,8.260834611410509
P14,S2,lv0,15,13.359784540816934,5.978893051370663
P14,S2,lv0,16,5.9399542255756534,3.6493819846102866
P14,S2,lv0,17,4.593034839727465,4.930912281971698
P14,S2,lv0,18,21.643844496013184,8.897674832342844
P14,S2,lv0,19,11.757560664851926,6.895590914917899
P14,S2,lv0,20,5.302533588828021,6.590542249389556
P14,S2,lv0,21,69.33585589714696,11.95472617896425
P14,S2,lv0,22,3.375436802503284,2.8646338873837447
P14,S2,lv0,23,8.607415744298702,4.6347557947503555
P14,S2,lv0,24,17.52090197027286,7.4155123117573085
P14,S2,lv0,25,4.962166501815045,4.927163460994595
P14,S2,lv0,26,8.63940777485247,6.220526068591156
P14,S2,lv0,27,4.184890816836024,4.6943360198398505
P14,S2,lv0,28,32.5287911204927,14.920947960094097
P14,S2,lv0,29,93.97279555090624,12.3134818331076
P14,S2,lv0,30,8.8985438830206,10.873156805078153
P14,S2,lv0,31,18.018027913557372,6.997134436299484
P14,S2,lv0,32,4.428869984956505,6.911955080065734
P14,S2,lv0,33,6.224334577944978,4.563503575230641
P14,S2,lv0,34,51.16244373744866,9.721014927464786
P14,S2,lv0,35,38.936359964307385,6.989350422351446
P14,S2,lv0,36,6.528130886807194,7.513377909859637
P14,S2,lv0,37,48.723628420548444,4.408050073505555
P14,S2,lv0,38,4.4835723956218265,5.057011855896621
P14,S2,lv0,39,3.8906800457535264,5.906236547296852
P14,S2,lv0,40,74.00986108469267,12.24024123207795
P14,S2,lv0,41,13.850257794021989,10.387771875923832
P14,S2,lv0,42,4.361718921733253,3.2690535030637005
P14,S2,lv0,43,5.444748573358608,7.135970039764177
P14,S2,lv0,44,3.0331968933107953,2.4840723147891084
P14,S2,lv0,45,4.522954599470549,4.493201041260251
P14,S2,lv0,46,53.50464220958151,15.624960689454804
P14,S2,lv0,47,2.84529256098978,5.068839068900428
P14,S2,lv0,48,1.945179881660466,4.912690477637542
P14,S2,lv0,49,24.31058241753449,11.181753582071218
P14,S2,lv0,50,14.84768964068053,8.735400475305651
P14,S2,lv0,51,3.7203116520101633,3.3694116818693987
P14,S2,lv0,52,51.07354456479597,10.739888303841724
P14,S2,lv0,53,9.541407541179819,8.837735941082414
P14,S2,lv0,54,2.6485308758190507,3.1572353633786228
P14,S2,lv0,55,7.745022881896317,3.544644079337
P14,S2,lv0,56,8.463122084981208,10.066998340238833
P14,S2,lv0,57,6.3128247916860705,4.979183324521973
P14,S2,lv0,58,8.8517293577414,7.415331174308788
P14,S2,lv0,59,13.438881201849505,9.08928857566215
P14,S2,lv0,60,21.998716837885805,6.659580409717475
P14,S2,lv0,61,9.20771123885706,4.7305139535969785
P14,S2,lv0,62,5.993181788626674,6.158884437703522
P14,S2,lv0,63,1.4372580192119517,2.9625223220485055
P14,S2,lv0,64,11.172918386446314,4.182398780756791
P14,S2,lv0,65,5.720713640414726,6.010090302570955
P14,S2,lv0,66,8.837440334359334,6.671355766593337
P14,S2,lv0,67,3.9813698865750946,6.013230363707556
P14,S2,lv0,68,4.882301184427149,5.685275204133713
P14,S2,lv0,69,74.86068591848631,9.524166638271439
P14,S2,lv0,70,7.987271036631843,4.036616061416866
P14,S2,lv0,71,38.38252155397867,9.546888862176608
P14,S2,lv0,72,6.677106969468623,5.9471989709441475
P14,S2,lv0,73,6.143601905577009,5.955567178929923
P14,S2,lv0,74,98.98734740504123,15.087445240428837
P14,S2,lv0,75,6.707482585198757,7.556041355229547
P14,S2,lv0,76,4.915863202402401,3.5881941056033706
P14,S2,lv0,77,12.953958817644557,6.320724759076506
P14,S2,lv0,78,7.769593084178551,5.909952155300405
P14,S2,lv0,79,5.644417323631161,6.445717237040632
P14,S2,lv0,80,12.15551848642764,12.17225418242625
P14,S2,lv0,81,5.714483024054567,5.925646549102531
P14,S2,lv0,82,3.0024337407668176,4.057214434990811
P14,S2,lv0,83,16.96399028070146,13.781623305930134
P14,S2,lv0,84,10.58529940756554,6.029689815712655
P14,S2,lv0,85,8.29164780161931,6.0067346995275805
P14,S2,lv0,86,5.3029327863363,5.0752096190864
P14,S2,lv0,87,4.806452253978244,6.611902317487166
P14,S2,lv0,88,58.107977494395435,12.424384751421448
P14,S2,lv0,89,16.850099657304256,10.946586343809622
P14,S2,lv0,90,2.890260382333734,3.4316597232347696
P14,S2,lv0,91,4.448280638602295,4.648289021153259
P14,S2,lv0,92,2.8330990323543697,5.064064334169426
P14,S2,lv0,93,4.768869560129019,5.895439634626828
P14,S2,lv0,94,7.358732825642027,6.522334776010296
P14,S2,lv0,95,3.7360189992888952,3.742789155598013
P14,S2,lv0,96,14.818931266730635,7.5433060678262045
P14,S2,lv0,97,3.8440690668484594,5.55756858658884
P14,S2,lv0,98,6.880595640250443,5.551969787887726
P14,S2,lv0,99,8.267309112703048,4.771266596699502
P14,S2,lv0,100,6.0689360577185045,4.543284522814783
P14,S2,lv0,101,4.963175836291809,3.727844163954655
P14,S2,lv0,102,74.52603990658216,12.389710941879997
P14,S2,lv0,103,8.566571702599688,4.210012826804203
P14,S2,lv0,104,6.740408769041004,6.574469054624047
P14,S2,lv0,105,6.619190602870207,6.658369382457103
P14,S2,lv0,106,17.157497432206576,8.9914464558944
P14,S2,lv0,107,5.7693895204867625,6.02678289029399
P14,S2,lv0,108,6.8484404138968555,6.705755455969629
P14,S2,lv0,109,6.816994134967373,6.052969150828359
P14,S2,lv0,110,41.00957965516781,6.377351295575537
P14,S2,lv0,111,4.15475810726085,6.038708541501563
P14,S2,lv0,112,2.17268747606497,6.568641044966459
P14,S2,lv0,113,3.4478637712505473,7.6135813054802775
P14,S2,lv0,114,55.500365215373826,8.037281300317654
P14,S2,lv0,115,34.746385942571116,8.400807387650966
P14,S2,lv0,116,5.004434050559494,4.296204206092546
P14,S2,lv0,117,33.72413900225239,14.456279079999065
P14,S2,lv0,118,8.591139971240104,4.933489451933408
P14,S2,lv0,119,24.78273908092912,5.700716957615284
P14,S2,lv0,120,3.507308818576855,4.641710329995839
P14,S2,lv0,121,28.880440296567023,6.032045800524447
P14,S2,lv0,122,3.5166577654503888,6.163086272707778
P14,S2,lv0,123,4.020730364264133,6.312041592927915
P14,S2,lv0,124,9.870370863137893,8.109260950313901
P14,S2,lv0,125,2.9727174331197457,4.540977531668852
P14,S2,lv0,126,109.59436501858335,10.908348639535525
P14,S2,lv0,127,35.265547902368155,5.938731670764699
P14,S2,lv0,128,4.9903214942690965,5.823863543544526
P14,S2,lv0,129,3.704006898981883,4.207331190003954
P14,S2,lv0,130,6.325790269479153,6.152657694056844
P14,S2,lv0,131,6.845912884045922,7.840822326271893
P14,S2,lv0,132,6.383252371397574,6.591909378747664
P14,S2,lv0,133,15.723257545181605,3.390459881942756
P14,S2,lv0,134,5.254470921457703,6.923914082237339
P14,S2,lv0,135,3.208834947258688,2.4601932324389892
P14,S2,lv0,136,4.509093907388637,2.933341283859729
P14,S2,lv0,137,7.079937084147138,3.2269808528382833
P14,S2,lv0,138,39.33760126217964,11.129037614471017
P14,S2,lv0,139,5.342793664233354,6.007640408785494
P14,S2,lv0,140,6.626610772329477,4.012177571865015
P14,S2,lv0,141,61.617559144019694,7.744641607407227
P14,S2,lv0,142,23.163663197708008,5.522736613412138
P14,S2,lv0,143,17.779480855795196,9.342804471234682
P14,S2,lv0,144,7.421142678915676,8.611383596988707
P14,S2,lv0,145,5.534913937750856,5.950081478141875
P14,S2,lv0,146,12.430494019306355,5.235320642354364
P14,S2,lv0,147,3.767004277547506,4.0337170633060495
P14,S2,lv0,148,7.266719338699455,5.6288222194181285
P14,S2,lv1,0,77.41595085618923,17.519662548651105
P14,S2,lv1,1,31.538072656054684,11.757879291342137
P14,S2,lv1,2,42.36623290158108,8.94559341465021
P14,S2,lv1,3,20.802346717318848,5.566729150766337
P14,S2,lv1,4,7.437727821063869,7.07294563897409
P14,S2,lv1,5,6.698701995418484,6.137186154615977
P14,S2,lv1,6,6.392095901608387,4.017613218982574
P14,S2,lv1,7,6.565761503120092,6.027128450487045
P14,S2,lv1,8,4.186913786962501,4.642856909915852
P14,S2,lv1,9,7.962649489646662,7.447617003998337
P14,S2,lv1,10,14.31382513863229,4.924470741355344
P14,S2,lv1,11,8.029104765027746,4.736484451502183
P14,S2,lv1,12,50.484091363532514,6.41821125491331
P14,S2,lv1,13,17.586237683837584,10.155863442617466
P14,S2,lv1,14,97.59331302436463,19.892069460323672
P14,S2,lv1,15,8.747968771741531,11.364060378642352
P14,S2,lv1,16,11.247856807440044,4.652312795415947
P14,S2,lv1,17,10.157287860458801,4.916142168640784
P14,S2,lv1,18,27.444053034820243,6.5899109659204775
P14,S2,lv1,19,13.163958742574168,5.569979599675165
P14,S2,lv1,20,28.817027977283672,3.8121450053837758
P14,S2,lv1,21,17.767703933093124,6.631238264612068
P14,S2,lv1,22,5.126434596847622,5.0885446701108465
P14,S2,lv1,23,9.84092369316817,7.213611239113157
P14,S2,lv1,24,28.088495215782025,5.732317163886138
P14,S2,lv1,25,11.527723440859692,5.4661859115874085
P14,S2,lv1,26,85.07973069102157,6.558280643309116
P14,S2,lv1,27,17.94039754313946,6.666257175077454
P14,S2,lv1,28,12.573514604906357,9.249369602650889
P14,S2,lv1,29,8.521666812468466,4.974572649858917
P14,S2,lv1,30,10.163278218792923,6.078870337406124
P14,S2,lv1,31,37.716663705801935,3.7458870047547266
P14,S2,lv1,32,33.37916490477477,6.314413762117407
P14,S2,lv1,33,43.29650085863415,14.104085860731537
P14,S2,lv1,34,10.330660276989507,18.812248133282264
P14,S2,lv1,35,8.137695333029484,4.235950253762866
P14,S2,lv1,36,9.348406814843681,7.742287338688834
P14,S2,lv1,37,3.5549043642615734,3.8804090942059926
P14,S2,lv1,38,7.605078642552342,5.87672370713631
P14,S2,lv1,39,36.68960003370015,9.511622135064258
P14,S2,lv1,40,12.39284236369675,16.954725733089635
P14,S2,lv1,41,40.23883786227647,7.376353433926384
P14,S2,lv1,42,85.26368973884495,8.798463019102527
P14,S2,lv1,43,19.674535535579587,9.31634869482689
P14,S2,lv1,44,14.362373981954253,4.682107041143053
P14,S2,lv1,45,47.67232452656993,8.66958942361567
P14,S2,lv1,46,7.687275960740959,8.363623747831253
P14,S2,lv1,47,28.397816468819066,14.705581465803508
P14,S2,lv1,48,42.86304153133696,13.099468880860606
P14,S2,lv1,49,5.539606406617081,4.338942858904144
P14,S2,lv1,50,12.12553418565167,6.9844394334538915
P14,S2,lv1,51,40.17273661788713,13.643991408499188
P14,S2,lv1,52,75.46140428159316,8.306511327343452
P14,S2,lv1,53,49.308128435015774,9.750504786159786
P14,S2,lv1,54,9.252775560228972,7.247645925966783
P14,S2,lv1,55,24.48218820414515,8.103347201273822
P14,S2,lv1,56,8.277105043422356,5.440558782970459
P14,S2,lv1,57,57.32253251251876,11.968923448347292
P14,S2,lv1,58,4.291373005895725,7.896199535777975
P14,S2,lv1,59,4.890515240785692,3.0770891964024543
P14,S2,lv1,60,3.46713205890546,2.3117821445747695
P14,S2,lv1,61,4.094016532743246,4.7891592546019295
P14,S2,lv1,62,16.66491591451602,7.420887886561038
P14,S2,lv1,63,44.402635627334305,10.318760221865528
P14,S2,lv1,64,40.07664170563905,8.867978564791189
P14,S2,lv1,65,4.376568617304286,8.623175617979799
P14,S2,lv1,66,11.09536453794252,11.396139538402704
P14,S2,lv1,67,7.550613611193852,4.637677018653689
P14,S2,lv1,68,96.43102357170581,14.44723402367828
P14,S2,lv1,69,31.970616910829975,8.804806789776256
P14,S2,lv1,70,6.23188052839106,3.9440348055652192
P14,S2,lv1,71,10.952530281230834,5.143077508445856
P14,S2,lv1,72,16.715458511174205,8.915525586375495
P14,S2,lv1,73,9.076050196042827,9.154848227644822
P14,S2,lv1,74,62.561484977723566,10.098176921131703
P14,S2,lv1,75,15.804609774308378,8.077268887310478
P14,S2,lv1,76,96.11789994576988,13.533545645488633
P14,S2,lv1,77,6.467707652906714,4.417023393585178
P14,S2,lv1,78,14.7397976546618,7.677465998577943
P14,S2,lv1,79,14.232223862805794,10.64493253609348
P14,S2,lv1,80,9.744936411327943,5.943786519109419
P14,S2,lv1,81,5.7792941524441535,7.067413940107279
P14,S2,lv1,82,6.26745211422828,6.699637948565307
P14,S2,lv1,83,54.92048940697829,7.515093308685642
P14,S2,lv1,84,3.63090750100921,4.687012565904371
P14,S2,lv1,85,2.5752917390152166,4.813268131621966
P14,S2,lv1,86,25.155834319507207,11.780331868289004
P14,S2,lv1,87,41.21921871199707,9.153530881487535
P14,S2,lv1,88,10.355436944514063,6.312813515573946
P14,S2,lv1,89,4.243287601525733,3.287718412033148
P14,S2,lv1,90,4.496064702890196,4.281179573049338
P14,S2,lv1,91,5.225085708005647,8.911885078177175
P14,S2,lv1,92,8.366748250910732,6.5121425635610395
P14,S2,lv1,93,13.916558754075966,5.593413490370147
P14,S2,lv1,94,18.161624470247187,5.536188840597459
P14,S2,lv1,95,5.63327888531244,3.8295577599541972
P14,S2,lv1,96,95.28136272547442,12.78838729563924
P14,S2,lv1,97,5.413800292212405,4.0214252631915
P14,S2,lv1,98,7.108626384583005,7.411165899248654
P14,S2,lv1,99,23.16508769943888,7.489509139814351
P14,S2,lv1,100,78.1656841309629,13.328678209114152
P14,S2,lv1,101,4.570175577650286,5.651907328096812
P14,S2,lv1,102,14.426008547404772,5.236529894243705
P14,S2,lv1,103,23.216260668159407,7.672138972043499
P14,S2,lv1,104,24.577735261356384,9.040364544948709
P14,S2,lv1,105,4.766678726211126,3.5683322984323986
P14,S2,lv1,106,21.415548805853376,7.513674432918986
P14,S2,lv1,107,9.362026708005905,5.349597337902951
P14,S2,lv1,108,53.400447432588855,7.952515303244378
P14,S2,lv1,109,9.753151154350542,6.778570218237036
P14,S2,lv1,110,41.90848796122729,9.15950456390938
P14,S2,lv1,111,11.62181156211491,8.484774349647669
P14,S2,lv1,112,78.43444511897907,13.353738257449544
P14,S2,lv1,113,60.42767117423397,18.622662782608852
P14,S2,lv1,114,127.91771224500233,13.11492282806601
P14,S2,lv1,115,9.575821601558161,9.200804882227603
P14,S2,lv1,116,28.825102203384862,7.1141349303408
P14,S2,lv1,117,4.745845099927429,5.2848303707635536
P14,S2,lv1,118,5.594070209194531,3.1329364284423407
P14,S2,lv1,119,9.129795330984287,5.368245538643632
P14,S2,lv1,120,5.177117309631135,6.533359580996318
P14,S2,lv1,121,36.977999452253094,5.6317712949023315
P14,S2,lv1,122,8.342833774863648,7.837295300273575
P14,S2,lv1,123,8.650115518873124,6.398153454582553
P14,S2,lv1,124,5.633899206163528,7.619234533431102
P14,S2,lv1,125,109.80001839591661,12.793852377685939
P14,S2,lv1,126,20.499761177739288,5.444221765546055
P14,S2,lv1,127,16.825746593992623,9.606376161613188
P14,S2,lv1,128,19.727830860970553,6.718966893497538
P14,S2,lv1,129,6.411648853357427,10.397626952573793
P14,S2,lv1,130,50.18567387997438,7.229917109962438
P14,S2,lv1,131,9.081278694386429,6.5159900677984925
P14,S2,lv1,132,35.5706323543118,10.970439025000088
P14,S2,lv1,133,26.11069404901114,8.550917565501896
P14,S2,lv1,134,8.853565198378593,6.925322276590838
P14,S2,lv1,135,14.844023813918799,11.062152624255825
P14,S2,lv1,136,22.566169867056033,9.592519665423612
P14,S2,lv1,137,56.171247838723495,9.34837915908575
P14,S2,lv1,138,10.845741722677914,4.764802016370472
P14,S2,lv1,139,41.29041833754205,8.389127738554762
P14,S2,lv1,140,11.343348795802527,9.159728108690766
P14,S2,lv1,141,42.05178100941324,14.215836306610042
P14,S2,lv1,142,7.248188285077459,3.1417773326803915
P14,S2,lv1,143,7.80868289459934,6.485350954793399
P14,S2,lv1,144,63.74598158475407,12.731492486877913
P14,S2,lv1,145,28.5017455276858,13.318048466632401
P14,S2,lv1,146,6.064123544915258,3.2515776585180127
P14,S2,lv1,147,12.096021569373066,5.352283741020155
P14,S2,lv1,148,14.912640874344243,11.827976832461527
P14,S2,lv2,0,9.938265216883192,7.9252102618599904
P14,S2,lv2,1,21.478992775801427,9.288572957914198
P14,S2,lv2,2,9.818741393766194,7.418891300173239
P14,S2,lv2,3,7.762323354196328,5.371663158937779
P14,S2,lv2,4,5.653776699230885,6.739826533799981
P14,S2,lv2,5,3.7555814656568436,2.8873163999465525
P14,S2,lv2,6,7.307359165221004,8.299842489504016
P14,S2,lv2,7,16.291908703643056,5.804777798114827
P14,S2,lv2,8,33.575303191297294,4.850342608555506
P14,S2,lv2,9,96.44556028063359,28.23238040665308
P14,S2,lv2,10,17.709674071662384,5.138851104944844
P14,S2,lv2,11,157.27643000235355,17.084253339899288
P14,S2,lv2,12,95.10970397102857,10.972442370521003
P14,S2,lv2,13,12.27537876755432,6.037719200529443
P14,S2,lv2,14,25.34295826893339,5.29234636646402
P14,S2,lv2,15,76.27035660715556,8.369259913264006
P14,S2,lv2,16,7.141344264723518,4.714833277961083
P14,S2,lv2,17,135.1083160568627,15.766496392731566
P14,S2,lv2,18,12.391596564315865,6.527264155889055
P14,S2,lv2,19,16.87185186325355,8.73656599315862
P14,S2,lv2,20,8.207522653551381,5.104759411655212
P14,S2,lv2,21,97.83832779973733,19.623272447655516
P14,S2,lv2,22,8.628587145198308,4.802251743302829
P14,S2,lv2,23,18.687735716611563,6.331515022290759
P14,S2,lv2,24,34.692769755376894,14.410681939154241
P14,S2,lv2,25,185.60513501025886,7.326123928323293
P14,S2,lv2,26,13.889936995195011,4.644544635417294
P14,S2,lv2,27,45.20024903434316,8.140755880269163
P14,S2,lv2,28,88.04934541050869,13.858138467513369
P14,S2,lv2,29,8.414656323379655,7.476616186343268
P14,S2,lv2,30,130.30928472016063,10.457627587493597
P14,S2,lv2,31,58.60875846187946,11.852475137679
P14,S2,lv2,32,147.11848873440854,22.26979693805878
P14,S2,lv2,33,23.70187204537729,12.06921405391624
P14,S2,lv2,34,5.619621342043806,7.145577648468624
P14,S2,lv2,35,68.34495990736474,12.1872154176862
P14,S2,lv2,36,6.406149593269801,5.0053045588043314
P14,S2,lv2,37,11.265804859491254,6.952929709970892
P14,S2,lv2,38,29.4132774292662,6.572884204556752
P14,S2,lv2,39,35.068786301463284,7.813878238170573
P14,S2,lv2,40,5.39631214201695,5.05075624925437
P14,S2,lv2,41,52.63786693322644,8.052144014167334
P14,S2,lv2,42,66.00713760020051,14.960891510533447
P14,S2,lv2,43,66.88106271812738,8.112025420384313
P14,S2,lv2,44,14.562085572345238,4.8281543585695985
P14,S2,lv2,45,75.24070250601451,17.09946440206256
P14,S2,lv2,46,10.975200155250086,9.365341555611042
P14,S2,lv2,47,40.4609575740648,8.085089790029661
P14,S2,lv2,48,40.20181250678359,13.025720695631767
P14,S2,lv2,49,50.29594176629316,15.538569304936656
P14,S2,lv2,50,3.4597775592553823,3.2834652692473987
P14,S2,lv2,51,53.76336589236258,12.46731595463961
P14,S2,lv2,52,8.794422206563972,6.7911720373981
P14,S2,lv2,53,20.493978992125328,4.233306513623278
P14,S2,lv2,54,108.62903636115682,31.3355654655317
P14,S2,lv2,55,12.693630802428075,7.169109944568139
P14,S2,lv2,56,15.52379193153454,5.692372112635039
P14,S2,lv2,57,7.3998785242118155,8.905540070220667
P14,S2,lv2,58,129.9854223322073,18.914914662067158
P14,S2,lv2,59,52.09832515035526,8.802271281193605
P14,S2,lv2,60,24.381304181686726,9.453616237212088
P14,S2,lv2,61,57.32787792566988,11.349710038770613
P14,S2,lv2,62,9.652506701837162,12.34381955424917
P14,S2,lv2,63,5.313942892541297,6.846412077396768
P14,S2,lv2,64,8.332314262988255,5.753888782147558
P14,S2,lv2,65,6.809763689239833,6.208081445844282
P14,S2,lv2,66,27.95655579311151,14.785112235481803
P14,S2,lv2,67,6.2243652073186375,5.440372539866041
P14,S2,lv2,68,71.97495011112879,9.466126321927423
P14,S2,lv2,69,106.3967196577573,7.921633502009999
P14,S2,lv2,70,115.19751923954475,18.931906676374535
P14,S2,lv2,71,74.42068088929975,12.868668593945072
P14,S2,lv2,72,65.4972613701286,12.412983046947083
P14,S2,lv2,73,20.830591543397524,8.28785136528757
P14,S2,lv2,74,14.530322042074966,9.229714021871924
P14,S2,lv2,75,22.26652425871839,8.506121153260862
P14,S2,lv2,76,16.850795879632475,7.290268771571076
P14,S2,lv2,77,54.99787657923956,9.470935958373312
P14,S2,lv2,78,5.144695127534873,4.940674809868197
P14,S2,lv2,79,173.7637879290777,22.261035709028075
P14,S2,lv2,80,14.572383492597256,9.523547313853964
P14,S2,lv2,81,8.76082105180545,4.471329615157419
P14,S2,lv2,82,4.441958181311974,6.510995740661786
P14,S2,lv2,83,3.9923070539790193,3.902494899289194
P14,S2,lv2,84,4.430265944914338,4.179943261174644
P14,S2,lv2,85,3.8407045696219657,5.081254687197204
P14,S2,lv2,86,16.5077941991915,4.547118449048366
P14,S2,lv2,87,58.49933318295649,9.605928144172866
P14,S2,lv2,88,5.541453069785598,7.1077824501993865
P14,S2,lv2,89,91.07722401639401,10.19780899660489
P14,S2,lv2,90,13.006125470569692,7.647859944018622
P14,S2,lv2,91,65.0101568191738,6.1546143019142665
P14,S2,lv2,92,6.969278302969211,3.8912210045248314
P14,S2,lv2,93,121.24607627584162,14.552559870060739
P14,S2,lv2,94,211.20804101592304,13.651533111865918
P14,S2,lv2,95,121.09750733248826,13.424616736341775
P14,S2,lv2,96,4.007165120815252,3.504408270973166
P14,S2,lv2,97,14.224395766070261,7.226591645836864
P14,S2,lv2,98,66.32131343595061,6.109928620989495
P14,S2,lv2,99,9.4523623254426,4.5459688130887415
P14,S2,lv2,100,40.33918293846913,6.06721661611267
P14,S2,lv2,101,166.3287498537937,18.713178571322402
P14,S2,lv2,102,19.27703477605706,6.607824660102766
P14,S2,lv2,103,15.278932478672731,8.97437014207612
P14,S2,lv2,104,12.35081192342177,7.978340786975698
P14,S2,lv2,105,102.59834953814726,12.182071946858414
P14,S2,lv2,106,11.555800037276956,6.119319868555886
P14,S2,lv2,107,44.70954040729827,11.579406014596549
P14,S2,lv2,108,16.833780716777934,8.488164518805416
P14,S2,lv2,109,11.291186363341588,5.569040297965766
P14,S2,lv2,110,5.440976060761117,4.036469287852547
P14,S2,lv2,111,4.453932232580275,5.604391127584382
P14,S2,lv2,112,9.634327556267554,5.184823343644161
P14,S2,lv2,113,13.76791606957838,9.300912518340656
P14,S2,lv2,114,3.3708184909897945,4.690459336173768
P14,S2,lv2,115,85.21339857598238,8.782520809584037
P14,S2,lv2,116,75.25598633604244,9.847742124730756
P14,S2,lv2,117,9.729804038566627,4.721445035084321
P14,S2,lv2,118,82.19612537015749,17.46456186370853
P14,S2,lv2,119,40.44465190673659,6.3990666590575564
P14,S2,lv2,120,64.69785604973465,11.187488741095736
P14,S2,lv2,121,4.715322692066049,4.713132690318628
P14,S2,lv2,122,70.43112535432309,12.10130927082446
P14,S2,lv2,123,61.45645139068197,13.12818611153258
P14,S2,lv2,124,103.77523329378019,12.753402789344113
P14,S2,lv2,125,6.794128178707222,3.7905852227415635
P14,S2,lv2,126,7.898733499428301,5.006183561678713
P14,S2,lv2,127,21.199679703665637,6.559632651692894
P14,S2,lv2,128,23.31713784793399,8.975421915895268
P14,S2,lv2,129,5.4164720343658015,5.889610459117202
P14,S2,lv2,130,7.716625234050486,5.705402391482592
P14,S2,lv2,131,34.9434958291601,8.601965124010542
P14,S2,lv2,132,5.195071903597691,3.306357881844789
P14,S2,lv2,133,2.1595307254822522,3.8212326826917664
P14,S2,lv2,134,4.975560202113131,3.2556151639681734
P14,S2,lv2,135,3.6319721590024585,5.020490900262174
P14,S2,lv2,136,61.17710581241707,7.9008573942125375
P14,S2,lv2,137,8.023834214132188,6.817271413032527
P14,S2,lv2,138,4.780559978953066,4.662862567245009
P14,S2,lv2,139,4.990434920060718,6.338447286690684
P14,S2,lv2,140,99.87449520003643,15.854752444764205
P14,S2,lv2,141,20.650315867009823,5.173156435341373
P14,S2,lv2,142,85.24506505821942,12.200932494097168
P14,S2,lv2,143,75.3482643307551,12.808063799284504
P14,S2,lv2,144,4.494488462927349,3.9531707335296526
P14,S2,lv2,145,148.07720848309825,11.075304420562157
P14,S2,lv2,146,4.445794286129455,5.543466625853031
P14,S2,lv2,147,63.121604935151176,6.7931979161544165
P14,S2,lv2,148,37.92522769935607,6.200489528026335
P15,S1,base,0,2.773272145711987,5.726648005965959
P15,S1,base,1,4.811342141153684,10.491156175902375
P15,S1,base,2,1.4509725572618892,14.30666609687969
P15,S1,base,3,2.7233287109485462,24.911107031596238
P15,S1,base,4,2.4501739642517446,12.29296104056676
P15,S1,base,5,1.8983660250571346,26.854987849451778
P15,S1,base,6,1.3718853751769473,13.332051920613857
P15,S1,base,7,2.376967736746985,41.03779460516938
P15,S1,base,8,1.9154726811929534,34.677605447054496
P15,S1,base,9,3.8197915231905304,37.156583281971024
P15,S1,base,10,2.853932012910383,25.704540481940654
P15,S1,base,11,4.376845466258214,22.644277559098203
P15,S1,base,12,1.7727751593386696,22.667869046469114
P15,S1,base,13,6.707405101749504,37.36560771620128
P15,S1,base,14,2.0818797413584558,24.711484937253605
P15,S1,base,15,2.2598971838327646,35.07217434557908
P15,S1,base,16,2.2530144869016993,10.612947531441247
P15,S1,base,17,3.968056020519182,29.769583606257104
P15,S1,base,18,1.603107372691339,28.51037388648559
P15,S1,base,19,2.2193263303883493,5.631688886737884
P15,S1,base,20,3.2257187397819913,39.66775867028297
P15,S1,base,21,1.8596512322202017,15.785791088793111
P15,S1,base,22,2.911289932134116,18.75627181348375
P15,S1,base,23,2.8667793528875154,60.28326162819601
P15,S1,base,24,3.1220027959351455,27.08524957414658
P15,S1,base,25,1.3595096421069741,9.401720977878083
P15,S1,base,26,3.3764409976779173,28.586559084061122
P15,S1,base,27,1.4729526467967644,23.609447044108148
P15,S1,base,28,3.831217185521272,52.23855727864981
P15,S1,base,29,3.623600749182105,46.80017379060856
P15,S1,lv0,0,6.708177586910112,4.849456567341778
P15,S1,lv0,1,4.049066785821755,7.029478874752161
P15,S1,lv0,2,6.653130345837429,6.707561997910916
P15,S1,lv0,3,3.8454299899338826,5.977070557966259
P15,S1,lv0,4,9.981623810340512,6.947481877599318
P15,S1,lv0,5,3.619653508649376,9.275101054927113
P15,S1,lv0,6,4.323879931242629,6.624624018027327
P15,S1,lv0,7,25.28932713805804,10.848483556801261
P15,S1,lv0,8,4.81975524803432,5.007324369188018
P15,S1,lv0,9,9.021842840402345,14.306790950737161
P15,S1,lv0,10,6.360767110440985,4.174972715000218
P15,S1,lv0,11,6.889674298360462,6.716521218706662
P15,S1,lv0,12,8.599713205750223,7.675168263395877
P15,S1,lv0,13,1.7583095648928804,6.339067332649603
P15,S1,lv0,14,4.979476687020089,9.051560566905977
P15,S1,lv0,15,7.53539270254814,16.19569220958395
P15,S1,lv0,16,24.83590085888841,11.327273038101827
P15,S1,lv0,17,4.738042037482269,4.665870701181851
P15,S1,lv0,18,7.551831174989112,9.014497943774064
P15,S1,lv0,19,7.842186419845403,26.520681367006762
P15,S1,lv0,20,4.476724001145234,11.887968460303085
P15,S1,lv0,21,5.358894417517609,13.250062721566835
P15,S1,lv0,22,6.982856377094595,10.340940213462183
P15,S1,lv0,23,4.829632345210546,12.953311482885004
P15,S1,lv0,24,7.69790852940176,23.137621010654193
P15,S1,lv0,25,13.218302152770034,10.462632944583804
P15,S1,lv0,26,4.432202166518726,27.177111015254408
P15,S1,lv0,27,8.163215402348085,21.52783978751985
P15,S1,lv0,28,3.711975674857888,5.805475272777001
P15,S1,lv0,29,6.916679385259134,14.922023757268754
P15,S1,lv0,30,8.799713886459735,16.25832613735314
P15,S1,lv0,31,6.76439699035296,11.974581612927082
P15,S1,lv0,32,4.161490125981123,14.978567122260412
P15,S1,lv0,33,5.99924025046306,11.499868329322894
P15,S1,lv0,34,17.390869673340248,14.878577507677138
P15,S1,lv0,35,6.1258948044908985,17.311465549232864
P15,S1,lv0,36,10.195572623178961,15.564103307159291
P15,S1,lv0,37,4.971952172824528,12.501312445705034
P15,S1,lv0,38,5.034750306638427,10.283341903167146
P15,S1,lv0,39,3.6722151165423167,6.4327812599140834
P15,S1,lv0,40,16.896065858653824,15.878460243201896
P15,S1,lv0,41,1.661373673877313,15.50070896838187
P15,S1,lv0,42,6.366213402333479,18.852064539062372
P15,S1,lv0,43,10.481407473918138,19.783637559666637
P15,S1,lv0,44,5.184184074951777,5.513545796036613
P15,S1,lv0,45,5.273832180445554,20.121234262454244
P15,S1,lv0,46,9.308218026048573,14.576908441719166
P15,S1,lv0,47,3.8672047276275086,11.146789761147081
P15,S1,lv0,48,3.1363125164669543,4.886517973558226
P15,S1,lv0,49,6.043206611890917,12.761437334787423
P15,S1,lv0,50,5.700136313555987,6.6119990642654685
P15,S1,lv0,51,6.92922858975801,8.41052921985912
P15,S1,lv0,52,2.9454112992508463,9.112730154205732
P15,S1,lv0,53,4.995667211789016,10.71269901913898
P15,S1,lv0,54,3.3810360833759705,5.974457710527285
P15,S1,lv0,55,13.395914099912263,9.390158744942022
P15,S1,lv0,56,10.686486086840823,13.973065839633508
P15,S1,lv0,57,4.03044864389982,8.766496033956352
P15,S1,lv0,58,2.9934770780438815,14.37968808150569
P15,S1,lv0,59,5.858878871559897,11.634589879927464
P15,S1,lv0,60,2.422464577602815,16.356303221518864
P15,S1,lv0,61,3.1203632938324657,9.19251620662892
P15,S1,lv0,62,5.815741420724005,6.503198091280118
P15,S1,lv0,63,5.653725991835984,12.185906394933916
P15,S1,lv0,64,14.611407290799114,24.03591567703104
P15,S1,lv0,65,3.0139221099926505,16.904826794371186
P15,S1,lv0,66,3.723911558408623,7.187063621643159
P15,S1,lv0,67,8.280750404882033,6.370393618459269
P15,S1,lv0,68,4.795452429314901,11.340732042369133
P15,S1,lv0,69,5.357426758786782,10.41786212832241
P15,S1,lv0,70,26.745559230149688,5.576690814507376
P15,S1,lv0,71,6.352390531612399,25.89188864437022
P15,S1,lv0,72,6.687652394677563,12.483118426581745
P15,S1,lv0,73,6.768830691235924,5.912067234612782
P15,S1,lv0,74,3.470448952762166,9.765358646801412
P15,S1,lv0,75,8.446323961869334,22.38126689222256
P15,S1,lv0,76,2.43245377512298,19.78467835245594
P15,S1,lv0,77,7.083008674726498,8.006067673049738
P15,S1,lv0,78,14.871497420183994,11.169166053969343
P15,S1,lv0,79,20.20173334328815,7.817814553789206
P15,S1,lv0,80,4.6724236470692855,11.23341904260562
P15,S1,lv0,81,31.288439452924113,8.115791042962472
P15,S1,lv0,82,5.029495663819439,7.259929664556881
P15,S1,lv0,83,9.529037805081826,9.087024615841763
P15,S1,lv0,84,4.481422050431728,13.885478733757886
P15,S1,lv0,85,2.840207084109479,13.596964048504793
P15,S1,lv0,86,7.997402477540315,7.427508169949608
P15,S1,lv0,87,11.297470623791392,16.328669473673187
P15,S1,lv0,88,12.716073811619525,16.618934212176356
P15,S1,lv0,89,3.197558763066846,25.247158901218985
P15,S1,lv0,90,2.6596487666763284,10.736042896185642
P15,S1,lv0,91,3.409222508077597,8.646809601307025
P15,S1,lv0,92,13.351534672985169,18.45370619401077
P15,S1,lv0,93,2.722953394646844,13.11777672474002
P15,S1,lv0,94,3.0372683273700924,20.9465462654921
P15,S1,lv0,95,3.6059544618454575,12.053481262209043
P15,S1,lv0,96,4.570768255361551,7.203078076126102
P15,S1,lv0,97,9.702395081659224,5.680321486496546
P15,S1,lv0,98,4.884395319476641,8.17250956397948
P15,S1,lv0,99,2.140489000844405,8.892725433864967
P15,S1,lv0,100,3.6252473426510257,5.358567003084256
P15,S1,lv0,101,3.512763564906738,13.86800506689961
P15,S1,lv0,102,6.850512674416045,11.36631899532003
P15,S1,lv0,103,26.342902381451367,8.75659215113276
P15,S1,lv0,104,6.529934979188519,6.737008001283882
P15,S1,lv0,105,4.557568158145508,12.233961813187687
P15,S1,lv0,106,7.981774153763021,11.920574630642001
P15,S1,lv0,107,3.593002405679548,6.3487823479500705
P15,S1,lv0,108,4.709506533826004,24.648646898962838
P15,S1,lv0,109,1.6739200358190007,9.0006194390236
P15,S1,lv0,110,2.1387564435010167,12.0525480173564
P15,S1,lv0,111,6.971366449137129,3.665110774801644
P15,S1,lv0,112,15.4681250149163,6.534165592553979
P15,S1,lv0,113,5.631619305512913,8.38116438687008
P15,S1,lv0,114,5.135201584333472,18.719604209059046
P15,S1,lv0,115,5.092511590582499,8.508093353860454
P15,S1,lv0,116,4.914549919536491,25.173164860964295
P15,S1,lv0,117,7.169563754448228,11.049256446701696
P15,S1,lv0,118,2.6796471375077724,13.788094426313526
P15,S1,lv0,119,3.7901599579425467,8.898310524969492
P15,S1,lv0,120,5.404768826629697,11.02668233567203
P15,S1,lv0,121,2.260353054646509,13.74952998447435
P15,S1,lv0,122,10.135551538266533,15.532033217227838
P15,S1,lv0,123,5.606438428763572,10.649911136701531
P15,S1,lv0,124,5.420710189397558,10.16364985733473
P15,S1,lv0,125,9.225414686053492,18.234040913379765
P15,S1,lv0,126,3.751117109310615,10.381231543233568
P15,S1,lv0,127,3.97709283994076,11.792448204090306
P15,S1,lv0,128,28.906975665422987,13.564525600683995
P15,S1,lv0,129,8.698990918517124,7.473282064271433
P15,S1,lv0,130,3.5652335651493874,21.330214135132383
P15,S1,lv0,131,4.153693548929173,11.697589188343915
P15,S1,lv0,132,3.105040185341937,13.752182878735526
P15,S1,lv0,133,16.09622970268271,23.68730413707966
P15,S1,lv0,134,4.578130133866237,11.045771037572925
P15,S1,lv0,135,3.948523895352101,12.573566428533566
P15,S1,lv0,136,4.110039549673216,15.208184987759829
P15,S1,lv0,137,7.053598284070811,20.060965418800315
P15,S1,lv0,138,4.972580444340033,8.197574848364075
P15,S1,lv0,139,3.6502843383855104,10.417122688318887
P15,S1,lv0,140,11.096558981468926,6.485865245271233
P15,S1,lv0,141,3.9457171812693583,9.91746029089776
P15,S1,lv0,142,1.7697445503710387,29.419007856225004
P15,S1,lv0,143,9.093411896519592,16.667059658565037
P15,S1,lv0,144,2.2437026511579425,8.003774115571211
P15,S1,lv0,145,2.6534279767303643,8.964616449504982
P15,S1,lv0,146,5.716922035324202,8.512292134994993
P15,S1,lv0,147,3.6549868182355776,20.31072356568781
P15,S1,lv0,148,8.065271466383367,8.043982060750531
P15,S1,lv1,0,7.67045650831259,3.790953815937287
P15,S1,lv1,1,3.580244953063529,5.544451334835097
P15,S1,lv1,2,8.135669820236712,5.2608737137849495
P15,S1,lv1,3,37.21082362509614,10.596461640302945
P15,S1,lv1,4,7.18958406391369,17.20531629920435
P15,S1,lv1,5,4.496230749311771,5.7232321989390345
P15,S1,lv1,6,2.615016078578792,5.63273498587823
P15,S1,lv1,7,2.617089301267675,9.997009105146335
P15,S1,lv1,8,7.032440819756472,3.8250377405484492
P15,S1,lv1,9,7.272155263012659,6.74841254958448
P15,S1,lv1,10,10.531092689479197,4.263892894366703
P15,S1,lv1,11,4.188665946256209,9.406036959498014
P15,S1,lv1,12,5.9246040792466355,5.603428807397145
P15,S1,lv1,13,10.613919465583363,10.537763425989828
P15,S1,lv1,14,3.9778582920516237,7.796748508407488
P15,S1,lv1,15,3.83637315771663,4.066763788374987
P15,S1,lv1,16,15.779453502202573,12.828321997656031
P15,S1,lv1,17,22.930043963082728,8.412282301402477
P15,S1,lv1,18,5.213711201433746,4.73481772955283
P15,S1,lv1,19,7.039021607086466,7.8729895413348485
P15,S1,lv1,20,4.1384933488699565,6.173682356074899
P15,S1,lv1,21,7.0650468947716965,5.552165339920977
P15,S1,lv1,22,7.627945034796853,9.509017268308735
P15,S1,lv1,23,4.619475793337279,7.945355993963841
P15,S1,lv1,24,17.1017626258649,7.474796687535196
P15,S1,lv1,25,3.7437909586261973,8.555793190302238
P15,S1,lv1,26,1.490598544439678,9.290306991123671
P15,S1,lv1,27,33.40010865847114,6.385182789500433
P15,S1,lv1,28,3.2537596732082674,7.029070376033073
P15,S1,lv1,29,2.1367275623190043,5.086848074371301
P15,S1,lv1,30,11.72687891808595,6.3684102564450535
P15,S1,lv1,31,12.6710703343466,10.371877193710356
P15,S1,lv1,32,23.94588747582315,5.559568958727888
P15,S1,lv1,33,5.314020167106095,8.49409626186515
P15,S1,lv1,34,3.528896058894203,5.580024118325262
P15,S1,lv1,35,10.986080219985322,12.870739462139262
P15,S1,lv1,36,34.15522591597675,17.426054124348678
P15,S1,lv1,37,4.352344239682372,7.411478402762452
P15,S1,lv1,38,2.7794152962488057,8.908934288473668
P15,S1,lv1,39,25.921562833098978,7.871777549648656
P15,S1,lv1,40,3.584329985759752,6.06343212460194
P15,S1,lv1,41,5.6286873726978,5.335569080378827
P15,S1,lv1,42,8.396798864032354,12.79191318056193
P15,S1,lv1,43,5.474491711923809,8.416200396141196
P15,S1,lv1,44,9.475447813349465,12.483610750982471
P15,S1,lv1,45,13.88386818260129,12.763409044652008
P15,S1,lv1,46,7.955126617106616,7.255115600450574
P15,S1,lv1,47,3.525479386830909,6.985505850444064
P15,S1,lv1,48,2.7061071292251477,7.220710603946731
P15,S1,lv1,49,9.352058380260823,5.881467903340191
P15,S1,lv1,50,6.64296870978939,8.475517269665445
P15,S1,lv1,51,3.5518243986988063,3.5938220274060426
P15,S1,lv1,52,2.411080022702338,5.678984841716062
P15,S1,lv1,53,3.200521585029269,4.632085838905475
P15,S1,lv1,54,2.0097289780570926,5.360521161057779
P15,S1,lv1,55,4.929491453479254,9.944300138615151
P15,S1,lv1,56,3.2991581070459906,4.661284726990752
P15,S1,lv1,57,32.83589500577778,13.024694356883147
P15,S1,lv1,58,9.03166869895506,10.669870607526226
P15,S1,lv1,59,5.159390645968485,11.050213352271143
P15,S1,lv1,60,4.96057764584303,9.765173506075813
P15,S1,lv1,61,5.315192922055855,8.125081896659664
P15,S1,lv1,62,6.1237330583641425,5.159736574375204
P15,S1,lv1,63,8.31375054815265,11.50938644628694
P15,S1,lv1,64,2.652331389970815,6.033088350970294
P15,S1,lv1,65,9.64776246072934,11.68668380391733
P15,S1,lv1,66,29.402769408690226,7.263518720984594
P15,S1,lv1,67,7.545984327668789,8.183936675656232
P15,S1,lv1,68,8.75056653835642,7.024757016141899
P15,S1,lv1,69,15.206589815584426,3.4326188719358224
P15,S1,lv1,70,18.438740646751548,8.95391030195616
P15,S1,lv1,71,15.197834318213282,7.701617312970904
P15,S1,lv1,72,3.2724111142328245,5.528617026095525
P15,S1,lv1,73,47.83806789281595,6.150999463000504
P15,S1,lv1,74,8.568497966507039,6.542925413323914
P15,S1,lv1,75,3.0180083452672886,4.431296702857061
P15,S1,lv1,76,46.809539887870145,4.2657691305844025
P15,S1,lv1,77,6.359350369918235,7.728800455108071
P15,S1,lv1,78,3.4743950818075233,10.165541313257162
P15,S1,lv1,79,12.875606752821314,3.1278590276359957
P15,S1,lv1,80,1.5523637353052169,8.40711271506053
P15,S1,lv1,81,16.551316094681606,7.717317938126454
P15,S1,lv1,82,3.57596271531408,4.686968670052545
P15,S1,lv1,83,8.490008553807014,4.598561833173717
P15,S1,lv1,84,4.851491398576934,4.589127981579411
P15,S1,lv1,85,10.013757186546618,8.371808834924531
P15,S1,lv1,86,4.434604744106889,7.272760407066335
P15,S1,lv1,87,5.465065614197958,4.746593934129586
P15,S1,lv1,88,2.759163689585245,4.5638262921021235
P15,S1,lv1,89,16.808780513575805,15.95630678804832
P15,S1,lv1,90,9.727763590159192,8.521733289267054
P15,S1,lv1,91,2.836416427059468,3.99248188189497
P15,S1,lv1,92,4.444856013883007,5.046217344749707
P15,S1,lv1,93,17.681495236938485,11.555518492683294
P15,S1,lv1,94,11.73875385543394,11.027528515604383
P15,S1,lv1,95,5.965779368028846,7.883022709605237
P15,S1,lv1,96,14.73937317302546,17.37396493981772
P15,S1,lv1,97,7.175290719743236,8.197421831206693
P15,S1,lv1,98,3.9556429504416677,11.296242597096917
P15,S1,lv1,99,6.296333800357177,16.09757395864319
P15,S1,lv1,100,3.4606752651639234,9.508421352529162
P15,S1,lv1,101,7.833104111508159,11.97452952488951
P15,S1,lv1,102,4.692066412992961,4.820127470100672
P15,S1,lv1,103,7.7085921274709115,6.864687288728217
P15,S1,lv1,104,8.424060636407122,6.094383188416252
P15,S1,lv1,105,8.639740607162448,8.734609828975568
P15,S1,lv1,106,6.620544914271346,7.649509636175573
P15,S1,lv1,107,5.468163668223735,4.613093002475766
P15,S1,lv1,108,3.65983018065077,9.17918944010953
P15,S1,lv1,109,4.735759070432073,6.926381364289791
P15,S1,lv1,110,7.74856001476587,8.583650634262412
P15,S1,lv1,111,5.941127920953943,8.228955509384873
P15,S1,lv1,112,5.5739351214111,5.788731662921209
P15,S1,lv1,113,6.296074283407888,21.00996096665969
P15,S1,lv1,114,4.543312460125964,6.249794271818624
P15,S1,lv1,115,2.6839482069477216,5.077067094351546
P15,S1,lv1,116,10.25051084803706,5.713990263535342
P15,S1,lv1,117,12.803353140897586,13.314378299946556
P15,S1,lv1,118,20.903645715585228,10.708559955261302
P15,S1,lv1,119,6.504761516205992,9.666687886097147
P15,S1,lv1,120,3.876985145958714,6.4485497345815395
P15,S1,lv1,121,2.898433862034064,7.731748448959754
P15,S1,lv1,122,9.735680641484558,5.708896854598368
P15,S1,lv1,123,8.602042563554397,5.770783501527465
P15,S1,lv1,124,4.264638724246448,4.191734672333956
P15,S1,lv1,125,5.041237861293148,4.949925417174218
P15,S1,lv1,126,6.6711562555496435,10.422585350565425
P15,S1,lv1,127,14.030559618068922,14.928940029712159
P15,S1,lv1,128,6.906642189648793,8.066855451369545
P15,S1,lv1,129,19.414144754825852,9.4755374146605
P15,S1,lv1,130,30.928773752220618,15.788118864665963
P15,S1,lv1,131,1.9342725951863966,4.86638841121294
P15,S1,lv1,132,32.308328334214806,7.845860370414464
P15,S1,lv1,133,7.050806349234097,8.505419534613342
P15,S1,lv1,134,7.889666153144437,6.384018824767774
P15,S1,lv1,135,5.231122192188657,5.313577407518716
P15,S1,lv1,136,11.960822471245896,10.2796437553415
P15,S1,lv1,137,6.069875204229487,9.286780605139963
P15,S1,lv1,138,7.586479795186495,10.100093210598065
P15,S1,lv1,139,3.504851486488067,5.800946033864011
P15,S1,lv1,140,6.763652826657922,6.472231296037168
P15,S1,lv1,141,4.938605369343832,7.485581938401881
P15,S1,lv1,142,4.770994017036422,5.8917517077266846
P15,S1,lv1,143,6.747485315538147,3.026267066294416
P15,S1,lv1,144,5.5215338554308095,4.797554867768722
P15,S1,lv1,145,13.346721641417046,9.170042373235376
P15,S1,lv1,146,2.178437525933926,8.501886882322792
P15,S1,lv1,147,5.464050272072107,7.777844381304085
P15,S1,lv1,148,8.547077624507105,8.012699375377201
P15,S1,lv2,0,4.920805588698919,6.218056293739208
P15,S1,lv2,1,6.771102083054325,10.067278907816746
P15,S1,lv2,2,3.343135051600091,8.100621284710789
P15,S1,lv2,3,13.284311880345657,5.885306661902679
P15,S1,lv2,4,15.056248510200064,6.519178320424881
P15,S1,lv2,5,10.71693371804267,8.29430426660651
P15,S1,lv2,6,3.7948280158093093,6.93821454489314
P15,S1,lv2,7,6.1281268946096406,15.090591174440156
P15,S1,lv2,8,4.187685014143047,5.29431478570067
P15,S1,lv2,9,5.245996250746044,3.354658222232845
P15,S1,lv2,10,6.289802836611738,7.5198209772152
P15,S1,lv2,11,3.1908806701630144,6.02402541707567
P15,S1,lv2,12,4.812269849553907,5.028206710780562
P15,S1,lv2,13,10.435413316945866,5.440059812151285
P15,S1,lv2,14,5.7019869733972595,10.741949748521815
P15,S1,lv2,15,4.5512172017965264,3.851789293231309
P15,S1,lv2,16,8.122369484717874,5.535022456966222
P15,S1,lv2,17,6.717548071498299,7.491301055777974
P15,S1,lv2,18,3.4979706640721364,6.107833176638863
P15,S1,lv2,19,5.777285606184279,8.378539574871342
P15,S1,lv2,20,9.389423212706138,9.182724024330524
P15,S1,lv2,21,32.15047810274709,12.27920194074444
P15,S1,lv2,22,1.6118393543313008,3.917645698699475
P15,S1,lv2,23,7.371742849503936,13.14050297998536
P15,S1,lv2,24,3.069034596984202,11.89134998636372
P15,S1,lv2,25,6.718162100648481,7.382319307869754
P15,S1,lv2,26,9.886859464205129,4.820083880482346
P15,S1,lv2,27,3.433035431295383,6.578131377440815
P15,S1,lv2,28,4.12248968399015,6.514500483205754
P15,S1,lv2,29,14.392914100053487,7.000674670716788
P15,S1,lv2,30,13.726955338783485,11.491274374706435
P15,S1,lv2,31,8.817463779168763,5.447648899457317
P15,S1,lv2,32,5.260037413309998,8.400164180415057
P15,S1,lv2,33,5.47313339080331,7.042674884814121
P15,S1,lv2,34,5.704935660523374,5.312608209205181
P15,S1,lv2,35,8.98481583933644,4.078510172931125
P15,S1,lv2,36,4.5634869690062905,4.911223362432612
P15,S1,lv2,37,7.71031617911446,9.01822319702996
P15,S1,lv2,38,15.372018085010078,6.104893507041511
P15,S1,lv2,39,4.798690838156642,7.53301147167016
P15,S1,lv2,40,3.9164429539719454,6.255356754052098
P15,S1,lv2,41,6.039534446931725,7.671717301684525
P15,S1,lv2,42,9.978309295902907,6.27201291006956
P15,S1,lv2,43,49.42809808855828,19.865277654433886
P15,S1,lv2,44,9.808046317408605,11.222776802537005
P15,S1,lv2,45,27.252934090535636,11.87253879732627
P15,S1,lv2,46,7.540895148881393,9.417223946034275
P15,S1,lv2,47,9.236050603090995,7.241925097218486
P15,S1,lv2,48,5.714642573632021,2.987450537605737
P15,S1,lv2,49,7.2369250996849654,3.5774560369476833
P15,S1,lv2,50,6.531771098832836,11.57727657845119
P15,S1,lv2,51,8.556519431896199,13.626535689904792
P15,S1,lv2,52,5.0534979166478475,6.142380086844303
P15,S1,lv2,53,6.300908042589846,4.915042425467172
P15,S1,lv2,54,4.71353138887987,13.394475787556962
P15,S1,lv2,55,24.870290641916153,11.26774507937569
P15,S1,lv2,56,5.18947945214631,2.827021596727332
P15,S1,lv2,57,15.641451959692029,12.066818198480364
P15,S1,lv2,58,31.562106443176997,9.134341630880968
P15,S1,lv2,59,7.2165603841960015,7.99250683006405
P15,S1,lv2,60,8.325766602615337,5.359794898243164
P15,S1,lv2,61,3.674799009549207,8.775674182790334
P15,S1,lv2,62,3.7288050337947047,16.61282799393979
P15,S1,lv2,63,5.1954779219587595,7.102476304743531
P15,S1,lv2,64,2.53629186312693,6.905777843880924
P15,S1,lv2,65,11.43652103744546,7.571599024420734
P15,S1,lv2,66,4.868322841479137,11.322487102196451
P15,S1,lv2,67,6.863769712681805,3.720347581190196
P15,S1,lv2,68,20.64947340092702,11.515395530964701
P15,S1,lv2,69,9.584230881475971,10.930947886018737
P15,S1,lv2,70,7.535309762726943,9.18217589260748
P15,S1,lv2,71,9.063417268749989,12.590806204726734
P15,S1,lv2,72,9.010890564402963,11.347182289218518
P15,S1,lv2,73,10.108272435979048,4.558777827830272
P15,S1,lv2,74,7.167293305357926,4.885937023043989
P15,S1,lv2,75,18.88096020142205,6.714337885801203
P15,S1,lv2,76,4.645630450738419,4.806301593042569
P15,S1,lv2,77,14.121163363492672,6.3162065975728705
P15,S1,lv2,78,8.564699215523412,6.190270033891456
P15,S1,lv2,79,6.73878799154592,5.3713309202903075
P15,S1,lv2,80,5.6706367844512044,4.801514802687055
P15,S1,lv2,81,31.026530866247203,16.58804795020036
P15,S1,lv2,82,6.999417766408255,7.210661526487516
P15,S1,lv2,83,15.004928136854405,7.060191861186413
P15,S1,lv2,84,6.393597752128326,15.255973537251828
P15,S1,lv2,85,8.628279621643728,7.824921567214807
P15,S1,lv2,86,7.279081479689835,8.564357781365299
P15,S1,lv2,87,7.350955977736735,13.242318924499475
P15,S1,lv2,88,9.174175333367462,11.671884635460485
P15,S1,lv2,89,5.990631398835861,4.8129735405281995
P15,S1,lv2,90,7.617519031772808,6.595725925545993
P15,S1,lv2,91,8.083647100614362,7.041643734974241
P15,S1,lv2,92,10.329396171516267,9.136680282288674
P15,S1,lv2,93,11.777500415453789,9.665431667130816
P15,S1,lv2,94,3.70304842606729,5.237600779001014
P15,S1,lv2,95,14.91078630160026,11.35193440143906
P15,S1,lv2,96,20.661701300374904,6.984672866291762
P15,S1,lv2,97,8.146732154238853,5.134343712890167
P15,S1,lv2,98,6.36573245197763,8.385697112819319
P15,S1,lv2,99,12.762894362590535,8.343488223819985
P15,S1,lv2,100,6.701128731385559,6.917893779382116
P15,S1,lv2,101,2.2289000841147706,5.027180613023226
P15,S1,lv2,102,5.362468513347819,5.192156507730487
P15,S1,lv2,103,4.3916275624847065,6.820183975925232
P15,S1,lv2,104,4.038831260993239,9.04611900745646
P15,S1,lv2,105,6.205627599992634,13.741687118440971
P15,S1,lv2,106,15.40349184465093,8.598582465599652
P15,S1,lv2,107,3.7253436673106908,7.248072560660157
P15,S1,lv2,108,3.392963147048649,9.54554314987372
P15,S1,lv2,109,4.691432374435045,9.23552695253756
P15,S1,lv2,110,5.507532106954797,7.785435398822012
P15,S1,lv2,111,13.861935379454739,12.105177109120842
P15,S1,lv2,112,5.47701973522425,9.47640530255326
P15,S1,lv2,113,4.149267461123845,5.048708153781862
P15,S1,lv2,114,4.212562477864255,4.2150486940942375
P15,S1,lv2,115,3.8726374581142227,5.500381349116306
P15,S1,lv2,116,6.130828709016315,6.590527137576919
P15,S1,lv2,117,4.951825271640214,8.250249077024986
P15,S1,lv2,118,4.776525072145039,9.040424343400073
P15,S1,lv2,119,4.439310341345407,12.288107531059618
P15,S1,lv2,120,6.145003024141635,7.768464086061359
P15,S1,lv2,121,14.56561499779443,6.051754801428447
P15,S1,lv2,122,5.193444338627328,5.162800693736503
P15,S1,lv2,123,5.2368859989806715,7.965039281413847
P15,S1,lv2,124,21.376826572966568,13.587694172796947
P15,S1,lv2,125,4.380818272354695,7.264001185215694
P15,S1,lv2,126,26.336900871208687,16.09056754250628
P15,S1,lv2,127,6.535883994496626,7.338914946714696
P15,S1,lv2,128,3.972856900573088,6.699236635350315
P15,S1,lv2,129,4.758611577804675,8.744769732316128
P15,S1,lv2,130,18.335834757818642,5.925763012607461
P15,S1,lv2,131,5.3613772666486375,7.523376370813544
P15,S1,lv2,132,16.791463236571577,6.356543779699804
P15,S1,lv2,133,5.161355584733087,7.77855950388107
P15,S1,lv2,134,1.710387094888616,6.835139315472778
P15,S1,lv2,135,7.0092189250913295,10.428324707834152
P15,S1,lv2,136,4.74968950531629,17.67059725024328
P15,S1,lv2,137,16.737038577343974,9.1618471649907
P15,S1,lv2,138,5.140279738736051,7.012821053169037
P15,S1,lv2,139,6.55648429110652,7.5510900307672815
P15,S1,lv2,140,21.399916074561457,8.23801495678793
P15,S1,lv2,141,4.198777218043597,5.233477595072555
P15,S1,lv2,142,10.906347767230889,8.379485241758733
P15,S1,lv2,143,8.59087118491313,8.95101318537331
P15,S1,lv2,144,22.065304641747623,11.42952104308839
P15,S1,lv2,145,4.202585928339927,4.347754322459539
P15,S1,lv2,146,4.889981080093424,6.613286818423776
P15,S1,lv2,147,4.46652994149634,7.118622244072069
P15,S1,lv2,148,3.32054129720072,9.728044197723358
P15,S2,base,0,3.0352529655955234,19.270160770699125
P15,S2,base,1,12.763692083760962,46.98646008340585
P15,S2,base,2,2.9630191592730406,49.016035595637724
P15,S2,base,3,2.6511941350230948,30.759584509943267
P15,S2,base,4,5.032273598609468,36.46755156418636
P15,S2,base,5,3.961430591942704,54.15974419779961
P15,S2,base,6,3.1772793540261577,77.63757181077253
P15,S2,base,7,2.4516123294232157,19.33803600048712
P15,S2,base,8,2.4859208161711455,38.85554340700127
P15,S2,base,9,11.761674287569736,53.561331784692776
P15,S2,base,10,2.2630360800829217,57.79536571033953
P15,S2,base,11,2.0379197967910194,18.75694545194632
P15,S2,base,12,2.335976372074486,18.2113719068705
P15,S2,base,13,2.288138705978987,28.052498342934417
P15,S2,base,14,1.9484895715532633,50.77038818307128
P15,S2,base,15,1.6254831991047116,25.027988219199617
P15,S2,base,16,1.770711595738277,28.836349588901857
P15,S2,base,17,3.1236964270251493,21.3179129064109
P15,S2,base,18,7.181972460250147,63.02156258628344
P15,S2,base,19,7.8166706455321675,77.62094357168512
P15,S2,base,20,2.523719655365091,32.695660826170354
P15,S2,base,21,2.534022329890186,50.95164303231689
P15,S2,base,22,2.4781819392650326,30.868695086153014
P15,S2,base,23,1.2915320065047031,48.52444970876467
P15,S2,base,24,2.1982038129657218,27.303733464000413
P15,S2,base,25,4.231790711152551,21.190915032071214
P15,S2,base,26,2.586652694417986,33.39553087072429
P15,S2,base,27,1.4339309549456036,14.143216393454434
P15,S2,base,28,1.496885658737743,38.61094979913925
P15,S2,base,29,1.2824714138714584,37.30442804653146
P15,S2,lv0,0,57.243957016429704,8.63112745486488
P15,S2,lv0,1,6.086555838553655,6.8755278004702785
P15,S2,lv0,2,9.49912373379568,14.949044676965968
P15,S2,lv0,3,5.2009915475188055,8.540864151490377
P15,S2,lv0,4,15.666326531023572,11.883608110636313
P15,S2,lv0,5,9.283827567978703,9.018823401861384
P15,S2,lv0,6,2.8055867121159475,14.590106219330362
P15,S2,lv0,7,72.36339603535771,10.21045734158569
P15,S2,lv0,8,10.463742004952023,10.140661862985619
P15,S2,lv0,9,4.268873092653281,11.286182746409024
P15,S2,lv0,10,6.466706790038766,5.472758059150974
P15,S2,lv0,11,14.923057116463278,12.891670560143229
P15,S2,lv0,12,3.854091345875423,7.740943351638136
P15,S2,lv0,13,3.8589333598137934,18.270399894495213
P15,S2,lv0,14,5.722048129911026,11.858297809254381
P15,S2,lv0,15,5.397702451910296,11.800882936956986
P15,S2,lv0,16,7.08818289884809,8.427124773285113
P15,S2,lv0,17,9.73772401434844,10.352643114921113
P15,S2,lv0,18,3.5305666140409606,6.482494309726221
P15,S2,lv0,19,45.861241031575,6.611902689799021
P15,S2,lv0,20,3.835799313007227,12.333674774272591
P15,S2,lv0,21,7.047526474450971,12.80032581484317
P15,S2,lv0,22,4.883276520137865,7.90444464358363
P15,S2,lv0,23,5.706051960869565,7.923858511280105
P15,S2,lv0,24,5.169346399812657,5.888395108793158
P15,S2,lv0,25,3.721026659122229,8.127055294600664
P15,S2,lv0,26,5.80109237534976,13.452435378205758
P15,S2,lv0,27,6.620823920163883,7.829702725637624
P15,S2,lv0,28,4.561404459734151,4.094497596718944
P15,S2,lv0,29,22.214493393637266,10.007748502403476
P15,S2,lv0,30,5.791735286486808,16.486109129326888
P15,S2,lv0,31,11.126030563171016,10.495903212693785
P15,S2,lv0,32,3.529138756045028,11.456238469007241
P15,S2,lv0,33,8.921958440584687,6.005003615368321
P15,S2,lv0,34,37.904756281855875,7.139862544380501
P15,S2,lv0,35,10.717517296071273,7.968405461331052
P15,S2,lv0,36,8.628888017229597,12.426614957543643
P15,S2,lv0,37,6.7002379191725066,13.71935312537155
P15,S2,lv0,38,2.969339550260511,8.714483884318236
P15,S2,lv0,39,34.64915038249736,9.021030530077473
P15,S2,lv0,40,4.652891694296399,5.413041212746328
P15,S2,lv0,41,9.389887062119966,13.15081016326576
P15,S2,lv0,42,4.684779847264032,6.740865168842725
P15,S2,lv0,43,2.0071718972706356,7.798901071002369
P15,S2,lv0,44,7.310402662470866,12.679668170460221
P15,S2,lv0,45,3.039815624209356,8.003769088291683
P15,S2,lv0,46,47.76403329208748,8.315916772895449
P15,S2,lv0,47,12.004775367148333,8.73790805847009
P15,S2,lv0,48,5.341724397700337,7.813019294298573
P15,S2,lv0,49,5.3839414614732215,4.9088116090788265
P15,S2,lv0,50,24.270154624086874,4.152364941864708
P15,S2,lv0,51,16.285348011630823,5.40421607500728
P15,S2,lv0,52,25.11710394592628,11.219585718875555
P15,S2,lv0,53,4.603874996051895,13.717093879575271
P15,S2,lv0,54,10.167113070360928,7.528377523306137
P15,S2,lv0,55,3.916748579979997,4.9522779956752006
P15,S2,lv0,56,4.724949951169749,5.497386337071063
P15,S2,lv0,57,5.511743207574661,7.030778788063191
P15,S2,lv0,58,8.850088778170205,15.163792351231956
P15,S2,lv0,59,20.008596951105005,10.857834123874769
P15,S2,lv0,60,6.596373821411272,3.9957683941308115
P15,S2,lv0,61,6.6383311323923415,5.1954439110261434
P15,S2,lv0,62,6.660016352446085,7.128994488536325
P15,S2,lv0,63,6.596927415776707,7.578684502781457
P15,S2,lv0,64,2.166142765010829,8.537635387391774
P15,S2,lv0,65,7.092013653355743,5.107662820176971
P15,S2,lv0,66,3.343293362072709,7.450988993887775
P15,S2,lv0,67,7.037854057779856,8.011059536741618
P15,S2,lv0,68,12.915873528489042,8.118674155634983
P15,S2,lv0,69,7.321479191006571,10.978968241479766
P15,S2,lv0,70,6.720473298789615,14.659922001788644
P15,S2,lv0,71,12.017725288812615,11.79206629819403
P15,S2,lv0,72,4.68794008032787,10.231750342498442
P15,S2,lv0,73,9.702427389753758,9.246030226294499
P15,S2,lv0,74,4.672969434497372,8.653514978621676
P15,S2,lv0,75,7.9292750714435325,10.644930970423873
P15,S2,lv0,76,3.4200219928528988,19.039844343010312
P15,S2,lv0,77,15.884130536361884,7.716471100536161
P15,S2,lv0,78,4.568331460709432,9.51266619739098
P15,S2,lv0,79,4.710389226864259,14.056381809691576
P15,S2,lv0,80,4.731432672230273,9.51399732175887
P15,S2,lv0,81,24.565174752994533,30.253268914938296
P15,S2,lv0,82,2.1984216226041835,7.840450562852631
P15,S2,lv0,83,4.493721524012837,15.228343323688387
P15,S2,lv0,84,7.658321595130353,4.439537733382911
P15,S2,lv0,85,2.1208118254758324,8.124211060042702
P15,S2,lv0,86,3.663974263704173,9.47879837720013
P15,S2,lv0,87,7.2071600319773745,14.842289567938469
P15,S2,lv0,88,4.808627310702578,26.826178249872328
P15,S2,lv0,89,3.5098927879146404,13.633919708565905
P15,S2,lv0,90,15.815397123224168,8.862822950305961
P15,S2,lv0,91,2.490582830826085,7.304871775534303
P15,S2,lv0,92,7.961382471492986,7.294095931227299
P15,S2,lv0,93,7.018171402219133,8.719797769527636
P15,S2,lv0,94,3.30660824340733,11.730154335142634
P15,S2,lv0,95,9.12281889561518,6.561372171477106
P15,S2,lv0,96,3.325568513233768,19.043505666844233
P15,S2,lv0,97,3.9118561262291704,8.71432579852672
P15,S2,lv0,98,5.463410944653634,8.264047636628774
P15,S2,lv0,99,3.385969666716369,7.339330040761125
P15,S2,lv0,100,4.141242657530436,10.469335876405445
P15,S2,lv0,101,2.513748711229737,4.965850268973794
P15,S2,lv0,102,22.4271541675149,16.101293060219852
P15,S2,lv0,103,8.586310709404051,7.207633762479448
P15,S2,lv0,104,7.489433311667504,9.588909497408444
P15,S2,lv0,105,4.4769238196353704,13.90265201705859
P15,S2,lv0,106,2.981382784468446,9.967055313071874
P15,S2,lv0,107,5.585675769375206,12.705841431718731
P15,S2,lv0,108,5.928126590621381,14.284704190766911
P15,S2,lv0,109,18.435792435554433,20.970918650360048
P15,S2,lv0,110,6.2202982845,13.945922618310252
P15,S2,lv0,111,9.37784235082387,6.885590931482946
P15,S2,lv0,112,4.839886739606157,17.103775004875008
P15,S2,lv0,113,5.640461518817251,12.241018420973484
P15,S2,lv0,114,2.0676105852504754,10.995692602666077
P15,S2,lv0,115,6.2831002922000625,21.93065311488068
P15,S2,lv0,116,4.567970628950023,9.853084452365549
P15,S2,lv0,117,2.5695617106602358,9.7685109512201
P15,S2,lv0,118,4.200712443479029,13.947737230535555
P15,S2,lv0,119,4.873665890735246,7.7452415290225884
P15,S2,lv0,120,8.866166129573097,9.33911545336479
P15,S2,lv0,121,5.741476211759421,11.28556767913237
P15,S2,lv0,122,5.312540498643222,3.3492783265968575
P15,S2,lv0,123,8.911596853954679,10.994052554269553
P15,S2,lv0,124,4.449514432904759,10.553388319820156
P15,S2,lv0,125,5.479665527856828,17.845111565395097
P15,S2,lv0,126,6.935828785000372,6.900845091981993
P15,S2,lv0,127,11.961436183217483,8.93569856143454
P15,S2,lv0,128,3.0197322688830393,10.300461258214936
P15,S2,lv0,129,3.702676674786574,12.001445286011256
P15,S2,lv0,130,4.043401869265667,12.258401657872572
P15,S2,lv0,131,4.624569972651126,12.160246115315012
P15,S2,lv0,132,49.42097217567798,8.550173337522953
P15,S2,lv0,133,1.148933369884943,12.474001947439492
P15,S2,lv0,134,3.735728047635942,6.002004599038061
P15,S2,lv0,135,5.089775056034764,7.362136983881865
P15,S2,lv0,136,10.944814860564714,13.559272075250401
P15,S2,lv0,137,5.173038513491757,14.241878025687853
P15,S2,lv0,138,2.9348402635443898,13.03362310688901
P15,S2,lv0,139,3.728766515010197,7.524020574923931
P15,S2,lv0,140,3.169799614719523,10.080733875539094
P15,S2,lv0,141,6.305617554626901,26.936595359688578
P15,S2,lv0,142,7.433560644294527,11.42715277674328
P15,S2,lv0,143,12.978559321380327,16.134281782800727
P15,S2,lv0,144,2.8635384613941453,7.562814387456532
P15,S2,lv0,145,13.45601984701723,25.049593852551634
P15,S2,lv0,146,4.142535680662849,8.266414200677156
P15,S2,lv0,147,3.1826527537403053,5.646324118719548
P15,S2,lv0,148,14.869386165984778,14.589100603756677
P15,S2,lv1,0,4.96030222027092,5.5310339342652535
P15,S2,lv1,1,73.21644176783924,12.993010048875687
P15,S2,lv1,2,9.86518197549196,9.067384439335578
P15,S2,lv1,3,12.858724514166099,10.613872036320776
P15,S2,lv1,4,133.97544256873172,14.212487044171587
P15,S2,lv1,5,17.87661594760707,7.776586782949793
P15,S2,lv1,6,62.37064960971616,12.963098321278336
P15,S2,lv1,7,13.092936766421246,7.466770812976202
P15,S2,lv1,8,8.27529503147877,6.432492331839306
P15,S2,lv1,9,5.211190468192462,6.161804915735795
P15,S2,lv1,10,5.687198268794691,7.581359785979898
P15,S2,lv1,11,8.459557967102125,3.327706372074115
P15,S2,lv1,12,4.865646845909712,14.817603110708161
P15,S2,lv1,13,5.72840814737408,8.313967392286717
P15,S2,lv1,14,5.477234562483851,4.410124781814101
P15,S2,lv1,15,6.628330382091547,13.256250361021907
P15,S2,lv1,16,6.082317514308971,6.209873549184488
P15,S2,lv1,17,4.905511289261813,15.505883472143886
P15,S2,lv1,18,12.729147418852452,3.5858802907936833
P15,S2,lv1,19,10.480190003037965,5.587667159472811
P15,S2,lv1,20,12.891770401238373,7.307027442727457
P15,S2,lv1,21,11.298705508726018,7.029112357288225
P15,S2,lv1,22,7.027586734588746,9.265280026590316
P15,S2,lv1,23,14.299794502520909,8.839291532830392
P15,S2,lv1,24,16.732812289369356,13.080140558116858
P15,S2,lv1,25,7.746750294536919,10.46987157649883
P15,S2,lv1,26,8.394112250707291,9.340760343682662
P15,S2,lv1,27,6.8657586228991345,4.929486500676604
P15,S2,lv1,28,6.39477857116239,7.874565290516424
P15,S2,lv1,29,4.525201157908883,15.618284153614928
P15,S2,lv1,30,8.228601420777045,10.897380961763801
P15,S2,lv1,31,21.75192021470664,5.823233864959306
P15,S2,lv1,32,20.56970425075024,12.729595102911565
P15,S2,lv1,33,13.262430412648367,8.06030472814907
P15,S2,lv1,34,5.221448396973687,8.114371648880214
P15,S2,lv1,35,8.511599635541161,11.39396096392384
P15,S2,lv1,36,56.15850316263271,6.102543729180797
P15,S2,lv1,37,3.9767429916185257,7.234899833128415
P15,S2,lv1,38,8.113717961247103,8.66911089570885
P15,S2,lv1,39,8.746914831140922,14.41984133568734
P15,S2,lv1,40,8.804793074494329,16.969154382327147
P15,S2,lv1,41,7.114541732257387,8.581647930832906
P15,S2,lv1,42,19.529278578234734,8.177789378356314
P15,S2,lv1,43,10.21675242937383,10.64561745009507
P15,S2,lv1,44,13.822741559043937,8.80657575754313
P15,S2,lv1,45,11.223260670160991,12.905228718731724
P15,S2,lv1,46,7.9755116709366245,20.788484366848547
P15,S2,lv1,47,7.611867427856213,10.030753784933102
P15,S2,lv1,48,5.554184959192812,18.785140067222923
P15,S2,lv1,49,2.4070488762222313,13.820813190640763
P15,S2,lv1,50,2.3954850152556273,6.225463462793484
P15,S2,lv1,51,11.044114280651067,13.647045662412491
P15,S2,lv1,52,3.577478452703957,6.604078161024335
P15,S2,lv1,53,12.322259359565452,9.362990327467418
P15,S2,lv1,54,10.574791290446697,6.102519431661781
P15,S2,lv1,55,8.331022372306215,15.053007864473704
P15,S2,lv1,56,5.734676803277718,7.668592846131671
P15,S2,lv1,57,3.9817844497839756,32.35920308310634
P15,S2,lv1,58,12.938064563490936,10.447754010148328
P15,S2,lv1,59,6.197755541403922,6.609445755277363
P15,S2,lv1,60,21.666117722249723,4.651689482652673
P15,S2,lv1,61,6.595097448415727,5.627483043604545
P15,S2,lv1,62,10.546045533132176,3.9606559900932745
P15,S2,lv1,63,5.211707853518724,4.540545217651281
P15,S2,lv1,64,4.357585461928504,9.097278506365527
P15,S2,lv1,65,53.372689501424034,11.112924457621412
P15,S2,lv1,66,6.528649011076809,9.993330820174062
P15,S2,lv1,67,34.9618666491225,11.405401599607428
P15,S2,lv1,68,13.698828227633433,5.944211262164913
P15,S2,lv1,69,8.190884131627424,10.2282834030565
P15,S2,lv1,70,32.88519383614304,7.604165197120952
P15,S2,lv1,71,9.768720828321625,13.847121809402294
P15,S2,lv1,72,9.804916537571883,6.59584104205733
P15,S2,lv1,73,6.1447570232753765,6.273439851284201
P15,S2,lv1,74,7.128609206466209,5.536658749170623
P15,S2,lv1,75,7.767063533105958,7.554471926407691
P15,S2,lv1,76,3.880705027195421,9.30437805546345
P15,S2,lv1,77,8.065606880204973,9.156118193183406
P15,S2,lv1,78,10.702739372806684,13.869116415362493
P15,S2,lv1,79,5.1747838273703275,14.883238025466461
P15,S2,lv1,80,5.268310036781189,6.1083893059312615
P15,S2,lv1,81,10.338927817986374,12.069540497357883
P15,S2,lv1,82,10.837744892831852,12.263931171428874
P15,S2,lv1,83,22.189233725320175,9.29355111790318
P15,S2,lv1,84,5.217415772604999,22.798214234235182
P15,S2,lv1,85,7.005348623046799,10.191371639563782
P15,S2,lv1,86,3.3979254312161937,5.534718881862815
P15,S2,lv1,87,4.355415848886114,14.506763988895832
P15,S2,lv1,88,3.7719740931091135,4.426141343802582
P15,S2,lv1,89,4.311266557598517,10.007064049427347
P15,S2,lv1,90,7.129294866169913,6.754504575426918
P15,S2,lv1,91,13.806944201068966,6.924945610240555
P15,S2,lv1,92,13.404442230019276,13.71569630025147
P15,S2,lv1,93,10.409092266675318,28.64596682901253
P15,S2,lv1,94,6.671119669921847,6.2447806472910115
P15,S2,lv1,95,3.6204462386700382,5.539569028797429
P15,S2,lv1,96,5.104388584585967,7.6054170425402825
P15,S2,lv1,97,6.137498294845193,6.8018477469803456
P15,S2,lv1,98,9.364350964910289,8.554646814385059
P15,S2,lv1,99,2.4824847376476025,7.985556142377944
P15,S2,lv1,100,5.506347352088519,6.8241079859020815
P15,S2,lv1,101,25.24985854486683,8.730303386686694
P15,S2,lv1,102,4.713897617220226,8.200579295905676
P15,S2,lv1,103,6.110845099192026,9.516340120245479
P15,S2,lv1,104,11.198859701440645,6.330971692579532
P15,S2,lv1,105,7.616639456975978,8.985319116024996
P15,S2,lv1,106,6.808949980973285,11.542763998426546
P15,S2,lv1,107,30.064373252118735,8.80389800170212
P15,S2,lv1,108,25.124875611717815,15.841497817130456
P15,S2,lv1,109,7.275444956205736,8.120843066474661
P15,S2,lv1,110,6.178257543786368,11.611653922941388
P15,S2,lv1,111,4.190925629913085,5.003558083874218
P15,S2,lv1,112,4.702781292485003,12.015553882617738
P15,S2,lv1,113,15.222109316108483,11.929082176109437
P15,S2,lv1,114,36.119512638906386,9.48628185160454
P15,S2,lv1,115,7.649858442088766,9.210506703704741
P15,S2,lv1,116,4.530434742787313,9.012111330762677
P15,S2,lv1,117,14.225808448843779,14.590281434282641
P15,S2,lv1,118,13.089835138840945,13.549954812359493
P15,S2,lv1,119,4.932428128528131,17.908122947129264
P15,S2,lv1,120,9.727731503533361,8.764365987546636
P15,S2,lv1,121,12.708356409741326,23.996073923398605
P15,S2,lv1,122,5.40146351469359,6.945103397348842
P15,S2,lv1,123,4.082870662986564,8.38986293446797
P15,S2,lv1,124,4.287572739132518,9.775858181433113
P15,S2,lv1,125,4.394141525235331,5.248730606396777
P15,S2,lv1,126,9.056217230472367,14.15581768635682
P15,S2,lv1,127,5.1790869446198355,12.416461108463027
P15,S2,lv1,128,10.119393838760187,11.63735535314548
P15,S2,lv1,129,5.837384062391184,8.02669466637929
P15,S2,lv1,130,3.726258091340845,7.9478481546021555
P15,S2,lv1,131,25.284273130549465,11.094814728773436
P15,S2,lv1,132,8.56707016503793,7.013163940170436
P15,S2,lv1,133,36.505633328020835,12.685693834361052
P15,S2,lv1,134,7.528457265211499,19.72126112745144
P15,S2,lv1,135,7.184921492629687,20.71275806709847
P15,S2,lv1,136,7.0273237375217885,7.40310802752712
P15,S2,lv1,137,12.124897092744392,7.059242760848082
P15,S2,lv1,138,8.868105482107948,19.119720539497983
P15,S2,lv1,139,8.526010985710966,12.017205223907041
P15,S2,lv1,140,4.294197950938104,14.824531657463252
P15,S2,lv1,141,8.479250488726269,15.204712520063296
P15,S2,lv1,142,13.750077727430888,8.565030627544893
P15,S2,lv1,143,11.435400482960324,7.996600530354095
P15,S2,lv1,144,5.170669565588135,5.479839225863325
P15,S2,lv1,145,6.0057498894535435,7.087828333400915
P15,S2,lv1,146,2.704299218798278,8.04026301592197
P15,S2,lv1,147,10.709359073401274,10.196516494559681
P15,S2,lv1,148,7.593967325258849,10.394290662423295
P15,S2,lv2,0,33.27226392440306,10.310058147088583
P15,S2,lv2,1,10.532592494401118,9.51653159781963
P15,S2,lv2,2,9.028818260835823,7.558637593704556
P15,S2,lv2,3,5.864148708681249,7.26039477345554
P15,S2,lv2,4,6.874853508575064,9.563227471807581
P15,S2,lv2,5,9.235849156734442,17.347550797945516
P15,S2,lv2,6,5.223443071839758,11.416815122281555
P15,S2,lv2,7,6.552734001725675,11.949687193092693
P15,S2,lv2,8,10.064449476138948,8.841889697895116
P15,S2,lv2,9,5.448789738614372,4.786758848012872
P15,S2,lv2,10,4.75367231564258,9.01825269106032
P15,S2,lv2,11,7.446775593834901,7.118431071680216
P15,S2,lv2,12,5.527824217439929,3.7908433315727392
P15,S2,lv2,13,6.674730579741305,5.034368978171519
P15,S2,lv2,14,2.6464137090575974,4.121335859241511
P15,S2,lv2,15,13.690427433435348,14.572623945662839
P15,S2,lv2,16,4.898016863002216,5.885371251358792
P15,S2,lv2,17,12.146750396361192,7.1673927843602
P15,S2,lv2,18,10.848422334665141,9.329272690083743
P15,S2,lv2,19,17.790337149857276,14.522732457319679
P15,S2,lv2,20,6.798524286233748,5.485350724093671
P15,S2,lv2,21,4.931677159975637,10.938417099419828
P15,S2,lv2,22,30.604234873271793,11.33250929409686
P15,S2,lv2,23,10.114871748122768,6.1137248556643895
P15,S2,lv2,24,13.5778456015716,3.7184726359681153
P15,S2,lv2,25,8.173310852191213,4.64625685193281
P15,S2,lv2,26,8.67201417720058,4.2571986235328865
P15,S2,lv2,27,45.02512524658628,10.493710598476667
P15,S2,lv2,28,9.495915743748776,4.402840368933834
P15,S2,lv2,29,14.446109512984135,8.035381430342122
P15,S2,lv2,30,13.222774145528243,6.193668311777899
P15,S2,lv2,31,9.903222142561882,7.611146943673629
P15,S2,lv2,32,11.413077996953525,4.737561028127985
P15,S2,lv2,33,21.42765991110527,26.09230556516022
P15,S2,lv2,34,11.140011992877705,12.411119297059516
P15,S2,lv2,35,3.3836706911681738,7.1271251757642
P15,S2,lv2,36,4.529987499451564,8.59460215478397
P15,S2,lv2,37,10.197912042133467,6.647299049545083
P15,S2,lv2,38,3.014609000527455,5.107476319261634
P15,S2,lv2,39,7.334980590976885,6.674692993538513
P15,S2,lv2,40,24.45696757844382,7.586372304542894
P15,S2,lv2,41,3.595580122174451,9.343116053856125
P15,S2,lv2,42,7.8166677812687215,8.535310780927807
P15,S2,lv2,43,8.890346693194436,10.544104583660626
P15,S2,lv2,44,13.542481426570024,8.258912811857176
P15,S2,lv2,45,6.106260705622044,8.238626678116944
P15,S2,lv2,46,7.696023483960859,4.400347225480056
P15,S2,lv2,47,6.003863196424219,5.758548666343707
P15,S2,lv2,48,26.765176959202655,10.475398851928595
P15,S2,lv2,49,5.504359931131835,9.421590322870598
P15,S2,lv2,50,6.3124183427209,7.9945628147913
P15,S2,lv2,51,7.475843081994058,4.410330530968791
P15,S2,lv2,52,9.223199565179442,7.5451194730352995
P15,S2,lv2,53,5.566320203615031,15.375339704252463
P15,S2,lv2,54,7.842113826182261,5.68541883705014
P15,S2,lv2,55,41.570635371613605,10.183215257908428
P15,S2,lv2,56,29.331642071607302,6.950265698236078
P15,S2,lv2,57,12.122904854912347,10.163696053448634
P15,S2,lv2,58,4.344576086364996,5.930273730157303
P15,S2,lv2,59,3.411963065422336,13.50406889820263
P15,S2,lv2,60,3.8713494710170044,3.7152766974891622
P15,S2,lv2,61,17.405089740409384,12.255196150273878
P15,S2,lv2,62,7.010307995307026,5.904897662135194
P15,S2,lv2,63,11.762279911754852,5.104843463774906
P15,S2,lv2,64,8.24309435943967,5.829501168880939
P15,S2,lv2,65,7.600567850685748,8.157772183387733
P15,S2,lv2,66,6.964596560994802,6.347847577115946
P15,S2,lv2,67,24.22437949640598,6.733359846578449
P15,S2,lv2,68,6.077504565570181,12.421651556972025
P15,S2,lv2,69,40.368517122092136,12.270712675223207
P15,S2,lv2,70,31.524641143765066,7.548448145619366
P15,S2,lv2,71,5.25934056011006,7.429278824892586
P15,S2,lv2,72,7.993906497934393,8.201798265697464
P15,S2,lv2,73,9.25893043995978,5.525241056190397
P15,S2,lv2,74,9.080329032038506,5.51830762960012
P15,S2,lv2,75,13.048238367191212,5.438194690235472
P15,S2,lv2,76,4.948530516292703,9.700888013461789
P15,S2,lv2,77,4.200397488906604,4.876599797230655
P15,S2,lv2,78,16.138625327584517,8.666464154691866
P15,S2,lv2,79,12.484017737389214,8.861730753853715
P15,S2,lv2,80,50.39931130668361,13.72156831787761
P15,S2,lv2,81,8.0365221553295,8.492084704482624
P15,S2,lv2,82,6.456828402737153,5.047788532606682
P15,S2,lv2,83,3.3933442426739053,3.242075977050371
P15,S2,lv2,84,6.629205722360447,3.8217939398204828
P15,S2,lv2,85,2.8757199341580013,4.571169926748982
P15,S2,lv2,86,26.940380928789477,12.461164491899359
P15,S2,lv2,87,4.395350305981195,7.061042510410485
P15,S2,lv2,88,27.599197571855083,6.296694346076769
P15,S2,lv2,89,15.953892809032668,22.03633270693833
P15,S2,lv2,90,8.940615527620704,8.21385730159453
P15,S2,lv2,91,8.150548524528672,11.816302214838277
P15,S2,lv2,92,3.053939988133268,8.965433067030544
P15,S2,lv2,93,6.019672529845043,6.931519382923496
P15,S2,lv2,94,27.005677224872837,14.210407936707515
P15,S2,lv2,95,4.613731286827339,6.670966504963284
P15,S2,lv2,96,5.724974032165306,5.951398621884948
P15,S2,lv2,97,15.720840699131035,11.409800372436198
P15,S2,lv2,98,7.021926330843062,5.482578027864783
P15,S2,lv2,99,6.910863758929826,6.377712739561519
P15,S2,lv2,100,10.472498975874206,13.231877759485027
P15,S2,lv2,101,3.7290322795896653,4.85163153894775
P15,S2,lv2,102,54.79860267053369,5.300565169155027
P15,S2,lv2,103,4.714469005320538,8.464836399875065
P15,S2,lv2,104,4.65549224595999,6.8183514147552495
P15,S2,lv2,105,7.6752853429035115,6.3905523838312845
P15,S2,lv2,106,22.602637222543926,5.988670778843827
P15,S2,lv2,107,4.921789419096676,6.618353388496878
P15,S2,lv2,108,10.284638763320617,6.804533558838489
P15,S2,lv2,109,5.063595240639288,8.321477287425324
P15,S2,lv2,110,3.286769608198767,8.848227995285203
P15,S2,lv2,111,4.5379130694003,5.875617374772374
P15,S2,lv2,112,15.81548601210156,7.696678443719698
P15,S2,lv2,113,23.248722776370034,8.533103315260107
P15,S2,lv2,114,10.91363085229801,10.814855434154339
P15,S2,lv2,115,8.677784367146801,16.87682657005771
P15,S2,lv2,116,8.762494730393282,9.982862538054887
P15,S2,lv2,117,22.78146866294005,10.980167391244473
P15,S2,lv2,118,8.941538194370844,6.378446064304566
P15,S2,lv2,119,8.871279830650423,7.525413528902362
P15,S2,lv2,120,19.1764820120884,7.0915487596332305
P15,S2,lv2,121,14.651161372451835,19.2508095044381
P15,S2,lv2,122,8.356828271635138,12.615392408272232
P15,S2,lv2,123,9.226970614686259,7.836587470348904
P15,S2,lv2,124,3.2267850238242755,3.6115849538178746
P15,S2,lv2,125,5.338484246574196,8.776921893551988
P15,S2,lv2,126,11.351848028993892,17.595498121336846
P15,S2,lv2,127,6.231125609829862,4.215309734723631
P15,S2,lv2,128,6.3776668035181965,7.940923750895094
P15,S2,lv2,129,5.502569592077178,6.6603171904048555
P15,S2,lv2,130,3.8779202915391666,6.680749673013891
P15,S2,lv2,131,15.042923468873791,7.606393944720474
P15,S2,lv2,132,11.139050791126097,13.699217317931605
P15,S2,lv2,133,5.83687304684136,5.885714839843328
P15,S2,lv2,134,17.266374648828805,6.684958817139846
P15,S2,lv2,135,33.75612410902869,10.457653524929293
P15,S2,lv2,136,9.061815379791154,5.44984316559477
P15,S2,lv2,137,12.706364443557007,8.074145229681914
P15,S2,lv2,138,10.703172624081457,9.028078324097363
P15,S2,lv2,139,6.858155990191381,7.026849067224327
P15,S2,lv2,140,10.225312912763505,11.01909751584473
P15,S2,lv2,141,24.514567584983983,8.163693477362594
P15,S2,lv2,142,8.721873299112199,6.421066507694755
P15,S2,lv2,143,8.833911442652656,7.820065608195404
P15,S2,lv2,144,5.8059361200753505,4.969057928118315
P15,S2,lv2,145,5.504961987698345,10.357078390589741
P15,S2,lv2,146,5.1695271888013,8.313118590660379
P15,S2,lv2,147,9.745002022968801,5.204453432971318
P15,S2,lv2,148,6.2107220838763775,6.287694401444207
