subject,session,condition,epoch,theta_uv2,alpha_uv2,cli
P01,S1,lv0,0,7.65485356561724,9.80566945965236,1.1015766271631595
P01,S1,lv0,1,3.866470474869841,4.538212326539566,1.2370798769338631
P01,S1,lv0,2,6.919620913359843,4.303797645021335,2.2213208142065852
P01,S1,lv0,3,6.837322895622002,7.076907780616287,1.4319744049009033
P01,S1,lv0,4,9.087956992342818,10.771199093414257,1.221992696022482
P01,S1,lv0,5,4.728323760546049,4.193980923953626,1.6712115533257235
P01,S1,lv0,6,3.812888588423639,6.799785448405522,0.588756286807524
P01,S1,lv0,7,11.03356917874073,9.16915552530402,1.7722260386828161
P01,S1,lv0,8,13.294499317961707,5.78022535664586,2.7762372599953906
P01,S1,lv0,9,6.241151970501619,6.16080114191027,1.5054355016033796
P01,S1,lv0,10,8.047930759002655,5.9266238939698725,1.9595461160860153
P01,S1,lv0,11,4.284841779751225,4.970947205910207,1.2551578694402865
P01,S1,lv0,12,5.318095063711625,10.563488336466163,0.42170629889939726
P01,S1,lv0,13,4.581684824084216,4.942953250696526,1.3677246378941386
P01,S1,lv0,14,3.87431366223834,7.9013001264579,0.3808360475379722
P01,S1,lv0,15,5.845984527682883,6.151188592151746,1.4064800670805722
P01,S1,lv0,16,8.297674741798984,9.511917142712363,1.2736889297053318
P01,S1,lv0,17,23.52361591890079,9.077249402945915,2.9611749509282843
P01,S1,lv0,18,5.482705817794852,3.3196438804785764,2.2629778446825686
P01,S1,lv0,19,6.578662826762352,6.479858926512312,1.5088061471099803
P01,S1,lv0,20,5.182975612876196,7.289821806518557,0.9566980004110504
P01,S1,lv0,21,8.46166540211606,2.7677361124562814,3.217338847475754
P01,S1,lv0,22,5.267640335534098,3.811157163002649,1.986962031501825
P01,S1,lv0,23,8.78833088748643,6.055419796337572,2.062628118427004
P01,S1,lv0,24,7.2532199471590255,6.109848947450024,1.7512197495601614
P01,S1,lv0,25,5.378241424904558,5.678481048908208,1.4011609431497545
P01,S1,lv0,26,5.356772577817996,4.06702611873526,1.9122590529140118
P01,S1,lv0,27,5.915678385495603,7.165564040198485,1.1882757813624025
P01,S1,lv0,28,5.8880701220311495,6.44618869410439,1.3449966838176204
P01,S1,lv0,29,5.333877978099236,8.474210660936208,0.7678496330066515
P01,S1,lv0,30,5.289163456987692,11.762714998538796,0.24659412245543572
P01,S1,lv0,31,7.353861512662746,8.777623534090088,1.211059318420278
P01,S1,lv0,32,12.64733516916361,6.579879667592048,2.4980732955194562
P01,S1,lv0,33,8.537882259924938,5.844308214725969,2.072816333398137
P01,S1,lv0,34,9.02483830356706,7.454292558403291,1.7816698532401227
P01,S1,lv0,35,5.048887285392288,2.9945036068732325,2.2949794824284817
P01,S1,lv0,36,5.93222435895175,6.557029840041463,1.3301526213115271
P01,S1,lv0,37,4.047148939877785,7.2805446956885564,0.575289590244698
P01,S1,lv0,38,12.289301998026678,4.683321641955241,2.9805293401744843
P01,S1,lv0,39,19.75924394903075,11.818388031673248,2.2819225908986827
P01,S1,lv0,40,12.327740080970317,6.886992112781492,2.3877043814796286
P01,S1,lv0,41,8.467402294956155,5.274982677207584,2.2188180968980755
P01,S1,lv0,42,5.740417654021063,3.787030641227962,2.130013611785928
P01,S1,lv0,43,7.2526752705174,7.966357407623684,1.3398880864094387
P01,S1,lv0,44,13.753080238422648,13.189767422078434,1.5501697388609132
P01,S1,lv0,45,7.610272884072473,8.355707102455746,1.340525364186465
P01,S1,lv0,46,3.1871163148157855,5.769002738333738,0.5656964853408537
P01,S1,lv0,47,11.32179323603954,6.270653704178292,2.401081602134097
P01,S1,lv0,48,6.92027236859179,3.5562133403744522,2.5171810350712294
P01,S1,lv0,49,3.7122183794006114,4.346930210000643,1.2407233519772205
P01,S1,lv0,50,7.15012090622799,4.854512197941265,2.085487745496465
P01,S1,lv0,51,8.32198020438448,5.213735543254697,2.2100695888042594
P01,S1,lv0,52,10.872083438449001,20.886579910918467,0.47344024226413345
P01,S1,lv0,53,6.238929837517126,8.769397093677826,0.9576904921516112
P01,S1,lv0,54,16.677080676124874,7.562133945179608,2.7111035160612995
P01,S1,lv0,55,7.646146677846689,6.259678395969343,1.795436378997947
P01,S1,lv0,56,5.9499513951283625,7.441849097805212,1.1385941478902122
P01,S1,lv0,57,6.9681859890458595,7.658371300252192,1.3389776106806601
P01,S1,lv0,58,3.7217748800525934,7.810685883560757,0.336458608329034
P01,S1,lv0,59,10.514684110649355,9.462830744728123,1.6487089623736237
P01,S1,lv0,60,10.965908513562196,6.155602567437219,2.3802821307553708
P01,S1,lv0,61,6.752245928340724,5.148201884758455,1.905715666861272
P01,S1,lv0,62,4.636585406076501,3.784727135635604,1.7999796014156106
P01,S1,lv0,63,6.592442329046628,5.551569040300665,1.7516844625997359
P01,S1,lv0,64,2.714483164405926,4.871320337388268,0.5790550638776976
P01,S1,lv0,65,7.487915569868489,5.926144951161523,1.8478889071041111
P01,S1,lv0,66,10.823862091286118,7.382882653632379,2.078309352217171
P01,S1,lv0,67,9.981924580067687,5.418677679259364,2.4321952704549177
P01,S1,lv0,68,4.5195427436578175,4.881386558074899,1.3659852316595904
P01,S1,lv0,69,6.245682855493301,7.175885714918835,1.2701775944826361
P01,S1,lv0,70,7.245097339137357,9.955361998999768,0.9928304709420321
P01,S1,lv0,71,22.068812871618864,7.041794361337428,3.2557536629020376
P01,S1,lv0,72,8.44500804730783,6.615153514960276,1.8638461093569993
P01,S1,lv0,73,9.374284040128336,6.646227444822897,2.0183793542951003
P01,S1,lv0,74,5.380169402661173,12.786277948737265,0.14371794427112022
P01,S1,lv0,75,12.50824099445906,4.322800386941596,3.1320472693763177
P01,S1,lv0,76,11.729984707890871,7.639892901232466,2.1498750497916257
P01,S1,lv0,77,4.125066308670221,5.529588893532721,1.031196951640603
P01,S1,lv0,78,4.3387233652716075,4.909147407718518,1.2939145008509838
P01,S1,lv0,79,12.204673036904886,6.58777407839633,2.440997344207362
P01,S1,lv0,80,5.733792740771552,20.444009671510333,0.0
P01,S1,lv0,81,7.284750675376517,8.50609706024219,1.2451253387272028
P01,S1,lv0,82,5.375561421676851,8.808842806984758,0.7198908196778057
P01,S1,lv0,83,6.993396610712981,5.064772503887485,1.9854237918923885
P01,S1,lv0,84,3.860297528290687,4.581545746370031,1.2198748398322985
P01,S1,lv0,85,4.712820497037703,7.645770235196033,0.7354312572752161
P01,S1,lv0,86,8.612530494761774,4.496801896455095,2.492527371698558
P01,S1,lv0,87,3.622323435789417,7.2268856794887295,0.4148805120380823
P01,S1,lv0,88,21.762123525204053,11.559112319665553,2.465939967617637
P01,S1,lv0,89,6.024044631884691,7.423243922700823,1.1616544970081637
P01,S1,lv0,90,7.568218339510587,8.657483424652945,1.2769493924273119
P01,S1,lv0,91,7.108402757717791,17.662395184024017,0.07473778509424386
P01,S1,lv0,92,4.124704444437117,7.453143214691148,0.5683951122342915
P01,S1,lv0,93,5.02547035177375,4.866664882024598,1.5351186427801033
P01,S1,lv0,94,8.272073997037673,6.850072614496768,1.777695210573884
P01,S1,lv0,95,5.028988675839907,5.122239435693234,1.4568773921862923
P01,S1,lv0,96,10.798588674315356,11.46676208611908,1.392303807961888
P01,S1,lv0,97,25.336359207331864,5.519668392737917,3.847209104715888
P01,S1,lv0,98,6.973599377851141,8.614937830373197,1.157766064798695
P01,S1,lv0,99,4.054492537764003,5.6012123507847,0.9845058353305413
P01,S1,lv0,100,6.039514101895954,13.60158503378155,0.22708443948249715
P01,S1,lv0,101,8.44318428455533,6.908214795215194,1.7963279468135747
P01,S1,lv0,102,4.499013841310468,14.41965929194747,0.0
P01,S1,lv0,103,7.81293451357452,9.68614175127443,1.152265023078316
P01,S1,lv0,104,11.083120574935553,5.243487459390914,2.6453192445637814
P01,S1,lv0,105,8.952586787421607,6.167189065509471,2.062981892606729
P01,S1,lv0,106,6.424588419555243,5.9937568410221616,1.592934352170834
P01,S1,lv0,107,7.021097253575495,5.361774741467137,1.9032309521439104
P01,S1,lv0,108,2.6412186859453888,5.7943171877795505,0.2677302124915125
P01,S1,lv0,109,3.761687349570334,3.207712200436388,1.7322591501300366
P01,S1,lv0,110,4.080696838103909,5.467184939157177,1.0320265834646214
P01,S1,lv0,111,5.661415658259808,3.4443564570659198,2.2555318319943285
P01,S1,lv0,112,5.5151894078392685,6.559097285398768,1.2166901885529156
P01,S1,lv0,113,5.54520725035419,8.486974131639062,0.8257373107364696
P01,S1,lv0,114,7.109900258951739,5.5443754754842445,1.8708076325728986
P01,S1,lv0,115,7.810979722881916,7.731144266670815,1.5012750264268637
P01,S1,lv0,116,9.318227047414124,5.375206196808229,2.3380437692854983
P01,S1,lv0,117,4.050643440767168,5.884493075441921,0.9065678617814307
P01,S1,lv0,118,2.4858230271121866,6.776729388645081,0.0
P01,S1,lv0,119,3.5548021190142816,8.179490719543645,0.1938126243667238
P01,S1,lv0,120,3.699638438453371,8.27876045600252,0.23701064852275902
P01,S1,lv0,121,4.159501241962495,9.866576237325745,0.14665486238334915
P01,S1,lv0,122,4.085173572123758,9.468005724136784,0.18261712279393305
P01,S1,lv0,123,2.1076605366794223,6.749059542394762,0.0
P01,S1,lv0,124,5.294100503922546,7.56777100600906,0.9315815178585368
P01,S1,lv0,125,11.099584351915967,2.978167975543966,3.524338443165232
P01,S1,lv0,126,6.737663940405412,3.328889742843741,2.5781144641602816
P01,S1,lv0,127,8.092627960043467,7.892574817627375,1.5241471066914856
P01,S1,lv0,128,4.523573423792836,5.2128225662920356,1.265553623194008
P01,S1,lv0,129,3.7647313925462,4.773230818902591,1.1174997484299323
P01,S1,lv0,130,4.644265148389072,5.881293923658412,1.119364601599454
P01,S1,lv0,131,5.913504547645632,3.855211055810449,2.1483997655131084
P01,S1,lv0,132,8.271904251415508,6.150473807779352,1.9446293002414576
P01,S1,lv0,133,5.103279798532657,5.699430785834667,1.3141203347784312
P01,S1,lv0,134,5.339567183395974,7.28658509662052,1.0035180847090925
P01,S1,lv0,135,5.795896315125049,18.788533841991285,0.0
P01,S1,lv0,136,4.9621806096200185,6.79074778148051,0.9991391596649366
P01,S1,lv0,137,7.873166284367126,9.686690905202646,1.1640795238396442
P01,S1,lv0,138,4.321112087925731,4.800634370738609,1.3222533509128034
P01,S1,lv0,139,6.222283948173265,4.225877506331435,2.085006448726504
P01,S1,lv0,140,7.89102817624226,8.158443139669549,1.4337007458187638
P01,S1,lv0,141,4.6476932985062165,5.227970197173289,1.303009147890465
P01,S1,lv0,142,3.732313886439967,4.850776839777478,1.0791198054948732
P01,S1,lv0,143,8.187926816303136,6.42308983496602,1.8615971893066636
P01,S1,lv0,144,5.019329358057333,4.721036024086435,1.5803090774391964
P01,S1,lv0,145,3.840648311051002,8.07146265134579,0.3342866135907644
P01,S1,lv0,146,3.7456781411512483,5.45337713980729,0.9031774958970673
P01,S1,lv0,147,22.99208372744275,6.404462447663569,3.466305184491766
P01,S1,lv0,148,6.916468201587185,9.440270225014016,1.0032252558658405
P01,S1,lv1,0,6.227667010603666,4.4176286054629665,2.0175702391527026
P01,S1,lv1,1,14.566657533967916,17.746783245523023,1.1793044752825248
P01,S1,lv1,2,10.258330980226708,5.353707401774938,2.4932234699277247
P01,S1,lv1,3,6.33230721481924,5.280183477808768,1.7669668190463304
P01,S1,lv1,4,5.046354879680162,8.697339545753266,0.6416884172930731
P01,S1,lv1,5,7.41627609491958,12.118040748455861,0.7243463475374119
P01,S1,lv1,6,4.730325210310487,6.495765204030467,0.9938065480672834
P01,S1,lv1,7,6.803480732624755,14.199654618695057,0.3449964714030097
P01,S1,lv1,8,9.011406541061067,9.511965958603158,1.4015684238702824
P01,S1,lv1,9,7.76147234398956,14.924691292910696,0.4719889098576576
P01,S1,lv1,10,5.332990679534898,5.390145377052978,1.4688308762935176
P01,S1,lv1,11,26.316531232726373,16.264500439058605,2.231161265530307
P01,S1,lv1,12,11.868808186124362,5.247164185109827,2.750383118245375
P01,S1,lv1,13,5.779750979517705,6.21341342684009,1.3732209880144384
P01,S1,lv1,14,6.159927139161914,13.608742543255211,0.25686533381909366
P01,S1,lv1,15,9.606795204425904,4.254967977407141,2.747527394585998
P01,S1,lv1,16,8.642265874045101,4.632922168226009,2.4516504155916063
P01,S1,lv1,17,6.944481320586648,5.964543197796009,1.7211082201189178
P01,S1,lv1,18,27.5708187266044,15.959173558205778,2.3326947113914134
P01,S1,lv1,19,8.789895246949182,7.016325798900504,1.8346323135959797
P01,S1,lv1,20,4.8066786513623345,5.129266399970669,1.3846798309831587
P01,S1,lv1,21,6.550240864621272,7.901965326375605,1.1945851069076037
P01,S1,lv1,22,9.376437479990908,2.3997185205173337,3.59756764492961
P01,S1,lv1,23,28.808934100425805,17.944132769807364,2.2190877452424016
P01,S1,lv1,24,6.807557026079077,11.37219519264564,0.6900639357403848
P01,S1,lv1,25,14.892630502003394,8.860317648122919,2.290166374853543
P01,S1,lv1,26,6.460482199840738,8.03054093240151,1.148185215153441
P01,S1,lv1,27,11.349201657441338,6.111307647982109,2.444722012812708
P01,S1,lv1,28,7.883974638125669,10.480256587742415,1.0441698236106263
P01,S1,lv1,29,12.93254746558766,6.048735379230627,2.6630829057004233
P01,S1,lv1,30,8.030654417518626,12.09173061587182,0.8510661889554467
P01,S1,lv1,31,33.28016825307156,12.397460631191443,3.0157861622603543
P01,S1,lv1,32,3.7520683293269674,9.701812981138607,0.012983435813549313
P01,S1,lv1,33,7.265815404597895,7.727152511077212,1.3899437717127878
P01,S1,lv1,34,13.217156978047196,16.57993444182613,1.1340358172283498
P01,S1,lv1,35,6.409202154209355,13.516381442176181,0.3289023185487314
P01,S1,lv1,36,6.800593038777385,6.937521201982511,1.454456695869185
P01,S1,lv1,37,8.301156660156177,4.777299666872541,2.3416765538925866
P01,S1,lv1,38,6.513478790371032,9.481526151860194,0.9034267059284496
P01,S1,lv1,39,14.531212743722902,9.302855366073048,2.1765523374635563
P01,S1,lv1,40,6.353872289207885,6.656714939795555,1.4131888174472296
P01,S1,lv1,41,9.16050917989433,7.673260732720457,1.759924749895873
P01,S1,lv1,42,6.174300032999474,5.707775097838332,1.6071186941688878
P01,S1,lv1,43,8.698819847087998,9.59700451176448,1.333058338404156
P01,S1,lv1,44,5.765880185783196,14.964675409635264,0.007203877135416232
P01,S1,lv1,45,19.58384001665427,32.81591337088713,0.6853046638100877
P01,S1,lv1,46,6.364998285165941,6.2174150928293415,1.5217117049374649
P01,S1,lv1,47,33.76741643286363,24.76572035559147,1.9658626793054845
P01,S1,lv1,48,6.470611058562445,4.16285751121499,2.1689444977302372
P01,S1,lv1,49,9.49766645311264,11.387169756738553,1.204145457299614
P01,S1,lv1,50,5.3470279656477055,3.5113084764765006,2.1371466611343424
P01,S1,lv1,51,10.1845472233665,5.64595874398208,2.3996599306151807
P01,S1,lv1,52,24.057692172914088,39.301242744373965,0.724682513603649
P01,S1,lv1,53,14.122356991759402,8.271615525976173,2.3144144930490196
P01,S1,lv1,54,5.807410276930336,5.657979489320016,1.5257539795658395
P01,S1,lv1,55,5.562547411160796,8.795700183649904,0.7751992641774537
P01,S1,lv1,56,26.02075496519026,9.918892468634136,2.9801135173049964
P01,S1,lv1,57,8.707647562802443,7.999999090899036,1.6167185133203663
P01,S1,lv1,58,8.871030710167778,5.809866795429283,2.1413021505445466
P01,S1,lv1,59,4.262930793951069,3.7362063912308767,1.689756740344402
P01,S1,lv1,60,5.283936312116605,5.915772150608169,1.310295576819142
P01,S1,lv1,61,7.147783666572184,8.345943865896878,1.245166671075843
P01,S1,lv1,62,5.170922747420475,9.730310328010212,0.5055436787266898
P01,S1,lv1,63,14.669192758702957,17.593772100290483,1.203596363246583
P01,S1,lv1,64,15.1233033892369,16.71634188726433,1.3301348208025994
P01,S1,lv1,65,6.419488431174313,11.940864032907688,0.5234702063272315
P01,S1,lv1,66,5.347985052945895,3.4472613748010694,2.1659547443273977
P01,S1,lv1,67,4.161282908075168,7.049794138363558,0.6683087038973498
P01,S1,lv1,68,11.200541351145395,12.84898137998494,1.2725539698106638
P01,S1,lv1,69,4.841850904723818,2.8964244787207654,2.2816982100756693
P01,S1,lv1,70,8.818352568011038,9.216941174074593,1.4168364287210227
P01,S1,lv1,71,5.757038500306969,6.166754965133685,1.3788008373750928
P01,S1,lv1,72,11.689550948410188,8.826476218968267,1.9207675642192943
P01,S1,lv1,73,14.361904477010452,10.893527224665167,1.91374812806203
P01,S1,lv1,74,5.269350096989687,8.279311194381727,0.7850471457002977
P01,S1,lv1,75,13.899208676488751,7.065066630513734,2.534090931105051
P01,S1,lv1,76,25.710785746994198,9.405148276336261,3.0439676807985716
P01,S1,lv1,77,12.645731669807143,9.545783184157104,1.9212026693594055
P01,S1,lv1,78,7.00661953832143,8.615419140879016,1.1650007507182814
P01,S1,lv1,79,3.7918650434439685,5.139129783455624,1.0141572588959593
P01,S1,lv1,80,12.211864033505195,9.894180529885574,1.8115365218485109
P01,S1,lv1,81,26.663227086071064,17.81604046945458,2.110231939595653
P01,S1,lv1,82,5.152108600800751,11.226568457746543,0.2782074109862609
P01,S1,lv1,83,13.247689309686509,16.21279764968283,1.172316689483425
P01,S1,lv1,84,18.44655574336148,20.76375676899758,1.3019563823501976
P01,S1,lv1,85,4.472015742805366,6.599957085553906,0.8821126736237215
P01,S1,lv1,86,10.191308445898672,3.1350258132731583,3.3124712004996826
P01,S1,lv1,87,6.848063691250515,4.891615100947571,2.006790476049363
P01,S1,lv1,88,8.456757899357607,13.427106129956176,0.7688404947652624
P01,S1,lv1,89,8.34425039106122,12.055970861871446,0.9150262434035751
P01,S1,lv1,90,26.87200022125023,13.80963528915403,2.5171182420097193
P01,S1,lv1,91,5.694239722724485,4.369736143308657,1.8956800357877372
P01,S1,lv1,92,10.21270950253722,5.6189083274738465,2.411383030191698
P01,S1,lv1,93,8.257278395600322,5.779676653118142,2.038258538569775
P01,S1,lv1,94,24.1337250768,16.161221423553254,2.1068369205928827
P01,S1,lv1,95,8.758682196237517,12.613919631048606,0.9200351230244892
P01,S1,lv1,96,12.655639441776733,8.759567358531879,2.055631004086207
P01,S1,lv1,97,10.816225161859634,7.993513815870898,1.9540543837150939
P01,S1,lv1,98,12.267682985074407,10.901033803279848,1.6684069467697469
P01,S1,lv1,99,7.612490169926133,6.107286057701591,1.8267974085174936
P01,S1,lv1,100,9.168717347562,15.788055756678673,0.6430750944565111
P01,S1,lv1,101,6.068215085314949,12.650353124813819,0.34679843139006544
P01,S1,lv1,102,15.855747309008427,7.082526674003074,2.734381347589117
P01,S1,lv1,103,16.236279757159807,16.201629686284747,1.4886636764980778
P01,S1,lv1,104,4.264599630640975,6.731106679182832,0.7780130990186063
P01,S1,lv1,105,13.453993358431015,13.130804010508717,1.5230373296614854
P01,S1,lv1,106,10.08530463489699,6.446882769038943,2.1788850185472928
P01,S1,lv1,107,7.607432862142595,18.30277842840188,0.12469442883485482
P01,S1,lv1,108,11.313061365549059,11.658812408139164,1.4386951884281656
P01,S1,lv1,109,6.696972648883165,8.337299676993633,1.1458048378958536
P01,S1,lv1,110,5.207213766364834,4.992543175561989,1.5506006134753463
P01,S1,lv1,111,3.3582249166496947,4.564878734878803,1.0095795419023563
P01,S1,lv1,112,10.952733991491332,13.279534219776853,1.1867966556404999
P01,S1,lv1,113,12.20449528475961,14.823617254690742,1.1840342676365194
P01,S1,lv1,114,17.141117285071772,9.280813656051437,2.4362353892815927
P01,S1,lv1,115,11.762427979445407,6.962169986116727,2.298125334794271
P01,S1,lv1,116,8.403977226366402,6.301358828262418,1.9316169712502282
P01,S1,lv1,117,3.9468726193090293,9.388884817404152,0.142245117912985
P01,S1,lv1,118,3.5289877692621796,8.651279431385534,0.09560516414210464
P01,S1,lv1,119,8.946244127702544,6.729904231516288,1.9265537623083904
P01,S1,lv1,120,9.727361708632444,6.444837002745245,2.1233703735903653
P01,S1,lv1,121,9.453206367020769,11.650215799001222,1.161478630825989
P01,S1,lv1,122,8.942932189294318,7.918517935005018,1.6739068890040956
P01,S1,lv1,123,7.992648894712139,11.858821696052592,0.8738582858217124
P01,S1,lv1,124,18.737605132390158,7.723360953814458,2.8589609158966263
P01,S1,lv1,125,18.595631703592208,8.436427428249505,2.7103066218777845
P01,S1,lv1,126,4.454128551204232,7.744943587104963,0.6279601943249387
P01,S1,lv1,127,9.135135386439584,9.46405326659261,1.430530016093436
P01,S1,lv1,128,16.833457385929737,25.50857552762733,0.8411618577465004
P01,S1,lv1,129,12.526381757184346,11.858299905076622,1.5702983675105089
P01,S1,lv1,130,13.703786317968607,17.797646672662015,1.0802301329498114
P01,S1,lv1,131,4.58808932611886,6.266411296533673,1.0022010822141083
P01,S1,lv1,132,10.736652639287263,4.7376381572796,2.753325689942915
P01,S1,lv1,133,5.948788000839709,5.579973478551582,1.58454857605358
P01,S1,lv1,134,12.706955007559275,14.681138752688181,1.261531903640792
P01,S1,lv1,135,8.34901383825908,10.042661011196563,1.199096714806781
P01,S1,lv1,136,5.9253519939032495,7.418065586855505,1.1371343021957638
P01,S1,lv1,137,16.186555265309302,20.10551981740736,1.1493235998665718
P01,S1,lv1,138,9.802246618763387,6.575532508334006,2.1041408453384274
P01,S1,lv1,139,19.29977247845657,13.319514737086843,2.0601359125544083
P01,S1,lv1,140,13.628057195748879,8.047032502899228,2.3018575825500323
P01,S1,lv1,141,34.86665271134644,19.567738855463475,2.380623174151576
P01,S1,lv1,142,3.761174990584027,5.928850291289012,0.7800160649538198
P01,S1,lv1,143,5.028139501149325,4.3087346541597435,1.724658841740434
P01,S1,lv1,144,17.82920966617802,8.567094760001249,2.6212546292397167
P01,S1,lv1,145,13.46612791312392,10.914970194102711,1.810887207503951
P01,S1,lv1,146,16.845410501073072,11.295627236449254,2.1047708974135806
P01,S1,lv1,147,21.56657800737333,11.618925596087994,2.4439515519538473
P01,S1,lv1,148,11.36931855034903,13.785013397030035,1.1867522067244727
P01,S1,lv2,0,16.472822528416025,14.232097063313342,1.7119599256978857
P01,S1,lv2,1,4.5617308016943285,43.72581400956004,0.0
P01,S1,lv2,2,19.27822275493499,42.22449288586939,0.2702299076610999
P01,S1,lv2,3,6.00440760383202,11.875584306773192,0.4283670052025799
P01,S1,lv2,4,8.843057029925031,17.291486322690364,0.4460494787212864
P01,S1,lv2,5,11.156613517454,10.86195038396782,1.5268368351592492
P01,S1,lv2,6,6.656951076271389,7.794264325071291,1.2408995956975832
P01,S1,lv2,7,9.689178429430571,40.20152266105858,0.0
P01,S1,lv2,8,3.4914638082678953,17.762171004421138,0.0
P01,S1,lv2,9,7.979188379721539,9.780666396504543,1.1698475288766288
P01,S1,lv2,10,20.05138936439264,23.910746681880735,1.212532590728232
P01,S1,lv2,11,5.539527386579103,10.021654183864404,0.5665391655247792
P01,S1,lv2,12,7.582830510988788,6.077764054139259,1.8282571014710558
P01,S1,lv2,13,11.842015659748514,21.820916536938608,0.5380588376981061
P01,S1,lv2,14,9.395335106242696,9.46917179326869,1.4732201002025738
P01,S1,lv2,15,12.043319514736615,22.060910250006796,0.5472308088544106
P01,S1,lv2,16,9.461162532963481,23.271875741637007,0.0904066856250231
P01,S1,lv2,17,8.898142574659618,7.836323317719477,1.6822967618934477
P01,S1,lv2,18,6.9368453140231585,5.092325926989577,1.9644314607681037
P01,S1,lv2,19,8.055646581548794,6.432588327935243,1.8340638024361107
P01,S1,lv2,20,19.32989328372976,7.515735259082203,2.9494275026979384
P01,S1,lv2,21,25.809928067669915,11.255193325965209,2.7716216142267323
P01,S1,lv2,22,10.003634062423172,9.547425796509025,1.5576948690897632
P01,S1,lv2,23,7.243020215179153,11.149190689822511,0.8168564992209331
P01,S1,lv2,24,10.058996946580859,10.945400468705724,1.354464579833819
P01,S1,lv2,25,6.486714048788802,7.246806321735171,1.313621444884989
P01,S1,lv2,26,19.19020996955041,26.95491710373711,0.9587659482224926
P01,S1,lv2,27,17.439505105785397,15.98441744538244,1.620381531601059
P01,S1,lv2,28,7.475722320522645,6.074060497730098,1.8071539049985614
P01,S1,lv2,29,3.430244789875357,13.228355863454947,0.0
P01,S1,lv2,30,7.918723196383984,11.648318410451843,0.8872148583176831
P01,S1,lv2,31,5.717363067562707,4.108030651180165,1.9976781751695079
P01,S1,lv2,32,5.975072015580737,11.50251348573769,0.47024609838167575
P01,S1,lv2,33,9.993699726174448,7.445584924457808,1.941526518901015
P01,S1,lv2,34,8.331768663631841,11.64519445998317,0.9664340609196248
P01,S1,lv2,35,19.18382069025018,40.292078127932136,0.3352256732410302
P01,S1,lv2,36,18.62077157717524,26.11203820108922,0.9613181679398293
P01,S1,lv2,37,8.873006646285953,8.187869357047028,1.6098987761898251
P01,S1,lv2,38,8.855892498768286,6.505625322095602,1.9633518338846734
P01,S1,lv2,39,9.589196989674406,9.415383301158993,1.5137029252640906
P01,S1,lv2,40,7.163315358449728,10.413906760245874,0.9054452521373488
P01,S1,lv2,41,11.00054247000843,21.1769505172725,0.470247123590848
P01,S1,lv2,42,4.677575476306429,12.764471948182068,0.0
P01,S1,lv2,43,11.013886637393373,12.924994891750048,1.2373665656222066
P01,S1,lv2,44,9.11479278123938,22.771468258085342,0.06629194709807679
P01,S1,lv2,45,8.793761168114159,9.111577967729994,1.430327523986526
P01,S1,lv2,46,11.189543148913343,7.06629040222624,2.1977333925181135
P01,S1,lv2,47,12.269707204580232,14.28459981418321,1.2496995255476562
P01,S1,lv2,48,11.779811446295598,12.331314065431144,1.4144394868585553
P01,S1,lv2,49,5.309054183767872,9.287008545980674,0.6186703217295467
P01,S1,lv2,50,4.53169362145891,12.276441160086334,0.0
P01,S1,lv2,51,22.866050726274963,16.9085150534822,1.9531540250281443
P01,S1,lv2,52,15.043718090755862,8.979064587414435,2.2851772628707807
P01,S1,lv2,53,6.919186787763181,5.187900075902983,1.9316626375203088
P01,S1,lv2,54,13.589291553345184,11.88320082008968,1.6932752932132449
P01,S1,lv2,55,25.905559287803502,22.413743034814207,1.709745430168938
P01,S1,lv2,56,17.528372063258114,10.050272886593257,2.3474135583748947
P01,S1,lv2,57,11.151927319989852,25.766703442001173,0.18739581829924282
P01,S1,lv2,58,33.63630126934837,21.384966680432747,2.1873085324996464
P01,S1,lv2,59,8.562829054877701,8.738767169188845,1.4538309027964615
P01,S1,lv2,60,8.314998620037873,17.978052264509547,0.29027508949272224
P01,S1,lv2,61,4.684198037293023,17.640306260519143,0.0
P01,S1,lv2,62,14.127109269401688,12.778086798778709,1.6409018311152965
P01,S1,lv2,63,8.762656268576393,20.04495880432573,0.2028821880690565
P01,S1,lv2,64,11.405166540756502,4.516875474545597,2.9208978893070405
P01,S1,lv2,65,9.558490063258803,5.825862951788066,2.252719997693729
P01,S1,lv2,66,8.730467489040828,10.658116753367546,1.1761524879470229
P01,S1,lv2,67,6.991731840269614,6.850816610684738,1.5169082520919481
P01,S1,lv2,68,27.133659275942122,12.841412072444493,2.644797363768752
P01,S1,lv2,69,14.876415305523746,19.61759562366138,1.0565859827681794
P01,S1,lv2,70,24.618863454442504,22.129035756953296,1.6506016110120612
P01,S1,lv2,71,5.534741241454269,7.128390496604018,1.0931766991768974
P01,S1,lv2,72,8.107184171523086,13.10813183743221,0.74067571081215
P01,S1,lv2,73,10.493812655372723,6.908003299949917,2.1333542350523667
P01,S1,lv2,74,14.08003365287879,9.436673168796784,2.105532923188633
P01,S1,lv2,75,9.616601540260048,12.954616635846033,1.02355631093841
P01,S1,lv2,76,8.671238120117646,6.698130640516791,1.885498501830672
P01,S1,lv2,77,7.396452400319077,8.233161916785372,1.3192553424616955
P01,S1,lv2,78,10.19899983103486,19.116725104787076,0.5116201631648085
P01,S1,lv2,79,9.23607196374809,16.1273483150828,0.6214646955290141
P01,S1,lv2,80,15.053576883039531,19.453180597095358,1.0879780305882145
P01,S1,lv2,81,17.432668833339807,10.073707559339773,2.335318667348251
P01,S1,lv2,82,13.599919017662884,9.875020776617456,1.9813915112445126
P01,S1,lv2,83,12.003095531233694,10.248700292034703,1.7302505925213592
P01,S1,lv2,84,9.553451221123533,12.618844979105416,1.0540456953065938
P01,S1,lv2,85,5.381808643378175,2.996983528583546,2.392664875150483
P01,S1,lv2,86,9.687108171287683,8.569211062216745,1.6753960109992578
P01,S1,lv2,87,7.106132023526346,7.099325487638378,1.486837801215552
P01,S1,lv2,88,6.443475020908698,7.376911711172345,1.2756774455959006
P01,S1,lv2,89,5.997472041320083,8.140647846314772,1.0118232690527267
P01,S1,lv2,90,10.827950311331298,12.796301949710639,1.2264876665819842
P01,S1,lv2,91,12.66771279649872,15.876520934179604,1.1354191367792819
P01,S1,lv2,92,23.559454929516363,7.217266592553902,3.3189078870086206
P01,S1,lv2,93,8.69538773736079,13.214444743569924,0.8367114289229556
P01,S1,lv2,94,15.347539645394264,15.59763841306523,1.4603002217760663
P01,S1,lv2,95,9.40309157283442,21.991913849387124,0.16854100103727815
P01,S1,lv2,96,6.914422164663147,12.106581160770222,0.6172180939605767
P01,S1,lv2,97,7.442223459782567,6.0053286143458875,1.8178309359794536
P01,S1,lv2,98,7.082149915689898,7.5745472383060815,1.3811775554068122
P01,S1,lv2,99,33.41834774162453,11.349145817326255,3.159136105316359
P01,S1,lv2,100,11.152744788357747,9.610638155688186,1.7159940042801607
P01,S1,lv2,101,8.277665602791666,13.176624559386369,0.7648515440649527
P01,S1,lv2,102,5.623513119033225,6.502167192304855,1.2603465032821743
P01,S1,lv2,103,12.233076473840306,14.280459251225453,1.2455148873987656
P01,S1,lv2,104,6.616421609457838,7.270165170388085,1.3393186973723052
P01,S1,lv2,105,16.3115092651484,14.233935575404535,1.6965076917763593
P01,S1,lv2,106,26.253228051329174,27.618331603309546,1.406789300328167
P01,S1,lv2,107,12.848443284503208,10.943610949394362,1.7340526414866058
P01,S1,lv2,108,5.525416886397459,14.591440331049817,0.0
P01,S1,lv2,109,5.40975650382751,16.93857149816703,0.0
P01,S1,lv2,110,5.56540510644358,7.298884524782485,1.065107156044906
P01,S1,lv2,111,10.779643847557075,10.432429708888629,1.5360952864377206
P01,S1,lv2,112,6.078780927631078,10.82336783779705,0.5912371113752568
P01,S1,lv2,113,20.81110300794741,20.010214681521806,1.5461746555392402
P01,S1,lv2,114,4.345219402265059,5.061589416399696,1.248838318676771
P01,S1,lv2,115,4.135775287931083,6.1544337329004355,0.8692890971245191
P01,S1,lv2,116,9.38386617323204,6.541668246763851,2.0445390570443664
P01,S1,lv2,117,15.842695630761712,15.802335928706174,1.4893059101396027
P01,S1,lv2,118,7.695603547533723,21.31851506681904,0.0
P01,S1,lv2,119,7.5755894701493665,9.994707246418582,1.0558502590809051
P01,S1,lv2,120,7.102227267277493,9.992490046333739,0.9561933483143008
P01,S1,lv2,121,7.197771215773021,10.36914952131329,0.919557608022307
P01,S1,lv2,122,17.765508414231185,18.903562258884495,1.389119811451438
P01,S1,lv2,123,8.47016414793798,14.140450443895828,0.6910688728431633
P01,S1,lv2,124,13.765987056868392,43.08336120276865,0.0
P01,S1,lv2,125,8.092839211351482,10.838964929294763,1.0325352415719224
P01,S1,lv2,126,13.583828263922117,26.201888795050582,0.46717415332640577
P01,S1,lv2,127,9.11691766191434,15.08989807331554,0.7043912263119348
P01,S1,lv2,128,22.98672216911106,29.967765999243774,1.0743228454224494
P01,S1,lv2,129,3.575531221712003,10.269197393695544,0.0
P01,S1,lv2,130,8.480176738738388,16.90741680317233,0.41592114901702265
P01,S1,lv2,131,12.588199245996057,9.15074395778906,1.9796389388937459
P01,S1,lv2,132,16.97951885036675,42.716261753889,0.05550162903257511
P01,S1,lv2,133,11.139599074543654,10.767493532842929,1.5380080779247192
P01,S1,lv2,134,11.24444870929572,6.908727162112075,2.2402692573038503
P01,S1,lv2,135,5.989968341009638,6.387459873179412,1.3857736613661427
P01,S1,lv2,136,4.817513990649598,8.045662118304858,0.6904715192690175
P01,S1,lv2,137,6.595821820273309,11.949598415116213,0.5643348109027682
P01,S1,lv2,138,6.033797003168839,5.188136188338231,1.719383487480904
P01,S1,lv2,139,15.503926522299132,9.7179867725685,2.209312024995904
P01,S1,lv2,140,7.383892076039395,8.389455059706497,1.2874755538837683
P01,S1,lv2,141,8.778999132458347,5.798034580046222,2.1282989825717586
P01,S1,lv2,142,14.633299460277746,16.77916939496596,1.273273012773042
P01,S1,lv2,143,4.584229590987754,8.24479542797851,0.5756506004786182
P01,S1,lv2,144,6.006891351116957,5.192614450553253,1.7111197775581077
P01,S1,lv2,145,10.931080514314301,8.671169419036492,1.8443086493025478
P01,S1,lv2,146,6.489503432073118,7.539416143367884,1.2529385571658531
P01,S1,lv2,147,10.94376280584862,19.139755760973042,0.6189878174574267
P01,S1,lv2,148,9.110002636574272,19.690874645541527,0.2907531212998575
P01,S2,lv0,0,7.321598085263107,5.289755772258856,1.4583160807515407
P01,S2,lv0,1,10.406553902846744,8.839994054834982,1.215918657080821
P01,S2,lv0,2,8.80478552882569,4.833798895099048,1.8694400147396124
P01,S2,lv0,3,9.23427911739691,3.0206039729771983,2.6446637920358254
P01,S2,lv0,4,6.072928705443636,5.842086206586449,1.0296795462491666
P01,S2,lv0,5,5.991559565760469,5.305596169095622,1.1536975215884946
P01,S2,lv0,6,8.422608637486194,6.619065918884332,1.3324197454138944
P01,S2,lv0,7,10.293299886355591,8.657552590671475,1.2307576056641754
P01,S2,lv0,8,8.601710567214505,5.514721866001964,1.6371993720624654
P01,S2,lv0,9,5.934107692255075,11.7721796684077,0.0
P01,S2,lv0,10,5.241507783538233,6.248529111506604,0.7085580706721041
P01,S2,lv0,11,5.0797462914729055,6.730667377981657,0.5503461376345851
P01,S2,lv0,12,9.067805769223755,5.808460473343891,1.6385092029776525
P01,S2,lv0,13,10.141701905606327,4.92058294462839,2.054435814545511
P01,S2,lv0,14,4.728595703174173,6.51665629587884,0.491478352881334
P01,S2,lv0,15,6.670844686785906,5.114811350373256,1.3693102392268188
P01,S2,lv0,16,4.987568564364561,5.917717197494291,0.7156465137765391
P01,S2,lv0,17,5.221111912374973,4.157967221453322,1.3125358492752475
P01,S2,lv0,18,4.087676265396118,6.997803444904991,0.16676883183517546
P01,S2,lv0,19,5.295832040086732,5.284969289318031,0.9747349156725194
P01,S2,lv0,20,12.978676804765326,7.209848593163542,1.8517694315233535
P01,S2,lv0,21,19.61867154627218,4.073285633154371,3.3252129053590083
P01,S2,lv0,22,10.793833278364195,5.14496884530471,2.0809753916607394
P01,S2,lv0,23,7.722166934007277,5.006093962077495,1.6205798956997528
P01,S2,lv0,24,4.600828620562186,5.451225157031415,0.7177399289737489
P01,S2,lv0,25,4.924964232796669,6.074158656898048,0.6576708983724282
P01,S2,lv0,26,12.55995003679649,9.96228124390572,1.3185588655393283
P01,S2,lv0,27,10.772501501055512,20.365145390533986,0.018239789729409605
P01,S2,lv0,28,11.585893947874323,8.410533831381452,1.451199913530171
P01,S2,lv0,29,2.2531771481310545,5.316810264311653,0.0
P01,S2,lv0,30,51.680800831787,14.150996728414599,2.9109085442753897
P01,S2,lv0,31,4.212466790751778,6.329364475868111,0.36209806656361937
P01,S2,lv0,32,5.009826105073307,3.0908721281523786,1.6947016009236675
P01,S2,lv0,33,10.574875385543164,5.200482791324651,2.034225407103132
P01,S2,lv0,34,10.611509166045307,2.947672140088592,2.8893828641182533
P01,S2,lv0,35,4.590626333076498,5.975090906863575,0.5770403641177869
P01,S2,lv0,36,4.79256065162813,6.758085548480412,0.45713147595915743
P01,S2,lv0,37,6.487148884376091,6.988846305951175,0.860135322052814
P01,S2,lv0,38,6.578004208621416,6.142558776524199,1.0741999703553886
P01,S2,lv0,39,8.049114618480145,5.7068651655212985,1.4865157505945812
P01,S2,lv0,40,7.73837192627164,3.92317855676677,1.9886519538018999
P01,S2,lv0,41,8.547761016670474,2.9604177779408203,2.559137007484813
P01,S2,lv0,42,16.151046672516074,7.254593621166206,2.1698970208582944
P01,S2,lv0,43,4.250733356743936,1.9123589730279622,2.1675075735011284
P01,S2,lv0,44,8.546557611707321,7.800329740998809,1.1084434344849878
P01,S2,lv0,45,5.366182028606302,7.712852561885762,0.42854114027003887
P01,S2,lv0,46,4.648572477270872,7.975138350591547,0.16355122244249973
P01,S2,lv0,47,2.170393243481584,4.468293589597918,0.0
P01,S2,lv0,48,6.07252169275813,4.690413826843762,1.3583020141393842
P01,S2,lv0,49,3.793033685322389,4.0552237346953905,0.8715924135193209
P01,S2,lv0,50,3.029144994520262,6.767994262873959,0.0
P01,S2,lv0,51,6.320771649014769,4.0821188552436425,1.626248163494577
P01,S2,lv0,52,5.474680844294936,7.31859764937904,0.5370638607522393
P01,S2,lv0,53,7.08598096599971,8.470420601629955,0.704478433950879
P01,S2,lv0,54,10.036755659052973,6.296607320496273,1.669691934475667
P01,S2,lv0,55,4.724282178579157,4.617567438510889,1.0058668935929924
P01,S2,lv0,56,5.462155866480224,3.1077618747993743,1.815959233586886
P01,S2,lv0,57,4.7246237900308605,5.422420200066254,0.7654233220820329
P01,S2,lv0,58,9.718765885080346,3.9575917340273015,2.316726005014299
P01,S2,lv0,59,5.066424342676204,7.275070761136036,0.42996821215235814
P01,S2,lv0,60,15.196666246522685,6.695579907483077,2.1987596371103835
P01,S2,lv0,61,4.256935313904323,4.611662973803039,0.8518311880478923
P01,S2,lv0,62,5.890409542829674,4.468258655118841,1.3853607541823765
P01,S2,lv0,63,2.8578443897438635,6.201643388917301,0.0
P01,S2,lv0,64,5.721167620818953,10.33878543245897,0.08575881676993206
P01,S2,lv0,65,8.990768836636322,4.154976671980503,2.127290754570367
P01,S2,lv0,66,9.673183255128432,4.68387916729148,2.057433057636593
P01,S2,lv0,67,16.622188512332084,13.104122563061654,1.3276981325570771
P01,S2,lv0,68,11.16937611764309,7.899161788316151,1.4902988324444266
P01,S2,lv0,69,8.124292477377045,5.833000217996117,1.4677040704833257
P01,S2,lv0,70,8.913498808944745,9.938968974824641,0.80862759759436
P01,S2,lv0,71,4.605481409869585,5.767861300016292,0.6347232213524965
P01,S2,lv0,72,2.7345370490882215,5.535091177861542,0.0
P01,S2,lv0,73,4.086781397713663,2.8898441433366564,1.4905025002076462
P01,S2,lv0,74,9.798654912687116,17.63299688238227,0.0920507551533346
P01,S2,lv0,75,4.532223441779285,4.476388451173992,0.9902195045925308
P01,S2,lv0,76,14.756056231059485,9.693322698854429,1.6007836154624762
P01,S2,lv0,77,11.581554658879933,16.20008374104023,0.4692165435020035
P01,S2,lv0,78,17.7577092308314,10.200374399304508,1.8016683900560322
P01,S2,lv0,79,6.025372066478828,4.612118527431892,1.3718343500802106
P01,S2,lv0,80,3.5498169542760687,7.98122567632669,0.0
P01,S2,lv0,81,24.613255769698608,8.17320555310635,2.622144127965604
P01,S2,lv0,82,7.7893361381889346,3.2260539985695,2.291383862382986
P01,S2,lv0,83,6.192250867711965,8.312680711836515,0.5307777516777088
P01,S2,lv0,84,26.019245228467046,4.280686380174468,3.6735844328668135
P01,S2,lv0,85,18.096793976153243,6.310641601428911,2.5488942671194708
P01,S2,lv0,86,8.864320391888514,2.5373482261350717,2.8444556551294973
P01,S2,lv0,87,9.535843834223305,6.854124335581404,1.4660272888222958
P01,S2,lv0,88,5.254244491565556,4.990349660649829,1.0488088484197322
P01,S2,lv0,89,36.68098741594512,8.135306320981606,3.2264216868330386
P01,S2,lv0,90,4.7185315280054905,8.102808879603483,0.1621374364399058
P01,S2,lv0,91,6.333997445343033,4.773872220415011,1.3950128561934863
P01,S2,lv0,92,7.2352698926144985,4.212943339019183,1.7813234671420748
P01,S2,lv0,93,9.67054800948617,4.264737387647229,2.197376113648214
P01,S2,lv0,94,7.7347845446806485,5.460725167723033,1.4928842835621787
P01,S2,lv0,95,6.205923279381016,5.554448028784887,1.137701408786096
P01,S2,lv0,96,5.544864610798218,8.740550051677708,0.290310942659191
P01,S2,lv0,97,6.395916047157307,6.608562632935244,0.9226946155830867
P01,S2,lv0,98,3.8239938005009395,6.511298530283835,0.17481763526833463
P01,S2,lv0,99,6.660683091204036,4.4130332109818315,1.5879732840556973
P01,S2,lv0,100,6.411817920048675,9.529155525608255,0.37847402056907054
P01,S2,lv0,101,4.746231577345147,6.269059901847682,0.555043458875626
P01,S2,lv0,102,7.12143749557502,4.511163931215254,1.6551868158372938
P01,S2,lv0,103,9.111464236806261,4.006211312948476,2.201842185083224
P01,S2,lv0,104,22.036860943282736,17.793582506118668,1.2918672393083428
P01,S2,lv0,105,15.866801564752862,5.791834473609144,2.4804486913387502
P01,S2,lv0,106,6.372025122460603,10.452598585386504,0.23067630933058578
P01,S2,lv0,107,4.636373423996956,3.869397477819196,1.2423942050463612
P01,S2,lv0,108,7.6752025831872865,3.602973283325991,2.103851106771823
P01,S2,lv0,109,3.863942254022184,4.663264617591863,0.6901568681833508
P01,S2,lv0,110,5.3078356198218515,13.915187686817477,0.0
P01,S2,lv0,111,8.056253393990673,5.204873339888332,1.6256914149825161
P01,S2,lv0,112,9.299634275902982,8.701509258403883,1.0711886108546902
P01,S2,lv0,113,11.477567080733351,5.048084433328357,2.2013902711478317
P01,S2,lv0,114,4.848386287417304,4.613729560543475,1.0459330443291983
P01,S2,lv0,115,4.668813421033251,4.622085497488156,0.986720495127292
P01,S2,lv0,116,3.219815765623165,4.132745825659609,0.5979478511085093
P01,S2,lv0,117,4.636421870424591,4.120629726008818,1.1482289578310207
P01,S2,lv0,118,5.365849996901022,6.500274413849887,0.6845249210177409
P01,S2,lv0,119,4.394712585360004,6.887450036840033,0.29899754726245775
P01,S2,lv0,120,3.3472832182937027,14.933589790409773,0.0
P01,S2,lv0,121,6.784888419872038,6.303885925973653,1.0817479492845792
P01,S2,lv0,122,3.6091453871597396,4.2569784077965425,0.724500049396412
P01,S2,lv0,123,6.824225369641107,3.964645143489028,1.7847015433011355
P01,S2,lv0,124,4.866729104502246,6.444698065242684,0.551210388675065
P01,S2,lv0,125,10.467751013785858,8.29359657321211,1.3202182687435005
P01,S2,lv0,126,6.638308027969106,7.516992880575178,0.7855527491138053
P01,S2,lv0,127,5.441801217998708,6.853212144719636,0.6264092901761743
P01,S2,lv0,128,8.701989922759061,6.64460067543655,1.3755101295878662
P01,S2,lv0,129,3.911539911324629,3.019872551817475,1.3589957394485905
P01,S2,lv0,130,3.378711278467668,9.121734165707561,0.0
P01,S2,lv0,131,6.1577830752495,3.1926498876102243,1.9550807189208947
P01,S2,lv0,132,4.969578350604422,5.5346790316188255,0.8104209689299832
P01,S2,lv0,133,5.281519188027647,5.282460159937965,0.9713941332930218
P01,S2,lv0,134,5.7538596432464475,2.8699813979389264,2.013019685828312
P01,S2,lv0,135,4.475063416511974,6.857767153636921,0.3325894954282242
P01,S2,lv0,136,8.503398831275236,6.256053855553224,1.4311576414047837
P01,S2,lv0,137,7.706795248491447,4.747651037606988,1.6969541239353507
P01,S2,lv0,138,4.137407097214476,8.2332492990822,0.0
P01,S2,lv0,139,8.901384757813148,10.357041333754601,0.744904349427819
P01,S2,lv0,140,13.958340866395773,7.3244001372022725,1.937115660993336
P01,S2,lv0,141,13.806494175469963,5.605508949864081,2.3211669228800123
P01,S2,lv0,142,15.771997665885532,6.5303188487735415,2.29180961798966
P01,S2,lv0,143,5.441393576125205,4.614080720531263,1.2185730258600271
P01,S2,lv0,144,3.9310642421182087,8.129796349333205,0.0
P01,S2,lv0,145,6.15907693711447,4.994168405196304,1.2855452889553045
P01,S2,lv0,146,6.592611067084487,7.700515460955682,0.7390983977655616
P01,S2,lv0,147,6.3793232525576675,6.45230100152227,0.9546311840728976
P01,S2,lv0,148,7.818114541616672,8.564696162666786,0.8351138112238765
P01,S2,lv1,0,9.421541508853563,8.218942285157286,1.1761061134392177
P01,S2,lv1,1,6.190010257125206,5.9501337255299385,1.030832392914354
P01,S2,lv1,2,9.32797127989074,10.074266077133897,0.8564308875985498
P01,S2,lv1,3,17.103018864457624,5.755319153094694,2.602241939975635
P01,S2,lv1,4,4.2718031996752845,9.500284510075904,0.0
P01,S2,lv1,5,15.541991224839698,7.179746473440628,2.127874411027368
P01,S2,lv1,6,8.61198937603409,9.059925496153435,0.8957475238751155
P01,S2,lv1,7,6.3064515541282455,3.356829680125975,1.915721830033488
P01,S2,lv1,8,4.742471211175346,4.14002813451756,1.175055984109257
P01,S2,lv1,9,7.472899500386416,7.409048721629408,0.9845078397191366
P01,S2,lv1,10,15.692919511834374,3.994272381995011,3.0202699984085264
P01,S2,lv1,11,15.542210415463337,6.817053767059161,2.2055023243036938
P01,S2,lv1,12,4.915336453588833,5.173987135111248,0.8948824150798784
P01,S2,lv1,13,13.300398674760888,6.792953488666599,1.9776016344090348
P01,S2,lv1,14,7.738792721461347,6.702271412533571,1.1869484304279838
P01,S2,lv1,15,9.798094384488715,9.640864509688184,0.995880280379798
P01,S2,lv1,16,6.730853538584845,7.617371879640785,0.7864205038269274
P01,S2,lv1,17,5.274205277528864,7.444630565341769,0.4556489512990402
P01,S2,lv1,18,14.493485929544775,7.003934429918952,2.060422029471551
P01,S2,lv1,19,8.735365085228688,7.517086760375013,1.1965329184060227
P01,S2,lv1,20,12.275535532883513,5.322893030328291,2.222658274142865
P01,S2,lv1,21,24.654632922419573,5.762596316578604,3.147869038151474
P01,S2,lv1,22,37.7663590072142,7.9736623959859205,3.3001253786495788
P01,S2,lv1,23,75.29632034624221,12.76417448854807,3.628768720752314
P01,S2,lv1,24,7.839910055261902,4.7059769322500244,1.7357922042589307
P01,S2,lv1,25,9.694659643759328,7.140308273840318,1.429515123505216
P01,S2,lv1,26,4.058812773936847,5.134986997204282,0.6195532198554793
P01,S2,lv1,27,13.197648504957307,7.803627610013039,1.7583331375553757
P01,S2,lv1,28,39.314999009327934,19.70972362554578,2.0054272047841275
P01,S2,lv1,29,4.695355853240908,5.175289196417289,0.825957183937019
P01,S2,lv1,30,10.443273949930104,6.590241901844916,1.6608964182470733
P01,S2,lv1,31,10.26008835728998,6.557946330513966,1.6417568009265937
P01,S2,lv1,32,10.601185528583015,5.182570429242585,2.043111244233423
P01,S2,lv1,33,13.076116998426619,8.35129516854732,1.6429348146435632
P01,S2,lv1,34,7.644295680227163,5.566011323488569,1.446675013843928
P01,S2,lv1,35,3.2277663380264157,2.4376602564572694,1.391985505171487
P01,S2,lv1,36,19.831122238526472,6.4616661123604455,2.6505020235319274
P01,S2,lv1,37,12.396946079129814,3.1939278346863436,3.002080506690192
P01,S2,lv1,38,6.08795050720529,3.1487277737460415,1.95874487447052
P01,S2,lv1,39,3.0423133466020222,6.22647580356075,0.0
P01,S2,lv1,40,11.748559700714909,9.236969361171496,1.331748246877876
P01,S2,lv1,41,8.960311894147553,4.502992511513382,2.0017874419361803
P01,S2,lv1,42,25.535042508501036,5.3661305852360615,3.3071167457113924
P01,S2,lv1,43,10.915310883945475,5.595055755276129,1.972174467869236
P01,S2,lv1,44,10.399222393549463,6.619391296858356,1.6479604409917787
P01,S2,lv1,45,3.050367676494135,6.783020004643197,0.0
P01,S2,lv1,46,41.93011804354659,14.15651741941248,2.5972995371171366
P01,S2,lv1,47,8.403632945435808,7.384599779716882,1.1651922495352482
P01,S2,lv1,48,8.310387202599403,7.11841936209122,1.2034488486627588
P01,S2,lv1,49,11.501298056516989,13.938326436718372,0.6839367790267044
P01,S2,lv1,50,9.064829709630569,11.018663435726902,0.6794363565743035
P01,S2,lv1,51,6.309689750847273,3.252343853873054,1.963831534545918
P01,S2,lv1,52,3.62693890850006,5.118010384644959,0.4560805516480998
P01,S2,lv1,53,3.226408242664264,2.8543452203602406,1.1551010188206627
P01,S2,lv1,54,8.196075976187664,7.469118218030013,1.110713061815401
P01,S2,lv1,55,8.032995920121405,4.7845228567990885,1.7474358720590104
P01,S2,lv1,56,18.744314408855,8.178454982182812,2.213369832182975
P01,S2,lv1,57,13.474384150417807,8.877149586366466,1.5964322913115427
P01,S2,lv1,58,3.903944760027944,3.163674350724715,1.2864396684016888
P01,S2,lv1,59,8.491449627602433,4.376528646181949,1.963971191011559
P01,S2,lv1,60,19.812415522992165,5.469766010478775,2.8985895587272634
P01,S2,lv1,61,15.896369176076677,4.377544892056602,2.9023769342579704
P01,S2,lv1,62,9.331916633333071,6.321140088830658,1.55485810694952
P01,S2,lv1,63,5.731493699863246,3.586333658584218,1.6735887045837023
P01,S2,lv1,64,12.841023939142982,8.967734330596874,1.5091521293132906
P01,S2,lv1,65,11.905978750074967,6.055911181115168,1.9837363957375664
P01,S2,lv1,66,4.197188938155509,6.130220483802572,0.40452058900094456
P01,S2,lv1,67,12.228689891949786,6.868451949367594,1.8352803211247186
P01,S2,lv1,68,30.303709496134278,8.146380824515353,2.9384485575241874
P01,S2,lv1,69,6.146824478808532,5.066409246927988,1.261062953529993
P01,S2,lv1,70,11.876928222438176,12.863060472274823,0.8522460026833047
P01,S2,lv1,71,7.160371232935212,2.3578811436104092,2.634681885250979
P01,S2,lv1,72,9.119682347343693,6.148162225059691,1.5619559383284087
P01,S2,lv1,73,14.683084580662669,4.533337874360401,2.731156381285399
P01,S2,lv1,74,9.290868122188343,3.5713112563092473,2.4030753905447058
P01,S2,lv1,75,3.602903182667752,4.770112430827691,0.5515185043282752
P01,S2,lv1,76,9.062006502368845,4.318747688740832,2.081229046215523
P01,S2,lv1,77,18.967114455338113,11.551232271944292,1.714114461910981
P01,S2,lv1,78,6.507580946599652,8.223450332938757,0.6212969807195146
P01,S2,lv1,79,5.882344759814846,5.581966737292661,1.050132365254569
P01,S2,lv1,80,4.371200079754471,2.992082283201004,1.5391788466629759
P01,S2,lv1,81,5.1187226577913485,6.60315172660261,0.5904258446007883
P01,S2,lv1,82,6.495600652472523,5.221082406129649,1.2986667972610166
P01,S2,lv1,83,11.327436596184393,6.510510718975006,1.8007919290408643
P01,S2,lv1,84,61.20661969620279,5.5092785541944735,4.576507573271695
P01,S2,lv1,85,10.123517040780555,5.7933167125514275,1.8072989187579616
P01,S2,lv1,86,9.006842729905308,5.700080687512795,1.6566088878739451
P01,S2,lv1,87,13.58619608288213,7.930162149891327,1.7776924094514113
P01,S2,lv1,88,3.789574914733756,5.880959873464544,0.3137184000651715
P01,S2,lv1,89,5.382126978777172,3.5540635136899597,1.592962137247439
P01,S2,lv1,90,12.379547308725737,4.834432101425702,2.3793949220669153
P01,S2,lv1,91,6.802048132111373,4.465096897431552,1.6018563516886584
P01,S2,lv1,92,6.1609602982898615,10.76936859550274,0.13554813182574207
P01,S2,lv1,93,33.30667568151272,5.112537607984154,3.777394447402397
P01,S2,lv1,94,7.479673764297329,5.521571708963604,1.4260827742455813
P01,S2,lv1,95,6.597054799712087,3.626380261681774,1.8675320962874284
P01,S2,lv1,96,13.523328847623466,5.271034934253708,2.3822507131483213
P01,S2,lv1,97,6.061468681424527,3.4944788920767706,1.796237580781941
P01,S2,lv1,98,21.804375482561163,7.73020572479216,2.524158128327861
P01,S2,lv1,99,11.633616337819861,5.293923410998892,2.1504180956576593
P01,S2,lv1,100,10.554672632403541,3.223583358419166,2.7473815844327487
P01,S2,lv1,101,66.21525188073822,7.8529344642468315,4.163599108097685
P01,S2,lv1,102,7.2017169673256225,3.3228133232650414,2.1297102864514734
P01,S2,lv1,103,8.208758886297362,5.758893860356103,1.5023316718415543
P01,S2,lv1,104,11.360126365492388,5.899692531859977,1.9526010594197625
P01,S2,lv1,105,18.415881898933407,6.334257736493666,2.569470001593383
P01,S2,lv1,106,11.09249549293888,3.9461929439540238,2.5189814839495503
P01,S2,lv1,107,6.91272791271656,4.9076599386487345,1.4845318378432364
P01,S2,lv1,108,35.20311269639014,7.07576397561556,3.3737611204443114
P01,S2,lv1,109,8.792222917516773,4.174924090422297,2.0866880757987634
P01,S2,lv1,110,29.10087240051686,7.0447621036277175,3.095329997270186
P01,S2,lv1,111,8.003219492008883,2.4377398872159417,2.75142009409422
P01,S2,lv1,112,9.035620405872427,6.903915821059977,1.3745200674703968
P01,S2,lv1,113,6.950944952370234,6.87790398757169,0.9874761284649769
P01,S2,lv1,114,4.295938418585172,3.9359935790783718,1.1026706092773528
P01,S2,lv1,115,7.103792512174135,9.586174960482191,0.5229781616312164
P01,S2,lv1,116,13.05618575019597,10.77070733188651,1.2597583275238788
P01,S2,lv1,117,27.262255060072317,5.5194465177956795,3.3629315157257373
P01,S2,lv1,118,27.871290584140862,7.64700406361221,2.907887178570661
P01,S2,lv1,119,12.456952171420065,4.788551738649875,2.4030030657009984
P01,S2,lv1,120,5.495183423386344,3.587102874144824,1.610231717156079
P01,S2,lv1,121,7.344459940403355,4.387662004691775,1.742912294741582
P01,S2,lv1,122,7.013762104907564,7.553594508687441,0.8606489285589651
P01,S2,lv1,123,6.277189791702409,6.235787919339702,0.981568100527294
P01,S2,lv1,124,17.381606423488492,7.265827377369697,2.277512035570524
P01,S2,lv1,125,11.319672726708419,10.608587803876029,1.0687927857978246
P01,S2,lv1,126,8.210153028413238,4.262639257330762,1.9530109008133132
P01,S2,lv1,127,4.888616846701727,5.7701145975617765,0.7234611448497051
P01,S2,lv1,128,36.45918068082334,4.779355159894195,4.013681644932664
P01,S2,lv1,129,6.696540925560055,5.7300766402046905,1.2050084285417915
P01,S2,lv1,130,17.650942088175004,4.788107348229718,2.9249107831936567
P01,S2,lv1,131,8.206916439413916,5.168168762032056,1.6640265957434262
P01,S2,lv1,132,20.046544235696214,6.504701312240823,2.656739484211597
P01,S2,lv1,133,35.29122729385004,11.277511800586593,2.6796340380482224
P01,S2,lv1,134,14.772316877950063,4.382729078614935,2.7908110179511763
P01,S2,lv1,135,15.284459627987223,4.1823456888276205,2.911901222163866
P01,S2,lv1,136,7.7218948700621795,6.181144603918797,1.3048588659279856
P01,S2,lv1,137,15.274609244544855,5.033091351511567,2.633722387031296
P01,S2,lv1,138,11.35850066111908,16.365891590543804,0.42485586925635915
P01,S2,lv1,139,11.23554825126162,4.742024304292528,2.263121854279841
P01,S2,lv1,140,10.646402640873392,10.010211500920144,1.0639091365025113
P01,S2,lv1,141,7.750195744872384,4.1939928362361325,1.8910020854163265
P01,S2,lv1,142,5.491247958363209,5.605882597461624,0.9407284813779657
P01,S2,lv1,143,7.12112563559757,6.245812880349068,1.168017536891507
P01,S2,lv1,144,4.842047661100323,8.001057422238869,0.21974310176067532
P01,S2,lv1,145,6.064597403714168,10.18198293302851,0.1959152009126388
P01,S2,lv1,146,6.437583540015577,9.162142901570903,0.4432798537207768
P01,S2,lv1,147,23.975663827834282,2.677785886450569,4.2534656538080995
P01,S2,lv1,148,7.724549789382236,3.5021809024194974,2.155925208184584
P01,S2,lv2,0,19.382178208365243,26.78766404200263,0.487204990034625
P01,S2,lv2,1,8.075767562194603,9.592841182056828,0.713929361699611
P01,S2,lv2,2,7.380856520019235,5.528899993961925,1.4041858777483491
P01,S2,lv2,3,11.452810926436438,6.673605227628637,1.780228815876714
P01,S2,lv2,4,14.197620637082931,13.479619413847944,1.0493557135421945
P01,S2,lv2,5,9.522740456459651,5.313635706926381,1.8451020154009128
P01,S2,lv2,6,6.880899823671329,6.0044745400976245,1.1756379448573147
P01,S2,lv2,7,6.199813190325711,4.347535040795867,1.5030110903666491
P01,S2,lv2,8,10.744815873439812,6.263917392322661,1.7795441065273607
P01,S2,lv2,9,6.227790775658686,4.6061504981245855,1.4232420360241556
P01,S2,lv2,10,5.685866946575727,2.9767480208003123,1.94053841430043
P01,S2,lv2,11,11.070904113574931,4.849266013241748,2.207539728756696
P01,S2,lv2,12,5.465224631725072,7.204332518291013,0.5580348906706591
P01,S2,lv2,13,9.44892582139691,7.710397109964812,1.2760764272644651
P01,S2,lv2,14,10.463448189661582,4.690252973820848,2.1729684838794756
P01,S2,lv2,15,9.616466378094971,12.847338815142443,0.5379994745670501
P01,S2,lv2,16,29.799277999200203,13.819706635133281,2.122046305445692
P01,S2,lv2,17,14.207141174881444,9.815214255435203,1.5253198980819211
P01,S2,lv2,18,9.142914748573723,5.478055004786929,1.7385396809604432
P01,S2,lv2,19,7.727341725000195,5.454193094497062,1.4932349007460959
P01,S2,lv2,20,9.09532771982196,6.906372072161278,1.3838480632807404
P01,S2,lv2,21,19.280147747239393,4.328009811429532,3.2083406818155376
P01,S2,lv2,22,24.3503094592048,17.019764663163574,1.5078904627690448
P01,S2,lv2,23,5.1230229976423445,7.335264514988261,0.43426418087569163
P01,S2,lv2,24,10.748262699302186,9.528836721910857,1.1519486992724342
P01,S2,lv2,25,65.96071967136356,17.32332867922011,2.9733453457240766
P01,S2,lv2,26,7.586193742151242,14.029166031742852,0.05120634230640272
P01,S2,lv2,27,6.916878666874048,9.70996105261926,0.46384934277923096
P01,S2,lv2,28,9.896868978013256,5.642926270049947,1.8127776947569183
P01,S2,lv2,29,7.218995428119653,7.6682939196116635,0.8812659879052533
P01,S2,lv2,30,10.498621786042488,6.921533748918921,1.5953793605235005
P01,S2,lv2,31,7.523680769118805,3.787092176014463,1.9993832379748961
P01,S2,lv2,32,9.724644370160698,3.8350184659041364,2.3647334819835018
P01,S2,lv2,33,11.264715586472246,5.983896498819083,1.9187568285159022
P01,S2,lv2,34,14.26203223283418,5.126274311937012,2.503567349913676
P01,S2,lv2,35,10.807441060266555,13.702140278691935,0.6163637708761918
P01,S2,lv2,36,19.647533963453224,6.345473124186599,2.6637439749957252
P01,S2,lv2,37,18.489641248441668,6.938507127610063,2.4390439369079187
P01,S2,lv2,38,7.210879463260178,4.212697870235891,1.7763552462605747
P01,S2,lv2,39,10.689043978316347,5.026865943937852,2.1011372418148926
P01,S2,lv2,40,12.911167984766392,6.783038351664354,1.9353214191216739
P01,S2,lv2,41,12.773205113734551,19.585707191954423,0.3317075735644042
P01,S2,lv2,42,13.102738106312572,16.026386827004696,0.6701138679824861
P01,S2,lv2,43,10.297523898169814,8.534936555855365,1.2527272854966514
P01,S2,lv2,44,18.03323335809858,13.744964286475211,1.3782000415354962
P01,S2,lv2,45,14.378575583140154,4.903074574115522,2.582399332867945
P01,S2,lv2,46,6.33853152352937,7.692156224702494,0.6818833360075479
P01,S2,lv2,47,8.92602540714955,2.777416493890818,2.7194972804986963
P01,S2,lv2,48,18.700626121390897,4.325922998058407,3.1633715806459604
P01,S2,lv2,49,26.572858320916062,14.663839637241779,1.8617193400315446
P01,S2,lv2,50,11.42338544699672,10.703119533128227,1.069165644251049
P01,S2,lv2,51,10.309299030263636,8.369098567073273,1.283814774692974
P01,S2,lv2,52,11.16931588046831,10.753898908008763,1.0284054350889003
P01,S2,lv2,53,3.843734581475806,6.10193499831022,0.2797402733469451
P01,S2,lv2,54,12.5761958747744,7.722268818906387,1.701812552702166
P01,S2,lv2,55,8.886498447579784,10.14177208535041,0.7738442304007822
P01,S2,lv2,56,9.312038839916578,8.06944654294387,1.1860860080077278
P01,S2,lv2,57,4.924792535444231,5.533933413403741,0.7970692894726864
P01,S2,lv2,58,6.016600881874101,11.033228418722546,0.06381143330440128
P01,S2,lv2,59,5.460111902509291,2.6089851736123437,2.0773108366624453
P01,S2,lv2,60,21.440401070795446,8.397358676598111,2.375019972174539
P01,S2,lv2,61,12.014307546619817,14.2217789968839,0.719128787045369
P01,S2,lv2,62,11.240523777922105,8.092396731286977,1.4636218744165865
P01,S2,lv2,63,6.3307301541395065,6.9857936692289755,0.824247874565418
P01,S2,lv2,64,7.551538853206637,5.45849337734725,1.4576004564414753
P01,S2,lv2,65,8.28340126789837,6.244566023441789,1.3946658683629498
P01,S2,lv2,66,9.565716327623424,7.455019010427741,1.344894902742609
P01,S2,lv2,67,4.52164844668698,4.7760137291143225,0.8897229237550834
P01,S2,lv2,68,7.233491440849961,3.7423773996147784,1.9582773938422555
P01,S2,lv2,69,8.992523282748714,4.626766547190338,1.9665632858921376
P01,S2,lv2,70,21.21421563171447,6.1615970411807215,2.822628484136571
P01,S2,lv2,71,12.593601558354898,5.7213153560900265,2.152889732163677
P01,S2,lv2,72,8.674684191549947,11.214486139796506,0.5871990809561588
P01,S2,lv2,73,6.299607446841633,3.6969511985873416,1.76960492003531
P01,S2,lv2,74,7.089710195072671,5.625933960727491,1.3178857447347512
P01,S2,lv2,75,8.374464772772056,4.989057499022046,1.7470898951519878
P01,S2,lv2,76,14.163975209358508,8.838609399585172,1.677670606163063
P01,S2,lv2,77,8.606746481490033,5.907941680743613,1.534958181533798
P01,S2,lv2,78,11.527242294667541,13.45290510778509,0.7403797047150318
P01,S2,lv2,79,15.281572960088223,8.072326234839736,1.9271447681220213
P01,S2,lv2,80,6.15150569086231,3.682502392811489,1.7398500341240435
P01,S2,lv2,81,15.899190128209167,11.49789759652751,1.4568899451027495
P01,S2,lv2,82,9.626564833538467,6.2476490337148896,1.6189063262011159
P01,S2,lv2,83,16.348268009663144,12.579980893019249,1.3639343868295621
P01,S2,lv2,84,6.966373804529371,8.678051627146854,0.6427358314240975
P01,S2,lv2,85,16.991572248225363,5.657829467377009,2.6180317486032174
P01,S2,lv2,86,25.62420344257391,13.228063547019952,1.9615651149062616
P01,S2,lv2,87,11.29797582421669,4.540463071938053,2.3364457710929667
P01,S2,lv2,88,11.63644877094783,18.146690640870123,0.3064127095339045
P01,S2,lv2,89,8.733674825404323,7.3248054152923885,1.2350372082351213
P01,S2,lv2,90,11.901679941961659,3.8919598658710837,2.6451143730241866
P01,S2,lv2,91,6.6226832411486845,8.257639106071986,0.6413346456810554
P01,S2,lv2,92,8.435467707853435,12.367055131685623,0.39886856528653813
P01,S2,lv2,93,8.911441713648824,7.3677848252568765,1.2564452791307323
P01,S2,lv2,94,6.450069523500532,10.130096447579657,0.2958218994299591
P01,S2,lv2,95,16.05981007122641,11.149457802751554,1.5180107577708242
P01,S2,lv2,96,15.232654243087277,7.9345026080641725,1.9481267953730856
P01,S2,lv2,97,5.742936951216457,6.8403141954508175,0.7098665261306664
P01,S2,lv2,98,11.644700566769622,7.503530174678452,1.6296204323726373
P01,S2,lv2,99,16.165638608149987,10.559415802348173,1.609247903645238
P01,S2,lv2,100,4.28956369537664,3.3660674329356213,1.334627370582243
P01,S2,lv2,101,23.87539038093218,8.975668819818265,2.436359239102784
P01,S2,lv2,102,10.626530785970093,6.350222261404717,1.7424844078177955
P01,S2,lv2,103,7.470615194238787,2.685786312078694,2.5032410257701665
P01,S2,lv2,104,37.656387103285226,21.261476136013297,1.8274348652771017
P01,S2,lv2,105,7.3870558353675,10.496569149095508,0.44568673214154836
P01,S2,lv2,106,9.209545600788285,7.5556460481591685,1.2680128799818018
P01,S2,lv2,107,77.81366792290774,11.075256070891353,3.8904909495273214
P01,S2,lv2,108,9.801061808281359,6.302565614718567,1.6326990720425323
P01,S2,lv2,109,5.260088437371605,9.79847746954325,0.040321076662804246
P01,S2,lv2,110,6.398070038686679,7.826038243029344,0.6700469374396455
P01,S2,lv2,111,12.880489701060428,6.37522794050347,2.024590440094956
P01,S2,lv2,112,13.50261962675464,14.436033156089513,0.8715864952956025
P01,S2,lv2,113,3.6747783280502158,8.236912545500326,0.0
P01,S2,lv2,114,22.100358603388578,11.242275861069704,1.9835967004572084
P01,S2,lv2,115,9.099289891302943,4.82069888100609,1.9227603029867035
P01,S2,lv2,116,11.51124621177995,9.747912069618105,1.2205924101655814
P01,S2,lv2,117,11.611360027668072,5.8443362768305,1.9994639393814542
P01,S2,lv2,118,14.252958790358022,12.218027468376597,1.2022982899015722
P01,S2,lv2,119,9.009272414668098,6.481056982685615,1.464774981498369
P01,S2,lv2,120,9.692110442567806,5.6593962838427805,1.7771147752180747
P01,S2,lv2,121,6.919158309282504,11.799788203958025,0.1725061667526264
P01,S2,lv2,122,7.700510206271183,2.4784791320895523,2.6688811135228034
P01,S2,lv2,123,12.11848183478081,9.359000405926029,1.358511735753377
P01,S2,lv2,124,19.86326934182336,7.58143872882147,2.4136603346365475
P01,S2,lv2,125,17.290641341013746,9.069304811626273,1.9377202000296312
P01,S2,lv2,126,18.490855401819402,11.239914141060986,1.7169448977579793
P01,S2,lv2,127,6.660285128311457,3.7511193367483227,1.8311810537257913
P01,S2,lv2,128,10.774593162750634,13.966952013638334,0.5831483229511335
P01,S2,lv2,129,9.485890257904284,7.237962994281833,1.3765858491395548
P01,S2,lv2,130,23.53413832169976,5.84592206933646,3.056739634015267
P01,S2,lv2,131,9.513234418954779,3.6816388505079036,2.392934907292748
P01,S2,lv2,132,7.792638423295775,6.1778594995649,1.3193082543476744
P01,S2,lv2,133,18.12370293070995,6.2681495660389235,2.561233707482111
P01,S2,lv2,134,12.856140117681045,8.042224369259722,1.6739930191232122
P01,S2,lv2,135,10.010305793849154,7.089362531838667,1.488203747922886
P01,S2,lv2,136,32.7254436202628,6.699165674434339,3.3463796047888454
P01,S2,lv2,137,15.857686701070113,12.506278046595247,1.3271172513459002
P01,S2,lv2,138,5.160435487217712,6.5769922267714165,0.6085196567277389
P01,S2,lv2,139,10.203158280268303,12.888252711487652,0.6219005175893703
P01,S2,lv2,140,8.844778101740063,6.928826349228986,1.337167872437255
P01,S2,lv2,141,10.604619560582705,10.090913905055407,1.0460003079750038
P01,S2,lv2,142,9.261271505061602,6.625701605339301,1.473030779102376
P01,S2,lv2,143,13.401906426711939,10.354813324909141,1.35784143498897
P01,S2,lv2,144,11.661585287539754,5.428802350200654,2.116346705625014
P01,S2,lv2,145,16.71908461361645,12.10299169227923,1.4553841471878983
P01,S2,lv2,146,11.051993186421207,9.180166782034016,1.2494783007597456
P01,S2,lv2,147,14.368844369358678,6.022477757793725,2.273519380822997
P01,S2,lv2,148,7.246104696639531,4.459642796472468,1.6983657875841516
P02,S1,lv0,0,7.4388004421343,2.8607915679943776,0.9199770615781038
P02,S1,lv0,1,3.9205892490200993,2.7663569958999616,0.30325941067890705
P02,S1,lv0,2,4.082301774399203,2.575688001516871,0.4169020399517809
P02,S1,lv0,3,4.205264554240672,1.704588652213532,0.8665283887806404
P02,S1,lv0,4,3.811547085173891,1.8361631959925864,0.6910791484280255
P02,S1,lv0,5,23.965975104905905,3.5992559206388766,1.8754838098813944
P02,S1,lv0,6,4.134437340940447,2.4205262119178186,0.4929343231551747
P02,S1,lv0,7,3.652118731637358,1.431850025555179,0.9003942318283169
P02,S1,lv0,8,8.790871767100825,2.3793792319193896,1.2769220167483983
P02,S1,lv0,9,4.612496257944344,2.767627954367947,0.4679488898961386
P02,S1,lv0,10,7.560054400601566,2.715216168695097,0.9894789808070928
P02,S1,lv0,11,6.1354588733071145,2.9163042606885567,0.7047068070815774
P02,S1,lv0,12,5.131724594726937,3.3131842422971656,0.3935175403485297
P02,S1,lv0,13,10.775190473492684,3.87021569130477,0.9894070943611886
P02,S1,lv0,14,6.018213276388149,2.247492040538642,0.9498162751404071
P02,S1,lv0,15,6.492032015229403,2.049348305865331,1.1206133346435867
P02,S1,lv0,16,7.782357230267937,2.8033889757835437,0.9864542612706149
P02,S1,lv0,17,3.886069551045974,2.1512435878223535,0.5498258102818079
P02,S1,lv0,18,2.715801816994662,1.669901933619001,0.44309704880456696
P02,S1,lv0,19,3.0229158433414502,2.3795004534028994,0.19211075090376453
P02,S1,lv0,20,1.5537694511886169,1.6485903487908218,0.0
P02,S1,lv0,21,22.001851709510614,2.4190957117986756,2.192352647799406
P02,S1,lv0,22,3.300761504510404,3.236045812055701,0.0
P02,S1,lv0,23,2.694877053566694,1.252427800931692,0.7275717309335797
P02,S1,lv0,24,3.7333711060591095,1.5279912094490962,0.8567164861169747
P02,S1,lv0,25,5.930882618038854,1.6386314475883028,1.2560267746801734
P02,S1,lv0,26,2.1685774851282313,1.8044601826285895,0.13569128289442292
P02,S1,lv0,27,17.8944799943011,8.738866516170773,0.677213229236489
P02,S1,lv0,28,3.543107783570161,2.6273062617096827,0.25279052387545475
P02,S1,lv0,29,22.28694748634875,4.636187764922789,1.5444145429050717
P02,S1,lv0,30,5.101945923551154,2.961431142842487,0.5016562485549604
P02,S1,lv0,31,9.512866448351168,2.1850707666188804,1.4436995990828005
P02,S1,lv0,32,3.388595831548492,2.130333015441073,0.42055316713875585
P02,S1,lv0,33,2.587506519152901,2.4025596043844515,0.024267683180490614
P02,S1,lv0,34,5.170944256213131,2.746286438227293,0.5919498920864728
P02,S1,lv0,35,8.574727440121382,2.68167409149192,1.1300883692880477
P02,S1,lv0,36,24.97557983735123,2.579342068435877,2.255997123315777
P02,S1,lv0,37,29.04819387818015,5.571231295025961,1.6269599771948964
P02,S1,lv0,38,5.924378613880156,2.621481390914965,0.7774329927989007
P02,S1,lv0,39,16.31719357446614,5.615438582783799,1.032862432562793
P02,S1,lv0,40,3.1516860362742567,1.6026423788186572,0.6361312884191144
P02,S1,lv0,41,8.9686879744292,2.2503690042003774,1.3539186041981057
P02,S1,lv0,42,8.558670730145913,2.6426893615023257,1.143064777952832
P02,S1,lv0,43,26.18391103752387,6.848654087936462,1.3116942635476516
P02,S1,lv0,44,7.687055617961568,2.5410607958090092,1.0737701296758226
P02,S1,lv0,45,16.371422871705235,3.976194052142608,1.3870124213923622
P02,S1,lv0,46,4.074297254011028,1.5188437624429973,0.9516184065326605
P02,S1,lv0,47,4.903772323963751,1.7208495812996418,1.0130337760953123
P02,S1,lv0,48,11.003466990824988,4.70194580862065,0.8128952375939402
P02,S1,lv0,49,5.674206748001469,2.5193285352047767,0.773980159598628
P02,S1,lv0,50,7.282268646357028,1.9516888525415854,1.2869548294700865
P02,S1,lv0,51,6.578939199133619,4.058626636549055,0.43975030532226256
P02,S1,lv0,52,5.686043504845404,2.3944959514250277,0.8277394671272779
P02,S1,lv0,53,5.719619560088653,1.2214306220937858,1.5177609778628542
P02,S1,lv0,54,4.362258972387006,3.908789002716358,0.06044600008882309
P02,S1,lv0,55,13.323251852467157,1.9379796388017485,1.9079575110207248
P02,S1,lv0,56,3.297535895820452,1.840517168534404,0.5414695212113666
P02,S1,lv0,57,5.672001766972052,2.2582304973467338,0.884765874104592
P02,S1,lv0,58,3.848282499874144,2.2526937282988433,0.49307043452235344
P02,S1,lv0,59,3.1038580968869125,3.2544813008413205,0.0
P02,S1,lv0,60,5.230778725340956,1.7467898879801655,1.063429742089881
P02,S1,lv0,61,5.671355830664142,3.951056171625652,0.31620001655015506
P02,S1,lv0,62,12.146346512688373,2.928042623280596,1.3946155086484402
P02,S1,lv0,63,6.407820700424154,1.4985301742233599,1.425446496517635
P02,S1,lv0,64,5.544727193478126,1.86181424922817,1.0578566244053236
P02,S1,lv0,65,6.694540190520018,1.8411803686829813,1.2606745547438458
P02,S1,lv0,66,3.650167177456526,1.660596107981934,0.7492443765626245
P02,S1,lv0,67,14.872176032848358,5.256448221081066,1.0057679892565639
P02,S1,lv0,68,4.809563379510957,1.5568133421472923,1.0951190760380125
P02,S1,lv0,69,4.540631668416029,2.7624331804591917,0.45390095006490283
P02,S1,lv0,70,4.423052635324927,2.1004078219391893,0.7056527158547975
P02,S1,lv0,71,6.370005180226997,4.450158335737989,0.31337029414097367
P02,S1,lv0,72,15.800427708497352,6.020010159026316,0.9294649082074591
P02,S1,lv0,73,14.230339260411037,2.9673704396203604,1.5419668801752593
P02,S1,lv0,74,8.3748197250099,3.6576469039185073,0.7907177653505895
P02,S1,lv0,75,15.886390489098536,4.844784721492187,1.1556777485648986
P02,S1,lv0,76,13.722583638650635,5.685739278324738,0.8442420019598952
P02,S1,lv0,77,3.6113311687319967,4.142086398214039,0.0
P02,S1,lv0,78,4.201557146218937,1.9703074761877233,0.7184230203860523
P02,S1,lv0,79,4.725368274749333,2.4628721396573203,0.6110657778342788
P02,S1,lv0,80,6.258166191336672,4.264891102981908,0.33858156118337973
P02,S1,lv0,81,2.126114321134122,1.6892161017949674,0.1826604897625756
P02,S1,lv0,82,3.68278213801764,2.05867046884331,0.5399241434905923
P02,S1,lv0,83,3.6226329821842063,8.792064837490564,0.0
P02,S1,lv0,84,5.222245252828346,2.278651134360249,0.7916671178302522
P02,S1,lv0,85,4.920811433529217,1.5443080288414788,1.1265516341399457
P02,S1,lv0,86,3.466683576634166,1.765309901184027,0.634696787159788
P02,S1,lv0,87,5.546969310075062,2.5095694721640136,0.7548782230905503
P02,S1,lv0,88,6.866311287292108,1.6128076565596259,1.4209915823346007
P02,S1,lv0,89,11.221993319135883,1.9840667866059913,1.7096631181631035
P02,S1,lv0,90,2.3278699641540403,0.9234473524681439,0.8884592672426453
P02,S1,lv0,91,21.125440159308173,3.510314725132707,1.7727121891190236
P02,S1,lv0,92,4.480072978979823,2.8298188742763184,0.4157662830875728
P02,S1,lv0,93,2.329125320604806,2.542817383952766,0.0
P02,S1,lv0,94,3.9347763588549713,1.3634970059590616,1.0258524872360004
P02,S1,lv0,95,10.91318828835005,2.886747180449219,1.3002609421981577
P02,S1,lv0,96,6.346483411041671,2.547102940806107,0.8766198986795092
P02,S1,lv0,97,2.6082367925313,1.8636795835060374,0.2904667333947134
P02,S1,lv0,98,7.602938811335343,1.8056851406098295,1.4097570215663955
P02,S1,lv0,99,1.9126833858179901,1.9250683265947668,0.0
P02,S1,lv0,100,7.135293744148443,2.755655787006415,0.9156956323248748
P02,S1,lv0,101,2.96098385786965,2.874798563313533,0.0
P02,S1,lv0,102,11.838737992655721,1.4650130547583853,2.072220411923388
P02,S1,lv0,103,4.618426405441226,2.12617050081953,0.7371876931421883
P02,S1,lv0,104,13.651778635520882,2.409664005982263,1.7113455229687469
P02,S1,lv0,105,12.0687039822207,2.739037751582318,1.455905852737334
P02,S1,lv0,106,58.25599281864407,5.4094104768565,2.3640599597782406
P02,S1,lv0,107,16.586535594281926,2.730947092868268,1.782031006246566
P02,S1,lv0,108,4.411355509571622,3.2595673728827803,0.25639019883769126
P02,S1,lv0,109,13.822500643289516,2.6937777328340458,1.6107143297404745
P02,S1,lv0,110,5.158508116606676,1.4397472420996766,1.2457310953495269
P02,S1,lv0,111,7.078440987289791,3.1115188890261383,0.7841463135559277
P02,S1,lv0,112,6.657159699848232,2.127849447840307,1.107938943541853
P02,S1,lv0,113,3.828952495513685,1.6635150001147891,0.796051568641948
P02,S1,lv0,114,3.6135225679852234,3.364777146432804,0.02138310164796108
P02,S1,lv0,115,4.116210563947812,1.6547649935490982,0.8749225995213914
P02,S1,lv0,116,10.942438826400938,3.941930717458864,0.9864012393647572
P02,S1,lv0,117,7.121349335147056,3.0546722652146627,0.8090245559345869
P02,S1,lv0,118,7.427752344654532,2.178923616867042,1.1951382041811887
P02,S1,lv0,119,5.998013024788985,2.1581140053656265,0.9876363915610239
P02,S1,lv0,120,5.984006875968288,3.437151557746528,0.5123239823619975
P02,S1,lv0,121,2.5913607109853043,1.6665658151657177,0.3974663489818323
P02,S1,lv0,122,4.8035097481864835,1.6029909356140315,1.0641362079646721
P02,S1,lv0,123,3.2055837473683617,1.9310679504824393,0.4639273126091802
P02,S1,lv0,124,6.878560248528688,2.72232034357428,0.8908265696379645
P02,S1,lv0,125,6.214734521958809,2.1994155535088886,1.0044416862470478
P02,S1,lv0,126,7.526622388233666,2.6090100935073255,1.0255214103887014
P02,S1,lv0,127,14.92154038020982,2.2934040433679685,1.85197016476549
P02,S1,lv0,128,8.53995462161375,1.8623383907894195,1.496465304482075
P02,S1,lv0,129,13.455328795206029,2.489829481850928,1.6633601781931182
P02,S1,lv0,130,7.136203969935948,2.2114553224477884,1.1393886290088404
P02,S1,lv0,131,9.114990484220767,2.288443761167683,1.3533121152804581
P02,S1,lv0,132,5.15135083977073,2.099390711319273,0.8610394446917751
P02,S1,lv0,133,3.9392839818398055,1.749348559390586,0.7737943494905072
P02,S1,lv0,134,6.243866652547031,2.6676442130583684,0.8130678872244094
P02,S1,lv0,135,13.337552131325687,2.1273125757193454,1.8143263477732323
P02,S1,lv0,136,4.644530036360527,2.3199880748680664,0.654264274021811
P02,S1,lv0,137,28.695138267939075,6.085386604126596,1.5248315001111317
P02,S1,lv0,138,1.6492183620251026,1.7497744962588566,0.0
P02,S1,lv0,139,8.513016381827313,2.3070362245014904,1.2756603257989976
P02,S1,lv0,140,2.6025522220992667,2.296276867279831,0.07613687294252501
P02,S1,lv0,141,6.658105225018828,1.8440686390150909,1.2535360922104704
P02,S1,lv0,142,9.185260087397268,4.089733195138756,0.7711165138915296
P02,S1,lv0,143,4.6482527481610045,1.3155370022935284,1.2315723179091345
P02,S1,lv0,144,17.79840247650699,3.869263695128479,1.499637478772054
P02,S1,lv0,145,5.577103273690635,2.785706698922592,0.6543046940286192
P02,S1,lv0,146,5.6401827641375935,1.537259983724614,1.269850055822271
P02,S1,lv0,147,6.290494877438493,2.1712451233020347,1.02985381439272
P02,S1,lv0,148,5.771965917506569,2.1062873855549524,0.9733005031801789
P02,S1,lv1,0,6.269358741120755,3.3089706578211837,0.5982819001337604
P02,S1,lv1,1,17.108387788510544,4.9836490754314156,1.2022658513549478
P02,S1,lv1,2,38.881757483498504,8.745024159867194,1.4650832704142707
P02,S1,lv1,3,22.08892205513442,7.484459211123373,1.0486617042253228
P02,S1,lv1,4,10.847781605971026,4.838403381535509,0.7693438074863443
P02,S1,lv1,5,12.774720202141632,7.571730403745608,0.480415361096747
P02,S1,lv1,6,4.975469866548622,1.4125608622248103,1.2283907665399312
P02,S1,lv1,7,2.5051340970098916,1.9048688294309073,0.22726820668172026
P02,S1,lv1,8,3.333368907482237,1.6336269824084568,0.6736251106412136
P02,S1,lv1,9,8.572786001456244,2.078919838633597,1.3885693077087948
P02,S1,lv1,10,2.3098638168943464,2.1507997059335735,0.02141104307168188
P02,S1,lv1,11,36.49798276386511,6.308938972790692,1.7325906943186091
P02,S1,lv1,12,7.597908102942796,5.808311523341655,0.2218356621890771
P02,S1,lv1,13,9.151790074944046,3.489398694566938,0.928725138608901
P02,S1,lv1,14,3.1909144505392,3.3383410709073935,0.0
P02,S1,lv1,15,27.131879102279328,8.525887004142783,1.125235495325193
P02,S1,lv1,16,22.207803676603394,17.33282396910659,0.20075880948596606
P02,S1,lv1,17,22.493263689118763,6.592832486255671,1.1959922996817498
P02,S1,lv1,18,9.212709495377066,3.894400829997927,0.8238802818499277
P02,S1,lv1,19,7.150571334419203,3.9754906766881684,0.5454480422905351
P02,S1,lv1,20,8.706262776254489,3.4309202482663212,0.8951852799194812
P02,S1,lv1,21,5.4133315905788795,3.142322405803293,0.501608694586537
P02,S1,lv1,22,1.8279560050150512,4.164788632446254,0.0
P02,S1,lv1,23,5.963635911232021,2.765449628976423,0.7298158903634008
P02,S1,lv1,24,2.0258404270830948,3.8089542301198565,0.0
P02,S1,lv1,25,4.8806176520326465,2.1564582146911846,0.7789251326393082
P02,S1,lv1,26,3.786946004798334,2.5462357919217076,0.35227272945218446
P02,S1,lv1,27,28.646838101822187,4.902299792574868,1.7428024006500162
P02,S1,lv1,28,10.487708977680686,4.732167256708265,0.7576017891638755
P02,S1,lv1,29,8.033972332997186,7.494193271126918,0.01958371741347805
P02,S1,lv1,30,4.581411665444686,3.3211499624180543,0.2758078361399625
P02,S1,lv1,31,7.713848304675584,7.186761656756669,0.02082946534737213
P02,S1,lv1,32,4.275480225158942,3.1073872989319833,0.2731841473573704
P02,S1,lv1,33,35.554889592962496,9.090097255256278,1.3348621467060489
P02,S1,lv1,34,3.299751985220296,3.2319905823935784,0.0
P02,S1,lv1,35,29.9940312061097,9.023422027972687,1.1695127480490906
P02,S1,lv1,36,9.461922635991106,7.00037704798166,0.2550936135914605
P02,S1,lv1,37,8.718417096002163,2.40623902762388,1.2571050444058676
P02,S1,lv1,38,5.042105173510642,2.352038613847991,0.7237840027761023
P02,S1,lv1,39,27.975800656331984,9.873368024609992,1.007253952274363
P02,S1,lv1,40,2.6891386132709925,1.8543771296047282,0.32659222182675096
P02,S1,lv1,41,5.239396373011903,3.0255033059141625,0.50691949129058
P02,S1,lv1,42,20.114419453985413,7.189797173114578,0.9943232595522007
P02,S1,lv1,43,8.608371750326741,2.1091763039990057,1.3780959684071257
P02,S1,lv1,44,17.09299696072258,8.31877769002802,0.6807106219932835
P02,S1,lv1,45,4.188087939460369,3.40169513583063,0.1602425743381508
P02,S1,lv1,46,3.810231174073698,2.7503793494998288,0.280131601092228
P02,S1,lv1,47,4.212713369535749,2.4080150721502935,0.5172594081750412
P02,S1,lv1,48,15.479426267688634,4.319973406783446,1.2458151504869461
P02,S1,lv1,49,3.7914936370632413,3.4039225868293297,0.058483911287748186
P02,S1,lv1,50,25.55686797334566,4.130022521193549,1.8010136141856101
P02,S1,lv1,51,8.20688608638215,3.3912624474052917,0.846975063101291
P02,S1,lv1,52,38.65259590806994,6.046157747642732,1.8341081460202917
P02,S1,lv1,53,9.157890174442397,6.262733370826714,0.33505394538590033
P02,S1,lv1,54,13.157870870408258,4.041813825784359,1.148327321988351
P02,S1,lv1,55,14.958132093800723,3.489614573478019,1.4279151197759556
P02,S1,lv1,56,16.44265645647595,6.989879346192886,0.8181607423842703
P02,S1,lv1,57,3.559302162105913,3.0676546652826437,0.09996381385546918
P02,S1,lv1,58,10.891318727608201,3.794830990241925,1.0202887531652274
P02,S1,lv1,59,3.701552630181158,3.2051746021231566,0.09522295528435033
P02,S1,lv1,60,6.3272481770329785,4.55592388783163,0.28265787445244633
P02,S1,lv1,61,4.707778839669005,2.8512296920774554,0.45848551115303926
P02,S1,lv1,62,8.684947989118617,3.715536848973973,0.8117106364368143
P02,S1,lv1,63,8.86611174714358,3.15091686679033,1.0001854545878963
P02,S1,lv1,64,9.967952802455109,5.2050179748763945,0.6091703838259619
P02,S1,lv1,65,3.8761334250069903,3.631265723196614,0.015220505854415863
P02,S1,lv1,66,4.597786231557648,3.6286147641003077,0.18946123662270029
P02,S1,lv1,67,23.708132781848867,4.288521646007163,1.6864426939449677
P02,S1,lv1,68,7.941382288979331,2.8864972163445066,0.9773222722183484
P02,S1,lv1,69,5.353607677130213,5.566035266865112,0.0
P02,S1,lv1,70,6.172000020729012,3.034946814711597,0.6702191399045923
P02,S1,lv1,71,5.377329954167471,2.3285600351850153,0.799388142886835
P02,S1,lv1,72,51.89619531658199,4.597518372858156,2.4118425307649356
P02,S1,lv1,73,20.360180892896047,4.303136475643893,1.5282859437671863
P02,S1,lv1,74,29.40058758703948,5.8235227538853795,1.5942076943370451
P02,S1,lv1,75,9.636482954605354,6.483701750362558,0.3515825591923883
P02,S1,lv1,76,11.303898236124788,11.48919950407296,0.0
P02,S1,lv1,77,3.65901379631776,4.602944923897015,0.0
P02,S1,lv1,78,20.734359733225617,6.163765928503764,1.1816352311562153
P02,S1,lv1,79,12.504196899911474,3.755440191564021,1.1712240650525225
P02,S1,lv1,80,11.040660225464627,3.182255382369527,1.2130252915127226
P02,S1,lv1,81,3.0932568660627577,2.4197674101529656,0.19843320262800782
P02,S1,lv1,82,20.92519077739553,2.3664951174543942,2.1637075733736477
P02,S1,lv1,83,14.936926262713644,7.306424911946601,0.6755574122208214
P02,S1,lv1,84,18.307441629495095,5.079482658344782,1.2517451943459372
P02,S1,lv1,85,28.996536530904454,8.435730067357778,1.203580417031606
P02,S1,lv1,86,11.195067110928372,8.78364477780932,0.195413826125154
P02,S1,lv1,87,28.386474965725558,8.389643773371525,1.1875396849529918
P02,S1,lv1,88,11.525946581582174,5.460031656282428,0.7081398653836815
P02,S1,lv1,89,30.731962853667255,6.693573056786528,1.4977178740342505
P02,S1,lv1,90,8.58227715827745,4.010760580130386,0.7219316632283974
P02,S1,lv1,91,11.829153044414253,8.537561976479696,0.28027445699396697
P02,S1,lv1,92,97.26388457393354,7.279240220125093,2.5832433820512244
P02,S1,lv1,93,34.46172264374075,3.264049383398075,2.3439130584747048
P02,S1,lv1,94,8.60177884151079,8.170910957498396,0.001127952566349889
P02,S1,lv1,95,6.278291358442622,4.636698113975226,0.25690624548339447
P02,S1,lv1,96,39.902501616803924,6.721989009248598,1.758772914656896
P02,S1,lv1,97,16.406302785876136,13.246616098463619,0.1662919013103704
P02,S1,lv1,98,4.367779806905594,6.0868641685979,0.0
P02,S1,lv1,99,5.820005168922966,3.501137055346454,0.4653421778372274
P02,S1,lv1,100,3.601716599499599,5.835393678351539,0.0
P02,S1,lv1,101,8.522873715271524,2.3615319811454833,1.2531117631453785
P02,S1,lv1,102,51.85764250209615,10.090692946050076,1.6122748057767793
P02,S1,lv1,103,6.604762401293472,5.371892936416018,0.158860780816443
P02,S1,lv1,104,27.67852888559542,14.691415240623861,0.5925473586109559
P02,S1,lv1,105,11.461730132087919,6.303721089695493,0.5564527011927511
P02,S1,lv1,106,16.125143918187742,7.722351306410594,0.6970785544655835
P02,S1,lv1,107,24.1997528609392,5.681548121238568,1.4214673388980505
P02,S1,lv1,108,15.07339484533579,5.158193831789376,1.038598841517905
P02,S1,lv1,109,8.139245659221888,6.390193913588004,0.1947544195446683
P02,S1,lv1,110,4.344557125660693,5.635590530215296,0.0
P02,S1,lv1,111,3.0999913937918016,3.452419024863698,0.0
P02,S1,lv1,112,6.349596012600199,4.127042901565686,0.386707127856616
P02,S1,lv1,113,10.730220490127012,4.730978016977113,0.7810870830382618
P02,S1,lv1,114,3.869756576738803,5.580663634145502,0.0
P02,S1,lv1,115,24.904087498440408,14.456209018746462,0.5016141377384841
P02,S1,lv1,116,12.173939672937957,6.346970093005242,0.6107637013293117
P02,S1,lv1,117,5.431582527838047,6.231675298554308,0.0
P02,S1,lv1,118,9.066835058724807,2.9111762337178857,1.1033508614974334
P02,S1,lv1,119,7.002442601842743,2.5156007234412425,0.9892153689534063
P02,S1,lv1,120,15.385709001997464,4.530077317825161,1.1913862631613747
P02,S1,lv1,121,7.825480007442015,3.812465889831837,0.679649093301475
P02,S1,lv1,122,32.00076514727246,6.293862545050813,1.601397703522535
P02,S1,lv1,123,3.9214399437927514,2.5347172911296205,0.3923436165807661
P02,S1,lv1,124,16.991008204108063,3.7961437619868397,1.4718491848262898
P02,S1,lv1,125,7.687483543320053,2.41492120084904,1.1255652574649473
P02,S1,lv1,126,14.044899646376452,3.4595970777537186,1.372679232908962
P02,S1,lv1,127,3.18116672596954,3.190489931430289,0.0
P02,S1,lv1,128,17.62868818982034,5.856106524990722,1.068777071745693
P02,S1,lv1,129,39.52894713083818,8.356576182194308,1.5280294000640673
P02,S1,lv1,130,32.29783714982922,8.183875037859234,1.3439492236272215
P02,S1,lv1,131,6.6024029580442285,2.8401217940929695,0.8061404649086089
P02,S1,lv1,132,6.5895698020361255,3.723559796423604,0.5289492516351242
P02,S1,lv1,133,20.531422888337197,7.653211187762284,0.9517020352497668
P02,S1,lv1,134,8.026428635802022,3.3853476260563475,0.8261554165932125
P02,S1,lv1,135,4.2293513310007205,2.970079115775357,0.30808560576051086
P02,S1,lv1,136,6.070702038744554,2.722110601494294,0.7639488362270108
P02,S1,lv1,137,3.5751038983229564,3.6423544219119166,0.0
P02,S1,lv1,138,29.73233945887063,10.226899152756639,1.0333849756100888
P02,S1,lv1,139,28.218976541383093,6.9120713823048865,1.378388245759374
P02,S1,lv1,140,4.015005363659058,4.591417989415418,0.0
P02,S1,lv1,141,17.846373282088567,6.352862848874861,0.9985106907688938
P02,S1,lv1,142,5.387534479746812,4.453602157262137,0.14236214805518194
P02,S1,lv1,143,12.895584389725729,4.290103217454395,1.0672848645672797
P02,S1,lv1,144,24.80595577439953,10.93961264815511,0.7808444525557865
P02,S1,lv1,145,5.720106467516523,2.4439539261581693,0.813033691396428
P02,S1,lv1,146,10.830569951819282,3.844473157676773,1.001398008699511
P02,S1,lv1,147,7.1540153633876775,3.7154982096807467,0.6146668174269171
P02,S1,lv1,148,2.6016509882790273,1.9003362206534602,0.2681045460118432
P02,S1,lv2,0,4.93487958764453,3.0360705308529816,0.4425298663882477
P02,S1,lv2,1,16.09136966326353,5.779849906944385,0.9893758919774317
P02,S1,lv2,2,27.720986277034786,7.149587942507421,1.3259634430207694
P02,S1,lv2,3,8.284009546346706,6.196141390679318,0.2440058807859851
P02,S1,lv2,4,2.785685241846398,1.6836341195036477,0.4605924765977097
P02,S1,lv2,5,25.146282702073865,10.423225498100749,0.8438271846220046
P02,S1,lv2,6,10.685582323578773,4.125007933153866,0.9161320528006593
P02,S1,lv2,7,10.81975608879453,6.036249221702827,0.5419390065393659
P02,S1,lv2,8,3.6388771917955287,3.9588946357316948,0.0
P02,S1,lv2,9,5.8709766741827485,2.9262318217833814,0.6564768249430942
P02,S1,lv2,10,9.103211662136957,3.249763175092009,0.995614996559953
P02,S1,lv2,11,10.770052544760594,3.627364160498144,1.0547746712877237
P02,S1,lv2,12,8.069003149437169,4.073170568367504,0.6435742048526312
P02,S1,lv2,13,12.470280117082838,4.111339127912444,1.0764561156357337
P02,S1,lv2,14,4.137943624693558,5.4323909428778645,0.0
P02,S1,lv2,15,4.07676666752696,1.7226640507562971,0.824274630028003
P02,S1,lv2,16,4.131901449189362,3.0247795530105925,0.2658527780858204
P02,S1,lv2,17,13.24057946859084,5.617523245788352,0.8201725534782196
P02,S1,lv2,18,7.485853191752036,6.983529071251754,0.019492271360070902
P02,S1,lv2,19,10.64565219479798,11.72005493284889,0.0
P02,S1,lv2,20,5.676825623942453,2.8443793550459686,0.6511336104936014
P02,S1,lv2,21,14.854465325737458,8.098572271419876,0.5653332327908337
P02,S1,lv2,22,39.90475021631605,9.261952094195475,1.4331146087256774
P02,S1,lv2,23,23.45626949494684,12.723916346123824,0.5704564694494242
P02,S1,lv2,24,5.009139803369546,4.541032577284651,0.048604859909777275
P02,S1,lv2,25,34.14148761229074,13.179550426582571,0.9161517956750792
P02,S1,lv2,26,6.24474003572198,4.17596825691104,0.3578103626167223
P02,S1,lv2,27,6.067974021492291,3.769506567822905,0.43268971735673534
P02,S1,lv2,28,15.226609409745054,8.552864976143416,0.5350161093750478
P02,S1,lv2,29,15.75506679928378,4.269659361124913,1.2756555657925737
P02,S1,lv2,30,8.371356594534571,3.260662090833521,0.90704564900293
P02,S1,lv2,31,9.661435975918781,5.834220584179937,0.4614687667589067
P02,S1,lv2,32,7.393881928871606,3.8368336124843805,0.6155249107055226
P02,S1,lv2,33,9.70235985371675,4.4258275735077515,0.7465164802731931
P02,S1,lv2,34,6.180166166616732,2.0544685627451,1.0680508442399528
P02,S1,lv2,35,9.176355212181104,3.9578600394015697,0.8034373095129105
P02,S1,lv2,36,5.50256462729209,3.1459579153556496,0.5170477314289846
P02,S1,lv2,37,5.297028710824083,2.3106755061733506,0.7919337214297175
P02,S1,lv2,38,13.715438617953069,5.030769869427092,0.9680806171541184
P02,S1,lv2,39,9.28628101043844,3.7493762486479802,0.8705273195133528
P02,S1,lv2,40,8.538696129990974,2.6883695039759403,1.1232754128789786
P02,S1,lv2,41,30.863013716599372,9.062638744061232,1.1941279924596941
P02,S1,lv2,42,29.543554339426723,14.02673311652555,0.7058579866781589
P02,S1,lv2,43,34.160158725891144,9.966855526822004,1.2006281685963134
P02,S1,lv2,44,11.719257161182524,8.886424931912288,0.2300926282303013
P02,S1,lv2,45,8.088091027605985,12.219557380645009,0.0
P02,S1,lv2,46,18.806450262399874,5.409472666211611,1.2151121495646025
P02,S1,lv2,47,11.004469145959265,9.294374027845242,0.12053224317425348
P02,S1,lv2,48,9.857434130834129,6.235442869928484,0.4142924925801749
P02,S1,lv2,49,9.633243227823632,2.4907739980818135,1.3234142839040706
P02,S1,lv2,50,4.4544931795277245,2.9897818638590192,0.3540704239193311
P02,S1,lv2,51,38.47515543523737,11.626759802457732,1.164969061503918
P02,S1,lv2,52,6.645810293706222,4.386931725684513,0.37098335379434505
P02,S1,lv2,53,2.531625424295254,2.4309667597151354,0.0
P02,S1,lv2,54,5.9441162016759685,3.190398705493615,0.581229503404772
P02,S1,lv2,55,3.9939810370688007,2.2529965941199146,0.5306964811587158
P02,S1,lv2,56,18.78824095491237,5.024622813150794,1.289122778470698
P02,S1,lv2,57,6.930157184256954,3.9619332449366618,0.5171031569861014
P02,S1,lv2,58,5.7634617897787965,3.590570313033092,0.42979013775553415
P02,S1,lv2,59,11.919360313452732,3.528050560082111,1.1860192716682354
P02,S1,lv2,60,27.694246128728338,6.6507344564979505,1.398480131313309
P02,S1,lv2,61,41.12234565397598,5.704062813830588,1.9562341992092325
P02,S1,lv2,62,3.42485387360362,3.0295820694962,0.07352590848013636
P02,S1,lv2,63,11.436106453535162,4.007030161759153,1.0145972282320765
P02,S1,lv2,64,6.794291235140867,8.404165017558764,0.0
P02,S1,lv2,65,8.677451791561118,3.020382603627516,1.021323474103783
P02,S1,lv2,66,3.3323167424672366,4.723990731256601,0.0
P02,S1,lv2,67,36.100903221894086,6.117397319318538,1.7528041307136337
P02,S1,lv2,68,37.753962659302566,7.953717527855686,1.5315520360316086
P02,S1,lv2,69,4.786086919214648,2.7172231838582577,0.5241678999880502
P02,S1,lv2,70,27.843175892038495,14.21073578818117,0.6323779210407258
P02,S1,lv2,71,38.975637080083075,4.982184214555491,2.0392510841326192
P02,S1,lv2,72,7.4518288011240035,8.536272837118933,0.0
P02,S1,lv2,73,7.842180041101479,2.5577176431395294,1.0874329697015723
P02,S1,lv2,74,12.045028995991549,4.730196414839678,0.8987126388681943
P02,S1,lv2,75,6.738367784481476,4.756070584348099,0.3029395559785692
P02,S1,lv2,76,27.264448624093387,5.225707466687292,1.6276237388127448
P02,S1,lv2,77,4.623417302715008,5.351402032714274,0.0
P02,S1,lv2,78,6.467149672466825,3.6669477484422424,0.525461640563729
P02,S1,lv2,79,31.29881735885139,14.657592644503595,0.7198012051848013
P02,S1,lv2,80,9.539458855483932,7.578938581454454,0.18269313336607093
P02,S1,lv2,81,7.695676822706852,7.164792614030384,0.02154392146109565
P02,S1,lv2,82,10.095487635470532,3.701969014142209,0.9683596939189167
P02,S1,lv2,83,7.538625903984119,5.407147749544105,0.2866017683892495
P02,S1,lv2,84,5.5943793803201,4.34993557089609,0.20457930203431093
P02,S1,lv2,85,2.3032708344684845,2.6206282742632863,0.0
P02,S1,lv2,86,1.7094207398121701,2.85901317535973,0.0
P02,S1,lv2,87,6.326097057233142,2.274608341948158,0.9883294538423305
P02,S1,lv2,88,32.1397520114343,3.7268781563016398,2.138281829884188
P02,S1,lv2,89,14.532255112166556,8.567273923714867,0.485876774451874
P02,S1,lv2,90,2.7662687741650736,2.6602235953576643,0.0
P02,S1,lv2,91,27.7427032017408,7.802987998603317,1.2378925998083379
P02,S1,lv2,92,6.785311679946923,5.7040737181243895,0.12529548519014544
P02,S1,lv2,93,7.744387693825648,4.317092356013968,0.5427472740673189
P02,S1,lv2,94,15.659404566491002,3.9027671970718707,1.360768274531053
P02,S1,lv2,95,3.944093606182005,5.037756267226169,0.0
P02,S1,lv2,96,13.143867125734435,5.5254176946795175,0.8295223594480151
P02,S1,lv2,97,1.9135660332113835,2.294013981510011,0.0
P02,S1,lv2,98,33.67795533494949,4.052174701189081,2.100751473823759
P02,S1,lv2,99,18.65652402056159,5.644068302437288,1.1638384276879208
P02,S1,lv2,100,17.81096486118724,7.6344362719571235,0.8097564643747215
P02,S1,lv2,101,23.737227327370622,6.834039517806414,1.214177630667931
P02,S1,lv2,102,2.489021538003907,5.7156189597456395,0.0
P02,S1,lv2,103,13.105656005465677,3.9899341000036483,1.157414587330621
P02,S1,lv2,104,7.718320341857435,6.561408829833946,0.11392631333724161
P02,S1,lv2,105,6.785858563006368,1.9637802238819135,1.208935047274141
P02,S1,lv2,106,39.71884137168451,9.504261402857209,1.402126194946789
P02,S1,lv2,107,19.442032139363196,6.6306591077577375,1.0420419923973812
P02,S1,lv2,108,7.891760801618688,3.359720401792614,0.8166830761349938
P02,S1,lv2,109,5.859690314015059,2.6430836660046255,0.7579368805950952
P02,S1,lv2,110,6.033691076386666,4.769601398896349,0.18780714551503538
P02,S1,lv2,111,18.05411598133555,7.936753990994681,0.784071755089291
P02,S1,lv2,112,8.745738467119484,3.372701703255686,0.9171736231765446
P02,S1,lv2,113,16.90272661649818,9.481271161174686,0.5364167517137373
P02,S1,lv2,114,4.100499686513853,9.396314253873896,0.0
P02,S1,lv2,115,8.149220788666444,5.557156205630101,0.3379365504431742
P02,S1,lv2,116,7.1177885388513,5.372890216554154,0.23468830681754574
P02,S1,lv2,117,19.016908319932377,9.981440000012192,0.603936118231224
P02,S1,lv2,118,36.58306965159292,4.735946266547759,2.026381863767514
P02,S1,lv2,119,18.132191324967806,7.7433699338091655,0.8135231536772227
P02,S1,lv2,120,3.4128888271670625,4.688498937452836,0.0
P02,S1,lv2,121,3.8082750605338536,3.0850717176116795,0.1629161615146016
P02,S1,lv2,122,2.9251631457839755,2.0000719130464226,0.33522469105315855
P02,S1,lv2,123,8.465608829032101,4.061010762173654,0.6953705057942723
P02,S1,lv2,124,18.46705262615518,9.72952378871188,0.6000971345377804
P02,S1,lv2,125,10.873696272260688,6.848007656216827,0.4187765018025679
P02,S1,lv2,126,36.667367781638994,9.94671052987713,1.2746570062863067
P02,S1,lv2,127,39.0454270285502,9.876947423357352,1.3456642822705476
P02,S1,lv2,128,13.473021764652053,5.683550780927753,0.82598271151959
P02,S1,lv2,129,13.083573491402259,3.143249844843066,1.3980765945247686
P02,S1,lv2,130,30.328805037500235,18.60311335161309,0.44558325998473547
P02,S1,lv2,131,6.183774226113149,2.659845548751038,0.8062156758412917
P02,S1,lv2,132,4.845396936369452,4.490821207959081,0.0261309223919925
P02,S1,lv2,133,15.102331712114275,6.39303752034258,0.8224530411758179
P02,S1,lv2,134,8.356462224713537,5.791961850443731,0.3214016229669277
P02,S1,lv2,135,18.424685945313602,4.477793634209288,1.3863506334267583
P02,S1,lv2,136,5.667032024406887,2.7869635959336447,0.6701010647567943
P02,S1,lv2,137,36.00341009546157,8.608844355559365,1.4028763038787344
P02,S1,lv2,138,24.310550329431127,9.964888684451484,0.85517695300143
P02,S1,lv2,139,6.363218758317423,4.301438328983264,0.34682714447662355
P02,S1,lv2,140,2.4051888937662147,3.075291702318121,0.0
P02,S1,lv2,141,8.118585631449003,6.484000262447326,0.17736299912009298
P02,S1,lv2,142,21.412952098351248,5.323180252948455,1.3633485810424275
P02,S1,lv2,143,15.858080732047604,7.465788078679454,0.7144422582721164
P02,S1,lv2,144,24.20285078890261,4.083289739033341,1.7572613841891118
P02,S1,lv2,145,1.2247315487802135,1.657180568079335,0.0
P02,S1,lv2,146,13.197715908100195,4.306286176453785,1.0869923291641952
P02,S1,lv2,147,5.73383088603497,5.161106666459975,0.05584314971858821
P02,S1,lv2,148,3.0324544560149174,3.0919553273275167,0.0
P02,S2,lv0,0,6.352426956703595,5.302145032890708,0.0
P02,S2,lv0,1,18.563078239348688,3.540136369637736,0.06762744980205436
P02,S2,lv0,2,5.904514952752866,1.523666119044903,0.0
P02,S2,lv0,3,8.181054727952686,3.4442024777389557,0.0
P02,S2,lv0,4,3.3777968605376185,1.4299239885556374,0.0
P02,S2,lv0,5,3.4832201476036,1.7154785079748298,0.0
P02,S2,lv0,6,4.6582612278409545,1.6782792386677774,0.0
P02,S2,lv0,7,4.874184936309631,1.7279715665685909,0.0
P02,S2,lv0,8,17.329659669816145,2.859953272932735,0.17956611415934404
P02,S2,lv0,9,9.02018425569752,2.308048690332448,0.0
P02,S2,lv0,10,7.25533978030325,1.9271740474347643,0.0
P02,S2,lv0,11,17.179307227936025,3.594464209944403,0.0
P02,S2,lv0,12,6.472625581227289,2.055490440485936,0.0
P02,S2,lv0,13,6.0003361540991405,3.1674384244314537,0.0
P02,S2,lv0,14,5.847488596027243,3.62667311022069,0.0
P02,S2,lv0,15,16.933356180470266,3.473893033414098,0.011118299271253481
P02,S2,lv0,16,6.81882764672938,2.624703896518328,0.0
P02,S2,lv0,17,6.645485640838273,2.3962645969494445,0.0
P02,S2,lv0,18,6.473193968296704,2.307560104658707,0.0
P02,S2,lv0,19,6.018500231001282,1.6457531001226697,0.0
P02,S2,lv0,20,13.302081994896541,1.6572215603906637,0.39721520429033286
P02,S2,lv0,21,29.0702239611157,5.874576201313797,0.022784732856756366
P02,S2,lv0,22,18.898758071094765,3.3166750108326855,0.13197384961548553
P02,S2,lv0,23,4.254801670588854,1.9044530431216404,0.0
P02,S2,lv0,24,5.769828551076159,1.3603764806880672,0.0
P02,S2,lv0,25,5.195602311050648,1.4414718133316107,0.0
P02,S2,lv0,26,4.5591909928744165,2.0428660753391754,0.0
P02,S2,lv0,27,18.421166276761685,1.8795965992463464,0.5517759716870053
P02,S2,lv0,28,24.31032194437953,2.3990774876281247,0.5776104715822705
P02,S2,lv0,29,29.99466816789571,5.01355457393413,0.16970430875092202
P02,S2,lv0,30,4.379480721142817,4.9483461767503165,0.0
P02,S2,lv0,31,6.300538055438832,0.9736620195930596,0.2304337107683908
P02,S2,lv0,32,3.8035731447301773,2.594762905462364,0.0
P02,S2,lv0,33,7.789899257716003,1.7974546215413039,0.0
P02,S2,lv0,34,6.106489673058979,2.061031194550312,0.0
P02,S2,lv0,35,3.0783382904626926,2.610887982996488,0.0
P02,S2,lv0,36,5.7622970885023275,1.8588829112252447,0.0
P02,S2,lv0,37,12.67415054643698,2.1749389102620764,0.14933732257644222
P02,S2,lv0,38,9.765491244734257,1.5180086420829857,0.22588929643152314
P02,S2,lv0,39,6.756763266174329,2.774478632710887,0.0
P02,S2,lv0,40,5.490032791285311,3.3808651913321284,0.0
P02,S2,lv0,41,6.819815229971851,2.3235203956280834,0.0
P02,S2,lv0,42,3.9493241039373777,2.085183535022708,0.0
P02,S2,lv0,43,15.827762351673735,2.712314456945201,0.15042047709419612
P02,S2,lv0,44,16.896312597871333,3.1747568370115586,0.0791267466567826
P02,S2,lv0,45,29.441567058068244,3.9798392332313006,0.334039311271448
P02,S2,lv0,46,6.139012454679827,2.528791423029904,0.0
P02,S2,lv0,47,5.287037826182236,2.5109123058220617,0.0
P02,S2,lv0,48,5.483711274854629,1.5760582869624293,0.0
P02,S2,lv0,49,4.251903089233708,1.0091131442213281,0.0
P02,S2,lv0,50,18.86853736758792,2.067558603883493,0.4965703802019102
P02,S2,lv0,51,3.1093150976923423,2.033169301003312,0.0
P02,S2,lv0,52,2.885310773062597,2.378912898612345,0.0
P02,S2,lv0,53,43.611717464983634,5.446227697468882,0.3953763579686883
P02,S2,lv0,54,70.874486806421,5.9535241718449585,0.7023261026883568
P02,S2,lv0,55,11.00524223322511,2.5127554979215008,0.0
P02,S2,lv0,56,6.844812466510213,2.1134533712130135,0.0
P02,S2,lv0,57,6.0899349406042065,2.666214537329013,0.0
P02,S2,lv0,58,6.534840853754609,1.9487983548755548,0.0
P02,S2,lv0,59,3.4324736803074445,2.6429774738421905,0.0
P02,S2,lv0,60,3.899494332775486,1.5049037785831663,0.0
P02,S2,lv0,61,8.527231373232638,2.2546035435440492,0.0
P02,S2,lv0,62,5.940572338026824,3.053604203983934,0.0
P02,S2,lv0,63,4.757398823515874,3.5194109878418756,0.0
P02,S2,lv0,64,12.462665283975266,2.0124883381293315,0.19640378889249385
P02,S2,lv0,65,2.859265405344755,1.6615194212489937,0.0
P02,S2,lv0,66,6.550379550658932,2.7541986572382324,0.0
P02,S2,lv0,67,19.335582595166652,3.6730448485667586,0.07065941563956757
P02,S2,lv0,68,6.434452950656378,1.9541692845603753,0.0
P02,S2,lv0,69,3.343345062958223,2.5509044850953675,0.0
P02,S2,lv0,70,2.95118917282969,2.739777171371362,0.0
P02,S2,lv0,71,4.7916951811292385,2.5126973096200023,0.0
P02,S2,lv0,72,15.001608828538794,2.4754113499598085,0.1796719240781347
P02,S2,lv0,73,3.4495184232254363,2.333999115342182,0.0
P02,S2,lv0,74,15.69944637742383,2.9104658968776693,0.0895367798026152
P02,S2,lv0,75,11.827174268111708,3.299268743064122,0.0
P02,S2,lv0,76,22.74961073622187,4.276745940301368,0.07873291744539214
P02,S2,lv0,77,11.461878778034576,2.4563856962033763,0.0
P02,S2,lv0,78,5.902983538449341,2.461544481326112,0.0
P02,S2,lv0,79,5.71495859275111,1.6296114083838413,0.0
P02,S2,lv0,80,7.574705095819435,2.2442027571671535,0.0
P02,S2,lv0,81,11.219667692483972,1.6962781908447822,0.24739088639476722
P02,S2,lv0,82,5.406514487773097,2.8479892935444924,0.0
P02,S2,lv0,83,32.584428177740335,2.0399727185187064,0.9298890591426999
P02,S2,lv0,84,4.506650409702909,1.262889670100774,0.0
P02,S2,lv0,85,5.6033057015430945,2.6016751319632987,0.0
P02,S2,lv0,86,9.236450518028406,3.492419665147662,0.0
P02,S2,lv0,87,6.268738819914044,1.6345448053615173,0.0
P02,S2,lv0,88,3.7766750073514097,1.510635400915353,0.0
P02,S2,lv0,89,2.6169915529091097,1.2835524409601144,0.0
P02,S2,lv0,90,14.70230855939897,2.733387368032962,0.08733106877641383
P02,S2,lv0,91,17.492077904377215,5.7414036930918675,0.0
P02,S2,lv0,92,4.493891376061666,3.7267500110493472,0.0
P02,S2,lv0,93,2.7597715232722777,2.2661138971089527,0.0
P02,S2,lv0,94,5.646760778813085,2.2034919411055154,0.0
P02,S2,lv0,95,5.893054325813934,3.1190999956980643,0.0
P02,S2,lv0,96,6.573816587926937,2.126434041106734,0.0
P02,S2,lv0,97,6.879720397092882,2.8607822176421234,0.0
P02,S2,lv0,98,5.058433135430421,3.1238369327676723,0.0
P02,S2,lv0,99,5.501443569512513,3.7498721512770565,0.0
P02,S2,lv0,100,5.0637047869699705,1.2293109648045852,0.0
P02,S2,lv0,101,10.0069973902991,2.6057276677612116,0.0
P02,S2,lv0,102,2.9130541784540713,2.768053645432509,0.0
P02,S2,lv0,103,5.904605894987729,1.7861941303362574,0.0
P02,S2,lv0,104,2.1710458563737465,2.0881691464679655,0.0
P02,S2,lv0,105,5.520349713951983,2.4412326908922117,0.0
P02,S2,lv0,106,3.3873850780383785,2.51546735512367,0.0
P02,S2,lv0,107,16.137216177263603,2.2533976855538094,0.30889878814467314
P02,S2,lv0,108,4.105254638814282,4.043788438846431,0.0
P02,S2,lv0,109,6.487196288792021,1.7693101630114616,0.0
P02,S2,lv0,110,6.659115452988191,1.734453710539753,0.0
P02,S2,lv0,111,2.835861332125333,1.4546562655239617,0.0
P02,S2,lv0,112,5.505597356244493,3.9937493380194327,0.0
P02,S2,lv0,113,34.64981250690813,3.0084557075240888,0.6767329864743575
P02,S2,lv0,114,3.201952963461694,2.2684726290443895,0.0
P02,S2,lv0,115,3.2706006021541776,1.516468955766427,0.0
P02,S2,lv0,116,2.510282064805866,1.8405194817086992,0.0
P02,S2,lv0,117,26.776078242580983,2.3857142658585873,0.656718548065424
P02,S2,lv0,118,2.6563736436979575,2.2068154268363154,0.0
P02,S2,lv0,119,4.397642439737338,3.431322370252345,0.0
P02,S2,lv0,120,1.4832328056692317,1.4387148767023497,0.0
P02,S2,lv0,121,1.513742184049338,1.365565541749424,0.0
P02,S2,lv0,122,11.810969354126618,3.3419169550456016,0.0
P02,S2,lv0,123,5.169812283322,1.445551625253726,0.0
P02,S2,lv0,124,5.196158039345011,2.168127127291843,0.0
P02,S2,lv0,125,17.663244895684066,4.835646966591741,0.0
P02,S2,lv0,126,5.500216627730573,1.568062038506082,0.0
P02,S2,lv0,127,6.974372293678033,2.2981364790495586,0.0
P02,S2,lv0,128,4.6752646913285885,1.6815454082356998,0.0
P02,S2,lv0,129,19.86049584486823,3.149562670146313,0.2104177559366152
P02,S2,lv0,130,39.08244347689027,6.653879135236862,0.15545997957388258
P02,S2,lv0,131,9.412137604867546,2.039091024541118,0.0
P02,S2,lv0,132,5.162504131169515,3.487097994287033,0.0
P02,S2,lv0,133,7.134463583813711,2.3848851383502767,0.0
P02,S2,lv0,134,3.466677850648253,1.9271020628897435,0.0
P02,S2,lv0,135,19.864556328287662,2.5724043209301213,0.3672714081525372
P02,S2,lv0,136,4.3617944319814415,2.1453621924837507,0.0
P02,S2,lv0,137,4.3781804317334165,5.678365697299758,0.0
P02,S2,lv0,138,16.02220564528845,4.443840924671177,0.0
P02,S2,lv0,139,25.016101622059207,2.4322444771177127,0.5891356250421115
P02,S2,lv0,140,24.04859724935956,3.7803696867534113,0.2172188817448039
P02,S2,lv0,141,2.9488792192356366,1.2137623396672523,0.0
P02,S2,lv0,142,6.154091276063527,1.439834515615344,0.0
P02,S2,lv0,143,4.62446257307839,1.8904950693241078,0.0
P02,S2,lv0,144,4.642126107808633,1.0145660350568202,0.0
P02,S2,lv0,145,26.67737045521371,1.8600464478079832,0.8465309378591658
P02,S2,lv0,146,7.815321333449216,1.4664053367477734,0.08021641485647216
P02,S2,lv0,147,4.213356375266055,2.0510818693105297,0.0
P02,S2,lv0,148,17.66997178696532,1.847281284752705,0.532971946738668
P02,S2,lv1,0,30.566807167634806,12.641712423276086,0.0
P02,S2,lv1,1,66.51707253792945,6.964434733715278,0.5318034357829271
P02,S2,lv1,2,5.5191516699316665,2.698573359290472,0.0
P02,S2,lv1,3,32.3054136085036,12.851187923464375,0.0
P02,S2,lv1,4,5.10037386654955,5.348791868446205,0.0
P02,S2,lv1,5,7.659543228862585,2.6009937343988674,0.0
P02,S2,lv1,6,13.989222257979545,6.920507804308323,0.0
P02,S2,lv1,7,28.87614265129826,7.869545721588248,0.0
P02,S2,lv1,8,20.896747414940204,9.037460587145597,0.0
P02,S2,lv1,9,32.79001735334203,8.695803462158219,0.0
P02,S2,lv1,10,21.755078168648602,4.022253767818082,0.09162108063088675
P02,S2,lv1,11,5.9922580783913375,2.869512196782287,0.0
P02,S2,lv1,12,44.483893584439265,5.016561802858916,0.47431889057209625
P02,S2,lv1,13,19.13765914760066,4.843194641927362,0.0
P02,S2,lv1,14,12.271992803516072,4.447387841005241,0.0
P02,S2,lv1,15,8.442214172479536,5.03586559843034,0.0
P02,S2,lv1,16,4.005278163110035,2.9027225372653676,0.0
P02,S2,lv1,17,4.845976332133052,6.72841265456322,0.0
P02,S2,lv1,18,15.776814266154085,7.050044880156641,0.0
P02,S2,lv1,19,74.15273984958353,8.550798247845066,0.4570719319433209
P02,S2,lv1,20,6.652788133336409,5.025592583896011,0.0
P02,S2,lv1,21,18.714374872610048,2.177168435958373,0.4502323001812057
P02,S2,lv1,22,21.938155506091952,3.502540540731174,0.20520789877842316
P02,S2,lv1,23,7.227195961348997,2.655681941184151,0.0
P02,S2,lv1,24,9.594664565679716,2.886089001805119,0.0
P02,S2,lv1,25,3.6183729510698077,3.1787859626549246,0.0
P02,S2,lv1,26,5.884091172270042,3.5230369383064297,0.0
P02,S2,lv1,27,3.5967407588233193,3.887138523230669,0.0
P02,S2,lv1,28,57.37576809829356,4.6865537480883335,0.7239988768930806
P02,S2,lv1,29,13.607097958228255,5.065212512652029,0.0
P02,S2,lv1,30,32.34903364537698,5.5164647223090535,0.15420098702365181
P02,S2,lv1,31,9.182207487921207,4.817954957443363,0.0
P02,S2,lv1,32,7.846043220037924,5.032848088851882,0.0
P02,S2,lv1,33,6.619849012210972,2.5254624310552383,0.0
P02,S2,lv1,34,11.471074402905472,3.3887801558362525,0.0
P02,S2,lv1,35,7.198106789687522,3.644958967857144,0.0
P02,S2,lv1,36,16.600157794797806,4.669121567487994,0.0
P02,S2,lv1,37,7.840317591258627,2.920530916047133,0.0
P02,S2,lv1,38,6.455188502387239,6.020987724306738,0.0
P02,S2,lv1,39,9.473651556383377,10.284508239097349,0.0
P02,S2,lv1,40,10.198003697981514,9.786992318371155,0.0
P02,S2,lv1,41,26.344573211510877,8.852988170230658,0.0
P02,S2,lv1,42,59.94215298724304,18.06240106102006,0.0
P02,S2,lv1,43,39.281180919676956,12.044938095858077,0.0
P02,S2,lv1,44,5.205554394603922,2.8157097080448583,0.0
P02,S2,lv1,45,17.76320721268061,6.457087926448135,0.0
P02,S2,lv1,46,19.249064689861285,4.802617860371231,0.0
P02,S2,lv1,47,9.374801879498408,3.2949166895124233,0.0
P02,S2,lv1,48,12.84962580849178,2.8086563125779533,0.0
P02,S2,lv1,49,4.368117603943797,2.387413410072932,0.0
P02,S2,lv1,50,11.093799443828933,3.9884743654010855,0.0
P02,S2,lv1,51,6.708929731622077,2.566037567899658,0.0
P02,S2,lv1,52,6.704239598449986,4.976856540309717,0.0
P02,S2,lv1,53,37.794657379322764,6.945165925676802,0.09635629943191573
P02,S2,lv1,54,6.855965597417969,3.9069350935851803,0.0
P02,S2,lv1,55,10.33551327132076,2.7962819708504068,0.0
P02,S2,lv1,56,23.9265706353597,5.188276348248484,0.0
P02,S2,lv1,57,31.879391595685437,7.571036651814603,0.0
P02,S2,lv1,58,10.699189166903304,6.321367841249449,0.0
P02,S2,lv1,59,16.26329632098689,6.758753853465525,0.0
P02,S2,lv1,60,13.815263676248028,7.874859702382909,0.0
P02,S2,lv1,61,15.744343672712539,6.0808493765623055,0.0
P02,S2,lv1,62,33.836120154879595,8.315635907232279,0.0
P02,S2,lv1,63,9.438033396974637,5.150090586536655,0.0
P02,S2,lv1,64,6.9171607707881035,3.3632107286402007,0.0
P02,S2,lv1,65,9.317317357839965,4.884582233153608,0.0
P02,S2,lv1,66,4.605264434557264,3.8582658684449322,0.0
P02,S2,lv1,67,28.52192152473372,6.898598170226251,0.0
P02,S2,lv1,68,28.24274762569468,5.952801146456913,0.0
P02,S2,lv1,69,11.14960758025001,9.240765917319706,0.0
P02,S2,lv1,70,36.93621659619595,7.267516736862149,0.04345119449561337
P02,S2,lv1,71,8.72570819327379,3.7431297312534317,0.0
P02,S2,lv1,72,18.3931733012819,6.112618332262732,0.0
P02,S2,lv1,73,21.687861997776142,5.470286424598602,0.0
P02,S2,lv1,74,30.692531652183565,3.4550065862792154,0.47572203273583
P02,S2,lv1,75,14.407841894002146,5.37386698418796,0.0
P02,S2,lv1,76,26.161386425594067,3.818603990987323,0.27461435552810487
P02,S2,lv1,77,5.922118871483472,3.545538149664758,0.0
P02,S2,lv1,78,12.319094692118224,5.8326141886145395,0.0
P02,S2,lv1,79,30.424300784751832,4.219423123748637,0.3142046497608341
P02,S2,lv1,80,28.24145559851781,3.9867276115179435,0.3004852466651949
P02,S2,lv1,81,7.832470927512431,5.220178244298687,0.0
P02,S2,lv1,82,35.58343200860061,2.484518886927428,0.8454370601405252
P02,S2,lv1,83,13.899126211715727,4.34480434626957,0.0
P02,S2,lv1,84,38.36209827749136,9.413489933625918,0.0
P02,S2,lv1,85,12.505659769828506,4.819244113183579,0.0
P02,S2,lv1,86,54.7794405705394,8.427207830952488,0.23393525982675994
P02,S2,lv1,87,29.045330086911527,7.973313570853297,0.0
P02,S2,lv1,88,8.357231182596736,6.006221856522239,0.0
P02,S2,lv1,89,34.539073259626925,4.054143130805074,0.44333127318188825
P02,S2,lv1,90,20.300771285800415,6.25455665313317,0.0
P02,S2,lv1,91,24.970775445254645,5.465110009768392,0.0
P02,S2,lv1,92,6.588933276328877,3.302613848526677,0.0
P02,S2,lv1,93,3.1975937324464234,3.106951554138874,0.0
P02,S2,lv1,94,15.19602246747168,8.512835202086144,0.0
P02,S2,lv1,95,47.286913682313745,7.977247992147961,0.16255597502692679
P02,S2,lv1,96,6.079062305569924,3.2692726483321635,0.0
P02,S2,lv1,97,4.891041910328507,6.012618611830072,0.0
P02,S2,lv1,98,5.49264368130726,4.198766372897995,0.0
P02,S2,lv1,99,38.56351240276077,8.370141317454411,0.0
P02,S2,lv1,100,11.601440997038937,7.280995766417989,0.0
P02,S2,lv1,101,17.73745682940326,4.9852193138785434,0.0
P02,S2,lv1,102,11.899707279914024,9.999080285610969,0.0
P02,S2,lv1,103,12.13723857381074,5.324330644862153,0.0
P02,S2,lv1,104,15.272414503714446,6.788679603709032,0.0
P02,S2,lv1,105,7.685188527090729,3.264220268530926,0.0
P02,S2,lv1,106,8.367660508824954,4.127914509060897,0.0
P02,S2,lv1,107,16.89322355559625,1.7421020241321155,0.5435526724757193
P02,S2,lv1,108,10.442801148328025,7.535168562489979,0.0
P02,S2,lv1,109,8.050296526327365,3.8272129280869747,0.0
P02,S2,lv1,110,14.892020502682852,5.794734444311986,0.0
P02,S2,lv1,111,5.155007267523909,2.740239254000519,0.0
P02,S2,lv1,112,19.84206217049757,6.3000769892158175,0.0
P02,S2,lv1,113,35.76924677833182,4.226907804723495,0.4381184024439489
P02,S2,lv1,114,6.423971454164878,6.890157725017507,0.0
P02,S2,lv1,115,8.017532572913483,4.355589521344868,0.0
P02,S2,lv1,116,7.059026877880104,5.645086968614679,0.0
P02,S2,lv1,117,19.343604272040633,4.969258106824816,0.0
P02,S2,lv1,118,7.310115320184878,5.570387203751691,0.0
P02,S2,lv1,119,3.5582428032047937,2.640406808123539,0.0
P02,S2,lv1,120,5.296737563399552,5.799298181177676,0.0
P02,S2,lv1,121,11.224072073830555,5.247963167434503,0.0
P02,S2,lv1,122,18.209441259009058,7.997749144727756,0.0
P02,S2,lv1,123,3.624776477059361,2.5141543712371033,0.0
P02,S2,lv1,124,11.64149508586067,10.643182520369816,0.0
P02,S2,lv1,125,15.913006367597584,16.41957166964522,0.0
P02,S2,lv1,126,5.0548862145058955,3.911087283952929,0.0
P02,S2,lv1,127,17.1486840129137,5.4360562141544735,0.0
P02,S2,lv1,128,10.899311239798354,7.52671138347518,0.0
P02,S2,lv1,129,24.612009036525446,9.191912324777197,0.0
P02,S2,lv1,130,16.64312495166541,7.444803503768807,0.0
P02,S2,lv1,131,15.947989910180011,4.425499515370566,0.0
P02,S2,lv1,132,22.726886283987113,5.410112838593067,0.0
P02,S2,lv1,133,8.100647365220581,2.894752087057501,0.0
P02,S2,lv1,134,13.435327261965865,5.1196738861533415,0.0
P02,S2,lv1,135,6.436838682018299,3.0418602653683164,0.0
P02,S2,lv1,136,9.875919878893738,4.845161777950087,0.0
P02,S2,lv1,137,11.837080649285141,10.85398490649636,0.0
P02,S2,lv1,138,7.79788790419155,3.4968918174460293,0.0
P02,S2,lv1,139,37.28725321633929,3.275079840679703,0.6677873769867536
P02,S2,lv1,140,9.197359909333793,3.6593827538295933,0.0
P02,S2,lv1,141,48.32242452099098,12.244837434401655,0.0
P02,S2,lv1,142,9.84980544953023,3.146202886875644,0.0
P02,S2,lv1,143,37.189206827450604,6.362208821610326,0.15172078649331372
P02,S2,lv1,144,7.516847895643103,5.718922059553883,0.0
P02,S2,lv1,145,6.369611398627166,3.8262655572419644,0.0
P02,S2,lv1,146,6.393017075214673,4.579713766839536,0.0
P02,S2,lv1,147,8.831515376373,4.368542885437251,0.0
P02,S2,lv1,148,7.2974587783986715,3.8838812505174585,0.0
P02,S2,lv2,0,7.829072753548082,5.072039376881584,0.0
P02,S2,lv2,1,7.188762044565042,3.576634172318585,0.0
P02,S2,lv2,2,30.344561483963204,7.884348827448421,0.0
P02,S2,lv2,3,53.475586344230216,6.242110846756754,0.4476313460079935
P02,S2,lv2,4,63.67164963758433,12.987712077312565,0.01555093594777886
P02,S2,lv2,5,38.65578860888407,9.067370245945392,0.0
P02,S2,lv2,6,4.582715788860656,2.119393933927752,0.0
P02,S2,lv2,7,20.442543929058743,5.111574136073304,0.0
P02,S2,lv2,8,5.698133239391575,5.233172338236507,0.0
P02,S2,lv2,9,7.848015290076075,4.59277955516299,0.0
P02,S2,lv2,10,9.951463348723395,2.5895397021557645,0.0
P02,S2,lv2,11,6.934582612821159,3.234388231534794,0.0
P02,S2,lv2,12,13.02383292695001,7.958693524996709,0.0
P02,S2,lv2,13,9.458163496071586,6.344105852067987,0.0
P02,S2,lv2,14,33.021992900134485,11.074958059263817,0.0
P02,S2,lv2,15,7.156383868693866,2.991735238214098,0.0
P02,S2,lv2,16,23.017424066422844,4.131909494746139,0.11446247696438354
P02,S2,lv2,17,6.677999462323215,2.4757841949622246,0.0
P02,S2,lv2,18,3.7466968581213638,2.364615165069449,0.0
P02,S2,lv2,19,30.491986124000217,5.273235961173799,0.1433424873421216
P02,S2,lv2,20,31.150370175363353,5.424973792635427,0.1379186527828799
P02,S2,lv2,21,28.77717819706169,6.086327578983442,0.0
P02,S2,lv2,22,10.440710366585783,5.145189015652473,0.0
P02,S2,lv2,23,7.989414898816039,2.5122554329821005,0.0
P02,S2,lv2,24,8.405413289696112,3.84497532981255,0.0
P02,S2,lv2,25,14.284639130475135,2.9803563621400686,0.0
P02,S2,lv2,26,11.150170266121357,2.9351461424917775,0.0
P02,S2,lv2,27,17.72216118846367,5.181083276360937,0.0
P02,S2,lv2,28,18.949389822270135,9.602678761485572,0.0
P02,S2,lv2,29,7.78906995126809,3.0525145513999328,0.0
P02,S2,lv2,30,11.732896352892729,4.556998032805204,0.0
P02,S2,lv2,31,18.416111780648013,6.0946254696242494,0.0
P02,S2,lv2,32,31.344347834732623,11.372336346547256,0.0
P02,S2,lv2,33,12.484415423777213,5.74577531914553,0.0
P02,S2,lv2,34,4.217899910566984,3.130644918914368,0.0
P02,S2,lv2,35,7.2250094498589705,4.701539959668769,0.0
P02,S2,lv2,36,3.9661132903138343,3.5400196386458216,0.0
P02,S2,lv2,37,4.287500726378663,4.40500100851782,0.0
P02,S2,lv2,38,12.405704564895156,4.43341399702685,0.0
P02,S2,lv2,39,15.99536148180026,3.3593550488264237,0.0
P02,S2,lv2,40,4.854962169157582,2.4575249516682387,0.0
P02,S2,lv2,41,5.0161199469573186,2.3036042565506527,0.0
P02,S2,lv2,42,14.42348519599401,5.108274320846787,0.0
P02,S2,lv2,43,8.778989226371927,2.8519231487702648,0.0
P02,S2,lv2,44,22.544125563904473,8.45017896063102,0.0
P02,S2,lv2,45,11.619554042511664,4.879849014115188,0.0
P02,S2,lv2,46,68.91495105565349,7.021793517233542,0.5528684695506798
P02,S2,lv2,47,52.1634332895526,6.490571686481437,0.39818515266546917
P02,S2,lv2,48,9.321440769731948,8.966886437166162,0.0
P02,S2,lv2,49,5.304548722601047,8.090958412853448,0.0
P02,S2,lv2,50,11.610243233554558,4.471013223806987,0.0
P02,S2,lv2,51,2.7165092266946638,2.744128156076681,0.0
P02,S2,lv2,52,35.114974323329655,4.508407085843976,0.37391915201950626
P02,S2,lv2,53,86.2058866840186,7.281736859818678,0.6980235555539029
P02,S2,lv2,54,19.910841706631256,4.232700903395163,0.0
P02,S2,lv2,55,29.598347484029254,7.795783178237474,0.0
P02,S2,lv2,56,52.14726420772904,8.674412019445356,0.17343523712467568
P02,S2,lv2,57,7.468797837666206,3.9375675271011166,0.0
P02,S2,lv2,58,24.373040005686246,3.7436099320934018,0.2351566219081529
P02,S2,lv2,59,2.7455293177510813,3.19093191346837,0.0
P02,S2,lv2,60,52.339093159273226,4.2359148576736505,0.7311358426460803
P02,S2,lv2,61,12.494758030620913,4.741621063413951,0.0
P02,S2,lv2,62,4.789824952265161,6.61260644490436,0.0
P02,S2,lv2,63,19.1495562255283,7.542718564257122,0.0
P02,S2,lv2,64,44.959223595626945,6.469132739894962,0.28569503278127917
P02,S2,lv2,65,7.841820197138895,4.912123458823609,0.0
P02,S2,lv2,66,10.164761259123875,9.276530326693967,0.0
P02,S2,lv2,67,19.400906127204966,11.792825910897296,0.0
P02,S2,lv2,68,7.228372461566504,5.806650222218813,0.0
P02,S2,lv2,69,15.400222917286495,3.9372523047399155,0.0
P02,S2,lv2,70,4.520971277533382,4.076731285507674,0.0
P02,S2,lv2,71,16.889216014469735,5.7431916252276825,0.0
P02,S2,lv2,72,40.07995903099407,2.9233331411073653,0.811648263795247
P02,S2,lv2,73,3.2933944506516677,6.879744552344997,0.0
P02,S2,lv2,74,6.459155088956208,2.539331715850405,0.0
P02,S2,lv2,75,30.94893626062678,2.2942017210873944,0.7991091529548209
P02,S2,lv2,76,8.35161214702986,3.2396833263363907,0.0
P02,S2,lv2,77,11.67002795078307,7.520188404043682,0.0
P02,S2,lv2,78,58.822396870224935,6.849186351953821,0.4495557587194107
P02,S2,lv2,79,65.23911532303914,19.503510859629174,0.0
P02,S2,lv2,80,5.120330016445094,3.6802825286377305,0.0
P02,S2,lv2,81,34.118035771185724,9.045704540618887,0.0
P02,S2,lv2,82,3.771581955945812,3.4159810944724276,0.0
P02,S2,lv2,83,4.472212235129534,4.116916869998451,0.0
P02,S2,lv2,84,43.58349287294362,8.378240539935659,0.061458817769568616
P02,S2,lv2,85,2.8964352140937337,5.30385545435364,0.0
P02,S2,lv2,86,5.655836955615896,5.384971636452195,0.0
P02,S2,lv2,87,2.786184173141686,2.095850451446864,0.0
P02,S2,lv2,88,39.556929157821905,5.144407435047424,0.36396958358932313
P02,S2,lv2,89,14.097717302865055,7.457079766688402,0.0
P02,S2,lv2,90,35.21486375554686,6.697257172473828,0.06976464455735969
P02,S2,lv2,91,4.702955999648526,5.6758322986885785,0.0
P02,S2,lv2,92,9.994075080138131,4.699033755528505,0.0
P02,S2,lv2,93,8.738834997653141,3.2424537112754033,0.0
P02,S2,lv2,94,4.979649077237766,3.0284809686854537,0.0
P02,S2,lv2,95,8.923897270708688,4.30180324706878,0.0
P02,S2,lv2,96,8.44529922103697,3.974593198528361,0.0
P02,S2,lv2,97,7.453892081720919,10.671424880959739,0.0
P02,S2,lv2,98,43.776797084591486,5.477831520027014,0.39382193009359884
P02,S2,lv2,99,34.305391555125915,5.508885508269603,0.20071919075991806
P02,S2,lv2,100,16.446498770483363,3.917555001470601,0.0
P02,S2,lv2,101,9.392447623797059,7.622233570269373,0.0
P02,S2,lv2,102,7.321056421641841,4.6160253856534945,0.0
P02,S2,lv2,103,71.25842685739278,6.104429666654149,0.687131460087392
P02,S2,lv2,104,11.337223576167249,5.089686116100383,0.0
P02,S2,lv2,105,73.05638414717599,9.250171371947532,0.3846835485165344
P02,S2,lv2,106,15.055305285199816,6.108314996908825,0.0
P02,S2,lv2,107,8.787110790649878,4.320017850724676,0.0
P02,S2,lv2,108,38.03324225877041,11.037449382988642,0.0
P02,S2,lv2,109,13.255426314311539,5.8922903967205045,0.0
P02,S2,lv2,110,6.324919575403879,8.321539390383267,0.0
P02,S2,lv2,111,19.799447148951828,13.500006212839875,0.0
P02,S2,lv2,112,4.943454024779845,4.418710056810124,0.0
P02,S2,lv2,113,17.53573204405321,11.263545751183399,0.0
P02,S2,lv2,114,11.715913564437152,8.357417236201613,0.0
P02,S2,lv2,115,52.86550122536373,9.242353805468028,0.13493164830963486
P02,S2,lv2,116,7.270917557009154,2.635137221599681,0.0
P02,S2,lv2,117,27.171069554598528,4.873988614694164,0.1150262688833586
P02,S2,lv2,118,15.281266511238076,8.961901949213404,0.0
P02,S2,lv2,119,9.841802998521018,5.253609097625135,0.0
P02,S2,lv2,120,5.968321975988977,2.873081471277194,0.0
P02,S2,lv2,121,49.41261240043112,12.623328238811265,0.0
P02,S2,lv2,122,10.122557977370056,5.213339022297959,0.0
P02,S2,lv2,123,3.4947918425578797,4.0004861596141525,0.0
P02,S2,lv2,124,4.386328362028594,4.231913368349987,0.0
P02,S2,lv2,125,16.54812987980336,8.792477465065279,0.0
P02,S2,lv2,126,30.7318462683047,6.075633632166389,0.039762820598151866
P02,S2,lv2,127,31.661813092353004,4.711914322700569,0.2596103120634178
P02,S2,lv2,128,42.366222296313666,6.073360768672196,0.2885788658998059
P02,S2,lv2,129,5.128082609313004,4.083617186472433,0.0
P02,S2,lv2,130,41.30179690916329,7.362193827217552,0.11990919780478826
P02,S2,lv2,131,17.354330974460826,9.345248777873492,0.0
P02,S2,lv2,132,64.24515036372065,5.40868183262266,0.700602685832666
P02,S2,lv2,133,4.61128489826287,1.8919581831220946,0.0
P02,S2,lv2,134,16.63680947018342,7.676679710665004,0.0
P02,S2,lv2,135,5.6965403431703185,5.867554607150325,0.0
P02,S2,lv2,136,29.263541488939772,3.884264235575506,0.3481610269914267
P02,S2,lv2,137,6.074509639949759,8.770325517617804,0.0
P02,S2,lv2,138,7.739350755875237,7.687678926973127,0.0
P02,S2,lv2,139,3.7927874920552918,3.8538995176996638,0.0
P02,S2,lv2,140,29.24420788143636,8.614941374511194,0.0
P02,S2,lv2,141,13.5771300393215,8.342293349562004,0.0
P02,S2,lv2,142,14.244481517707015,5.9240680295770645,0.0
P02,S2,lv2,143,2.1134491119415744,2.72480816277749,0.0
P02,S2,lv2,144,45.348018764386474,6.2086357661370055,0.3241766566547713
P02,S2,lv2,145,21.412734746749848,5.298313051057285,0.0
P02,S2,lv2,146,7.605204164682688,4.421707917383906,0.0
P02,S2,lv2,147,31.039818871518182,13.67669166107268,0.0
P02,S2,lv2,148,6.267918680785347,5.182380499475683,0.0
P03,S1,lv0,0,3.0774826541376563,1.7540787985961206,0.8193067154259471
P03,S1,lv0,1,4.089433163715264,3.5283426046507502,0.0
P03,S1,lv0,2,2.8528855867368557,1.9132220938456608,0.4051811241753024
P03,S1,lv0,3,12.644658336364046,2.704582762629438,3.315171777921461
P03,S1,lv0,4,9.040207976825148,2.88763584368283,2.293918752943328
P03,S1,lv0,5,4.819210672956441,4.0418593651672845,0.0
P03,S1,lv0,6,2.9178964066827535,1.2966950096697152,1.453067617581202
P03,S1,lv0,7,6.2590205833397645,2.8796273272525705,1.364751747643427
P03,S1,lv0,8,7.305000613076151,2.081348819401486,2.5849799847955515
P03,S1,lv0,9,5.257826887701249,3.199368924449903,0.6527562253608674
P03,S1,lv0,10,9.80975003583202,7.3161284409953025,0.13462483607415565
P03,S1,lv0,11,4.8966161810277296,13.744943803423666,0.0
P03,S1,lv0,12,4.2555196410227225,2.647540251084937,0.5962792539875471
P03,S1,lv0,13,5.179916554334991,7.623497871704295,0.0
P03,S1,lv0,14,3.7001738135772766,9.209060772123141,0.0
P03,S1,lv0,15,5.031330548450749,4.780981608376174,0.0
P03,S1,lv0,16,2.254719103339449,3.7485073455035254,0.0
P03,S1,lv0,17,5.41592592659711,7.120317026342295,0.0
P03,S1,lv0,18,3.9899833981333983,3.547800740117661,0.0
P03,S1,lv0,19,4.678357669500332,3.357123717147006,0.2328354970332009
P03,S1,lv0,20,2.759579876482841,2.8250952264891294,0.0
P03,S1,lv0,21,5.230798408869494,5.833089952231915,0.0
P03,S1,lv0,22,4.163393894436313,4.925326721058494,0.0
P03,S1,lv0,23,3.093244580502472,2.836688593505851,0.0
P03,S1,lv0,24,11.370369353603978,2.346050253737039,3.406821068660148
P03,S1,lv0,25,5.191621531581229,3.63342139657909,0.29652017749377285
P03,S1,lv0,26,3.0883772539873067,2.1507580712444763,0.3091356927866093
P03,S1,lv0,27,6.003525946501418,2.158883576393568,1.9921892063973303
P03,S1,lv0,28,3.6491099649951826,2.261346321528486,0.6063049487212777
P03,S1,lv0,29,5.21893895863803,4.453750977557219,0.0
P03,S1,lv0,30,2.111782622191596,2.3063721125456866,0.0
P03,S1,lv0,31,7.121844414797106,4.09528341428634,0.7968025778910938
P03,S1,lv0,32,4.04398327059137,3.061326002738838,0.09664773740960207
P03,S1,lv0,33,4.675867978882599,4.453879344815419,0.0
P03,S1,lv0,34,10.661919486511598,5.000423959435178,1.3158411173669433
P03,S1,lv0,35,2.929298369224282,3.060997405003602,0.0
P03,S1,lv0,36,6.122368638600609,3.7689367333135246,0.6231963034856222
P03,S1,lv0,37,2.859155562824684,1.545031851687222,0.9550695379945999
P03,S1,lv0,38,5.379481497440225,3.285410608331309,0.6434262151097647
P03,S1,lv0,39,9.823394830550447,2.8049472770825243,2.5794771459922705
P03,S1,lv0,40,4.846546322743801,2.377062270433691,1.2018733966625714
P03,S1,lv0,41,2.9247559004062484,3.787463472659378,0.0
P03,S1,lv0,42,2.1352428140381545,4.826923785657527,0.0
P03,S1,lv0,43,4.551107395361642,3.5609173683037527,0.012538084641771172
P03,S1,lv0,44,6.351182661507154,3.644649047618855,0.8020232670590061
P03,S1,lv0,45,4.49117633613904,5.361891533496628,0.0
P03,S1,lv0,46,3.884139381159114,6.349055067790149,0.0
P03,S1,lv0,47,4.605242559887499,2.4856148714418587,0.9581087299329908
P03,S1,lv0,48,2.8470705184885756,3.32052758256689,0.0
P03,S1,lv0,49,4.5768405824504645,2.301886309370103,1.1379030863137696
P03,S1,lv0,50,3.49311173477125,2.1558073628898597,0.6167575699845625
P03,S1,lv0,51,5.3689102367803985,7.879171485249075,0.0
P03,S1,lv0,52,7.84345739129779,4.390157686233014,0.8655165253916232
P03,S1,lv0,53,2.892551869965507,3.6620963344947213,0.0
P03,S1,lv0,54,5.128717255492261,3.4512696376269987,0.39644976002415494
P03,S1,lv0,55,7.2940613595994535,4.51959527312465,0.6065980930786194
P03,S1,lv0,56,5.85773270047817,6.521315592156149,0.0
P03,S1,lv0,57,3.6187337928830483,4.74635871320484,0.0
P03,S1,lv0,58,2.3754662155875184,3.238868227558857,0.0
P03,S1,lv0,59,5.3770961176544425,5.331480515298816,0.0
P03,S1,lv0,60,2.731438754254799,3.943031831913267,0.0
P03,S1,lv0,61,3.3435637186079967,1.8206514374176954,0.9356170225168159
P03,S1,lv0,62,4.578367030346059,7.210422589961396,0.0
P03,S1,lv0,63,4.859655462802984,4.956052704153967,0.0
P03,S1,lv0,64,4.0068371226318975,2.5652083215916637,0.52339003719651
P03,S1,lv0,65,3.2968309433565026,3.9909361565867667,0.0
P03,S1,lv0,66,3.9969671046749995,5.579230088544179,0.0
P03,S1,lv0,67,4.8481410072858235,6.0967915134432396,0.0
P03,S1,lv0,68,7.023039404023559,7.144385264478431,0.0
P03,S1,lv0,69,4.315319902788077,4.367426371212642,0.0
P03,S1,lv0,70,3.39282330376942,4.813954663339243,0.0
P03,S1,lv0,71,2.397455869445476,2.772749697793904,0.0
P03,S1,lv0,72,2.124809494404052,1.7224907425064662,0.0
P03,S1,lv0,73,2.13672152565956,2.586421413679043,0.0
P03,S1,lv0,74,3.412412528233721,2.135073877393489,0.5818467599081291
P03,S1,lv0,75,5.685207411852161,5.9508884771108415,0.0
P03,S1,lv0,76,4.472581817826472,3.4848859424974234,0.02317764931206577
P03,S1,lv0,77,4.74727444794341,4.777708853101388,0.0
P03,S1,lv0,78,8.826313010383144,5.490670005919698,0.5965369793488695
P03,S1,lv0,79,4.788439497789686,3.7817895903579752,0.0
P03,S1,lv0,80,6.683872946234724,6.1887529247494335,0.0
P03,S1,lv0,81,5.13364256031157,3.112930684395637,0.6616348494650173
P03,S1,lv0,82,3.8043234353435644,3.1926052986495908,0.0
P03,S1,lv0,83,4.912039140120437,3.7034965549270313,0.10690949489505025
P03,S1,lv0,84,7.424043841249737,3.6807194051622045,1.17440874420302
P03,S1,lv0,85,7.083575999627546,3.307765211954794,1.3269191196864352
P03,S1,lv0,86,6.071427536597497,4.194320962468531,0.32960153235242684
P03,S1,lv0,87,3.0678181686334374,3.3125464254112424,0.0
P03,S1,lv0,88,4.3368628240778495,3.3346341128307757,0.056938421637368467
P03,S1,lv0,89,6.27372598167326,10.395552550240604,0.0
P03,S1,lv0,90,3.189266079586497,3.4110974938723198,0.0
P03,S1,lv0,91,4.9645227805668295,4.085718486151629,0.0
P03,S1,lv0,92,5.595626818624526,2.6458886737655845,1.2950174614921912
P03,S1,lv0,93,7.67291416710624,5.671831399331921,0.15726038883324805
P03,S1,lv0,94,4.006897112781608,2.5496613998935973,0.5389086072939935
P03,S1,lv0,95,4.888890917945766,3.045721866236464,0.5928202395350547
P03,S1,lv0,96,3.822436644769854,2.1631458025727275,0.8375304472400096
P03,S1,lv0,97,2.1123158588983877,1.7552129451835363,0.0
P03,S1,lv0,98,5.024047158103865,2.863605374016931,0.8192716751822178
P03,S1,lv0,99,3.7959391021532927,3.3599591674622964,0.0
P03,S1,lv0,100,4.441912356233053,3.9811178113897236,0.0
P03,S1,lv0,101,1.9193454348701466,1.904300224375733,0.0
P03,S1,lv0,102,4.17920488419882,2.981017762568476,0.2480983629708966
P03,S1,lv0,103,3.1879808480698135,2.7193189977350634,0.0
P03,S1,lv0,104,3.2584450794422373,2.5401592542486915,0.021886120431737217
P03,S1,lv0,105,2.9761258392626746,2.4632352567552576,0.0
P03,S1,lv0,106,2.6433730119891967,3.9919256159832868,0.0
P03,S1,lv0,107,3.8942730103914243,2.198441051609747,0.8437285738586595
P03,S1,lv0,108,2.943427523451893,5.848607673560099,0.0
P03,S1,lv0,109,3.431545030340987,4.735271641485517,0.0
P03,S1,lv0,110,4.701679218861269,3.1042759317617814,0.44489886614494867
P03,S1,lv0,111,5.361678975453037,3.1162086084909832,0.7696296791642767
P03,S1,lv0,112,6.775984778653907,5.572038091707684,0.0
P03,S1,lv0,113,5.790277813231602,3.0268166969798393,1.039579962724717
P03,S1,lv0,114,5.049705483222193,4.284060295465834,0.0
P03,S1,lv0,115,5.464144778726017,3.762942884049779,0.337607670650188
P03,S1,lv0,116,2.2969250236527468,3.561464425373161,0.0
P03,S1,lv0,117,10.96091161481593,2.857510241240787,2.8112148341759178
P03,S1,lv0,118,5.058641784415816,4.9863385958389825,0.0
P03,S1,lv0,119,2.390286650019164,3.4423690755582457,0.0
P03,S1,lv0,120,5.105379838587453,3.62799666262005,0.25766809292204246
P03,S1,lv0,121,3.8201309106071024,2.2221409240253505,0.7674740384180859
P03,S1,lv0,122,2.56684731352283,4.6093649466893085,0.0
P03,S1,lv0,123,4.675187945427681,5.161735995225975,0.0
P03,S1,lv0,124,4.013376439971014,7.029856192721131,0.0
P03,S1,lv0,125,6.227991237320638,4.483004891814467,0.2249356137760548
P03,S1,lv0,126,3.5951263068769355,3.079599122117843,0.0
P03,S1,lv0,127,3.825334857946059,3.3660060493456188,0.0
P03,S1,lv0,128,6.077214333136362,5.9051794581922605,0.0
P03,S1,lv0,129,3.957342813261238,4.4864714927254585,0.0
P03,S1,lv0,130,4.433339372241905,8.569217883898236,0.0
P03,S1,lv0,131,2.4627612726095367,4.277689569252377,0.0
P03,S1,lv0,132,3.5126695971120476,3.979919063812306,0.0
P03,S1,lv0,133,5.712746497473601,3.905492648643117,0.3562217263541431
P03,S1,lv0,134,5.734008168419117,3.049093847215387,0.9960388898189165
P03,S1,lv0,135,4.3965547832605445,5.733438446126376,0.0
P03,S1,lv0,136,5.716516449289072,3.1889577278669385,0.874049539042853
P03,S1,lv0,137,3.1354026376584048,2.305542392920812,0.1706478444866414
P03,S1,lv0,138,3.1890790262342046,3.921429737795409,0.0
P03,S1,lv0,139,2.9080898625759564,2.8063620124489446,0.0
P03,S1,lv0,140,4.2030244975818425,2.6786053652132598,0.5349654240036402
P03,S1,lv0,141,5.486538400284145,2.7081636469531656,1.1856414898197698
P03,S1,lv0,142,5.905579184993729,3.674232438463626,0.5961962397299517
P03,S1,lv0,143,8.664718720454715,5.023301741572595,0.7760262922525298
P03,S1,lv0,144,2.6992616699260448,3.0205343599775665,0.0
P03,S1,lv0,145,4.234203238301122,4.642403301860639,0.0
P03,S1,lv0,146,3.9994944763989526,6.769610830224235,0.0
P03,S1,lv0,147,3.371292972256497,6.471944597253088,0.0
P03,S1,lv0,148,3.7941079946187637,7.229934511300283,0.0
P03,S1,lv1,0,5.843744952407936,4.372706932759958,0.12620636739005153
P03,S1,lv1,1,4.143872309787304,3.7249423281295853,0.0
P03,S1,lv1,2,3.8889157400389425,4.440387632494076,0.0
P03,S1,lv1,3,8.960725266839132,3.1548225432604293,2.0460810966220375
P03,S1,lv1,4,4.972661816819105,4.229769992924035,0.0
P03,S1,lv1,5,6.134552197176469,4.765926606360256,0.030599630094414153
P03,S1,lv1,6,5.449054293988353,2.925346541255894,0.9717422411348892
P03,S1,lv1,7,9.289102483579049,4.0904396733417565,1.4763559263775687
P03,S1,lv1,8,7.589365121980966,2.1837684403306636,2.559904528116505
P03,S1,lv1,9,5.663158413704127,3.5108346846226106,0.6052991096239224
P03,S1,lv1,10,6.079279476668598,2.8975587032779857,1.274745477574388
P03,S1,lv1,11,2.909739524766717,5.444165136069085,0.0
P03,S1,lv1,12,7.729288125940858,9.128833939189493,0.0
P03,S1,lv1,13,5.558718405530716,6.406361520274678,0.0
P03,S1,lv1,14,5.019519735884343,2.6015482095204363,1.0613746875332637
P03,S1,lv1,15,3.568326735033276,3.8110720139233845,0.0
P03,S1,lv1,16,4.536615430882428,4.758161085433807,0.0
P03,S1,lv1,17,1.9897195032412127,3.200775625089274,0.0
P03,S1,lv1,18,3.2063486370101715,2.1972830517732946,0.3500979249632539
P03,S1,lv1,19,17.632701764647944,3.8147891302652006,3.286097558409743
P03,S1,lv1,20,7.015134417538645,5.7450388253388125,0.0
P03,S1,lv1,21,7.560953219323169,6.803163159442927,0.0
P03,S1,lv1,22,6.5583173243571355,2.8676676431105688,1.4942973858297148
P03,S1,lv1,23,8.056515292916599,3.9254387311458636,1.2186854003581906
P03,S1,lv1,24,11.320332279746424,4.894557811122456,1.5229236582870247
P03,S1,lv1,25,6.215808701396459,3.8961302204133665,0.5772471585712353
P03,S1,lv1,26,6.071144020349994,5.341130578536813,0.0
P03,S1,lv1,27,6.2672353568913355,5.864485456125636,0.0
P03,S1,lv1,28,5.969593783801456,3.526787327581721,0.7279472693172068
P03,S1,lv1,29,3.891829208768417,2.5305460525701857,0.4838727645994183
P03,S1,lv1,30,2.843793222837362,2.2373291270228894,0.0
P03,S1,lv1,31,3.663985646353401,2.7381087480314474,0.12950276938369082
P03,S1,lv1,32,4.6791035136907375,3.124053231557586,0.4164699140062295
P03,S1,lv1,33,3.576625211831802,4.815153304248592,0.0
P03,S1,lv1,34,6.986586107963988,2.6436035271604403,1.8625558532299114
P03,S1,lv1,35,2.842520206161654,6.016844572693015,0.0
P03,S1,lv1,36,10.47371897634134,2.137998428701957,3.434123192636249
P03,S1,lv1,37,5.712160699986837,3.2530600695690586,0.8214282497890724
P03,S1,lv1,38,5.589547396688243,3.8392774230277373,0.34424854888794687
P03,S1,lv1,39,4.943685410782724,3.204595750921294,0.4917184181736508
P03,S1,lv1,40,4.827244427024516,2.7042057864096853,0.8633595146623442
P03,S1,lv1,41,4.536160653225575,2.511625451776895,0.8931109817360873
P03,S1,lv1,42,4.115810162410876,1.556805748734074,1.863448369044692
P03,S1,lv1,43,3.9492144899510397,4.372240600467642,0.0
P03,S1,lv1,44,3.43913516702439,1.9515748605837682,0.8305500941606172
P03,S1,lv1,45,6.885725405543344,6.138745618266061,0.0
P03,S1,lv1,46,5.125649930646501,3.7060217393526105,0.21357329090791666
P03,S1,lv1,47,4.731763437604464,8.408910815241143,0.0
P03,S1,lv1,48,6.8988617463670945,3.661958351399598,1.0005920573392788
P03,S1,lv1,49,6.6593681386469274,4.17905601544583,0.5742606090218921
P03,S1,lv1,50,6.770720520849519,6.805677691395945,0.0
P03,S1,lv1,51,9.05500491971353,3.4744290342052775,1.827002740840739
P03,S1,lv1,52,5.935675393124648,2.600064815839397,1.4897376706971055
P03,S1,lv1,53,3.7138520534079045,2.064476769656048,0.8830318761530701
P03,S1,lv1,54,9.552609237885791,4.375944212030909,1.3757759896874293
P03,S1,lv1,55,7.006299954543111,5.454320831606257,0.025395938671172257
P03,S1,lv1,56,4.477970200729955,3.377071448533671,0.10627081990194359
P03,S1,lv1,57,20.745912128070906,6.699744239496617,2.2659985312451867
P03,S1,lv1,58,5.85399345626048,5.634216279364106,0.0
P03,S1,lv1,59,3.767169646935616,3.2742214837897845,0.0
P03,S1,lv1,60,8.733198373315197,4.8224505837445095,0.8999829454869541
P03,S1,lv1,61,11.277948551528779,5.687050680289702,1.1312251004771108
P03,S1,lv1,62,5.439405893831206,5.425074717795843,0.0
P03,S1,lv1,63,5.4450435584099415,3.1083174582599904,0.815375089649294
P03,S1,lv1,64,10.484262780415396,4.8611819290490885,1.3449678385529722
P03,S1,lv1,65,5.076690495392928,2.1410675453555537,1.5862766166275406
P03,S1,lv1,66,3.502816701643633,3.1400409568095053,0.0
P03,S1,lv1,67,4.484632867806713,3.12907696024159,0.30427992285918465
P03,S1,lv1,68,6.4496696522787245,4.307955728572521,0.4154262772390953
P03,S1,lv1,69,5.621444865076135,6.182986314302424,0.0
P03,S1,lv1,70,1.9035660469341258,1.5991260705203563,0.0
P03,S1,lv1,71,3.5363516785990687,3.1019400776242456,0.0
P03,S1,lv1,72,6.286282665838415,7.2033744127599295,0.0
P03,S1,lv1,73,5.827788072129402,7.675449965543532,0.0
P03,S1,lv1,74,4.425048778732228,5.426820054461737,0.0
P03,S1,lv1,75,3.5896670841967797,5.143152201233153,0.0
P03,S1,lv1,76,6.063125587833819,4.340127905363684,0.23909749701553146
P03,S1,lv1,77,4.717723084139393,6.821565850231919,0.0
P03,S1,lv1,78,5.651380544816801,4.278081157366403,0.09668152988238941
P03,S1,lv1,79,8.705176086609786,3.2839537508056753,1.8702478149497754
P03,S1,lv1,80,4.732649921128705,3.239395724905537,0.35312137996913284
P03,S1,lv1,81,2.8089660716239027,5.4545675671183815,0.0
P03,S1,lv1,82,5.8822943818626205,7.044542918210881,0.0
P03,S1,lv1,83,3.607951219402822,8.626190510557386,0.0
P03,S1,lv1,84,5.5957105756200765,4.873976065788244,0.0
P03,S1,lv1,85,4.478219240502108,3.955077550903981,0.0
P03,S1,lv1,86,5.699941171039514,4.424531489680257,0.0327548640896547
P03,S1,lv1,87,6.211267410653153,3.4318451778528223,0.8984994815192854
P03,S1,lv1,88,4.060089912380197,3.0200988791534247,0.14129674818148644
P03,S1,lv1,89,5.8455917320376445,5.738996171784155,0.0
P03,S1,lv1,90,6.950398115482342,4.321433063969592,0.5978733276207706
P03,S1,lv1,91,3.6479656902605466,6.031719348203749,0.0
P03,S1,lv1,92,6.406760225923049,4.784095234630918,0.13147046803825338
P03,S1,lv1,93,7.17013466688364,4.996224079819225,0.30764999864080916
P03,S1,lv1,94,4.121802319303414,5.253176431845302,0.0
P03,S1,lv1,95,5.75910392792219,3.4202698058615817,0.7146314730661466
P03,S1,lv1,96,6.14004068428625,6.05567347554679,0.0
P03,S1,lv1,97,7.375658476812772,4.5931672482991335,0.5938078513786378
P03,S1,lv1,98,8.254948145386482,6.222301037802788,0.10757475263510034
P03,S1,lv1,99,4.462637827123156,5.491276747196843,0.0
P03,S1,lv1,100,5.2100451387670725,4.123817100134415,0.0
P03,S1,lv1,101,8.380332649917554,5.148002844940059,0.628601591119439
P03,S1,lv1,102,6.31726690530794,4.516306921979363,0.2423326465739481
P03,S1,lv1,103,8.599921414076478,4.968023471143843,0.7850891799517156
P03,S1,lv1,104,2.7893300149715676,5.406988697445169,0.0
P03,S1,lv1,105,8.682810562068054,5.056837269637266,0.7643939317794104
P03,S1,lv1,106,6.066367885702034,3.056011508644285,1.1337507968063232
P03,S1,lv1,107,2.5714842804905316,5.354794312950924,0.0
P03,S1,lv1,108,4.051069541272379,4.606966459622707,0.0
P03,S1,lv1,109,3.653048212521173,1.9444672307792885,0.9935015114497834
P03,S1,lv1,110,5.795311263125176,2.184054055351917,1.8727858690207437
P03,S1,lv1,111,3.005527814489417,2.8674358374163056,0.0
P03,S1,lv1,112,5.835768852863253,4.8810681046293665,0.0
P03,S1,lv1,113,8.16025010550238,2.3486512334059526,2.5592365427137205
P03,S1,lv1,114,9.681609171172099,2.727802854114603,2.6134718641094152
P03,S1,lv1,115,3.885845780489264,2.5003639353426914,0.5105095730685758
P03,S1,lv1,116,6.822308633839539,4.884891803690737,0.23840781958049392
P03,S1,lv1,117,2.436458073572179,3.3482808661874905,0.0
P03,S1,lv1,118,2.7216681738276405,7.759572760783222,0.0
P03,S1,lv1,119,5.760484838602953,5.957721173473304,0.0
P03,S1,lv1,120,5.3624323724057605,6.777176507550347,0.0
P03,S1,lv1,121,12.001451189057798,3.3947153961878977,2.603479413887715
P03,S1,lv1,122,3.6259936615659973,1.9338354829838085,0.9885335938959583
P03,S1,lv1,123,2.480790273823695,1.8377049318694045,0.15184978596912443
P03,S1,lv1,124,5.287401321048571,4.000026502039918,0.09828739010908791
P03,S1,lv1,125,6.73735521850124,4.4380661491484075,0.4507799527811597
P03,S1,lv1,126,6.508987299808659,7.491889953255956,0.0
P03,S1,lv1,127,5.2125704184742645,3.8919107634094363,0.131766028850443
P03,S1,lv1,128,4.019260596092634,7.3569839821683445,0.0
P03,S1,lv1,129,9.705998799766055,3.8433188199803077,1.7468401566147898
P03,S1,lv1,130,6.9714203114738025,3.997637666648663,0.8038934405225387
P03,S1,lv1,131,6.578038862088374,4.067047780812463,0.6121525622134827
P03,S1,lv1,132,4.082147727822584,4.87661997167153,0.0
P03,S1,lv1,133,4.787126152522331,4.463679093750767,0.0
P03,S1,lv1,134,8.755583787752737,7.660476761363499,0.0
P03,S1,lv1,135,2.550871770757052,3.9200184783803826,0.0
P03,S1,lv1,136,3.1304598287686014,4.186013481845107,0.0
P03,S1,lv1,137,3.3987740684942076,3.086076053184945,0.0
P03,S1,lv1,138,3.092551023967253,3.4093469098907185,0.0
P03,S1,lv1,139,5.578686068643265,5.92235004256471,0.0
P03,S1,lv1,140,8.304540878801449,7.7370671496218,0.0
P03,S1,lv1,141,4.805336866315914,7.719062177967002,0.0
P03,S1,lv1,142,10.221984343140159,4.376540224189374,1.5478938704031593
P03,S1,lv1,143,12.682219600157113,5.440680279114039,1.5428382112731
P03,S1,lv1,144,2.8966491462161934,5.788340088860632,0.0
P03,S1,lv1,145,12.117598524109356,5.651344314152646,1.3301259288356955
P03,S1,lv1,146,5.577406837072964,10.036459047540438,0.0
P03,S1,lv1,147,6.530912944373312,8.68048998998816,0.0
P03,S1,lv1,148,4.0770726123983865,5.91967592654814,0.0
P03,S1,lv2,0,7.640131813929137,4.573734720375413,0.6943163356716093
P03,S1,lv2,1,7.265205642990874,5.634357763385576,0.03510266647317958
P03,S1,lv2,2,5.147972910128766,3.1832367067778873,0.6118603158069608
P03,S1,lv2,3,4.2756381038659175,4.388364512235088,0.0
P03,S1,lv2,4,5.722670043741015,5.19846297465464,0.0
P03,S1,lv2,5,7.686916020621349,3.7653310318808613,1.2051403336118602
P03,S1,lv2,6,3.4632319872587805,4.262291015858699,0.0
P03,S1,lv2,7,4.259496324830858,5.9903042366126655,0.0
P03,S1,lv2,8,3.826561484453855,3.1540408454095377,0.0
P03,S1,lv2,9,4.939219247004917,4.955773878239319,0.0
P03,S1,lv2,10,4.62423948052225,3.5027784208425916,0.09505216870109624
P03,S1,lv2,11,4.25926912544196,7.067471062235945,0.0
P03,S1,lv2,12,6.949899177084127,3.071951798485648,1.4667417865539891
P03,S1,lv2,13,5.287697296995856,3.3979699129833794,0.5138208266505166
P03,S1,lv2,14,5.85830364206488,4.551027785877634,0.030757210762212894
P03,S1,lv2,15,5.000259775179331,4.564684411999154,0.0
P03,S1,lv2,16,11.8359969465924,5.1103015655389425,1.5265156648583635
P03,S1,lv2,17,6.4730391987857026,4.968018736824767,0.06161466159300429
P03,S1,lv2,18,6.021077221116996,3.2684024926145234,0.9435671756635962
P03,S1,lv2,19,4.274048609405908,4.470786729545497,0.0
P03,S1,lv2,20,5.96378664999621,3.832499672970019,0.513779288809324
P03,S1,lv2,21,4.01651215689139,2.3078596546011947,0.7987444067539452
P03,S1,lv2,22,5.942043849290479,3.1500892135118486,1.0038108780007464
P03,S1,lv2,23,4.683258854556557,2.1991524340852195,1.312699788031145
P03,S1,lv2,24,3.766518174744192,4.621216268916071,0.0
P03,S1,lv2,25,5.118569688334779,2.246207564917508,1.4851217186755756
P03,S1,lv2,26,5.605425905378756,6.1352397315648295,0.0
P03,S1,lv2,27,4.786530964922138,3.848369795739421,0.0
P03,S1,lv2,28,7.497773332639332,6.734175881848773,0.0
P03,S1,lv2,29,9.477538500948059,3.7760691554491315,1.7311364778642555
P03,S1,lv2,30,8.408751433011647,4.18271335638366,1.1659980879542118
P03,S1,lv2,31,5.001408363890611,2.358971241650293,1.3014233142741456
P03,S1,lv2,32,4.109273412239263,2.6622114715362133,0.4931544711572671
P03,S1,lv2,33,8.121623605731365,5.685330422384223,0.2959331958334544
P03,S1,lv2,34,5.220868893206294,3.932530453067125,0.10937697396827421
P03,S1,lv2,35,7.917906996030553,7.818578781110832,0.0
P03,S1,lv2,36,5.256677218481455,4.432921949969964,0.0
P03,S1,lv2,37,5.775252398295173,4.367997024498993,0.09892785476938974
P03,S1,lv2,38,8.0193746325935,2.6873755627805678,2.1718177692716565
P03,S1,lv2,39,5.088483606235722,2.2940676258601025,1.4164214414140244
P03,S1,lv2,40,7.578236722395705,8.719740062307228,0.0
P03,S1,lv2,41,7.363246432140451,3.8518126760030214,1.0377675344410269
P03,S1,lv2,42,8.650699249515522,5.305723257959824,0.6326130560296268
P03,S1,lv2,43,7.349142963391499,4.081502552530396,0.8853891538098944
P03,S1,lv2,44,7.4918868138790415,4.67467053319191,0.5888336007465579
P03,S1,lv2,45,3.554806465326285,2.173526976817688,0.6404954172179905
P03,S1,lv2,46,5.970920681719652,3.2527574521716276,0.9344843430979576
P03,S1,lv2,47,5.612666125023109,3.679597227645549,0.4629364889486037
P03,S1,lv2,48,10.314657821155599,2.942723281921118,2.5816378656096313
P03,S1,lv2,49,8.784508455201792,3.0810311331567313,2.055774374232652
P03,S1,lv2,50,4.3997068867101925,3.534266855693361,0.0
P03,S1,lv2,51,4.907258125364672,3.4222841561390314,0.3055240749672818
P03,S1,lv2,52,4.694070233272918,2.8632337320562637,0.6466043474319474
P03,S1,lv2,53,4.873560058224108,2.596966940852269,0.9907170799817143
P03,S1,lv2,54,6.5133399661849065,5.052719510841973,0.03437010847633546
P03,S1,lv2,55,2.185510383481762,6.039075717818255,0.0
P03,S1,lv2,56,2.1749249820721466,2.5684758924498703,0.0
P03,S1,lv2,57,6.4050644180968686,9.784043947568767,0.0
P03,S1,lv2,58,6.884624241382538,10.94818891072253,0.0
P03,S1,lv2,59,4.437387506417591,4.145800719561234,0.0
P03,S1,lv2,60,6.290003300173139,5.530436933656181,0.0
P03,S1,lv2,61,4.763597801185831,4.290386717525565,0.0
P03,S1,lv2,62,10.194887774523433,6.385797467038844,0.5790245827251297
P03,S1,lv2,63,4.892546809210677,3.6572087299771483,0.12881187620683446
P03,S1,lv2,64,4.223233760575998,4.789372946785111,0.0
P03,S1,lv2,65,3.086940672854816,6.5287912507843915,0.0
P03,S1,lv2,66,9.461989416555566,5.973435775432015,0.5590355720980946
P03,S1,lv2,67,6.18283792853515,5.545148083481718,0.0
P03,S1,lv2,68,4.399219405517933,4.590851264648839,0.0
P03,S1,lv2,69,11.912509016083767,5.966000821545257,1.148680329029592
P03,S1,lv2,70,4.341890893930714,7.052283641649738,0.0
P03,S1,lv2,71,3.813121952458632,4.228156572339595,0.0
P03,S1,lv2,72,7.100149345742477,6.891982004862604,0.0
P03,S1,lv2,73,5.590500826294946,4.803064108871769,0.0
P03,S1,lv2,74,8.28416397637103,3.5098733225114565,1.5745901983678672
P03,S1,lv2,75,6.768634366621309,3.25430982842091,1.2525948287714195
P03,S1,lv2,76,6.610761942374866,7.485080958402215,0.0
P03,S1,lv2,77,4.894512274991424,4.646294580867495,0.0
P03,S1,lv2,78,5.015724828506962,3.167366048724488,0.5583154496704718
P03,S1,lv2,79,7.626455157700343,3.8856426336459085,1.1049381173203583
P03,S1,lv2,80,4.761942189606639,5.481105945641833,0.0
P03,S1,lv2,81,7.059451124224181,3.902871740736103,0.8969404692603761
P03,S1,lv2,82,4.601735216703506,5.440080864565144,0.0
P03,S1,lv2,83,5.932318381679085,5.058738314489008,0.0
P03,S1,lv2,84,4.339312902680888,2.7413760618422374,0.5572418780965737
P03,S1,lv2,85,11.340153666118157,3.8483413641476507,2.139763182577684
P03,S1,lv2,86,2.592152813735711,2.937429952330697,0.0
P03,S1,lv2,87,3.1269326707122396,3.2565106527999865,0.0
P03,S1,lv2,88,7.139254743387209,3.6817198381698075,1.0741093788629075
P03,S1,lv2,89,9.512311839060285,4.969672992739615,1.0410164414671135
P03,S1,lv2,90,2.460939879735538,2.3304374776356283,0.0
P03,S1,lv2,91,4.311796727224693,3.100108346315339,0.2278827688608873
P03,S1,lv2,92,4.556439487735712,2.4526641806775644,0.9649622828394563
P03,S1,lv2,93,4.892971938479001,4.714616880243884,0.0
P03,S1,lv2,94,7.58954050515584,2.9748736680031573,1.7727166334566502
P03,S1,lv2,95,7.348243149645841,4.04700011626786,0.9066952758264734
P03,S1,lv2,96,7.80811421474926,2.9656399064774552,1.8529341029964854
P03,S1,lv2,97,3.3937570336014793,3.4090300279561596,0.0
P03,S1,lv2,98,8.054528600617674,3.2540453655174164,1.6957261719729584
P03,S1,lv2,99,7.535885486014902,3.3625371786266522,1.4427194876943241
P03,S1,lv2,100,3.6341529815732088,7.230128087223941,0.0
P03,S1,lv2,101,4.713667293429218,3.0537669791190156,0.49315765450321614
P03,S1,lv2,102,5.395053540412103,6.602052706482375,0.0
P03,S1,lv2,103,4.953269756811437,3.1756409971140815,0.5197636403543371
P03,S1,lv2,104,4.835249978726722,1.9925480163371023,1.6452624929446427
P03,S1,lv2,105,6.099502687434078,4.272072905220524,0.2945765155789148
P03,S1,lv2,106,4.062932979952678,5.834359995367822,0.0
P03,S1,lv2,107,4.37711969933602,4.752202008158177,0.0
P03,S1,lv2,108,4.058589644589149,3.5507504971693757,0.0
P03,S1,lv2,109,5.951168246544366,4.206087102742802,0.27152232230981466
P03,S1,lv2,110,9.497891585308535,3.5423760667226305,1.899284021491593
P03,S1,lv2,111,8.75331702809654,6.596520154247201,0.1081284647967766
P03,S1,lv2,112,5.923945600119789,5.493714193819312,0.0
P03,S1,lv2,113,6.939931028517845,3.6654117220562306,1.013306200208993
P03,S1,lv2,114,5.231118034133828,6.601192648617676,0.0
P03,S1,lv2,115,5.944263727894173,4.62930646383623,0.02442312801028819
P03,S1,lv2,116,8.839516110153058,7.652569606183868,0.0
P03,S1,lv2,117,6.553812185169686,3.3360675800982493,1.1072793383149437
P03,S1,lv2,118,5.55281991861336,4.685402082583182,0.0
P03,S1,lv2,119,7.712405180609136,6.237220931485555,0.0
P03,S1,lv2,120,4.228189175810421,6.064406039158126,0.0
P03,S1,lv2,121,10.346116714335816,3.5114121609852984,2.1394712602729404
P03,S1,lv2,122,6.916165665896831,3.6229279974396404,1.0342582631425876
P03,S1,lv2,123,9.238731175020373,4.822270349256175,1.0433765621029554
P03,S1,lv2,124,2.920627290905746,2.385268108579601,0.0
P03,S1,lv2,125,3.049095293471674,2.9895985203593143,0.0
P03,S1,lv2,126,10.654591867836302,7.2547167436301,0.366466633563676
P03,S1,lv2,127,2.7242548150827726,3.879614163152244,0.0
P03,S1,lv2,128,4.684367132106751,3.977486908161795,0.0
P03,S1,lv2,129,6.768821497783629,3.1854076274948206,1.307160035850518
P03,S1,lv2,130,2.237040471497783,3.1827381672574107,0.0
P03,S1,lv2,131,4.647725580855444,5.551081564281944,0.0
P03,S1,lv2,132,7.61832624128059,5.622417516210513,0.16136160196524246
P03,S1,lv2,133,7.584781335888454,4.716126334127861,0.5977310995619545
P03,S1,lv2,134,3.087403936276512,7.19277916976149,0.0
P03,S1,lv2,135,4.957573540657942,4.120450753845207,0.0
P03,S1,lv2,136,3.347298227735104,2.362960104451625,0.27453647363125555
P03,S1,lv2,137,2.211347852400989,3.533339982056635,0.0
P03,S1,lv2,138,4.473990475163909,3.59299762989897,0.0
P03,S1,lv2,139,14.409793078083668,6.595371312557769,1.377935272520151
P03,S1,lv2,140,6.080017729387885,7.488283902312219,0.0
P03,S1,lv2,141,7.347851942247155,3.344753252649915,1.391877643676309
P03,S1,lv2,142,5.831724517055599,2.8940895776644915,1.1719297328622595
P03,S1,lv2,143,7.5025129316913866,3.38499162029346,1.4144688399169474
P03,S1,lv2,144,11.431607156359545,3.4564868050905404,2.4336837554240907
P03,S1,lv2,145,4.882919968239889,1.9716349734532295,1.6971132933134405
P03,S1,lv2,146,6.437360598445753,3.3058455572261156,1.0847993620079568
P03,S1,lv2,147,3.750380603385626,3.102982629566586,0.0
P03,S1,lv2,148,8.788091534024622,4.738885519259523,0.9604522798619187
P03,S2,lv0,0,3.7890230078275473,2.483881538615179,0.0
P03,S2,lv0,1,4.781480593862289,1.6814365667239122,1.4469528548716213
P03,S2,lv0,2,10.677486208182302,2.6610852652341253,2.372831720402622
P03,S2,lv0,3,3.268928030382031,1.343289725749043,1.0280875360718347
P03,S2,lv0,4,5.819656475000978,2.1250934666258106,1.345635714009161
P03,S2,lv0,5,3.7092155223344085,3.762101099389566,0.0
P03,S2,lv0,6,3.0703539293929403,1.860480026656525,0.0
P03,S2,lv0,7,3.0862417087176075,2.12962893814293,0.0
P03,S2,lv0,8,6.036301839395143,2.735474601143299,0.7649437447873946
P03,S2,lv0,9,6.710156926073153,4.697648699941243,0.0
P03,S2,lv0,10,6.415443925404356,3.5786363736795406,0.20624532874100665
P03,S2,lv0,11,4.388467921412853,2.6487468111668235,0.0
P03,S2,lv0,12,8.40338331582543,2.4634599377053363,1.9362862989176997
P03,S2,lv0,13,6.303037310748015,5.33381394224327,0.0
P03,S2,lv0,14,4.816610891887571,5.717087586806812,0.0
P03,S2,lv0,15,5.946802036645571,2.049042258995197,1.5017560919099509
P03,S2,lv0,16,6.449199891172344,6.496003939440057,0.0
P03,S2,lv0,17,5.35717936412824,2.824564650744425,0.35779770656005944
P03,S2,lv0,18,3.4213685797201445,2.350365921909674,0.0
P03,S2,lv0,19,3.901349616317795,2.8777898735467864,0.0
P03,S2,lv0,20,4.438367697927738,5.313038218919836,0.0
P03,S2,lv0,21,2.320437547395235,1.9357989190265037,0.0
P03,S2,lv0,22,4.745243081678096,3.3690712482110254,0.0
P03,S2,lv0,23,3.6902948664452397,2.3335449231130188,0.0
P03,S2,lv0,24,6.074093311336638,6.055047146592485,0.0
P03,S2,lv0,25,5.704382244897876,6.480051915506024,0.0
P03,S2,lv0,26,5.3478870921320185,3.309316843633036,0.0
P03,S2,lv0,27,3.706516504481122,3.203925594259058,0.0
P03,S2,lv0,28,5.374202456709797,1.7618427326856378,1.6355918755549543
P03,S2,lv0,29,2.7144197221241,3.9649030308254933,0.0
P03,S2,lv0,30,3.775933259946868,2.617162064642253,0.0
P03,S2,lv0,31,3.65321711634349,2.8095331844035836,0.0
P03,S2,lv0,32,5.262645885770768,2.973497765623756,0.1717397462932434
P03,S2,lv0,33,3.1365875017833615,3.932656192769923,0.0
P03,S2,lv0,34,5.2873918132584325,2.7847462507931806,0.36071536753634575
P03,S2,lv0,35,3.291387699392707,2.966386359456723,0.0
P03,S2,lv0,36,3.6185488924148306,3.8898899380804144,0.0
P03,S2,lv0,37,4.345477807420802,3.7474943790747277,0.0
P03,S2,lv0,38,4.8568458606577005,3.2909702018995937,0.0
P03,S2,lv0,39,3.8447253867758118,5.519798368100029,0.0
P03,S2,lv0,40,6.475194346988477,4.121660995464646,0.0
P03,S2,lv0,41,7.096075383296896,4.7322168268784734,0.0
P03,S2,lv0,42,6.936132675311124,3.1256998031071426,0.7800018448874809
P03,S2,lv0,43,4.396959677153544,2.9335768496890267,0.0
P03,S2,lv0,44,4.816698565524962,3.9296518431255647,0.0
P03,S2,lv0,45,4.835178762264938,3.067631967347769,0.0
P03,S2,lv0,46,5.499077803592816,2.5611215302673336,0.6913915904060175
P03,S2,lv0,47,5.344565010191246,3.6404564779395523,0.0
P03,S2,lv0,48,4.203351679801878,2.605055561167439,0.0
P03,S2,lv0,49,4.160084170713006,1.9522326449197285,0.6710253070785063
P03,S2,lv0,50,3.4913557046852097,3.3970379770717134,0.0
P03,S2,lv0,51,3.2345441989059758,2.0160764023502367,0.0
P03,S2,lv0,52,3.9384208717893587,3.2115547782970206,0.0
P03,S2,lv0,53,4.35364373930897,3.4102612260141036,0.0
P03,S2,lv0,54,3.368982227818263,2.594206675187458,0.0
P03,S2,lv0,55,4.776342795685445,2.3566750606444273,0.5361960352153678
P03,S2,lv0,56,6.4357021584135286,3.399050261472589,0.35317651288715507
P03,S2,lv0,57,3.626086084493041,3.340778805906578,0.0
P03,S2,lv0,58,4.983320069578475,1.9512209558609854,1.1579749730100637
P03,S2,lv0,59,5.287599486361687,1.6727802546517963,1.7313992449212376
P03,S2,lv0,60,4.57007904546376,2.454415098976038,0.30820619199218324
P03,S2,lv0,61,3.6553767322599904,2.971518543093488,0.0
P03,S2,lv0,62,3.4647564627269283,3.1247164789119024,0.0
P03,S2,lv0,63,5.739439309318927,4.238939871268557,0.0
P03,S2,lv0,64,4.397519979823811,2.18573466509252,0.5164720415630534
P03,S2,lv0,65,6.115308817886777,4.2802293592938,0.0
P03,S2,lv0,66,4.34854832016617,2.6201652469624044,0.0
P03,S2,lv0,67,3.0605963146685657,2.1576536303787512,0.0
P03,S2,lv0,68,4.975937742927358,3.281696723368772,0.0
P03,S2,lv0,69,6.315582259075513,3.4907530975407206,0.23092119441078457
P03,S2,lv0,70,4.591687180944005,3.9469835132670568,0.0
P03,S2,lv0,71,2.84087537149054,2.995144902757238,0.0
P03,S2,lv0,72,2.772102599100624,2.3313637318947857,0.0
P03,S2,lv0,73,2.74153674105515,1.7931941015872013,0.0
P03,S2,lv0,74,4.876710020931683,3.1367549335243448,0.0
P03,S2,lv0,75,3.7342050078187525,3.3518709443548467,0.0
P03,S2,lv0,76,9.580656755943027,3.464787701456644,1.3716380031587416
P03,S2,lv0,77,4.7094417323247555,2.5816250234344085,0.2531009386309679
P03,S2,lv0,78,6.013895271293129,4.68225325641956,0.0
P03,S2,lv0,79,2.4394103390414084,4.602780535521668,0.0
P03,S2,lv0,80,5.223272235282794,4.315736412992857,0.0
P03,S2,lv0,81,3.2100020586384206,4.906003428385331,0.0
P03,S2,lv0,82,4.265386877973338,5.876713711557736,0.0
P03,S2,lv0,83,4.34333380432551,2.5394442906671473,0.07977612782791879
P03,S2,lv0,84,6.510773958387792,4.28312487144786,0.0
P03,S2,lv0,85,3.880308167724738,6.479592332513327,0.0
P03,S2,lv0,86,3.6856875551003516,2.352329800807325,0.0
P03,S2,lv0,87,3.359584713055711,4.461834975495922,0.0
P03,S2,lv0,88,5.812453225693867,1.9663734443275898,1.5510499856661266
P03,S2,lv0,89,5.4837250950558305,3.469171838261032,0.0
P03,S2,lv0,90,6.608842305988857,1.596110212780086,2.457366617826164
P03,S2,lv0,91,3.7052531372135777,1.890130165702757,0.4466002445873341
P03,S2,lv0,92,2.9390900702644043,3.0334971362546335,0.0
P03,S2,lv0,93,4.145331997891035,2.6946484350951367,0.0
P03,S2,lv0,94,4.092133459579469,3.042785451469824,0.0
P03,S2,lv0,95,5.433217279991716,2.3683693265554733,0.8693989160346618
P03,S2,lv0,96,2.37817010309287,1.4453351415245672,0.0
P03,S2,lv0,97,6.8658681720383195,3.600257900445109,0.3725172023584829
P03,S2,lv0,98,3.560866859533717,3.1147301650626686,0.0
P03,S2,lv0,99,6.906944142814719,2.491433299288237,1.3785608239524108
P03,S2,lv0,100,3.115529368540268,2.746434131147875,0.0
P03,S2,lv0,101,4.27792378415728,3.2655918008330325,0.0
P03,S2,lv0,102,5.392572978940087,3.966090806515703,0.0
P03,S2,lv0,103,8.596007591804536,2.1667782235414754,2.342318175149395
P03,S2,lv0,104,3.507546839919754,3.972336763822353,0.0
P03,S2,lv0,105,3.54464807752205,2.311022959705278,0.0
P03,S2,lv0,106,4.874224345297187,2.47732217116797,0.45648796390658075
P03,S2,lv0,107,3.995778561285686,6.965544561708773,0.0
P03,S2,lv0,108,3.6110651406911467,4.129307849411633,0.0
P03,S2,lv0,109,2.490428618685653,4.3408279422317735,0.0
P03,S2,lv0,110,3.217793731003004,2.2382535466327056,0.0
P03,S2,lv0,111,3.241787444546835,5.810564228493775,0.0
P03,S2,lv0,112,5.978893976165238,2.3719031776958777,1.1227522007606763
P03,S2,lv0,113,3.3869294210388436,4.744019601181447,0.0
P03,S2,lv0,114,4.823173713880684,4.581361298006556,0.0
P03,S2,lv0,115,5.29689978780117,4.042495958247301,0.0
P03,S2,lv0,116,7.494001393504285,3.6702758376389055,0.5561298218025821
P03,S2,lv0,117,4.7056771515778415,3.3232853019187827,0.0
P03,S2,lv0,118,5.748092991447802,2.7076631708853878,0.660861767136522
P03,S2,lv0,119,3.9871356603408477,3.0789936482674998,0.0
P03,S2,lv0,120,5.143201264573492,2.357843654271826,0.7338614936175255
P03,S2,lv0,121,2.694216034535548,4.029486370335745,0.0
P03,S2,lv0,122,4.065803136233119,3.483919239266912,0.0
P03,S2,lv0,123,5.21124489339735,2.390289966995309,0.7324520628337013
P03,S2,lv0,124,3.1864962457776103,2.9011012590358023,0.0
P03,S2,lv0,125,4.627141583323318,4.18155776952305,0.0
P03,S2,lv0,126,2.7643566197629235,2.557887232053357,0.0
P03,S2,lv0,127,5.3637864868562595,2.4810660559728595,0.7098033532294578
P03,S2,lv0,128,2.456431135499033,2.488786268787075,0.0
P03,S2,lv0,129,3.81401514796427,1.3117648242657631,1.5066717107751424
P03,S2,lv0,130,5.479518403152961,2.3992874957660195,0.8573397159342033
P03,S2,lv0,131,2.9104178014047766,2.349875446768786,0.0
P03,S2,lv0,132,3.5557566475153215,2.4324300788967754,0.0
P03,S2,lv0,133,3.803987377016714,1.8034181362197288,0.6436076853284146
P03,S2,lv0,134,3.2381377245113367,3.485410655025704,0.0
P03,S2,lv0,135,2.7079537599496066,3.0305742579630572,0.0
P03,S2,lv0,136,4.9870934196333625,2.0143977598205933,1.0743207467072327
P03,S2,lv0,137,3.118082304264553,3.412646174527184,0.0
P03,S2,lv0,138,2.506528700595598,4.642097948102563,0.0
P03,S2,lv0,139,8.133604093798741,5.761303993599604,0.0
P03,S2,lv0,140,4.694826731464353,3.348086767276492,0.0
P03,S2,lv0,141,3.089721655936953,8.25680798551199,0.0
P03,S2,lv0,142,1.451272863046384,7.06217146331267,0.0
P03,S2,lv0,143,6.5785193782735325,2.5339645876028807,1.20203280459983
P03,S2,lv0,144,4.083914762540762,5.637542275044231,0.0
P03,S2,lv0,145,5.605497831943071,4.348191601455059,0.0
P03,S2,lv0,146,1.9554386918275863,3.074795234674478,0.0
P03,S2,lv0,147,4.941000540823158,2.178843044222944,0.8383232009619742
P03,S2,lv0,148,3.6036117574239617,3.5514286997017463,0.0
P03,S2,lv1,0,6.393988116648735,4.202027965475629,0.0
P03,S2,lv1,1,3.8817746435902274,2.5834010336424633,0.0
P03,S2,lv1,2,3.396854094647322,4.211411502411154,0.0
P03,S2,lv1,3,9.419614367423181,3.561338189316896,1.2521402353607223
P03,S2,lv1,4,6.032398194844696,3.3647150726416593,0.20644697834622278
P03,S2,lv1,5,5.806102669379301,2.9559583917075942,0.45192675038850816
P03,S2,lv1,6,3.532612190327057,2.237291264125956,0.0
P03,S2,lv1,7,12.68791126330949,3.2697665400756217,2.282819644561747
P03,S2,lv1,8,2.6685060188938374,4.261624718036974,0.0
P03,S2,lv1,9,2.2140761379955953,1.87260587348415,0.0
P03,S2,lv1,10,3.8345645542693116,1.7604428265944732,0.7299952908031142
P03,S2,lv1,11,3.171538857226295,2.8710643178307125,0.0
P03,S2,lv1,12,5.74084657458888,4.796312186423433,0.0
P03,S2,lv1,13,15.598410273246568,3.2212385489164115,2.8783910556159875
P03,S2,lv1,14,5.023315330961124,5.970222583954852,0.0
P03,S2,lv1,15,6.20187752043165,4.95588215512553,0.0
P03,S2,lv1,16,2.698971334815265,1.792424165260556,0.0
P03,S2,lv1,17,5.664255791702494,2.892628714471075,0.44365281717330524
P03,S2,lv1,18,3.3696031608445827,3.0439400967405907,0.0
P03,S2,lv1,19,3.047678400299713,3.2173641102372867,0.0
P03,S2,lv1,20,4.629065206867522,2.2829196175070465,0.5374771345908276
P03,S2,lv1,21,6.139477873644251,3.857327790670605,0.0
P03,S2,lv1,22,4.289447235000049,2.1164351869121742,0.5361995906076314
P03,S2,lv1,23,6.143780806802641,2.0628456826522434,1.571331882281039
P03,S2,lv1,24,4.170715701491088,3.7362651369958773,0.0
P03,S2,lv1,25,4.957892064887205,6.5290659970202,0.0
P03,S2,lv1,26,2.889263253302347,2.58602660456791,0.0
P03,S2,lv1,27,3.4055653822389353,3.00669470856772,0.0
P03,S2,lv1,28,13.001487215951604,4.297497243512897,1.6134898079387527
P03,S2,lv1,29,5.9798628442822555,1.9518132980813732,1.6473942341284271
P03,S2,lv1,30,4.315322329417691,1.5570081580657575,1.3778529135223427
P03,S2,lv1,31,5.455515625743256,3.5803093573868043,0.0
P03,S2,lv1,32,1.7017905136410594,2.126317424618729,0.0
P03,S2,lv1,33,6.523420366772364,4.8004392907318705,0.0
P03,S2,lv1,34,3.898559840373034,3.67342947247407,0.0
P03,S2,lv1,35,3.388928420041404,3.2599831672925403,0.0
P03,S2,lv1,36,4.673411754164907,3.1436130380469143,0.0
P03,S2,lv1,37,4.631239633655325,3.0240505528552384,0.0
P03,S2,lv1,38,5.070176273571011,3.620671344838829,0.0
P03,S2,lv1,39,7.743568234492542,5.019763929748679,0.0
P03,S2,lv1,40,6.52262828592609,7.031340727842921,0.0
P03,S2,lv1,41,3.1654418538219717,4.610754566327318,0.0
P03,S2,lv1,42,2.9602597678655167,2.3452160139735527,0.0
P03,S2,lv1,43,5.302773034486493,1.8066626485288584,1.5320560522678488
P03,S2,lv1,44,5.14227501354146,2.6763800323766893,0.3926143796605001
P03,S2,lv1,45,7.145046075740879,5.359921369462524,0.0
P03,S2,lv1,46,5.186332852061911,4.304725699173368,0.0
P03,S2,lv1,47,4.903369273492505,6.852393558388751,0.0
P03,S2,lv1,48,5.315594202922665,3.751419937564196,0.0
P03,S2,lv1,49,6.110027776489061,5.673609098092428,0.0
P03,S2,lv1,50,6.66289899605792,4.098555734322837,0.0
P03,S2,lv1,51,6.103602783686349,3.1437228562093384,0.4206919363534062
P03,S2,lv1,52,4.086370965518257,3.1898074536180334,0.0
P03,S2,lv1,53,4.550925647308968,6.084668412898128,0.0
P03,S2,lv1,54,6.172530714384284,4.356128975008854,0.0
P03,S2,lv1,55,3.396945329494587,2.9407763644692837,0.0
P03,S2,lv1,56,3.658684661150327,4.879768085950789,0.0
P03,S2,lv1,57,5.047230996182915,2.6137475520412607,0.4061254659073674
P03,S2,lv1,58,3.413982653215164,1.4832249805456506,0.8783564648603125
P03,S2,lv1,59,4.8482678286225065,3.135081228217048,0.0
P03,S2,lv1,60,8.24280151312101,4.0656165302252,0.5371412204123391
P03,S2,lv1,61,4.862734937349986,3.123468673774264,0.0
P03,S2,lv1,62,7.14429585795397,4.351195985701108,0.0
P03,S2,lv1,63,4.8117148084823,3.5102349877060997,0.0
P03,S2,lv1,64,3.703701039318752,3.7669086147865527,0.0
P03,S2,lv1,65,6.1035760995827495,3.31330212152598,0.2793987153687924
P03,S2,lv1,66,6.537760413488011,6.032826393713869,0.0
P03,S2,lv1,67,2.3076641231136574,3.7749046172071514,0.0
P03,S2,lv1,68,6.049083089429798,4.662065732677684,0.0
P03,S2,lv1,69,2.564172187301721,2.796549722764733,0.0
P03,S2,lv1,70,3.948704999696481,3.99025648688758,0.0
P03,S2,lv1,71,7.5915265186940255,2.5816830503226877,1.5370109917298447
P03,S2,lv1,72,4.6512075140707605,1.9500398946974749,0.9741339037683153
P03,S2,lv1,73,4.928327394255181,2.882129287122225,0.0791666743311994
P03,S2,lv1,74,4.03881129438793,2.6092883656247547,0.0
P03,S2,lv1,75,3.146351326135629,2.498935513607562,0.0
P03,S2,lv1,76,3.726536599053542,3.9224236600069493,0.0
P03,S2,lv1,77,4.8070592291025775,3.177222024459868,0.0
P03,S2,lv1,78,3.157453527099228,3.5572777052731794,0.0
P03,S2,lv1,79,3.175494648762127,2.313336700730469,0.0
P03,S2,lv1,80,5.293997130747023,4.034989367858606,0.0
P03,S2,lv1,81,4.211286062559927,2.1368251126811706,0.4609631609154048
P03,S2,lv1,82,7.05269206018778,5.637320341241223,0.0
P03,S2,lv1,83,10.03253371906424,4.17100820028931,0.9967183745334962
P03,S2,lv1,84,5.3264824226546885,5.257328274610212,0.0
P03,S2,lv1,85,2.2698274356342254,4.755880178272117,0.0
P03,S2,lv1,86,6.0432647922757825,4.100357440339457,0.0
P03,S2,lv1,87,4.515221962520956,6.270745155733187,0.0
P03,S2,lv1,88,14.81772088568142,26.257484233962856,0.0
P03,S2,lv1,89,7.982717643842385,4.194508996870867,0.3669926375855759
P03,S2,lv1,90,5.963317242364801,3.977857195561115,0.0
P03,S2,lv1,91,7.936917393537057,4.325775837248773,0.2686526576098172
P03,S2,lv1,92,3.492223966374337,4.077106904407551,0.0
P03,S2,lv1,93,4.974547377863621,3.9549295169757985,0.0
P03,S2,lv1,94,4.26356758430317,2.288001961649567,0.3103180423898316
P03,S2,lv1,95,5.113374441047465,2.2786688976016505,0.8100717004697049
P03,S2,lv1,96,5.025843623232957,4.567429972654041,0.0
P03,S2,lv1,97,3.590118065515076,4.164167462193046,0.0
P03,S2,lv1,98,5.500385024484904,3.957493962931568,0.0
P03,S2,lv1,99,4.147602957900246,2.633517082210673,0.0
P03,S2,lv1,100,5.70968112192087,3.253226305275628,0.14920736278507057
P03,S2,lv1,101,6.36623268096401,2.8315891957674175,0.8151856046966002
P03,S2,lv1,102,8.470768716944836,3.502718069758486,1.0112575351342794
P03,S2,lv1,103,12.201276169839902,4.303703297354741,1.4387857648635876
P03,S2,lv1,104,5.218624500396457,2.943220935435036,0.17667262065421402
P03,S2,lv1,105,9.468101895189152,3.0514379519993953,1.6814838344200471
P03,S2,lv1,106,7.624357815812249,2.7378762672975445,1.3906523911471858
P03,S2,lv1,107,14.935817609686605,2.623474090213003,3.313656046854183
P03,S2,lv1,108,7.847396595794276,3.2419680297856512,1.0137295826683947
P03,S2,lv1,109,9.789384486988295,3.8730618035450477,1.1300405756372462
P03,S2,lv1,110,8.763661800721637,4.347471572028085,0.5216638899506283
P03,S2,lv1,111,7.8885453029348565,3.891385576898863,0.5367958954191855
P03,S2,lv1,112,7.089835171234582,3.376070773705291,0.6317312003168141
P03,S2,lv1,113,5.70261789836188,2.527348060703476,0.82482626860452
P03,S2,lv1,114,7.647552949852233,5.716718774479443,0.0
P03,S2,lv1,115,4.365091722049485,6.00339582821732,0.0
P03,S2,lv1,116,5.356087010279991,1.9194934226876348,1.3960489802842946
P03,S2,lv1,117,4.9676760770574155,2.9623565105321386,0.026719557253464726
P03,S2,lv1,118,3.6284445724486143,4.039294002089693,0.0
P03,S2,lv1,119,5.201948684689039,2.248766191528817,0.8917775034868525
P03,S2,lv1,120,7.518553796367426,2.757547100836591,1.3338217476336722
P03,S2,lv1,121,4.870772809620667,3.179802369590935,0.0
P03,S2,lv1,122,4.468574536395912,2.1163497437848755,0.6463255522600776
P03,S2,lv1,123,4.986190973887962,4.155045755047295,0.0
P03,S2,lv1,124,5.3837492913045,4.454469671575748,0.0
P03,S2,lv1,125,11.396203999033208,5.012893021441262,0.8450280385951665
P03,S2,lv1,126,6.592331508425148,2.6681185180318834,1.068943912091058
P03,S2,lv1,127,5.07324694642976,4.231361434783633,0.0
P03,S2,lv1,128,4.06121962417782,2.018890841414914,0.51605876888591
P03,S2,lv1,129,6.893551544169774,8.891743983152802,0.0
P03,S2,lv1,130,5.252457803781879,1.8471568250714874,1.4468097802593929
P03,S2,lv1,131,3.409300531401564,2.2446353831380677,0.0
P03,S2,lv1,132,3.1691486146697145,5.903556758858594,0.0
P03,S2,lv1,133,3.9165464407760373,2.078864460194541,0.33979409379387626
P03,S2,lv1,134,3.7140488022580564,6.726125824377691,0.0
P03,S2,lv1,135,4.3565399480725295,2.5831520925430653,0.04204956059116725
P03,S2,lv1,136,4.02223179366671,1.5015984459475817,1.2861552126201297
P03,S2,lv1,137,3.6890878316442883,2.4272183183163776,0.0
P03,S2,lv1,138,4.575220794615652,3.659313257551703,0.0
P03,S2,lv1,139,8.633502817525235,5.103565943100651,0.050232787657335375
P03,S2,lv1,140,4.336350848931175,1.6269007191837344,1.2728429004327162
P03,S2,lv1,141,4.630080964175661,2.1814893182544104,0.6602818679257924
P03,S2,lv1,142,2.8721043013155234,2.16727165318116,0.0
P03,S2,lv1,143,4.278460141644597,1.735495260202117,1.0629385235361206
P03,S2,lv1,144,6.339841944566274,2.9369412717508694,0.7057786410099992
P03,S2,lv1,145,4.55473965241196,4.781827559863033,0.0
P03,S2,lv1,146,4.7012998459431365,3.845121705021099,0.0
P03,S2,lv1,147,6.374687816934999,2.218356929679121,1.4750991148819865
P03,S2,lv1,148,8.433575298220529,2.0022639936513147,2.503360004457715
P03,S2,lv2,0,10.063715572943362,2.4949295662476514,2.3870103737321804
P03,S2,lv2,1,8.784895014253875,4.999867051840783,0.15218286757665847
P03,S2,lv2,2,8.678759607105277,2.544236380916743,1.936233854942579
P03,S2,lv2,3,7.799314995692755,6.852789054668642,0.0
P03,S2,lv2,4,7.008367896963607,4.723258662563949,0.0
P03,S2,lv2,5,5.113040372153048,4.176922740596121,0.0
P03,S2,lv2,6,3.3351362744050714,2.355842009260602,0.0
P03,S2,lv2,7,6.405415580788736,3.623468620900954,0.16855876622192129
P03,S2,lv2,8,7.848150402677159,3.235948366979642,1.0189857209257276
P03,S2,lv2,9,5.140105099206763,2.0461682508703345,1.1135060768799778
P03,S2,lv2,10,16.30599136654199,4.853658238445235,1.8952293037448857
P03,S2,lv2,11,12.166236632031584,5.011443092041455,1.0216341753701348
P03,S2,lv2,12,10.819463847421938,2.55751227879173,2.5151100821922587
P03,S2,lv2,13,8.768331964925196,3.508747203901993,1.0994765399728346
P03,S2,lv2,14,6.416175755440521,4.334322743511776,0.0
P03,S2,lv2,15,2.298542079331025,1.6988792950184952,0.0
P03,S2,lv2,16,6.480763818041544,8.809330922836903,0.0
P03,S2,lv2,17,16.066715783631874,3.7676560892061004,2.5365829667842728
P03,S2,lv2,18,8.38555803950277,2.644595564355258,1.7397772998430678
P03,S2,lv2,19,7.529304436065991,1.7757041077493254,2.521278831546984
P03,S2,lv2,20,10.626812318337914,5.233783252285457,0.5410969694816952
P03,S2,lv2,21,6.547620942098741,1.9239424968777603,1.9299876218958811
P03,S2,lv2,22,3.0043089524933153,3.4145188313807884,0.0
P03,S2,lv2,23,6.471567382657351,3.1265078562814086,0.5928786306586001
P03,S2,lv2,24,8.235954218011603,9.570467024638507,0.0
P03,S2,lv2,25,9.163618051864702,6.325463751060902,0.0
P03,S2,lv2,26,5.595055634092277,5.502849515981532,0.0
P03,S2,lv2,27,6.209487435294294,2.218675194892873,1.4041049504532408
P03,S2,lv2,28,9.560585015087938,4.239953337814309,0.8230564344122979
P03,S2,lv2,29,7.98560162253417,3.880842897937722,0.5769752634287457
P03,S2,lv2,30,11.356657974767858,4.89915071404151,0.8973997504806817
P03,S2,lv2,31,7.019136862848622,3.157993858511135,0.784350503498749
P03,S2,lv2,32,10.496411645502533,4.868726176438779,0.7023255868335102
P03,S2,lv2,33,13.502921688062592,2.710101513901614,2.9550773174610425
P03,S2,lv2,34,5.966138112363374,3.469135903827841,0.09455933967718404
P03,S2,lv2,35,4.365074111839733,2.764211653550299,0.0
P03,S2,lv2,36,5.26855613417741,3.407106909092375,0.0
P03,S2,lv2,37,4.630834233535045,5.084993367208558,0.0
P03,S2,lv2,38,3.197592545918002,3.1285849903552676,0.0
P03,S2,lv2,39,3.816430099045079,4.304588325324633,0.0
P03,S2,lv2,40,5.920350221200893,5.739650454622171,0.0
P03,S2,lv2,41,9.300503792743534,3.558498328266127,1.2200644626836736
P03,S2,lv2,42,4.242079558760103,8.689970258706214,0.0
P03,S2,lv2,43,7.141504760797706,3.1089503574117856,0.8729178098796778
P03,S2,lv2,44,4.976699954780729,4.479837238796872,0.0
P03,S2,lv2,45,6.713802823746871,4.267481498853882,0.0
P03,S2,lv2,46,5.865288681610736,2.8863358488375814,0.5432966861617148
P03,S2,lv2,47,6.975794065596684,5.560840189672376,0.0
P03,S2,lv2,48,7.844802424536102,4.12053415972848,0.36797625730592515
P03,S2,lv2,49,3.909387665632833,2.684900912422857,0.0
P03,S2,lv2,50,7.0814711906978784,4.239100627873921,0.01640257981046643
P03,S2,lv2,51,7.185123221201041,2.2957098807236394,1.7047585428957515
P03,S2,lv2,52,10.62933305541728,3.2426046169834737,1.8291854882995788
P03,S2,lv2,53,4.772457669141331,3.0483160462752585,0.0
P03,S2,lv2,54,3.843718967703017,2.765348982819741,0.0
P03,S2,lv2,55,8.102156057986603,5.472808722470419,0.0
P03,S2,lv2,56,6.761663524012649,5.068076949058809,0.0
P03,S2,lv2,57,7.3806583983787855,5.4561749777014095,0.0
P03,S2,lv2,58,5.76982156536885,4.869793415782176,0.0
P03,S2,lv2,59,5.7994261605482755,3.108161837763224,0.3138142931576674
P03,S2,lv2,60,8.375611166458475,4.48072115662622,0.3186885708982355
P03,S2,lv2,61,8.312756420095482,6.671766602642566,0.0
P03,S2,lv2,62,6.244201906797083,4.479453120880617,0.0
P03,S2,lv2,63,6.754611449319138,4.775889557884064,0.0
P03,S2,lv2,64,6.758017608534812,2.1762263462586295,1.6836936068799808
P03,S2,lv2,65,14.226741367766808,4.292145026010015,1.859024906819339
P03,S2,lv2,66,3.545940497344582,2.4094616842485306,0.0
P03,S2,lv2,67,3.38795286212248,4.745369368107074,0.0
P03,S2,lv2,68,4.151795499864049,2.7146797538913376,0.0
P03,S2,lv2,69,3.9840896861614485,4.079684284916087,0.0
P03,S2,lv2,70,4.389718027787204,3.9602354690114736,0.0
P03,S2,lv2,71,4.4046941915965885,3.263220927414062,0.0
P03,S2,lv2,72,7.9305460509628105,8.545241721249813,0.0
P03,S2,lv2,73,3.8301676159169653,5.962367834082595,0.0
P03,S2,lv2,74,4.67680353057147,4.437751404927677,0.0
P03,S2,lv2,75,3.707810451039151,2.3883910117073603,0.0
P03,S2,lv2,76,7.579317915319736,5.67098235668787,0.0
P03,S2,lv2,77,7.961676355958672,4.762009477677895,0.018659546017168214
P03,S2,lv2,78,8.509948964717145,4.8683696920044905,0.1383455271750383
P03,S2,lv2,79,4.6133506202937395,2.408572247062501,0.38425064292188316
P03,S2,lv2,80,8.502428794513609,3.8046969526005117,0.7989048132151105
P03,S2,lv2,81,3.0211271650243794,4.212150734608166,0.0
P03,S2,lv2,82,14.758789298352255,3.2789861068939277,2.681818098754667
P03,S2,lv2,83,11.400925675675479,4.035380209581594,1.4294526937437904
P03,S2,lv2,84,6.225682701915198,6.283955606449042,0.0
P03,S2,lv2,85,4.112954334035877,1.9884231947813034,0.5909907771504769
P03,S2,lv2,86,5.044679001928723,7.67366249499078,0.0
P03,S2,lv2,87,4.0733947283637875,3.0743052414728136,0.0
P03,S2,lv2,88,4.403709130554665,7.957907785994339,0.0
P03,S2,lv2,89,8.565683444221314,5.266916842818285,0.0
P03,S2,lv2,90,3.4254493337057887,5.397901335876904,0.0
P03,S2,lv2,91,7.577384939935088,8.090124177638415,0.0
P03,S2,lv2,92,4.82599940089717,5.763956670816794,0.0
P03,S2,lv2,93,2.7094225187318495,3.4776518682751667,0.0
P03,S2,lv2,94,6.583965608652146,3.0710979486618077,0.6872690116579339
P03,S2,lv2,95,5.440253964506509,2.7196162447749828,0.5009992712061799
P03,S2,lv2,96,5.620292682066407,2.878783410399615,0.43560183924098494
P03,S2,lv2,97,2.968492388799458,3.3963608311950453,0.0
P03,S2,lv2,98,5.040325341895623,6.195206704797561,0.0
P03,S2,lv2,99,4.872994030615852,2.89704115659311,0.03492561404385604
P03,S2,lv2,100,4.355741830829653,1.954016417666636,0.7921616635240354
P03,S2,lv2,101,4.493705620726804,5.601167024969994,0.0
P03,S2,lv2,102,6.281753286320658,4.70417191354494,0.0
P03,S2,lv2,103,7.043959536921253,3.747485769261845,0.3336005759268152
P03,S2,lv2,104,8.066569183432083,3.291586526428975,1.046960252086514
P03,S2,lv2,105,18.127753321218776,5.356585532224537,1.9149069972986648
P03,S2,lv2,106,2.566313341610737,2.5833750674402194,0.0
P03,S2,lv2,107,3.5745034573086576,2.364289967950269,0.0
P03,S2,lv2,108,7.702178436313937,4.275999162966989,0.2190430879439606
P03,S2,lv2,109,4.892243629975422,3.302643419293982,0.0
P03,S2,lv2,110,3.5609610502319673,2.083558720005163,0.0777758695116115
P03,S2,lv2,111,5.263394802964126,3.0645119292143095,0.09104626063436913
P03,S2,lv2,112,3.9134393487480885,2.6532654552281736,0.0
P03,S2,lv2,113,6.770627651664405,6.050664823865339,0.0
P03,S2,lv2,114,5.567048372003306,6.599930822961059,0.0
P03,S2,lv2,115,13.3537287476815,4.735811841903161,1.4242047066547179
P03,S2,lv2,116,4.647031734867322,5.533773717464265,0.0
P03,S2,lv2,117,12.870017365789993,5.5585608878552115,0.8942233750806483
P03,S2,lv2,118,5.452122365667541,1.950890591740143,1.400208050706103
P03,S2,lv2,119,3.7780901723150127,3.649267514793248,0.0
P03,S2,lv2,120,6.340227045210502,2.1599102362141482,1.5323231407102182
P03,S2,lv2,121,6.195183722125689,3.1956947345079363,0.4166479016380937
P03,S2,lv2,122,5.563237886223792,7.214286668843136,0.0
P03,S2,lv2,123,4.841693948250552,5.104969037500386,0.0
P03,S2,lv2,124,3.740976492927145,5.616751839329965,0.0
P03,S2,lv2,125,12.86497793357436,4.018323820085684,1.765730495632368
P03,S2,lv2,126,6.204455590804347,5.02500952265806,0.0
P03,S2,lv2,127,4.903094400801324,3.5539707676925416,0.0
P03,S2,lv2,128,8.318935754694538,2.4568607409550283,1.916339149989914
P03,S2,lv2,129,2.6650008454805563,3.600432221476054,0.0
P03,S2,lv2,130,4.491726742528563,3.7288817072722105,0.0
P03,S2,lv2,131,3.3890827787306286,3.616469161271051,0.0
P03,S2,lv2,132,9.30736482545676,3.3456227281461124,1.3879298882231668
P03,S2,lv2,133,3.9492355462985653,4.429167595618254,0.0
P03,S2,lv2,134,5.123710578278324,2.3647846509566604,0.7157466626870146
P03,S2,lv2,135,7.923287949050739,4.933059280335764,0.0
P03,S2,lv2,136,4.633591642140664,3.970790192910119,0.0
P03,S2,lv2,137,3.846201994194386,2.7910874413660163,0.0
P03,S2,lv2,138,4.389062354699001,3.038223020088285,0.0
P03,S2,lv2,139,6.79065128670016,8.418646909955326,0.0
P03,S2,lv2,140,6.685852728393151,4.067702009926826,0.0
P03,S2,lv2,141,7.129744373203977,4.8640047738612235,0.0
P03,S2,lv2,142,4.642709400253956,2.2755005748411654,0.5541452028311279
P03,S2,lv2,143,4.607632457286988,2.9384822661090744,0.0
P03,S2,lv2,144,9.720925200357758,5.338496736281013,0.24822383633558187
P03,S2,lv2,145,9.135029439100638,3.2201613708052776,1.4404537711493564
P03,S2,lv2,146,4.321176759019876,2.5929499813477683,0.009951297768892347
P03,S2,lv2,147,6.315209745882153,4.615428535691926,0.0
P03,S2,lv2,148,3.796182345062224,3.8330093122387177,0.0
P04,S1,lv0,0,5.22272214482333,3.207094688091453,0.0
P04,S1,lv0,1,8.27823452198518,2.5968230396580654,0.4624555977192386
P04,S1,lv0,2,21.587835056112386,4.175579554821636,0.9330334174608147
P04,S1,lv0,3,11.759357165590556,2.764025550961047,0.7433411975471191
P04,S1,lv0,4,9.580054576104727,4.060827118601849,0.16947881921808058
P04,S1,lv0,5,9.095470144740002,1.6968995366799433,0.9681629927070783
P04,S1,lv0,6,6.797426734606739,3.3167943350194378,0.03249949691405025
P04,S1,lv0,7,6.6418372668723125,3.398310823778001,0.0
P04,S1,lv0,8,3.370023509996205,4.276395063099715,0.0
P04,S1,lv0,9,6.735987263141972,4.075028383000081,0.0
P04,S1,lv0,10,6.6172758746836005,4.78090439301207,0.0
P04,S1,lv0,11,4.59739389093575,3.99669371838392,0.0
P04,S1,lv0,12,32.00272784932712,6.221956188677227,0.9280311495712457
P04,S1,lv0,13,8.787026387395557,2.8988994090892835,0.4134104037196765
P04,S1,lv0,14,13.426202057342463,2.3996047407796697,1.0099429441286865
P04,S1,lv0,15,11.657770732193212,2.586093684763603,0.7996538834065843
P04,S1,lv0,16,5.027300549856818,3.799283574271293,0.0
P04,S1,lv0,17,9.650222067546817,2.936442514508004,0.49208099329867194
P04,S1,lv0,18,6.340479586744226,4.42979657706565,0.0
P04,S1,lv0,19,28.09526614130623,5.529259765544271,0.9161681753062565
P04,S1,lv0,20,5.4209319589362295,2.549212126483349,0.06844765489256982
P04,S1,lv0,21,4.625144212887461,3.116050121304086,0.0
P04,S1,lv0,22,5.811511229478722,3.2810945046519078,0.0
P04,S1,lv0,23,5.035941437371099,3.867011086883773,0.0
P04,S1,lv0,24,10.96329290377106,3.348464493839416,0.4884496821840065
P04,S1,lv0,25,7.575643076566831,2.4784386086079313,0.42155051890532774
P04,S1,lv0,26,5.185407042957524,1.900374997510055,0.3110801174833919
P04,S1,lv0,27,12.147393548546393,7.819466046919503,0.0
P04,S1,lv0,28,5.128918912529208,3.992281880884727,0.0
P04,S1,lv0,29,8.215597255990467,3.7499843338465313,0.09744845771308731
P04,S1,lv0,30,10.501280754857259,5.172517061582778,0.02334403859205874
P04,S1,lv0,31,12.920509901006131,3.793436183543137,0.5268842380429254
P04,S1,lv0,32,5.821481669125878,1.7883582358820673,0.4828109491586502
P04,S1,lv0,33,4.777928232376827,2.8108772509338333,0.0
P04,S1,lv0,34,10.108146582195586,2.7820385874972966,0.5897666945624854
P04,S1,lv0,35,5.759901138146079,4.504943560458432,0.0
P04,S1,lv0,36,10.065009277615783,4.4821743959799605,0.12146113980677221
P04,S1,lv0,37,6.9947888688840365,4.9616782588360335,0.0
P04,S1,lv0,38,9.157413777726996,2.7693055241231743,0.4981003583236604
P04,S1,lv0,39,10.431030597989942,2.7171633789490546,0.6433306208350631
P04,S1,lv0,40,8.363949715093382,4.672476745789324,0.0
P04,S1,lv0,41,3.8386305666520806,2.325572426822011,0.0
P04,S1,lv0,42,12.553780442349417,2.755184471923522,0.8100797766650824
P04,S1,lv0,43,13.167502775325643,6.118958129851784,0.08000601259857636
P04,S1,lv0,44,9.19498588734658,4.409578378832803,0.049368854163417165
P04,S1,lv0,45,3.1406332455731607,2.366210629637236,0.0
P04,S1,lv0,46,5.495328723159679,3.6745247665916803,0.0
P04,S1,lv0,47,9.647804510119697,6.068859048495793,0.0
P04,S1,lv0,48,4.340876716879609,5.532015892809535,0.0
P04,S1,lv0,49,4.009096315932309,3.3517476120066827,0.0
P04,S1,lv0,50,21.747153390629258,5.087972098021094,0.747859188192554
P04,S1,lv0,51,13.011230639762188,3.585574851781752,0.588536901034976
P04,S1,lv0,52,8.198071410935096,5.096169009996472,0.0
P04,S1,lv0,53,5.469639428003382,2.762583924065738,0.0
P04,S1,lv0,54,32.16601498272122,19.022021546461282,0.0
P04,S1,lv0,55,3.9591392574055897,4.888988857164364,0.0
P04,S1,lv0,56,11.723514139228932,5.548669951242928,0.06217529587930874
P04,S1,lv0,57,5.473323143870515,1.9478502855622017,0.3396557440808533
P04,S1,lv0,58,5.907385006025028,2.3468749712913435,0.23256369339794383
P04,S1,lv0,59,5.296617510032671,3.6206967790984304,0.0
P04,S1,lv0,60,9.272876809419373,4.765262838940862,0.0
P04,S1,lv0,61,17.102046612088266,5.838832710215179,0.3800510366772676
P04,S1,lv0,62,7.694414781264148,4.7289904114837915,0.0
P04,S1,lv0,63,9.843780126333636,3.556329128259906,0.32501034691252634
P04,S1,lv0,64,10.676649224892127,8.256558004537913,0.0
P04,S1,lv0,65,14.433798807966301,5.453620166775217,0.2813934317893845
P04,S1,lv0,66,4.823414131622948,2.4004952399963417,0.013290030458100307
P04,S1,lv0,67,7.526215656127586,3.2660724440493802,0.14661594073232592
P04,S1,lv0,68,7.947843021687705,2.9748921317216355,0.2905413669308226
P04,S1,lv0,69,18.17092615349793,4.452822007748455,0.7027817319197921
P04,S1,lv0,70,3.996838834433626,3.542028246386175,0.0
P04,S1,lv0,71,7.501423051906386,2.910780515707752,0.25548537032113905
P04,S1,lv0,72,6.728674581834499,3.394710338037784,8.562998960846468e-06
P04,S1,lv0,73,3.374391110295421,3.4310246426453372,0.0
P04,S1,lv0,74,7.071362634201146,3.0237080759018475,0.16098536479513934
P04,S1,lv0,75,8.342932612013852,4.0791000112838045,0.03054632401433593
P04,S1,lv0,76,10.109045203644392,3.7169546855973383,0.30789656030412305
P04,S1,lv0,77,8.98736940833909,2.4808166596318877,0.5869197504853347
P04,S1,lv0,78,8.567743302020002,4.861250031491625,0.0
P04,S1,lv0,79,5.5835661409652895,3.137201495734372,0.0
P04,S1,lv0,80,2.926682911256669,2.3722622218754434,0.0
P04,S1,lv0,81,3.2321489071535634,3.419309801770141,0.0
P04,S1,lv0,82,3.5054347371502663,2.960327183449558,0.0
P04,S1,lv0,83,10.489186940064398,5.350040486732166,0.0
P04,S1,lv0,84,5.433968525987252,3.6842197017144924,0.0
P04,S1,lv0,85,4.382153891195939,2.0483028015739526,0.07433105053901408
P04,S1,lv0,86,6.516247790483951,2.059321482237975,0.4552356431178153
P04,S1,lv0,87,12.27161033215471,9.660201586513985,0.0
P04,S1,lv0,88,11.493219575343808,5.394219806933448,0.07034138604107297
P04,S1,lv0,89,12.6530320814962,3.984281513549136,0.4587564051986333
P04,S1,lv0,90,3.4906305127086283,5.07843854840952,0.0
P04,S1,lv0,91,8.187191791774508,2.5141805591707347,0.4831683360860838
P04,S1,lv0,92,13.596588582123173,4.913565589910504,0.32472629541015946
P04,S1,lv0,93,4.467869120796796,2.953718415836299,0.0
P04,S1,lv0,94,7.7356363087618645,6.564552049785861,0.0
P04,S1,lv0,95,4.9383264005743515,4.438577724545733,0.0
P04,S1,lv0,96,9.414057464677564,3.7151298165400455,0.23905670416999464
P04,S1,lv0,97,3.9017651946023912,2.9300823634663784,0.0
P04,S1,lv0,98,4.007933619001376,4.6753194859494585,0.0
P04,S1,lv0,99,9.1222793123778,4.355470690603535,0.05365850092061863
P04,S1,lv0,100,4.108596088128962,3.005717596115563,0.0
P04,S1,lv0,101,16.700738301085984,10.88432756689645,0.0
P04,S1,lv0,102,5.806300780136989,3.488478490862902,0.0
P04,S1,lv0,103,8.445556860707018,4.035316221496739,0.05294690280742096
P04,S1,lv0,104,3.3507161659494007,3.3129289042934422,0.0
P04,S1,lv0,105,4.446511005314036,2.587974144540416,0.0
P04,S1,lv0,106,5.030771834550794,5.289571029616977,0.0
P04,S1,lv0,107,4.642792805001753,4.803575141745548,0.0
P04,S1,lv0,108,9.645761243618995,4.45045501435099,0.08696653134737065
P04,S1,lv0,109,4.372283104751322,4.431299963299384,0.0
P04,S1,lv0,110,3.9351563969366077,2.1645377884897985,0.0
P04,S1,lv0,111,5.110887961936351,5.494570434645377,0.0
P04,S1,lv0,112,6.645658843794955,3.4471230520284393,0.0
P04,S1,lv0,113,4.155638052596093,3.6103160472769225,0.0
P04,S1,lv0,114,8.340763999234186,2.4588842333081145,0.522897445118467
P04,S1,lv0,115,5.187840730543311,1.949011668783982,0.2869428231776071
P04,S1,lv0,116,8.922303436193587,4.914302193724401,0.0
P04,S1,lv0,117,8.891521234568353,2.4924358983125026,0.5719375661090832
P04,S1,lv0,118,5.844265655799292,4.172723724302739,0.0
P04,S1,lv0,119,4.18365960620205,4.467968591327167,0.0
P04,S1,lv0,120,12.244818966376839,3.536423571549312,0.5428868522660482
P04,S1,lv0,121,14.963518093590883,4.766262178191125,0.4475770898292202
P04,S1,lv0,122,4.14412185612371,3.842736650039163,0.0
P04,S1,lv0,123,9.403060238636296,6.4066705129528705,0.0
P04,S1,lv0,124,9.671975871009606,4.932922694850561,0.0
P04,S1,lv0,125,14.977016482409002,4.6728705919643065,0.467713111689417
P04,S1,lv0,126,4.693904384808694,4.137451179083686,0.0
P04,S1,lv0,127,9.272356311380335,4.925172277057613,0.0
P04,S1,lv0,128,3.5961686367532004,2.6236290236418656,0.0
P04,S1,lv0,129,4.477867579444127,3.5088031321437505,0.0
P04,S1,lv0,130,14.654520821397043,7.059867178184668,0.04493435871884814
P04,S1,lv0,131,7.417199899484063,5.854939857148527,0.0
P04,S1,lv0,132,6.3431779301019455,2.905270872011979,0.09411083864072116
P04,S1,lv0,133,4.318105277202929,3.8114544710048985,0.0
P04,S1,lv0,134,19.120300447853804,6.065455741704085,0.4515557462381329
P04,S1,lv0,135,4.444866928345018,5.158560010323966,0.0
P04,S1,lv0,136,10.515731209330909,7.257875451378676,0.0
P04,S1,lv0,137,5.9081177229810855,2.2934392119240177,0.25509928297518947
P04,S1,lv0,138,6.034164179299774,3.5801155390750448,0.0
P04,S1,lv0,139,3.011701619690715,2.2761682884785226,0.0
P04,S1,lv0,140,4.488264654945498,2.7046520133678573,0.0
P04,S1,lv0,141,4.626639992003986,4.33419444975199,0.0
P04,S1,lv0,142,3.979316496813007,4.054292559741381,0.0
P04,S1,lv0,143,5.662574218319933,3.671259633892596,0.0
P04,S1,lv0,144,11.012000889641241,4.378588517909184,0.2317273546151432
P04,S1,lv0,145,17.052193231119528,7.346104314136412,0.1537247028909908
P04,S1,lv0,146,5.680882584146608,3.6303077445593774,0.0
P04,S1,lv0,147,7.975195138219643,4.278053981483872,0.0
P04,S1,lv0,148,8.315618689829266,5.194986050881144,0.0
P04,S1,lv1,0,3.1339345968049344,3.3879789409700067,0.0
P04,S1,lv1,1,6.9806480859134075,2.5939278396046017,0.29762208931696876
P04,S1,lv1,2,21.187434014473162,9.189694613693524,0.1471233623843696
P04,S1,lv1,3,7.045155705381155,3.5593197775192427,0.0
P04,S1,lv1,4,26.189532612291814,7.617894268838912,0.5359506929463685
P04,S1,lv1,5,11.5436560666225,4.449937602327629,0.26188365863562085
P04,S1,lv1,6,14.467137729249295,3.874435902279571,0.6163564158366576
P04,S1,lv1,7,33.08280337195711,13.369623759570105,0.2159314283967898
P04,S1,lv1,8,28.47949018021617,11.193596129222167,0.24300003784783278
P04,S1,lv1,9,8.538106515674919,10.382164977971756,0.0
P04,S1,lv1,10,4.126495234797083,7.458986897743568,0.0
P04,S1,lv1,11,11.382570899468588,5.170508355065975,0.10214854967724564
P04,S1,lv1,12,11.342186438605664,6.0554303095271225,0.0
P04,S1,lv1,13,13.241221139599899,15.874935393185961,0.0
P04,S1,lv1,14,9.154887615029407,4.777848339294486,0.0
P04,S1,lv1,15,6.049481901827949,3.3519466584037563,0.0
P04,S1,lv1,16,7.783786348040637,7.285985033529317,0.0
P04,S1,lv1,17,17.451964607483543,5.230890218206105,0.5067652821833782
P04,S1,lv1,18,5.26512239287326,6.665204843256292,0.0
P04,S1,lv1,19,14.888049227048183,8.688727356200681,0.0
P04,S1,lv1,20,5.155970608552143,3.9441343482996896,0.0
P04,S1,lv1,21,14.313600516554098,12.719235129233656,0.0
P04,S1,lv1,22,8.09353784657035,4.736260957353672,0.0
P04,S1,lv1,23,12.698705520571817,6.059875705985818,0.0541682239097623
P04,S1,lv1,24,38.42280129718393,10.00411533830455,0.6437762601810466
P04,S1,lv1,25,12.617874398878946,10.356858937277776,0.0
P04,S1,lv1,26,11.746502410244048,9.182450229470936,0.0
P04,S1,lv1,27,13.146407341752983,5.51689386655004,0.17924675153685726
P04,S1,lv1,28,23.390130262277765,10.071271976390399,0.1542292633207837
P04,S1,lv1,29,7.843849278093512,3.1926159659174607,0.2089834498752521
P04,S1,lv1,30,12.159498981761248,14.511199882504405,0.0
P04,S1,lv1,31,27.886602806200024,9.779238200272063,0.35398632373820765
P04,S1,lv1,32,20.266545858760423,16.328736045022538,0.0
P04,S1,lv1,33,8.999923137784215,5.693965750741657,0.0
P04,S1,lv1,34,18.24564871553807,6.256174144036379,0.37585706683954334
P04,S1,lv1,35,6.880588374769748,4.0967432309527565,0.0
P04,S1,lv1,36,13.263945995118185,3.2001894821028314,0.7179195959369508
P04,S1,lv1,37,5.592319843708648,3.292770976512747,0.0
P04,S1,lv1,38,4.910483191682795,2.581432716606254,0.0
P04,S1,lv1,39,9.743685640819681,5.503677220759566,0.0
P04,S1,lv1,40,5.976520812747422,6.8239735765832235,0.0
P04,S1,lv1,41,15.800811593393655,8.20604509309141,0.0
P04,S1,lv1,42,11.470506852380856,10.857331588731396,0.0
P04,S1,lv1,43,12.755657374982299,5.289631391363653,0.1908208488220349
P04,S1,lv1,44,3.482764248146535,4.681998887003618,0.0
P04,S1,lv1,45,20.589352908962248,9.929760243085145,0.04387855358470183
P04,S1,lv1,46,5.239618776911027,3.9716540358762864,0.0
P04,S1,lv1,47,5.581489884024511,6.1239465213413355,0.0
P04,S1,lv1,48,14.134385405277223,6.801280044939318,0.04607985108724567
P04,S1,lv1,49,32.32107498642252,32.716258684034074,0.0
P04,S1,lv1,50,4.256094530110035,3.2300240999289453,0.0
P04,S1,lv1,51,3.641795661978021,4.326604474219539,0.0
P04,S1,lv1,52,8.562431988113959,5.403565696480709,0.0
P04,S1,lv1,53,7.553139665777882,4.823923276652756,0.0
P04,S1,lv1,54,6.060521889842732,5.542810496961656,0.0
P04,S1,lv1,55,4.3324640001457935,9.513174214188263,0.0
P04,S1,lv1,56,7.976097916802228,7.909876533696958,0.0
P04,S1,lv1,57,16.009540340054684,6.097231922869281,0.2736632670403696
P04,S1,lv1,58,27.368175105475615,7.651246327021069,0.574540534588355
P04,S1,lv1,59,11.685510116680552,11.242577542591993,0.0
P04,S1,lv1,60,9.936946343248351,8.32388422897806,0.0
P04,S1,lv1,61,15.0369338407359,5.766270912596489,0.266981185323473
P04,S1,lv1,62,9.293776441707644,6.2426287695455756,0.0
P04,S1,lv1,63,7.245702127106001,7.317361734422392,0.0
P04,S1,lv1,64,14.584279047396196,7.416908863940086,0.0
P04,S1,lv1,65,9.55202511741343,9.016122974427448,0.0
P04,S1,lv1,66,20.79123483472626,9.05822406156677,0.1427759247478327
P04,S1,lv1,67,8.662875389284082,7.1039709807392715,0.0
P04,S1,lv1,68,8.40789382284256,5.738312523402194,0.0
P04,S1,lv1,69,43.767470888347965,9.320175807026196,0.839443138063465
P04,S1,lv1,70,23.88115293372298,4.591740501711736,0.9388274904110481
P04,S1,lv1,71,16.281184491831795,14.00225103831494,0.0
P04,S1,lv1,72,2.8564916360306136,8.56016822302179,0.0
P04,S1,lv1,73,3.9310157876431457,3.5166502794040455,0.0
P04,S1,lv1,74,18.442492194806334,3.5484342191024663,0.9381661982688071
P04,S1,lv1,75,5.250443978571928,2.918558381609735,0.0
P04,S1,lv1,76,5.013803341258046,4.748453782273815,0.0
P04,S1,lv1,77,5.5847063747449575,9.771389839282548,0.0
P04,S1,lv1,78,56.88333950069672,13.150629793116337,0.7594688165248652
P04,S1,lv1,79,24.058231403832078,11.910806275148067,0.01837421442672881
P04,S1,lv1,80,4.469113454649494,5.57280658326494,0.0
P04,S1,lv1,81,10.858626939895728,4.820659781049884,0.12447064378107091
P04,S1,lv1,82,8.801824578943208,11.25236418858755,0.0
P04,S1,lv1,83,7.674443445252994,12.06828070034498,0.0
P04,S1,lv1,84,14.236799610590188,14.567303721212307,0.0
P04,S1,lv1,85,5.586797414508515,11.358758474527574,0.0
P04,S1,lv1,86,8.316017085865631,8.052330830087822,0.0
P04,S1,lv1,87,6.225051317600727,6.887443343803793,0.0
P04,S1,lv1,88,14.529916678893679,5.667683560143442,0.2503836272049118
P04,S1,lv1,89,2.520175925237253,6.936834565903588,0.0
P04,S1,lv1,90,11.466148561027993,2.4132163374001805,0.8508580884893261
P04,S1,lv1,91,11.862533841956283,5.706749925802545,0.046309206998355765
P04,S1,lv1,92,16.87456676703132,5.224336899237207,0.47524224784744906
P04,S1,lv1,93,22.179963747419727,15.02136528791037,0.0
P04,S1,lv1,94,8.871807648459964,5.727500601935401,0.0
P04,S1,lv1,95,6.195682325994049,8.795541094905525,0.0
P04,S1,lv1,96,7.0316062920495535,6.195929926113239,0.0
P04,S1,lv1,97,26.384226789786414,9.132154298978712,0.3667157372782082
P04,S1,lv1,98,14.475865346569945,17.640121158645677,0.0
P04,S1,lv1,99,11.092550649716854,9.206823582251708,0.0
P04,S1,lv1,100,13.431479444014316,10.516633836451412,0.0
P04,S1,lv1,101,7.466097798020868,6.152095985321225,0.0
P04,S1,lv1,102,16.65077773190779,6.6448040973732025,0.22818729885086503
P04,S1,lv1,103,10.076240493792591,5.070478575687103,0.002524555607846281
P04,S1,lv1,104,12.763554614181393,5.560251953094631,0.14286543669629792
P04,S1,lv1,105,14.202066926118343,6.621725637723995,0.07676667695610793
P04,S1,lv1,106,10.759653706237584,10.79484852590906,0.0
P04,S1,lv1,107,7.644151376559138,5.994009965277735,0.0
P04,S1,lv1,108,19.01604159081764,10.754194302144677,0.0
P04,S1,lv1,109,12.067532389518064,18.48729214596572,0.0
P04,S1,lv1,110,10.71200450007709,8.179612164444702,0.0
P04,S1,lv1,111,5.489998211666472,5.052071505758922,0.0
P04,S1,lv1,112,10.433971410164352,8.714033834680276,0.0
P04,S1,lv1,113,17.466578856458597,9.53755942463328,0.0
P04,S1,lv1,114,6.495406192622017,6.490716624054015,0.0
P04,S1,lv1,115,4.643080559170378,5.184170176253703,0.0
P04,S1,lv1,116,20.722071633941678,23.237923330491885,0.0
P04,S1,lv1,117,16.268540968272415,8.238728386486573,0.0
P04,S1,lv1,118,9.763769522885433,5.621290621416973,0.0
P04,S1,lv1,119,10.077447016609495,5.882749186564697,0.0
P04,S1,lv1,120,6.118213055019549,3.2035715069373634,0.0
P04,S1,lv1,121,10.30673902586891,10.560151584546954,0.0
P04,S1,lv1,122,6.238718553045024,5.223860909247042,0.0
P04,S1,lv1,123,5.457808349968949,7.815651822447688,0.0
P04,S1,lv1,124,13.665719370928352,9.478397834304511,0.0
P04,S1,lv1,125,11.61013119706017,9.369686700061582,0.0
P04,S1,lv1,126,25.23736118903859,5.270308258567516,0.8584470902809559
P04,S1,lv1,127,24.59836534542373,14.091802541790083,0.0
P04,S1,lv1,128,6.125344558961535,6.543435500114108,0.0
P04,S1,lv1,129,16.305377537137424,6.45589789926385,0.23585528198840408
P04,S1,lv1,130,19.663936033720216,5.524971967268163,0.569670472410609
P04,S1,lv1,131,13.61891273600069,6.63806833366442,0.03356330056722215
P04,S1,lv1,132,9.207120074243376,10.73256270265497,0.0
P04,S1,lv1,133,4.271958162237814,2.802335991365482,0.0
P04,S1,lv1,134,15.12371277218194,14.41531622899834,0.0
P04,S1,lv1,135,33.48388136211192,8.425711839342501,0.6769835302609742
P04,S1,lv1,136,8.862071665432081,17.535230151228777,0.0
P04,S1,lv1,137,15.385023021227308,8.701879844580413,0.0
P04,S1,lv1,138,23.573945738493695,5.450196755811539,0.7594275074563073
P04,S1,lv1,139,9.930683269741772,5.95656043750121,0.0
P04,S1,lv1,140,9.235428219096294,7.031611322675921,0.0
P04,S1,lv1,141,23.290114379903955,6.834613433659179,0.5273566035600452
P04,S1,lv1,142,15.4170808072765,15.387319743914095,0.0
P04,S1,lv1,143,20.49160842696679,23.225773288006778,0.0
P04,S1,lv1,144,15.514973272643397,3.357606105285567,0.8237434013039316
P04,S1,lv1,145,5.754743194113463,5.335345766800043,0.0
P04,S1,lv1,146,32.365684175744796,20.964197156002353,0.0
P04,S1,lv1,147,9.593857531468089,5.971474140491974,0.0
P04,S1,lv1,148,6.622018671046693,5.287671273811173,0.0
P04,S1,lv2,0,3.7043274687768304,3.670999404323955,0.0
P04,S1,lv2,1,14.230967055147348,3.918996202693445,0.5892091388925832
P04,S1,lv2,2,3.887194479474818,5.738432611215437,0.0
P04,S1,lv2,3,7.411203237492229,6.200062849031082,0.0
P04,S1,lv2,4,2.209665640249205,4.109691872624313,0.0
P04,S1,lv2,5,10.482676356302209,6.06485031185029,0.0
P04,S1,lv2,6,7.77945683384675,8.40123187999532,0.0
P04,S1,lv2,7,3.46257075790395,2.7483321331692316,0.0
P04,S1,lv2,8,8.39678047583922,2.2667037005879083,0.608611735490611
P04,S1,lv2,9,3.3910635739113415,6.360234637763187,0.0
P04,S1,lv2,10,12.248904213599708,4.861110643849439,0.23358645156156904
P04,S1,lv2,11,5.408259534910308,5.478055565991887,0.0
P04,S1,lv2,12,14.088284294580259,6.82186365700895,0.03995956158729521
P04,S1,lv2,13,8.376536032040873,7.457768351493703,0.0
P04,S1,lv2,14,2.9029057071955813,4.136522954426674,0.0
P04,S1,lv2,15,4.612892374627017,6.216582801596998,0.0
P04,S1,lv2,16,4.959631089019335,2.110090572761832,0.1658817463880659
P04,S1,lv2,17,4.721113228252254,6.210766332494173,0.0
P04,S1,lv2,18,11.07007852251441,5.51829364504258,0.011703918781684865
P04,S1,lv2,19,10.76773175805936,2.5600432608099615,0.7322161191434747
P04,S1,lv2,20,4.24427905420422,3.286235129692034,0.0
P04,S1,lv2,21,8.608967269609408,1.5455928218771744,1.0055564164597857
P04,S1,lv2,22,7.607643154023356,3.0215874268790968,0.2328093959971308
P04,S1,lv2,23,2.873414772392553,3.252692601723654,0.0
P04,S1,lv2,24,22.64728782268099,5.647810213761534,0.6857384496852108
P04,S1,lv2,25,25.832965410811692,7.7903892722498975,0.5008188519731822
P04,S1,lv2,26,10.62324798576083,8.90300540433456,0.0
P04,S1,lv2,27,9.31495032716376,7.1335289281323995,0.0
P04,S1,lv2,28,5.477709827769716,5.404781550185395,0.0
P04,S1,lv2,29,5.010176155880744,4.544343306631328,0.0
P04,S1,lv2,30,4.228192223590414,1.8260892583067112,0.1512811742718779
P04,S1,lv2,31,3.6508254589484297,4.006396338053148,0.0
P04,S1,lv2,32,4.774409305372362,2.8459486633116833,0.0
P04,S1,lv2,33,11.342418112816139,4.280420526626868,0.2825664291223001
P04,S1,lv2,34,17.591995587792354,6.781369104277067,0.26190218299616147
P04,S1,lv2,35,7.894272036012727,3.9616944024034324,0.005172252607209679
P04,S1,lv2,36,5.660469419088377,4.267111359877052,0.0
P04,S1,lv2,37,4.794529840260884,6.292455659596523,0.0
P04,S1,lv2,38,23.947513990669652,4.54179046139046,0.9521727961885991
P04,S1,lv2,39,10.608913153906137,6.216316314467522,0.0
P04,S1,lv2,40,11.117135074838494,7.880770784963714,0.0
P04,S1,lv2,41,6.4482452588070505,5.20952085651427,0.0
P04,S1,lv2,42,5.032953508102941,3.6431302789685573,0.0
P04,S1,lv2,43,4.446147484959152,4.444004168219775,0.0
P04,S1,lv2,44,8.03073553813899,6.207646661554817,0.0
P04,S1,lv2,45,3.327064932956274,4.1856122613863675,0.0
P04,S1,lv2,46,8.854241373276283,6.525399467559876,0.0
P04,S1,lv2,47,12.067241529895613,5.3546620622440635,0.12493564303313849
P04,S1,lv2,48,14.51099085404501,11.430563687534287,0.0
P04,S1,lv2,49,20.49445019602661,4.436496429683006,0.823462954785539
P04,S1,lv2,50,15.526623764375048,4.5805642944990765,0.5222034339923174
P04,S1,lv2,51,11.001546051622784,4.939007507896823,0.11359252893529803
P04,S1,lv2,52,3.8421709875395633,5.810591357293291,0.0
P04,S1,lv2,53,4.572636632348916,8.416995122479246,0.0
P04,S1,lv2,54,5.158880576087038,6.016647002239736,0.0
P04,S1,lv2,55,27.512521599562564,7.535219063358859,0.5945311000105203
P04,S1,lv2,56,6.836818176017321,6.821321282963095,0.0
P04,S1,lv2,57,3.903258177246629,4.299692270503224,0.0
P04,S1,lv2,58,22.335501795482756,6.984012834624246,0.46558233004562644
P04,S1,lv2,59,31.405048909798282,11.242379205957018,0.3339319288883385
P04,S1,lv2,60,9.850424928295274,4.925405557726617,0.008716994557717808
P04,S1,lv2,61,13.68315956967671,12.390303134722046,0.0
P04,S1,lv2,62,8.18904245073112,11.64877426357342,0.0
P04,S1,lv2,63,14.331033254370494,4.938721110328615,0.370955191635837
P04,S1,lv2,64,13.501693718844557,9.224970420133053,0.0
P04,S1,lv2,65,3.770428068856741,4.217577463126376,0.0
P04,S1,lv2,66,8.902056554680215,5.01116970686519,0.0
P04,S1,lv2,67,5.256887551817762,9.666274657554444,0.0
P04,S1,lv2,68,5.712780405705348,5.2745754400300315,0.0
P04,S1,lv2,69,7.448076983345874,4.320286792212624,0.0
P04,S1,lv2,70,3.367268812648123,3.6861397522999413,0.0
P04,S1,lv2,71,4.582503923297808,2.7276766270992776,0.0
P04,S1,lv2,72,6.173167056031974,6.699241465344105,0.0
P04,S1,lv2,73,8.067451552803096,7.10577989730714,0.0
P04,S1,lv2,74,7.246166667016287,5.777873373248756,0.0
P04,S1,lv2,75,4.921607716563439,8.728329764810699,0.0
P04,S1,lv2,76,9.181882702251194,11.957519364919273,0.0
P04,S1,lv2,77,5.062864879152092,5.2711591473025114,0.0
P04,S1,lv2,78,15.044169143894466,5.405212013926868,0.330378410095136
P04,S1,lv2,79,9.734524406528195,6.593994772742845,0.0
P04,S1,lv2,80,5.53153355601724,7.8483405972292966,0.0
P04,S1,lv2,81,6.194162089987341,6.09553369990579,0.0
P04,S1,lv2,82,27.324450385959963,11.245918620011558,0.19816883208274808
P04,S1,lv2,83,13.125843940908018,15.717582138347717,0.0
P04,S1,lv2,84,18.14338362236883,6.785224232067341,0.291383985073308
P04,S1,lv2,85,19.664675006355097,11.881591184614352,0.0
P04,S1,lv2,86,8.338337627662911,4.999420203840676,0.0
P04,S1,lv2,87,2.5239922664885737,5.5099968233916305,0.0
P04,S1,lv2,88,7.9862422087484175,11.45043580535364,0.0
P04,S1,lv2,89,7.940370699500789,10.886055649578381,0.0
P04,S1,lv2,90,6.788138528103382,6.801672551505023,0.0
P04,S1,lv2,91,11.57048136630481,15.967807369223545,0.0
P04,S1,lv2,92,4.472990890956202,5.614550426025511,0.0
P04,S1,lv2,93,3.044838805277816,5.803125914986189,0.0
P04,S1,lv2,94,2.6208479317874067,4.5729923368911924,0.0
P04,S1,lv2,95,4.356363155551359,3.60291291341996,0.0
P04,S1,lv2,96,3.550096331795384,6.070137027041131,0.0
P04,S1,lv2,97,64.65326920286121,9.815782574616213,1.1687139255096768
P04,S1,lv2,98,8.767946864436789,5.45343722969275,0.0
P04,S1,lv2,99,7.196066197190179,2.8231374199005965,0.244793982602526
P04,S1,lv2,100,5.658441617296119,3.211828039583584,0.0
P04,S1,lv2,101,17.867414601618574,8.302178000345544,0.08010402291083496
P04,S1,lv2,102,27.99276133635628,14.24600602706837,0.0
P04,S1,lv2,103,7.119343459932668,6.516215462756744,0.0
P04,S1,lv2,104,10.360307516711682,6.308594353487992,0.0
P04,S1,lv2,105,43.70961823470866,8.153550245850022,0.9683002239086634
P04,S1,lv2,106,25.482472586010996,7.045249243379034,0.5853674497590174
P04,S1,lv2,107,8.226436152957225,6.172387581748414,0.0
P04,S1,lv2,108,31.01740257021856,8.222893089670414,0.6262311802415846
P04,S1,lv2,109,10.850188405844513,10.875115117105587,0.0
P04,S1,lv2,110,15.214522789459934,17.23656439670991,0.0
P04,S1,lv2,111,5.333130968314082,5.931251750295014,0.0
P04,S1,lv2,112,3.6157013853028483,8.341403753858947,0.0
P04,S1,lv2,113,6.041175961848372,3.8320658142084656,0.0
P04,S1,lv2,114,7.5903702140158495,3.9705127746471276,0.0
P04,S1,lv2,115,6.242315456327453,5.770556255518298,0.0
P04,S1,lv2,116,19.707582432324518,13.294745253477588,0.0
P04,S1,lv2,117,18.079888968403832,16.604496841391345,0.0
P04,S1,lv2,118,8.302156161816146,6.149320120286075,0.0
P04,S1,lv2,119,5.540481929838751,3.9714861884875305,0.0
P04,S1,lv2,120,4.745760559713699,3.0290658276636058,0.0
P04,S1,lv2,121,9.488831810570629,4.39424608243221,0.08337279360955409
P04,S1,lv2,122,4.917222966151906,4.960970436154091,0.0
P04,S1,lv2,123,6.376947015189237,7.264598685472379,0.0
P04,S1,lv2,124,14.627893168444349,18.62811458239437,0.0
P04,S1,lv2,125,5.389412294326268,4.537562087533347,0.0
P04,S1,lv2,126,10.370393364431091,7.543102317878883,0.0
P04,S1,lv2,127,16.59176941432209,9.449826749145567,0.0
P04,S1,lv2,128,24.76434520246821,8.536433060641794,0.37070288789547096
P04,S1,lv2,129,6.535863377959855,3.8084168741597004,0.0
P04,S1,lv2,130,5.421776744705871,5.506854723856617,0.0
P04,S1,lv2,131,5.484463121430822,9.707379500574799,0.0
P04,S1,lv2,132,25.06745035966416,8.293226749167282,0.4106716883947236
P04,S1,lv2,133,7.417698478382134,6.654866024551178,0.0
P04,S1,lv2,134,12.496930361303297,5.751906054412565,0.08934068295194716
P04,S1,lv2,135,11.521967862097094,6.8953794839966935,0.0
P04,S1,lv2,136,10.44596786902546,6.521591483376433,0.0
P04,S1,lv2,137,2.9012319116222347,3.1937790605347653,0.0
P04,S1,lv2,138,10.63129898186834,9.919030803520167,0.0
P04,S1,lv2,139,8.141398867137722,9.911553479786653,0.0
P04,S1,lv2,140,13.600751954551756,5.807045600837784,0.16242946419732351
P04,S1,lv2,141,12.390343105694354,11.401249718380152,0.0
P04,S1,lv2,142,8.25696159561256,5.055798535206844,0.0
P04,S1,lv2,143,5.473081014041205,5.5461920995430125,0.0
P04,S1,lv2,144,9.293259744819212,6.515009782797469,0.0
P04,S1,lv2,145,6.1952392215796825,8.568021215503336,0.0
P04,S1,lv2,146,17.114548654727198,6.224481005007999,0.31851705592023755
P04,S1,lv2,147,14.758283758209402,8.694311553072275,0.0
P04,S1,lv2,148,9.60965669763426,4.704190366238576,0.0293555263815232
P04,S2,lv0,0,3.19709497408083,2.0887206424490032,0.7977217518382105
P04,S2,lv0,1,4.355426424548388,1.533834557793784,1.8239640139350721
P04,S2,lv0,2,7.9405288000452385,2.3167176679903165,2.1364676288508346
P04,S2,lv0,3,6.775197689546873,1.8244739206600442,2.269569347855722
P04,S2,lv0,4,5.81477609836492,2.15461451261588,1.7394992218432135
P04,S2,lv0,5,6.264783729803164,2.077848980166687,1.92353770594422
P04,S2,lv0,6,5.7652466408061755,2.7938739195632416,1.293816723889595
P04,S2,lv0,7,9.40332659070547,7.047917115471158,0.5696101096334552
P04,S2,lv0,8,5.0401909935328355,2.9131387187080353,1.0011930645941132
P04,S2,lv0,9,5.368244957940205,1.899707800547066,1.8159084513025132
P04,S2,lv0,10,6.228288102035386,3.185576550532649,1.2042214559821582
P04,S2,lv0,11,4.532852686825878,1.4048423705178603,2.0361583503860987
P04,S2,lv0,12,4.7386947167347095,2.4893627101532245,1.1598258018716368
P04,S2,lv0,13,16.942465990957885,1.3780622954105268,4.257695972343015
P04,S2,lv0,14,4.392996994759674,5.752217862578829,0.0
P04,S2,lv0,15,4.019127586176648,1.757426064800282,1.4645287996647767
P04,S2,lv0,16,7.099986717999557,4.610467733893584,0.8078067481654542
P04,S2,lv0,17,8.206534282605858,4.375007004114177,1.1353930396179275
P04,S2,lv0,18,4.850401987501436,1.2008484733467417,2.4091610137053645
P04,S2,lv0,19,6.595582820308448,3.6610350411759507,1.0683537006223847
P04,S2,lv0,20,7.269403254040726,2.1629509074576974,2.1038720225025593
P04,S2,lv0,21,8.467693682981528,1.7318197296157634,2.726439825369359
P04,S2,lv0,22,6.011832882033298,2.7736878965789704,1.375411587546051
P04,S2,lv0,23,5.803064329655633,3.2427053952182647,1.0572667272892589
P04,S2,lv0,24,8.054937251169605,2.596713642446653,1.9707473626171288
P04,S2,lv0,25,6.635790191069933,3.8122670258551756,1.0112250414123447
P04,S2,lv0,26,3.5044366839221537,2.2156414551263275,0.8521874495589052
P04,S2,lv0,27,10.23876360948066,2.9231163875757495,2.172508088187429
P04,S2,lv0,28,5.211870256228189,3.4213519916406243,0.789770597842056
P04,S2,lv0,29,6.237284395849793,3.458744073500982,1.0699896581801358
P04,S2,lv0,30,3.9395077708517583,1.6461661229806581,1.5399111971379869
P04,S2,lv0,31,8.617962304009685,2.869751815622444,1.9169153029576267
P04,S2,lv0,32,6.969286142167509,2.581911946248435,1.7398183369839184
P04,S2,lv0,33,9.160742707329698,3.380093382842316,1.7465297021670148
P04,S2,lv0,34,2.4335924947600516,3.144840381404814,0.0
P04,S2,lv0,35,4.334543534148869,2.457899087147969,1.0329064114919466
P04,S2,lv0,36,5.685584128923771,1.5699717275946519,2.2278849921619757
P04,S2,lv0,37,4.65072373547966,1.6347746403322008,1.82706322060031
P04,S2,lv0,38,2.8238943889803334,1.4560016517334056,1.19086055959081
P04,S2,lv0,39,10.91078124388433,4.889044174541926,1.4239082895258715
P04,S2,lv0,40,6.058887981102538,1.3246858621167974,2.615614379887103
P04,S2,lv0,41,5.601503507643157,1.7225315874470646,2.0491343528976356
P04,S2,lv0,42,7.01960828229182,4.313881196612871,0.899320488134623
P04,S2,lv0,43,9.504525399568672,3.2939779881447664,1.850568986160383
P04,S2,lv0,44,5.329622223897269,1.3682724911371558,2.3488748468528753
P04,S2,lv0,45,14.30509006814245,4.55749833133241,1.9903484976671906
P04,S2,lv0,46,7.024382161867301,7.269950307877353,0.0337156476274397
P04,S2,lv0,47,5.257289165443982,5.930216455700092,0.0
P04,S2,lv0,48,4.145224963683453,2.3785427834974606,1.0132433018291023
P04,S2,lv0,49,3.7258114297424156,5.936744024612363,0.0
P04,S2,lv0,50,6.922768766069306,4.017080845301121,0.99462908191584
P04,S2,lv0,51,5.6894934619765785,4.708654836993114,0.405014933854765
P04,S2,lv0,52,8.764642621509573,2.0666476981291417,2.49014413473125
P04,S2,lv0,53,6.299731367141326,2.924524685714569,1.3651537569547658
P04,S2,lv0,54,4.841793609161509,1.9055720951387323,1.6393802930249082
P04,S2,lv0,55,8.086497605227919,2.2361293254390637,2.225515280486181
P04,S2,lv0,56,3.6214663344707647,2.8049476136280926,0.5150775792624538
P04,S2,lv0,57,8.006006833923625,1.876341241036386,2.500225300057019
P04,S2,lv0,58,7.280504505361343,3.6356340603262454,1.2439923802637984
P04,S2,lv0,59,18.215289777042095,6.839314267081166,1.7175505474010961
P04,S2,lv0,60,10.022027795699584,7.815594499853894,0.5037355078758359
P04,S2,lv0,61,12.289123200533254,6.5440158040065874,1.1372878623722218
P04,S2,lv0,62,8.425860244156242,2.5778562513926424,2.05761625221316
P04,S2,lv0,63,13.780947421216158,2.106614698921301,3.2098991599481916
P04,S2,lv0,64,6.1934040821558884,3.8379332714262464,0.8855059423226155
P04,S2,lv0,65,7.40591435501657,1.219334633681397,3.0866240852181055
P04,S2,lv0,66,9.634279860537728,2.643745801310979,2.238271822447485
P04,S2,lv0,67,6.818815418774414,2.0210334963649847,2.1103088581591294
P04,S2,lv0,68,4.051440188041349,2.0839554301620926,1.1948160705291748
P04,S2,lv0,69,6.293182402012305,1.8124853756464285,2.1579559177976364
P04,S2,lv0,70,3.5482783107181968,1.5801793869756235,1.4341539915988486
P04,S2,lv0,71,6.192558922657905,4.227922559580802,0.7245630054512338
P04,S2,lv0,72,3.746561937225315,1.3080054135615238,1.8383846878887342
P04,S2,lv0,73,6.0498995072771935,2.728137387422774,1.4133927493303122
P04,S2,lv0,74,7.081352966680519,4.9831764697103695,0.6743433779263277
P04,S2,lv0,75,7.697082987919323,8.3890486967789,0.0
P04,S2,lv0,76,4.053907250252274,4.667886372427151,0.0
P04,S2,lv0,77,3.7785671221808617,4.298223578915731,0.0
P04,S2,lv0,78,18.51894095560501,11.095422570784358,0.9414887540571096
P04,S2,lv0,79,8.018186508260529,2.087077895005691,2.3259838005818305
P04,S2,lv0,80,7.070074894860531,3.868282299548825,1.0922780613784513
P04,S2,lv0,81,11.917473436816548,6.403487984788661,1.1223404364709744
P04,S2,lv0,82,4.1686466395973305,1.6706430178155418,1.6092883766979367
P04,S2,lv0,83,5.714961182851805,1.7491759968808251,2.056944092376072
P04,S2,lv0,84,9.356094268118435,2.8725011601395956,2.0517994410994005
P04,S2,lv0,85,6.052119856776887,4.657101078261761,0.5259074228931969
P04,S2,lv0,86,7.702099419531624,2.303338623735862,2.0954565402300815
P04,S2,lv0,87,3.466051537536376,3.0404008411029424,0.3083755587501785
P04,S2,lv0,88,8.585135558809087,2.386972800706061,2.216476161952419
P04,S2,lv0,89,10.385401126868997,2.6783053522890508,2.3413775713798133
P04,S2,lv0,90,7.08718157979606,2.3098918524337937,1.9525602509012434
P04,S2,lv0,91,6.55951468830308,2.107313328820439,1.9765003676612902
P04,S2,lv0,92,1.7361163522038094,2.287233479367693,0.0
P04,S2,lv0,93,4.729806023781009,1.4646508510759917,2.037554885472867
P04,S2,lv0,94,12.611517759883121,7.195677020446508,1.022644535948553
P04,S2,lv0,95,13.061696671452998,7.0454744482902525,1.1159230281352792
P04,S2,lv0,96,8.244997033996437,2.1196209714911336,2.3466128872684906
P04,S2,lv0,97,5.473330867583513,2.3514780294646425,1.4938046309263797
P04,S2,lv0,98,7.974019396358216,1.8424780190342258,2.523821872341245
P04,S2,lv0,99,6.470440162473723,3.4738754763708903,1.1236863855525787
P04,S2,lv0,100,8.827966011919317,4.0744477062428235,1.3748096936453176
P04,S2,lv0,101,7.18471886579219,2.1528329965575614,2.092199003719006
P04,S2,lv0,102,5.246574897591487,2.8321725507946214,1.114648978551167
P04,S2,lv0,103,3.241599648744495,1.9502641518130774,0.9345814391942572
P04,S2,lv0,104,5.662445503901872,2.0206621223993433,1.8020079314682897
P04,S2,lv0,105,6.028646361608018,2.741293927542171,1.3995590162654883
P04,S2,lv0,106,6.41648241810791,1.9844926092610546,2.0396132856557
P04,S2,lv0,107,10.685894136370042,1.9952592896727834,2.8776708517458243
P04,S2,lv0,108,8.745707058172222,2.4369045388318007,2.21286917987679
P04,S2,lv0,109,6.4820715855353646,2.598544632928353,1.6087997569689763
P04,S2,lv0,110,5.087800229819648,2.295722823669422,1.412355235068867
P04,S2,lv0,111,4.661522895448418,2.6892561449649692,1.0042897351195392
P04,S2,lv0,112,5.583893108863283,4.037130688113772,0.6294292407361445
P04,S2,lv0,113,11.107029108720521,2.7001945209308547,2.439420684818521
P04,S2,lv0,114,8.92314583566923,5.264586132001348,0.96703786024924
P04,S2,lv0,115,7.171411021366347,2.820830585195282,1.6403237293145392
P04,S2,lv0,116,7.20888597503138,3.745773619557772,1.1780124903222065
P04,S2,lv0,117,6.430902151010733,1.6449886688077702,2.354936314593371
P04,S2,lv0,118,7.227273551914532,2.870931563917446,1.6239729670209144
P04,S2,lv0,119,4.768610395484124,0.9452234752671992,2.7784250825265815
P04,S2,lv0,120,4.540220681978318,1.9786343506896902,1.4700990062205808
P04,S2,lv0,121,3.67194928859516,2.9888805679673274,0.4325903582202471
P04,S2,lv0,122,8.353329767345217,1.9205306111032505,2.5320945397086736
P04,S2,lv0,123,13.339090532614561,4.892296180326137,1.7565157428029061
P04,S2,lv0,124,5.385386665307333,3.942229936576793,0.6088210007757316
P04,S2,lv0,125,6.413841883081704,3.3788611802954667,1.1551505267114708
P04,S2,lv0,126,6.305131291628106,2.1477152599599436,1.8792775105915023
P04,S2,lv0,127,6.37911626558818,4.80985078697229,0.5596993000125762
P04,S2,lv0,128,8.233750414756098,4.129848314024614,1.2366592663305
P04,S2,lv0,129,3.3773505432046025,2.1204424650296487,0.8637772989315683
P04,S2,lv0,130,24.604750443438743,2.803828921815363,3.6977252859181804
P04,S2,lv0,131,7.3907937449999155,2.3492610233841336,1.9941560566708154
P04,S2,lv0,132,5.781877813523843,1.4441885606165816,2.3944600412855164
P04,S2,lv0,133,5.999252727512268,2.511340237566766,1.5369411907262904
P04,S2,lv0,134,6.110589214691181,2.7046269573025468,1.4443424703991457
P04,S2,lv0,135,4.52376393568138,1.5647218689378917,1.8538309063749918
P04,S2,lv0,136,5.420123274672325,2.008802475393664,1.7391493880336453
P04,S2,lv0,137,2.612266306509594,2.3491694801666374,0.26707351573424387
P04,S2,lv0,138,10.734410188625809,2.9174322524983,2.254247410995135
P04,S2,lv0,139,7.801263520656515,3.17119961682885,1.585694805574608
P04,S2,lv0,140,6.640482758313908,3.293389122183645,1.2553695617106773
P04,S2,lv0,141,7.294002354808869,5.180702064135641,0.6589228304349442
P04,S2,lv0,142,6.863643759626421,4.49037266673311,0.7954165997301139
P04,S2,lv0,143,8.455278813347332,4.064587953087382,1.3072015375605361
P04,S2,lv0,144,10.033817415805377,2.086299889029765,2.699011121643279
P04,S2,lv0,145,6.777973318965963,3.107445374313724,1.3859159628567737
P04,S2,lv0,146,9.794650102694625,2.4542452659221823,2.3892058544835457
P04,S2,lv0,147,10.44989033812825,4.0396800812566305,1.669144909574525
P04,S2,lv0,148,3.305321691425967,2.053378786940459,0.8813481046574916
P04,S2,lv1,0,5.641293045936429,2.164039938763153,1.6819496748551008
P04,S2,lv1,1,21.304889838141328,25.035270475113364,0.0
P04,S2,lv1,2,6.960620479740196,2.699219727339507,1.6639633780539378
P04,S2,lv1,3,5.9065659820927126,3.913552375506641,0.7743529704205652
P04,S2,lv1,4,13.104041982580373,6.19502445988924,1.3349279145949062
P04,S2,lv1,5,5.750010561120104,2.107793579920422,1.7573840942340002
P04,S2,lv1,6,27.98328859574542,8.783754631192298,2.0150296668448626
P04,S2,lv1,7,2.469297830948892,2.3078440741691217,0.2030766724681883
P04,S2,lv1,8,13.912938195428055,10.034138005681887,0.6335379970462843
P04,S2,lv1,9,7.255597609469974,3.463523722147602,1.3188399664057384
P04,S2,lv1,10,6.278932174100556,1.6867851839215664,2.2735526954797542
P04,S2,lv1,11,11.612637019428997,3.39003022634817,2.1355153531564555
P04,S2,lv1,12,7.262383750633963,3.9388655539658424,1.1068171637882296
P04,S2,lv1,13,9.894605436551902,2.248264429519967,2.5516449017885896
P04,S2,lv1,14,3.3729888099138075,1.8706535725096058,1.0697771040614972
P04,S2,lv1,15,5.073596349827306,3.618300211808167,0.6521699776112735
P04,S2,lv1,16,6.922996548797544,3.133458622300794,1.4072295194237165
P04,S2,lv1,17,4.5761904309512,2.9372060904914927,0.8271445819539455
P04,S2,lv1,18,4.68576374170937,4.01120360571127,0.34891448956139515
P04,S2,lv1,19,8.424493278501792,2.9474891760448845,1.8348215705137243
P04,S2,lv1,20,8.165441902418541,3.3541811916138227,1.5683030420100141
P04,S2,lv1,21,5.521303344407431,2.8004220612460684,1.2181307175347265
P04,S2,lv1,22,14.585637756797054,9.08752019903123,0.8765123132155974
P04,S2,lv1,23,2.1309822397539615,2.5367015243134206,0.0
P04,S2,lv1,24,5.132048674380872,4.393143530702895,0.34895155712524284
P04,S2,lv1,25,11.528314499592499,3.427310889672714,2.1052494473871444
P04,S2,lv1,26,6.226178641883087,6.385704032858321,0.04876684415966009
P04,S2,lv1,27,5.461149262268059,6.001935693564762,0.0
P04,S2,lv1,28,8.077939254269703,2.3842052846720216,2.117274113959079
P04,S2,lv1,29,13.687467093052108,4.121306988987752,2.084125580313035
P04,S2,lv1,30,10.370543917529078,3.9982932973689773,1.6735887439967194
P04,S2,lv1,31,11.10449237053347,3.231746377683925,2.1406170195481646
P04,S2,lv1,32,11.062272247609393,2.2051721078397373,2.769035574174269
P04,S2,lv1,33,7.630804871821645,4.358938070361147,1.0207094803897494
P04,S2,lv1,34,13.735449725573607,11.024623402894141,0.45588165933530345
P04,S2,lv1,35,11.67885468724158,6.512232274012922,1.0607865419541322
P04,S2,lv1,36,8.988597946883353,2.5716492301581972,2.168985586670069
P04,S2,lv1,37,8.86705385137478,3.056118816234093,1.8597438905056787
P04,S2,lv1,38,7.452192691453392,2.8161864734042545,1.706840398044863
P04,S2,lv1,39,2.4040582307520584,1.3894886351544262,1.001208954499679
P04,S2,lv1,40,7.916156282065318,3.799458471080421,1.3098065586900618
P04,S2,lv1,41,10.049493371672057,3.439054489895824,1.8715826324339284
P04,S2,lv1,42,11.484372895044682,2.319012887438214,2.747630514013053
P04,S2,lv1,43,24.354449298557228,8.81718937594924,1.778062049320106
P04,S2,lv1,44,4.994776718510415,2.452434822667957,1.2720493325352988
P04,S2,lv1,45,4.597586044037424,1.8167352735696027,1.6327165222674582
P04,S2,lv1,46,15.467673034359954,7.109310617668491,1.3817140558501626
P04,S2,lv1,47,7.87974822275422,2.1952043637701326,2.2131788153711582
P04,S2,lv1,48,5.285299208783038,3.334277427305255,0.8558167376293916
P04,S2,lv1,49,6.733952725128576,4.280191852026244,0.8433469820723247
P04,S2,lv1,50,15.175162697247853,7.791807708923767,1.1977762319639582
P04,S2,lv1,51,9.594868306301548,4.717231155759451,1.2698821673241105
P04,S2,lv1,52,6.881139752088986,7.2301022075862,0.00862811502077705
P04,S2,lv1,53,5.4460275651122,2.7184874533123784,1.2446469936921605
P04,S2,lv1,54,14.713572344984808,4.508602208302823,2.0550185137227013
P04,S2,lv1,55,8.020566058122881,5.481384008330445,0.7229251138684595
P04,S2,lv1,56,6.780195823736462,3.1400815813859566,1.3691098189773576
P04,S2,lv1,57,6.6308153968250485,5.68374579205977,0.34672191721147777
P04,S2,lv1,58,10.555646245064077,3.468785591667482,1.9388916181106042
P04,S2,lv1,59,6.350768172296044,2.5389352487133685,1.6133539726754043
P04,S2,lv1,60,21.809332812398157,5.9968738840320155,2.234898781059041
P04,S2,lv1,61,7.383492368761313,2.832020062445557,1.6821489602852238
P04,S2,lv1,62,11.323853317778193,3.5991519971348764,1.9942869789050022
P04,S2,lv1,63,7.701853156996354,3.1606818600598556,1.5699139538656959
P04,S2,lv1,64,5.401419040693207,7.445246363248399,0.0
P04,S2,lv1,65,11.352900924240428,6.293162357097431,1.070604511596402
P04,S2,lv1,66,8.098570906248504,6.054302409343244,0.5739064224307521
P04,S2,lv1,67,7.164835252197283,3.4875215628370904,1.2864680593316737
P04,S2,lv1,68,2.2806291794584075,9.462363554232828,0.0
P04,S2,lv1,69,5.706471574475979,5.793279761256635,0.06570804426238172
P04,S2,lv1,70,6.865529559746968,5.767358986939023,0.380237355754404
P04,S2,lv1,71,10.145296730542409,5.526179735712713,1.0996730462072501
P04,S2,lv1,72,8.925907123341153,4.254603832222341,1.3212804226797945
P04,S2,lv1,73,4.453349689515382,2.514492685534954,1.0400077488859865
P04,S2,lv1,74,12.16237728695078,4.456257911792243,1.758177887300708
P04,S2,lv1,75,12.48396623230591,3.3037271461954547,2.298493589094632
P04,S2,lv1,76,11.715176378945968,5.916868753307025,1.2251619885514073
P04,S2,lv1,77,7.440111298085591,2.933528153846037,1.6363528606885969
P04,S2,lv1,78,5.934497571603155,3.84822220611702,0.8101441572712512
P04,S2,lv1,79,8.15887690720441,4.033931811707606,1.2605135318503138
P04,S2,lv1,80,21.988940099087838,6.036003000823245,2.237718454719348
P04,S2,lv1,81,10.343014117097587,7.571379653617218,0.608810120656698
P04,S2,lv1,82,13.51393532234732,4.223108394363846,2.022413782614729
P04,S2,lv1,83,6.381865423904755,2.598084527723087,1.5832207429297762
P04,S2,lv1,84,5.461699299217794,3.171987517611694,0.993203013602838
P04,S2,lv1,85,10.02100598827525,7.786921787180852,0.5096698868900256
P04,S2,lv1,86,19.964166208509468,8.232317840804768,1.561939615942235
P04,S2,lv1,87,10.974229825299473,4.684302044459658,1.5045817998638005
P04,S2,lv1,88,7.5170934136469265,2.5459511898116274,1.888770081091183
P04,S2,lv1,89,9.678547317779259,9.134216292008105,0.1869088143988164
P04,S2,lv1,90,8.865902846933933,4.141527239448472,1.3548128551225949
P04,S2,lv1,91,27.19332352106226,9.264629973241993,1.8789592860497029
P04,S2,lv1,92,8.237431533564928,4.77234857022403,0.9972691203000902
P04,S2,lv1,93,7.258119971193982,5.139897810452534,0.6638647252329409
P04,S2,lv1,94,8.059023915969508,11.326024110876595,0.0
P04,S2,lv1,95,5.700854745141005,3.327278726445182,0.984998780452888
P04,S2,lv1,96,12.536690822167383,4.0955946393561895,1.9486753258113927
P04,S2,lv1,97,13.207418122281942,6.148739022541064,1.3604317493499096
P04,S2,lv1,98,8.880005994271514,2.5067474606799784,2.1912499601038986
P04,S2,lv1,99,8.86738590898839,2.5029834815927905,2.1913836072249007
P04,S2,lv1,100,7.26744059129034,3.809707317135742,1.1633412012001851
P04,S2,lv1,101,10.677131703757846,3.930476878708577,1.7503817570626383
P04,S2,lv1,102,6.137188545750332,3.8346320019142515,0.8717926442007861
P04,S2,lv1,103,6.479125725269154,4.165292969978853,0.8244723966965674
P04,S2,lv1,104,6.172924131658902,6.04936579008834,0.12435852273759285
P04,S2,lv1,105,11.753064922045109,2.8406382594617448,2.4491040752770723
P04,S2,lv1,106,8.717283030507202,3.443556448782151,1.633235510625076
P04,S2,lv1,107,6.7304331920534075,6.7716607408861025,0.08063904236854762
P04,S2,lv1,108,12.361333835978623,5.4329298068730925,1.4560264395271747
P04,S2,lv1,109,15.230425363975659,4.2572935490298605,2.2075999701968145
P04,S2,lv1,110,8.073644381005495,4.759588324970181,0.9683627214263082
P04,S2,lv1,111,26.617509505316864,6.844792535882415,2.346134261521149
P04,S2,lv1,112,4.636263755698406,3.0985923502832047,0.7599743322571664
P04,S2,lv1,113,7.116374621610413,6.317435993762337,0.2885440576830465
P04,S2,lv1,114,6.717620799081159,4.964583985153613,0.5929812669967204
P04,S2,lv1,115,15.317743982119381,4.739143229996884,2.0390299495672726
P04,S2,lv1,116,7.318181856879012,4.431547600426495,0.9238051255594589
P04,S2,lv1,117,7.966912943458157,3.425824951549578,1.4923290950268182
P04,S2,lv1,118,5.410813934048423,2.651543923803474,1.2752811617072526
P04,S2,lv1,119,30.33263733383133,8.259217578572388,2.251164819815121
P04,S2,lv1,120,9.702695517171477,4.791498213308538,1.2624990607597155
P04,S2,lv1,121,9.323085131900424,3.226240388716833,1.8530666826257387
P04,S2,lv1,122,5.620958997806558,4.533876451958277,0.4477047258780765
P04,S2,lv1,123,6.961783183787244,2.069897625098836,2.105093862753076
P04,S2,lv1,124,16.321110528611793,3.5275610586510773,2.634715228555482
P04,S2,lv1,125,35.70263629051132,7.63386259045327,2.6526139892361376
P04,S2,lv1,126,9.169954937164341,6.712960311651754,0.6087375744576857
P04,S2,lv1,127,5.887357349828461,3.0902905426829888,1.1611662005855428
P04,S2,lv1,128,4.49971523980714,3.617012237620147,0.45341881851031
P04,S2,lv1,129,5.756753989712802,4.011789967705312,0.6905165215194025
P04,S2,lv1,130,7.541643418195053,3.021894438100816,1.6095762455850648
P04,S2,lv1,131,6.470802135106928,2.6075746349275515,1.6001491010380664
P04,S2,lv1,132,6.128563909997225,3.2919779956694293,1.1228536097467519
P04,S2,lv1,133,6.066652295565741,5.371175406042053,0.29298671182567776
P04,S2,lv1,134,3.7668546711346065,3.264764912714143,0.32834685474754877
P04,S2,lv1,135,6.4658352648342055,8.891329895477082,0.0
P04,S2,lv1,136,5.442877923357872,6.475543309226395,0.0
P04,S2,lv1,137,5.885374268528161,1.9702878049812274,1.908059824295288
P04,S2,lv1,138,6.1978244044568855,1.712619701676715,2.2267189886478866
P04,S2,lv1,139,23.592881751286335,4.835650182480604,2.722859366718724
P04,S2,lv1,140,7.366934118008151,3.2264641009523722,1.4618720380079595
P04,S2,lv1,141,7.777597715173874,5.34629946255714,0.713278998359848
P04,S2,lv1,142,6.449459891598645,4.935967369617679,0.5349287666069381
P04,S2,lv1,143,4.497872100462471,2.450144582055522,1.0995799015434107
P04,S2,lv1,144,5.088091620217897,4.584984409952149,0.2636854051455068
P04,S2,lv1,145,7.140967813994005,4.499721056432283,0.8577425881900113
P04,S2,lv1,146,10.243923245387998,2.2631621674509987,2.598294556845532
P04,S2,lv1,147,4.720206503653346,4.141254459680704,0.3080884245470186
P04,S2,lv1,148,8.744875987931588,3.5781963776399324,1.5747895317734204
P04,S2,lv2,0,5.516538205471675,2.488913170320508,1.4125322265250195
P04,S2,lv2,1,3.8255317076237456,2.4702419148719756,0.8171361442993512
P04,S2,lv2,2,8.240900186874834,3.2715247078459715,1.6250161088311128
P04,S2,lv2,3,4.895907149941195,1.414515230132817,2.152716190265987
P04,S2,lv2,4,12.11042436543241,11.171400996788721,0.22481433512986065
P04,S2,lv2,5,6.92633017293199,3.9047574140821104,1.042580113965799
P04,S2,lv2,6,14.143827168527936,5.881695970350756,1.5479263148311242
P04,S2,lv2,7,20.37553422351066,2.9867309960606496,3.2795662202523563
P04,S2,lv2,8,6.5261587356393,2.461729962584004,1.7098786779782162
P04,S2,lv2,9,5.096562964779251,1.4900244042312116,2.133055570037213
P04,S2,lv2,10,6.356603402309872,4.994612004284448,0.49123054942565564
P04,S2,lv2,11,3.9334027045792888,3.7989553548681667,0.1485374299412764
P04,S2,lv2,12,7.509288041935933,3.056831014005949,1.5833468052404236
P04,S2,lv2,13,9.272752140999867,4.730068847930254,1.2086592311630864
P04,S2,lv2,14,8.428108351501605,4.232728976083119,1.2345410312885603
P04,S2,lv2,15,6.624108228724619,4.824724308545018,0.61715698340749
P04,S2,lv2,16,7.8238330015525515,5.268468974669778,0.7474757958974363
P04,S2,lv2,17,12.586790060135334,7.11035517049383,1.0391943012602702
P04,S2,lv2,18,3.844784916262611,2.0642235598289247,1.1236700982318422
P04,S2,lv2,19,4.587127461794486,2.790347763474623,0.9162900319164721
P04,S2,lv2,20,6.678083850714312,3.437306381663015,1.193717155692235
P04,S2,lv2,21,2.866664254094328,2.7062254829384127,0.18642687262221394
P04,S2,lv2,22,6.425716804932547,5.580004285043262,0.3251351682686608
P04,S2,lv2,23,8.893092857805035,5.105186988360889,1.012493958542459
P04,S2,lv2,24,15.73305753408869,8.764431285102475,1.0623888174287686
P04,S2,lv2,25,10.222365704005835,4.282933576892068,1.5354822727966644
P04,S2,lv2,26,6.405822622872201,8.23972372651941,0.0
P04,S2,lv2,27,4.469638448822359,2.0513907168870507,1.384109775995242
P04,S2,lv2,28,17.983935005470304,7.7924204458318584,1.4796622666979646
P04,S2,lv2,29,5.400252830261378,2.7875415688431233,1.1889721650945257
P04,S2,lv2,30,29.83946379680795,9.480374687624312,1.9949426428142514
P04,S2,lv2,31,12.517813952771563,12.383736554927278,0.10866413849867947
P04,S2,lv2,32,4.668266978686607,2.0342145662840694,1.4702806691145736
P04,S2,lv2,33,10.48783871087817,3.463912818454972,1.930523724018499
P04,S2,lv2,34,4.331122306038889,2.988439319325768,0.7070224032067703
P04,S2,lv2,35,3.3135903369187565,3.30150747376016,0.09684735371194005
P04,S2,lv2,36,6.231844353933495,1.5520551337570052,2.399295128429121
P04,S2,lv2,37,7.276223974692012,2.8808914480268797,1.629431604710549
P04,S2,lv2,38,6.7951504076068865,4.121139134438981,0.9212584883653245
P04,S2,lv2,39,6.515803933875429,5.428894868100687,0.39384854247925016
P04,S2,lv2,40,9.049056326373908,5.778415336163545,0.8356522192348708
P04,S2,lv2,41,7.549679464649665,5.213133689445045,0.7057744589362597
P04,S2,lv2,42,6.620648080538988,4.295739152679464,0.8091453070250135
P04,S2,lv2,43,13.45653306234299,4.008696010432541,2.1018758034099254
P04,S2,lv2,44,8.497184971073592,4.201958650876025,1.2602132409006235
P04,S2,lv2,45,5.884762994860357,5.94427932677657,0.07406938794847712
P04,S2,lv2,46,23.857032449045082,7.604905879397526,1.989425028130731
P04,S2,lv2,47,16.14791020021427,6.564992856436202,1.5854680484982389
P04,S2,lv2,48,15.841851518124061,8.68151285345712,1.089619208161247
P04,S2,lv2,49,11.677765733858834,6.132020025784381,1.160535679123597
P04,S2,lv2,50,4.92468843064298,2.9987441741444707,0.9145955438261598
P04,S2,lv2,51,4.670141066286405,2.8923349858268574,0.8864596637289406
P04,S2,lv2,52,6.79743036293303,1.7848261064717788,2.3114964900438166
P04,S2,lv2,53,11.542584505395336,8.35432781743544,0.6276215475475422
P04,S2,lv2,54,15.271902916838004,5.445851524380619,1.803220191637796
P04,S2,lv2,55,4.425570372888384,4.403230250049978,0.09918498877507509
P04,S2,lv2,56,7.126422804120227,2.572413849985722,1.7829665650900595
P04,S2,lv2,57,7.37167493084627,6.4940429427602195,0.30128932059209873
P04,S2,lv2,58,11.463412997843337,7.09783367051983,0.8868677220749843
P04,S2,lv2,59,6.010854803990639,4.199980805350629,0.6861169495826023
P04,S2,lv2,60,15.391280206033839,4.425989842244568,2.1605122734479925
P04,S2,lv2,61,35.210728492188956,4.238025126732884,3.606885229363765
P04,S2,lv2,62,25.397418970662084,11.119378888809877,1.4624422012024372
P04,S2,lv2,63,4.763977992525387,10.421842488317667,0.0
P04,S2,lv2,64,7.625493132356955,5.620586498282991,0.5973927879538017
P04,S2,lv2,65,11.021750531230818,4.732532320801825,1.4947461137184164
P04,S2,lv2,66,21.46744690136672,19.6839179602346,0.23482193659439884
P04,S2,lv2,67,6.2820609746341765,6.768021760718232,0.0
P04,S2,lv2,68,27.53562766452831,13.25098885557167,1.3054245192083238
P04,S2,lv2,69,9.44426723280104,4.642148944630697,1.2702543707026277
P04,S2,lv2,70,3.4355442186318266,3.3429939233255426,0.13613173251999258
P04,S2,lv2,71,3.7331426558071352,3.513118004540705,0.1916617551615302
P04,S2,lv2,72,11.620084349704449,2.3560881476219313,2.740799615695605
P04,S2,lv2,73,10.34642407203372,6.188584838745327,0.9442672871065649
P04,S2,lv2,74,6.053347458262469,6.97449954712093,0.0
P04,S2,lv2,75,5.762636110976562,3.0444031050242644,1.1504515099309114
P04,S2,lv2,76,4.1836900903810506,0.9936105520951123,2.4781965934397117
P04,S2,lv2,77,6.325005961677614,1.129348094183286,2.9519367449948035
P04,S2,lv2,78,9.706026073454575,2.1533099685213477,2.5913513847133998
P04,S2,lv2,79,6.267064664163031,4.895732924674892,0.5008785838866366
P04,S2,lv2,80,14.636380694023924,7.448735111149439,1.212521267022237
P04,S2,lv2,81,7.832562111727048,3.3205146977228175,1.5159359807096202
P04,S2,lv2,82,9.907113553721729,5.4919999743676655,1.0705230732695847
P04,S2,lv2,83,6.6647941865505285,3.831538796199473,1.0100938672592137
P04,S2,lv2,84,7.0006766130280385,1.9858679202799918,2.183170021788583
P04,S2,lv2,85,10.942909550745371,2.7153627055281513,2.405396162822202
P04,S2,lv2,86,8.236188770223533,2.152072324570216,2.3196053097438747
P04,S2,lv2,87,8.634672668121793,3.486631223375573,1.5967783143103218
P04,S2,lv2,88,6.575508706933356,4.0121246356720865,0.9112136989068419
P04,S2,lv2,89,5.878012231969389,4.325795914474162,0.5999859960054019
P04,S2,lv2,90,31.880308298191064,13.899071371740009,1.4694310096592882
P04,S2,lv2,91,6.8717730133254245,2.7484692095036043,1.6126017957160816
P04,S2,lv2,92,7.606441943010927,2.8385891838357424,1.7277048185541939
P04,S2,lv2,93,4.018341945958922,4.037684755442115,0.08280587218510031
P04,S2,lv2,94,12.661633324659942,11.642307083831483,0.23016380061967834
P04,S2,lv2,95,17.463818383986375,6.043748966698323,1.852951441924498
P04,S2,lv2,96,12.681919498639582,12.28084925878078,0.14414902347646558
P04,S2,lv2,97,7.66962776620487,4.039013481083842,1.1557282537745868
P04,S2,lv2,98,9.178250605966618,2.820158313399549,2.0504689085258425
P04,S2,lv2,99,5.8253204826329785,6.31922465671679,0.0
P04,S2,lv2,100,4.504996646238907,1.6865285949355682,1.7224345582179563
P04,S2,lv2,101,5.425499298634606,2.940070958552109,1.108246772171675
P04,S2,lv2,102,5.881831348227515,3.751231787941207,0.8377329114945038
P04,S2,lv2,103,6.534539881825894,2.71288971857619,1.5506737908642902
P04,S2,lv2,104,6.1511200248748095,4.756325502317781,0.5178420000604085
P04,S2,lv2,105,4.043270040834621,5.231720273098557,0.0
P04,S2,lv2,106,3.976930648649024,5.9142934274317795,0.0
P04,S2,lv2,107,4.057896076557859,3.1824068114983173,0.4943732682203026
P04,S2,lv2,108,3.3967212755411684,3.396557167607284,0.0908608829138123
P04,S2,lv2,109,5.591449451346377,2.448994642028912,1.4617826334259256
P04,S2,lv2,110,11.090777441406134,3.0987243083206297,2.208367099793754
P04,S2,lv2,111,6.334967780413209,3.059692347084505,1.2993826244563578
P04,S2,lv2,112,7.428480629204194,3.1827138226901646,1.4983612767810106
P04,S2,lv2,113,10.434732039930408,5.455184507787123,1.1678609498908832
P04,S2,lv2,114,6.703416448449278,2.5349745412664326,1.7056929686871978
P04,S2,lv2,115,12.773086954212438,3.14382096137154,2.4189063351748983
P04,S2,lv2,116,9.70630875728225,6.49848423420102,0.7570618407062291
P04,S2,lv2,117,22.425467411696825,6.65615996330949,2.107946961080458
P04,S2,lv2,118,9.643991548248302,4.353047251416444,1.4117925164892733
P04,S2,lv2,119,7.1363111112911675,3.532314681762103,1.2586496198173944
P04,S2,lv2,120,7.929255607305395,11.208336879627625,0.0
P04,S2,lv2,121,5.48598352485968,2.2826688974413356,1.5469596698772146
P04,S2,lv2,122,3.995014049485548,5.09243731910035,0.0
P04,S2,lv2,123,2.7870153913764324,6.575900940601655,0.0
P04,S2,lv2,124,6.123757034912023,8.699594131449132,0.0
P04,S2,lv2,125,4.449089574396071,3.572380215801247,0.45524824625265076
P04,S2,lv2,126,9.170298241470126,3.03277293933512,1.92832314421899
P04,S2,lv2,127,12.6024970307487,2.6935935007781033,2.6532586996883523
P04,S2,lv2,128,4.975047939821548,5.7762719408329275,0.0
P04,S2,lv2,129,8.997975696161916,1.7100610407671515,2.8483098411162135
P04,S2,lv2,130,3.5459420539593562,3.512535144274069,0.1065004631345084
P04,S2,lv2,131,6.9825231635678335,4.3110575668943305,0.8916110261408301
P04,S2,lv2,132,10.317350577677715,9.582326012613153,0.21351676684984186
P04,S2,lv2,133,21.72910945183273,3.641464583683269,3.057218657108736
P04,S2,lv2,134,10.261653134286009,6.735349417877793,0.7900052336428877
P04,S2,lv2,135,16.02367346326864,9.210821714731177,1.0102858059865156
P04,S2,lv2,136,3.767352608224121,4.373950198927841,0.0
P04,S2,lv2,137,9.23199687353363,6.474566241133452,0.6799835877030018
P04,S2,lv2,138,20.887522460815443,4.172158958273999,2.7656867377664835
P04,S2,lv2,139,8.363856294815948,5.6355868022898505,0.7464520423510852
P04,S2,lv2,140,20.153169130813488,3.328101729086581,3.081618549500331
P04,S2,lv2,141,5.188913130065703,5.99869583719873,0.0
P04,S2,lv2,142,8.53327130273791,2.5722869919573625,2.082244266420927
P04,S2,lv2,143,15.632856870054015,6.023508070717371,1.6745904827006164
P04,S2,lv2,144,5.161343847510721,11.510803728765465,0.0
P04,S2,lv2,145,9.546551526400604,6.366293404455308,0.763630654077179
P04,S2,lv2,146,4.895830311114129,4.940266778563922,0.07577555682055011
P04,S2,lv2,147,26.264110941061226,9.893288713734112,1.7121913616019961
P04,S2,lv2,148,7.257061090147039,6.874316274685106,0.1807614754004212
P05,S1,lv0,0,24.457678892764662,12.564002840256908,3.0119017928035765
P05,S1,lv0,1,15.790350896593536,9.19997495888998,2.8034096433640108
P05,S1,lv0,2,11.006362586232003,13.543731637162269,1.5653928441494331
P05,S1,lv0,3,23.282578516796367,10.89086652023991,3.1670121840830814
P05,S1,lv0,4,22.330547214753178,14.487026424243215,2.6254087114470726
P05,S1,lv0,5,56.279018472073616,15.65241577743507,4.027930418173865
P05,S1,lv0,6,13.542529142174812,13.643019181925611,1.896663964779501
P05,S1,lv0,7,10.566813257196005,15.545540785280695,1.2696438636911556
P05,S1,lv0,8,11.551430471362117,6.181655284170804,2.9442007417657474
P05,S1,lv0,9,6.0728495435688234,7.533653290408194,1.551977166288609
P05,S1,lv0,10,42.11486952302133,9.113543827434503,4.443461580487738
P05,S1,lv0,11,12.75118238940437,8.333418614921802,2.6132349786895688
P05,S1,lv0,12,14.975928441820084,12.947634556908072,2.149887790004457
P05,S1,lv0,13,10.45530779699851,6.732363638083394,2.637797065490874
P05,S1,lv0,14,23.862783810499202,15.439535666229975,2.629857334067291
P05,S1,lv0,15,15.087979225888864,21.381025082676302,1.3316566993430556
P05,S1,lv0,16,17.176594188248835,13.904380297204318,2.2588657700003028
P05,S1,lv0,17,14.146280922230346,6.887917859934128,3.1006147529363006
P05,S1,lv0,18,13.024465656267871,10.55564412368921,2.256920314219362
P05,S1,lv0,19,19.818561949151604,4.97514855004622,4.197603894087958
P05,S1,lv0,20,11.01024121152436,14.81399989027312,1.4175284942382738
P05,S1,lv0,21,16.81789769422118,4.032013081696067,4.273797818352238
P05,S1,lv0,22,4.339097213399238,5.994062217838304,1.3738857337484864
P05,S1,lv0,23,19.43209085413493,31.059261082211197,1.1323455409582577
P05,S1,lv0,24,4.460812927446572,7.78085512236476,0.9876810820208125
P05,S1,lv0,25,18.13806129976304,33.664449315808945,0.8848598812772231
P05,S1,lv0,26,12.767487598965094,10.227220920718088,2.2762612768820976
P05,S1,lv0,27,23.839059763907585,49.81065330409877,0.6886816116558583
P05,S1,lv0,28,20.23930427208799,22.69354924402839,1.7193832282172778
P05,S1,lv0,29,25.252200323059082,8.557026321292964,3.7008344426499304
P05,S1,lv0,30,15.414518647841565,15.910347233350047,1.8564808807043667
P05,S1,lv0,31,18.141012581228445,15.110999283327855,2.211521860784735
P05,S1,lv0,32,8.22690906072458,24.229370329965576,0.12029779737144128
P05,S1,lv0,33,31.09172776657015,10.006118599362896,3.7862521715101463
P05,S1,lv0,34,18.85784443610393,21.494380055864816,1.692213058428348
P05,S1,lv0,35,29.490801705876706,15.091316217511183,3.018277745555707
P05,S1,lv0,36,13.08160507260686,15.38925495646294,1.6398873064782253
P05,S1,lv0,37,21.938428473408404,41.7455932290667,0.8435882647450926
P05,S1,lv0,38,74.35306695221036,28.225736041814297,3.5127763802597674
P05,S1,lv0,39,12.09395219493118,19.62789897043774,1.1070514653619543
P05,S1,lv0,40,14.417745744997235,26.53301181973616,0.898934707256752
P05,S1,lv0,41,26.612849234335776,11.163272900530819,3.3474768312157943
P05,S1,lv0,42,12.660807214861167,7.325637109788226,2.814889463807729
P05,S1,lv0,43,6.056307793781469,14.048662646808706,0.5156033662433946
P05,S1,lv0,44,4.58709005860848,17.649376235540718,0.0
P05,S1,lv0,45,10.252075859222389,9.634586869178099,2.011770384864771
P05,S1,lv0,46,11.533725974341953,7.873734461534051,2.5410265542313435
P05,S1,lv0,47,13.945850464548707,12.265935492038397,2.121448087906233
P05,S1,lv0,48,10.542083754601926,10.35207702263974,1.939023013492161
P05,S1,lv0,49,16.587884478666552,9.631912148868231,2.8090272545330945
P05,S1,lv0,50,14.253989358539888,12.861174796314938,2.0791696428806703
P05,S1,lv0,51,11.280550143595631,11.848787341647542,1.8275266834118198
P05,S1,lv0,52,18.540622961796082,10.42375329313029,2.8624893095944324
P05,S1,lv0,53,6.748878425049742,16.71106093094696,0.407527959558662
P05,S1,lv0,54,49.4521918951309,20.669052423088342,3.35344443371722
P05,S1,lv0,55,30.239169843515516,16.78578099122703,2.883566934168858
P05,S1,lv0,56,16.112828769746816,27.843186504374206,1.003184613284079
P05,S1,lv0,57,16.709882829506117,13.380072289889108,2.2768985394279926
P05,S1,lv0,58,17.753484643326697,8.361047090799937,3.1557807956566926
P05,S1,lv0,59,15.190700111880071,13.939138752265421,2.0512830071695856
P05,S1,lv0,60,11.407704697995586,7.59909031116849,2.581624549065572
P05,S1,lv0,61,13.567187306396475,14.904959946359114,1.7531870029631484
P05,S1,lv0,62,23.391883178481436,7.00569639572625,3.9053438830804326
P05,S1,lv0,63,16.49246455921067,12.400742170544083,2.3810755955878697
P05,S1,lv0,64,31.214875924735352,12.404169386123062,3.437055249021297
P05,S1,lv0,65,13.90614677130094,22.021088756505915,1.1477477843804091
P05,S1,lv0,66,14.701724589783858,19.338036545058664,1.4550137516620865
P05,S1,lv0,67,19.195067388774348,9.808552224099236,3.0206617888185177
P05,S1,lv0,68,13.819351200177392,12.880937207397753,2.025349604365461
P05,S1,lv0,69,24.26282360693683,9.042808317186125,3.543219364930613
P05,S1,lv0,70,3.561470355759468,13.982844536043034,0.0
P05,S1,lv0,71,11.257664088845255,9.039425871313696,2.272294551226197
P05,S1,lv0,72,18.96761668494276,8.918215875718742,3.158494919982664
P05,S1,lv0,73,17.931168982175784,8.424329216243976,3.1597855137748114
P05,S1,lv0,74,11.020350878246932,9.697701635352997,2.1206179495091515
P05,S1,lv0,75,19.832689427581826,9.270211580190617,3.168244954573578
P05,S1,lv0,76,24.362014295969637,15.211227066928307,2.688811217238064
P05,S1,lv0,77,17.780586495265293,8.024774051615141,3.2262808349040215
P05,S1,lv0,78,5.957584441661053,16.365439941097147,0.23562737376233583
P05,S1,lv0,79,50.19289876511767,10.645738763797857,4.476702767189505
P05,S1,lv0,80,15.931952975026533,16.280663817672774,1.873053614638147
P05,S1,lv0,81,9.33948139466728,22.006484704556552,0.48967297631499557
P05,S1,lv0,82,24.400456119985023,17.042558712024203,2.5031817145627637
P05,S1,lv0,83,16.877792726853038,25.68950474750537,1.213297147187341
P05,S1,lv0,84,12.017546491895054,7.865721965442089,2.6107565040757867
P05,S1,lv0,85,10.124294463414445,11.912876838042434,1.6395238588117336
P05,S1,lv0,86,16.299865335412868,8.086992423644988,3.069512403542652
P05,S1,lv0,87,17.463151842952996,15.536764446621385,2.1024516248752754
P05,S1,lv0,88,13.093661515604364,9.243195028112021,2.4855507175538953
P05,S1,lv0,89,21.059323755848666,8.902541768042099,3.334629846400649
P05,S1,lv0,90,12.223355723117274,12.201591443188555,1.911856786531129
P05,S1,lv0,91,16.43706795500272,14.360697172749305,2.1325223775772884
P05,S1,lv0,92,8.915301373096602,8.961588021654286,1.9003309871747243
P05,S1,lv0,93,14.478700312101868,14.855778773290004,1.8663325841220566
P05,S1,lv0,94,14.251000719973385,10.275239065131519,2.4505279360262806
P05,S1,lv0,95,3.1759440640576533,4.497138020766058,1.3329304579771475
P05,S1,lv0,96,15.770392667453427,13.578355820216823,2.1567203331188627
P05,S1,lv0,97,16.44448141926977,5.214707964905117,3.810695994809009
P05,S1,lv0,98,20.694942210628778,6.449091213445831,3.839579937151059
P05,S1,lv0,99,12.337690450764024,9.88251046616812,2.2763328791319535
P05,S1,lv0,100,10.97347080279204,4.399645843758139,3.4223087221145896
P05,S1,lv0,101,9.003720231205158,10.807644786469297,1.6065156858183527
P05,S1,lv0,102,10.631560443987292,9.184003346048575,2.1512667148527282
P05,S1,lv0,103,25.375788076739823,11.958481151316313,3.1547154061118063
P05,S1,lv0,104,7.923175831482037,14.946532400893982,0.8579395470035709
P05,S1,lv0,105,10.575852896278663,6.189211730016701,2.7960697082403443
P05,S1,lv0,106,23.54410962135275,11.783135014130385,3.0551169145620434
P05,S1,lv0,107,8.092209319698993,10.774790615718771,1.4348148880402265
P05,S1,lv0,108,5.595160538980293,7.327297735123634,1.4623069135980713
P05,S1,lv0,109,12.852324449405089,11.267272806946789,2.1268567171771338
P05,S1,lv0,110,18.05777870901715,12.847682309752921,2.4725892527652897
P05,S1,lv0,111,16.37759670395653,8.43671252727703,3.0072871856533827
P05,S1,lv0,112,19.48176358373864,14.566243987930307,2.390389544828424
P05,S1,lv0,113,27.350390795901806,6.277613724506054,4.345932954967561
P05,S1,lv0,114,19.432919561810508,26.191713272838793,1.4146675506237605
P05,S1,lv0,115,14.429109397032457,36.052228281695804,0.39258111846223487
P05,S1,lv0,116,22.356110342982994,16.224333565680098,2.4397603845189058
P05,S1,lv0,117,21.52802531376364,25.09907213335855,1.6547690297954425
P05,S1,lv0,118,16.413551188853255,13.655715669623584,2.213503562043638
P05,S1,lv0,119,5.3728276730499145,6.957362947551581,1.4809497740663184
P05,S1,lv0,120,15.973706916757399,20.939665494732186,1.4606569560969702
P05,S1,lv0,121,36.957031398044194,17.55342239733951,3.141720448122823
P05,S1,lv0,122,12.41488098083613,25.786378919953176,0.6985389188731799
P05,S1,lv0,123,17.201958588838114,34.02145995678607,0.7796477910848736
P05,S1,lv0,124,19.61739183345226,14.989717566541916,2.354423834555337
P05,S1,lv0,125,14.77892007643017,19.514289104047947,1.4486618441298518
P05,S1,lv0,126,22.703793037454133,7.334356508192373,3.7799884655721625
P05,S1,lv0,127,6.966627270444561,10.605859322186033,1.2129799063026727
P05,S1,lv0,128,12.143815343598074,11.880035790156287,1.9452700602148154
P05,S1,lv0,129,17.375172708510622,9.516026980873095,2.905853370596763
P05,S1,lv0,130,7.454852769453792,9.61304049762818,1.4878892618709378
P05,S1,lv0,131,19.125090095413317,11.380202668292625,2.768516206149971
P05,S1,lv0,132,15.398392973796692,10.87671764046057,2.4845538641531246
P05,S1,lv0,133,26.86133989633586,8.585638455544588,3.797598570354801
P05,S1,lv0,134,12.808501957921045,12.599334003785644,1.9361702044885745
P05,S1,lv0,135,15.577055463926168,7.748348212020855,3.065239225442733
P05,S1,lv0,136,11.865275917146189,11.643046428371695,1.940213542722905
P05,S1,lv0,137,21.575593529042294,8.037942067327359,3.543905152092698
P05,S1,lv0,138,13.836522998432487,8.050346798906139,2.8057249461726514
P05,S1,lv0,139,15.137890058197375,10.139497992394435,2.572520440335748
P05,S1,lv0,140,18.38759727678984,7.03974019417294,3.498725200406438
P05,S1,lv0,141,19.56520872775318,11.960700417721002,2.72380869034203
P05,S1,lv0,142,29.580356035795408,13.337660221692047,3.2278459093725647
P05,S1,lv0,143,20.732263807237093,5.3485073065081705,4.152414697156278
P05,S1,lv0,144,13.809241969271985,11.813614134196891,2.167364681588003
P05,S1,lv0,145,10.880072125687471,12.759089289856425,1.6451057360387598
P05,S1,lv0,146,17.75807632527751,11.894884166919537,2.572470141301114
P05,S1,lv0,147,8.273595812295355,11.71634267548225,1.3327993244337804
P05,S1,lv0,148,11.645661684820674,11.750436153888543,1.8940746623557174
P05,S1,lv1,0,81.6661947454588,291.41221308959734,0.0
P05,S1,lv1,1,12.013050880350491,17.291015825226733,1.3058449706538866
P05,S1,lv1,2,11.982448802304752,27.195730799560852,0.551717858259876
P05,S1,lv1,3,60.06972011601805,25.110465830477523,3.353199879919286
P05,S1,lv1,4,14.878335091666601,32.20850015278971,0.6300290253695042
P05,S1,lv1,5,79.59026425795362,60.01936652128936,2.3762358401756534
P05,S1,lv1,6,29.574498632902856,56.66076874212723,0.8323025539566241
P05,S1,lv1,7,12.85646181329067,10.867009277080903,2.187284184420707
P05,S1,lv1,8,22.5789352055935,23.154162051795037,1.8672485469082316
P05,S1,lv1,9,26.428413486291767,31.442329908350434,1.6212538706616286
P05,S1,lv1,10,29.440627582717926,28.557955580966677,1.9593108860205313
P05,S1,lv1,11,31.246269305242826,30.90928499528508,1.9268610964908393
P05,S1,lv1,12,6.9648834189268305,10.741291787140531,1.1915543154997914
P05,S1,lv1,13,6.2636933377494985,10.83233418799116,1.001871413159934
P05,S1,lv1,14,53.13196115696791,23.373117268525913,3.268701883000055
P05,S1,lv1,15,17.552389789201982,4.0533124643256695,4.3358565611649835
P05,S1,lv1,16,58.687042947645736,26.007110109171492,3.2565425493624756
P05,S1,lv1,17,10.795673054339163,20.77745176301703,0.8247627774068826
P05,S1,lv1,18,13.390268808757423,15.662445076726456,1.649367068222275
P05,S1,lv1,19,20.951358476212434,43.71796998802159,0.6909133062042815
P05,S1,lv1,20,13.593045779011915,37.09099671432565,0.24670644842015063
P05,S1,lv1,21,11.739219168716547,14.014561071811844,1.6155473877106488
P05,S1,lv1,22,14.700986201455802,20.625064478696533,1.348237069615878
P05,S1,lv1,23,12.190966780706562,14.278122011014707,1.647221696001953
P05,S1,lv1,24,18.541142817506632,13.525947210993701,2.43114128198886
P05,S1,lv1,25,13.561444759303788,25.95849318508305,0.8337954639273862
P05,S1,lv1,26,17.669083632533326,14.89551731233892,2.1916575086707653
P05,S1,lv1,27,6.968330531557207,19.123472457614323,0.23722671560693073
P05,S1,lv1,28,6.130473004849676,5.6362557548956795,2.048085754348423
P05,S1,lv1,29,15.512684350826456,12.846710705009622,2.221155569869933
P05,S1,lv1,30,6.779246458619944,7.963374518494863,1.642330715254339
P05,S1,lv1,31,22.09142172830843,10.06708287165267,3.2102928005065605
P05,S1,lv1,32,19.54664387942354,10.550207219810133,2.9300179639119133
P05,S1,lv1,33,9.912240026454084,10.762651838040016,1.772607572053146
P05,S1,lv1,34,20.97553474522263,8.424821358916258,3.41935778904989
P05,S1,lv1,35,36.89679096691018,19.25209839721203,2.986063589617279
P05,S1,lv1,36,16.508499561528506,18.903540161108136,1.6845772780645527
P05,S1,lv1,37,60.29717166749342,16.983468330308124,4.006980638133879
P05,S1,lv1,38,7.845520900452384,9.690671967626727,1.5591490499672145
P05,S1,lv1,39,6.444867265622538,14.618316071404553,0.552754106834635
P05,S1,lv1,40,37.431741988619116,18.564661421430486,3.0701072982691593
P05,S1,lv1,41,33.231189489413936,26.82755315289591,2.2633626134329785
P05,S1,lv1,42,68.88968893652358,11.917674990130921,4.81412165599248
P05,S1,lv1,43,18.608865018684373,24.37673811276336,1.4618325279762958
P05,S1,lv1,44,18.744254259983872,13.600125878402908,2.4401258830979
P05,S1,lv1,45,54.86528352565982,19.954728539202577,3.583687678948503
P05,S1,lv1,46,10.11366650505498,7.369689136766967,2.4330120300330877
P05,S1,lv1,47,6.0424570984517025,7.8200731824610905,1.4818820314496903
P05,S1,lv1,48,35.63716774719331,11.684662002878499,3.7553982469263945
P05,S1,lv1,49,33.628308264370304,15.609824921074676,3.1797406529864802
P05,S1,lv1,50,8.756063594463765,8.526981621673878,1.9528048297976988
P05,S1,lv1,51,11.503001919275233,12.184709947961085,1.8135703701001178
P05,S1,lv1,52,14.194333257528207,16.15690693050698,1.6944612757550441
P05,S1,lv1,53,53.728071711930006,16.84081464316178,3.8299429165556425
P05,S1,lv1,54,8.388248463141128,10.079492164828872,1.604768295194809
P05,S1,lv1,55,4.384791449626001,13.588827701642305,0.035929480882365354
P05,S1,lv1,56,14.87918018931063,14.559457984339868,1.9448750150534277
P05,S1,lv1,57,11.493966546463458,16.5738736662465,1.3028446599933574
P05,S1,lv1,58,42.27569218088377,15.636805450715215,3.555819462613943
P05,S1,lv1,59,26.329223666286314,21.164112438269157,2.27050465045767
P05,S1,lv1,60,12.116887922253774,13.141424078174692,1.7744992649432838
P05,S1,lv1,61,15.891314789202195,15.735678139493897,1.9252031136429824
P05,S1,lv1,62,14.809330024152613,10.21477431653988,2.5239366845141777
P05,S1,lv1,63,21.55587792956926,13.734055890972867,2.655327005600357
P05,S1,lv1,64,13.543237463779143,7.852447362784666,2.8114635234512875
P05,S1,lv1,65,25.314632182279652,15.23707438846905,2.7495152417210407
P05,S1,lv1,66,45.424459821128316,10.182473706330473,4.385081043580847
P05,S1,lv1,67,19.986614440142034,11.273155044998672,2.8571268126309937
P05,S1,lv1,68,13.444227051039217,16.74727627384312,1.545132270519351
P05,S1,lv1,69,21.958923469082574,10.789046786906603,3.0856443418027286
P05,S1,lv1,70,12.978317919963423,17.95474303391619,1.37144965946149
P05,S1,lv1,71,8.13609088333108,17.884449925325615,0.604698153353239
P05,S1,lv1,72,5.328535793385636,9.83321531333867,0.8943651605757356
P05,S1,lv1,73,62.715499063553594,16.303883086491354,4.13971689882537
P05,S1,lv1,74,25.39400688743303,21.01334140067598,2.222456138070069
P05,S1,lv1,75,29.186911221948478,18.92334573393993,2.6264385488389266
P05,S1,lv1,76,9.349452489754562,15.268656861962214,1.0967222315923495
P05,S1,lv1,77,15.15933523889672,17.210240526511114,1.6987943126258587
P05,S1,lv1,78,22.196926674315517,9.997259573755667,3.2297070599369535
P05,S1,lv1,79,21.358102334088738,13.707067056571217,2.6433213204820865
P05,S1,lv1,80,92.83238263158276,43.750670079715924,3.154605874959411
P05,S1,lv1,81,15.516602674234905,11.04313128731014,2.4720740154639316
P05,S1,lv1,82,20.952262172407455,14.211392238051596,2.5517231099119737
P05,S1,lv1,83,21.340167748466552,12.80337321158128,2.7548660958595663
P05,S1,lv1,84,9.111262601407283,8.154525981554062,2.0926061755907623
P05,S1,lv1,85,22.070953873612662,10.316633140499055,3.1682112159079736
P05,S1,lv1,86,20.919601746846634,12.596614888598141,2.74886526010452
P05,S1,lv1,87,15.715348919214208,14.371104145462574,2.05697187443047
P05,S1,lv1,88,23.097533179166255,10.89833972296571,3.1526631354198504
P05,S1,lv1,89,10.39165070151365,12.32735291876618,1.62605166902925
P05,S1,lv1,90,17.188158292941335,28.973493718214506,1.0442699698796452
P05,S1,lv1,91,7.702535726078067,20.04475295683291,0.3251920586900943
P05,S1,lv1,92,19.57987712314002,15.374991563296781,2.309231633788966
P05,S1,lv1,93,10.146702189232085,12.651537864573237,1.543568793500751
P05,S1,lv1,94,6.138916271591109,10.814270824445492,0.9713157060933089
P05,S1,lv1,95,16.593444961706545,24.8223438875941,1.2420222703100958
P05,S1,lv1,96,22.567777826126555,17.47075642708282,2.3328024493260675
P05,S1,lv1,97,98.04091887258576,18.752300200127024,4.647845721044736
P05,S1,lv1,98,22.46590004475564,11.063615756317171,3.0818268440030803
P05,S1,lv1,99,56.51605478433903,7.91367706832051,5.164254780960747
P05,S1,lv1,100,15.406567713309236,14.888632924633692,1.9655300476163902
P05,S1,lv1,101,13.944217358891201,9.690578562744028,2.5114985544629347
P05,S1,lv1,102,15.812812713262856,11.006078625881038,2.5089519017464568
P05,S1,lv1,103,27.01116101339562,8.581639504097177,3.8075801487239374
P05,S1,lv1,104,19.13533585389807,11.192270693636837,2.796976478674279
P05,S1,lv1,105,26.511216086349776,9.9349386872197,3.5341694508800727
P05,S1,lv1,106,21.891703692435108,18.387678504645052,2.1977359741824576
P05,S1,lv1,107,36.49648940271381,27.494606037027655,2.377894605860878
P05,S1,lv1,108,13.001270346515087,12.534540439900775,1.9694431257848182
P05,S1,lv1,109,17.46662888004883,15.989946317116397,2.0551729767239713
P05,S1,lv1,110,7.948572197075992,21.133392553560284,0.2896829770493655
P05,S1,lv1,111,20.299960756376066,16.81702220884016,2.2205878024210577
P05,S1,lv1,112,13.436824394662858,10.276210311998248,2.3529591103158234
P05,S1,lv1,113,19.4034326526488,5.581359641878332,3.9721621101352977
P05,S1,lv1,114,7.764254102189439,10.121266244379134,1.4699179519398338
P05,S1,lv1,115,20.800508667068794,5.898295713479661,3.9958352635115015
P05,S1,lv1,116,7.791984234170725,4.957286145627022,2.6577564186839764
P05,S1,lv1,117,33.922558758376816,9.776581333452489,3.9689708904341323
P05,S1,lv1,118,24.652943657899147,14.87188028805526,2.7458277571222323
P05,S1,lv1,119,14.2073620636697,5.327758434655441,3.533042631884426
P05,S1,lv1,120,34.65016179170345,16.044195463457218,3.18385975971354
P05,S1,lv1,121,15.740461597032875,8.805995100708605,2.870644239610058
P05,S1,lv1,122,21.99123597368554,13.7810825029004,2.6827769242641963
P05,S1,lv1,123,17.92994379582674,5.463511114161349,3.8767220005768865
P05,S1,lv1,124,8.428162457157775,8.85205280825612,1.8276507016055343
P05,S1,lv1,125,15.651944675780458,9.215589460834996,2.786023434582734
P05,S1,lv1,126,32.79731656832592,5.872620900249106,4.7570960303244645
P05,S1,lv1,127,15.318846251118467,8.183262732684568,2.947131177887829
P05,S1,lv1,128,20.199464772623543,8.931891567389984,3.260150565584821
P05,S1,lv1,129,40.67058885295892,11.647501394161818,3.979441250380097
P05,S1,lv1,130,14.484136621985161,10.217682656146332,2.486699170408576
P05,S1,lv1,131,4.529160113218258,20.39384107995157,0.0
P05,S1,lv1,132,58.74630697808852,38.79089536782776,2.596166979051283
P05,S1,lv1,133,10.75299101208805,11.049766858474973,1.863823805229902
P05,S1,lv1,134,26.538345994407265,11.143717357428331,3.3457379311741513
P05,S1,lv1,135,26.03407612006676,16.500547231741475,2.6640084507409654
P05,S1,lv1,136,26.300937238967638,10.835799676022003,3.377256468239319
P05,S1,lv1,137,9.742737202715375,8.73272054907685,2.090133884839532
P05,S1,lv1,138,10.252665429553415,8.19854571763958,2.279129099314612
P05,S1,lv1,139,15.605909584859633,7.890178712258974,3.038267473622488
P05,S1,lv1,140,8.622497572497725,4.728240747959372,2.9037945847260636
P05,S1,lv1,141,19.10325863519484,6.1143458498342405,3.7953199576979832
P05,S1,lv1,142,13.870009647784453,8.35634451265816,2.747953488970986
P05,S1,lv1,143,10.986633321209196,21.42117827042138,0.8032731696543066
P05,S1,lv1,144,24.97548513986617,10.854961283066809,3.2887055627531496
P05,S1,lv1,145,14.446183154266427,15.45590064319446,1.797033478146263
P05,S1,lv1,146,15.944173621312551,12.252057825346132,2.3450640074789373
P05,S1,lv1,147,5.256399578378035,9.862314431020126,0.8669022381891333
P05,S1,lv1,148,90.674315324482,14.169213402273298,4.982555628636618
P05,S1,lv2,0,18.617871686237024,14.372149346195616,2.3374968623777197
P05,S1,lv2,1,20.383241767194704,17.560735499444082,2.1557108252691135
P05,S1,lv2,2,30.534215948707644,17.20693142517784,2.858612244932028
P05,S1,lv2,3,24.024291307730998,12.15724002003825,3.036793244090547
P05,S1,lv2,4,10.815483357649727,9.800337891827278,2.0721124995302085
P05,S1,lv2,5,8.13644859029644,8.060883876676357,1.9243561106308322
P05,S1,lv2,6,42.10686167464567,8.726113661878776,4.515080698424815
P05,S1,lv2,7,1.4908360267069187,4.626631901515074,0.03363409906662279
P05,S1,lv2,8,110.38354278054219,12.240792068491965,5.550496961285448
P05,S1,lv2,9,14.697211310758576,6.958977328050537,3.1468839080006714
P05,S1,lv2,10,20.038926347309136,12.791649338767968,2.6522043117008947
P05,S1,lv2,11,16.296142144749762,16.55101972704585,1.883207652897904
P05,S1,lv2,12,45.55839391519368,36.1257728028466,2.293050783822715
P05,S1,lv2,13,55.1695545904678,56.36875399182605,1.8732981504094042
P05,S1,lv2,14,49.58052799417746,14.267395569979259,3.9715058693835905
P05,S1,lv2,15,11.805281944269755,16.729221937496387,1.3316493275448322
P05,S1,lv2,16,24.317364237643634,14.05103250699114,2.8171476619412354
P05,S1,lv2,17,11.842996425474334,6.4431759057036135,2.9168653053644595
P05,S1,lv2,18,6.342113283807999,7.118099314968875,1.7177696366636184
P05,S1,lv2,19,18.59703915879362,15.627046345695536,2.197027729977586
P05,S1,lv2,20,27.75618135580184,14.173741409373068,3.0217693288395675
P05,S1,lv2,21,22.003438982552083,13.05822680673304,2.772911846937615
P05,S1,lv2,22,16.393349571485956,9.332228609755674,2.841832032325974
P05,S1,lv2,23,15.393339657896124,11.125524610939488,2.4465585248488937
P05,S1,lv2,24,26.17602111518418,11.981794435931485,3.2029026108701024
P05,S1,lv2,25,17.611375613866254,10.66403308881516,2.7396086647199507
P05,S1,lv2,26,9.040483593796168,4.510250267013154,3.0603389499593914
P05,S1,lv2,27,6.350774272372973,12.343934373319762,0.8084273128324415
P05,S1,lv2,28,33.83178814307111,13.47391375209711,3.4333845259337292
P05,S1,lv2,29,29.737907837634808,30.91770162381449,1.844481599122773
P05,S1,lv2,30,49.9682516755774,19.993492017689174,3.4256609675094967
P05,S1,lv2,31,14.34861057008045,10.185482090144463,2.4763590569240446
P05,S1,lv2,32,11.603723992974833,4.3982412478230986,3.5153108726710114
P05,S1,lv2,33,78.69626773571018,11.403054101967902,5.107594340634416
P05,S1,lv2,34,18.79300380568322,12.472611467464992,2.5877332104938335
P05,S1,lv2,35,9.830614222077704,5.766475228947817,2.792219389646938
P05,S1,lv2,36,17.535138426039538,9.56456886298165,2.912603313958078
P05,S1,lv2,37,19.296242513741532,13.54039353488382,2.4954734258065803
P05,S1,lv2,38,2.6091665659942276,4.891876037506935,0.8681102661812543
P05,S1,lv2,39,1.3606862583015893,3.193006292841139,0.49648317162074346
P05,S1,lv2,40,14.267197243651056,14.485647865180676,1.8837440913856067
P05,S1,lv2,41,5.276359026267632,6.294182511650486,1.6168258092612515
P05,S1,lv2,42,30.708935830121,35.460282000925154,1.670691510164001
P05,S1,lv2,43,19.72373420652559,22.64823725702631,1.6799648399852607
P05,S1,lv2,44,28.972914718439526,27.316017922539075,2.0064175289672033
P05,S1,lv2,45,60.96466172494403,17.780043923764303,3.949311121411339
P05,S1,lv2,46,12.60970870608284,17.016129916560743,1.4126472065263065
P05,S1,lv2,47,41.63878893051614,32.31863988469608,2.328486068505415
P05,S1,lv2,48,48.84259297856646,64.15139028561931,1.4574414908628515
P05,S1,lv2,49,25.283569499120567,70.76700867759524,0.20461029885648044
P05,S1,lv2,50,10.052502795695059,25.464671172914592,0.36981377242412067
P05,S1,lv2,51,31.238619725174967,28.73206556673736,2.0474059116773726
P05,S1,lv2,52,6.613106446431346,14.548412667264927,0.6033625189207591
P05,S1,lv2,53,2.8716229556445008,28.670248743975375,0.0
P05,S1,lv2,54,39.12839435151085,18.747517422775008,3.1272812972416735
P05,S1,lv2,55,111.58284427728212,60.3693589051021,2.9260894501141825
P05,S1,lv2,56,9.311971026773774,23.100482927163238,0.4044509292172649
P05,S1,lv2,57,23.031201267245795,6.540449238954954,3.9934011602262243
P05,S1,lv2,58,20.83280393266057,26.610572495928263,1.5035797579891113
P05,S1,lv2,59,70.73891425742853,45.319191401062106,2.6462118530671077
P05,S1,lv2,60,74.4303026055015,37.57360961692573,3.0408015387900504
P05,S1,lv2,61,80.3134624083832,76.11075542338726,1.997905507167353
P05,S1,lv2,62,59.6461541517821,101.19299352607786,1.0336075549104344
P05,S1,lv2,63,27.06135872863562,31.928336268512513,1.6350445491080512
P05,S1,lv2,64,11.524109479895575,19.59630927252563,1.0297988952341979
P05,S1,lv2,65,24.567883121143947,21.286550536482476,2.146300412348543
P05,S1,lv2,66,17.614864956080925,23.090051012354547,1.4607273156919733
P05,S1,lv2,67,98.11155059909997,30.206519294149178,3.859611492212879
P05,S1,lv2,68,20.14623471459191,27.837513990803807,1.3734484333901944
P05,S1,lv2,69,38.04670249165571,23.25463723930154,2.7241121153569914
P05,S1,lv2,70,33.105233358703074,8.642699121519161,4.132714410911355
P05,S1,lv2,71,68.3802452569925,15.769736708802187,4.3380681454011105
P05,S1,lv2,72,25.163180899940468,23.73697420866238,2.005522979116873
P05,S1,lv2,73,13.942714366902658,33.92949700728481,0.4362853885852156
P05,S1,lv2,74,21.640273270869034,35.645231212329165,1.0825231923359464
P05,S1,lv2,75,86.25986045895108,37.85273390763549,3.272790320519941
P05,S1,lv2,76,18.547387038171752,11.327431814700823,2.725423052531136
P05,S1,lv2,77,12.660845113637869,18.28131812472521,1.3005923786495173
P05,S1,lv2,78,42.11608483108943,16.12841648677311,3.4982978239045517
P05,S1,lv2,79,15.098350592078297,8.701399892006116,2.8214642014982925
P05,S1,lv2,80,21.523369053205702,14.354165985889273,2.5797014611611613
P05,S1,lv2,81,41.15569903926277,22.12417244343123,2.9366969973370534
P05,S1,lv2,82,15.002159818881749,14.915237985828364,1.9185277812320973
P05,S1,lv2,83,28.836349647063226,15.221569016986845,2.9668864662458025
P05,S1,lv2,84,39.180769418510366,14.283326594196625,3.5798435694511452
P05,S1,lv2,85,5.215181974565881,9.035661634138743,0.998825250645296
P05,S1,lv2,86,25.173144878244525,8.12904260455592,3.7806048922032027
P05,S1,lv2,87,14.600381962273389,26.29095305548344,0.9349545742494283
P05,S1,lv2,88,23.57512393710662,15.222486766982962,2.6332183520784698
P05,S1,lv2,89,23.340712059495804,18.569615960591143,2.287560037435863
P05,S1,lv2,90,42.388566245571525,21.69373002195158,3.018106308027512
P05,S1,lv2,91,13.930788540060803,28.3686449255591,0.7312715080756632
P05,S1,lv2,92,54.3228242352568,42.3403979513577,2.3215558783664614
P05,S1,lv2,93,11.275808057962713,16.50131277573838,1.2783789273346566
P05,S1,lv2,94,5.7046363020119255,11.058753710072175,0.8128070932648072
P05,S1,lv2,95,18.27690039064151,11.913484112355302,2.6175682156380793
P05,S1,lv2,96,19.496266168674772,13.70294153647059,2.492789891406495
P05,S1,lv2,97,40.029116308956475,25.17643115778896,2.6767356444763575
P05,S1,lv2,98,9.285214431693785,20.882865197396836,0.5668051476738133
P05,S1,lv2,99,6.721948339078413,11.680734834001921,0.993927692067316
P05,S1,lv2,100,21.055720946923344,14.295810645558232,2.550072300913919
P05,S1,lv2,101,8.78279544243317,9.595592929048854,1.7623451515108992
P05,S1,lv2,102,15.319576191087403,31.2788775271216,0.7269191246877973
P05,S1,lv2,103,66.22966647618244,40.61208618581402,2.7187353556348985
P05,S1,lv2,104,5.790238817056563,18.390273243063607,0.0
P05,S1,lv2,105,15.063879292318838,24.754355747009413,1.0864271033029331
P05,S1,lv2,106,9.469977529730205,13.755419028412769,1.2907550877511746
P05,S1,lv2,107,7.179062434466299,22.914057351921304,0.0
P05,S1,lv2,108,44.27087963895125,14.285470149798734,3.781846104038374
P05,S1,lv2,109,7.086308215802567,12.90204083681112,0.9166673572585513
P05,S1,lv2,110,77.8833304707108,20.652413903018818,4.106888121672474
P05,S1,lv2,111,11.308462483087984,24.837820041524324,0.6060321827022964
P05,S1,lv2,112,12.560167759504965,19.86581654899092,1.1497342485706301
P05,S1,lv2,113,6.912004087426673,17.167120038109875,0.40249109164697117
P05,S1,lv2,114,22.04721996433541,25.689982165465672,1.65569746168776
P05,S1,lv2,115,31.139123631222308,19.22591039960252,2.7073815932169922
P05,S1,lv2,116,45.7348424481003,8.765836422272804,4.644418005268472
P05,S1,lv2,117,20.9875645374845,8.641268290710387,3.378302313545667
P05,S1,lv2,118,46.62375582480709,10.511876446584546,4.375512935864279
P05,S1,lv2,119,17.48988077653974,11.937935132144977,2.5412887596211986
P05,S1,lv2,120,4.843249919934144,9.413308048423708,0.8085094263085016
P05,S1,lv2,121,8.19667088929878,8.913997428883345,1.7699861716282106
P05,S1,lv2,122,11.097528329900602,15.515656646900903,1.3539751405725242
P05,S1,lv2,123,15.573179869071256,17.9922649928433,1.6698102906259997
P05,S1,lv2,124,15.936896087539436,9.835498892760198,2.708097925422649
P05,S1,lv2,125,17.38499557328834,6.993059133351114,3.4168986936992773
P05,S1,lv2,126,45.82817193063647,19.969630408193083,3.284423218740703
P05,S1,lv2,127,32.308211967056316,26.856254431582066,2.2149501120877675
P05,S1,lv2,128,60.82784971305233,23.09541073961059,3.5124834138781913
P05,S1,lv2,129,37.49886301229676,42.01444077211969,1.7206275656169452
P05,S1,lv2,130,38.39105375669289,11.52932037242041,3.9008159911506497
P05,S1,lv2,131,16.047714116952058,20.284419442820568,1.5209550506950995
P05,S1,lv2,132,26.9018887961302,23.502466391331364,2.132600564510583
P05,S1,lv2,133,6.544250891596056,14.729451832705536,0.5655526545773999
P05,S1,lv2,134,24.468370203915104,13.43980452638825,2.9010439926995595
P05,S1,lv2,135,16.79224834071937,6.803625770786793,3.4049304754608762
P05,S1,lv2,136,45.36284036951293,14.92316542740062,3.749878293341107
P05,S1,lv2,137,6.557700883645899,8.479211068027645,1.4833819855586925
P05,S1,lv2,138,15.546492964905534,21.781073076193262,1.3505324075776304
P05,S1,lv2,139,7.588761731732391,25.417006439119167,0.0
P05,S1,lv2,140,29.439061633929676,28.789934254321953,1.9458262872478067
P05,S1,lv2,141,15.850928081402966,29.09763959192226,0.9030758839932221
P05,S1,lv2,142,39.39331823049448,36.0878804359844,2.054025711693546
P05,S1,lv2,143,83.90527840111191,37.76680657796073,3.230725612171233
P05,S1,lv2,144,16.996171489822643,14.382453286160775,2.185403349810987
P05,S1,lv2,145,18.871911392435027,14.615072162971645,2.33218414945855
P05,S1,lv2,146,10.909719616559894,10.863408894018846,1.915949799409112
P05,S1,lv2,147,55.58818991881577,22.014961004912923,3.442662694103027
P05,S1,lv2,148,44.7818369292872,9.503466912412957,4.4757623918237
P05,S2,lv0,0,12.344096650653558,16.926679362311226,0.630389087684781
P05,S2,lv0,1,15.788160343488595,5.636908629802064,2.7809757356711606
P05,S2,lv0,2,47.91237075893315,30.441447259645212,1.8598486769403524
P05,S2,lv0,3,26.377381147164698,20.722435976838135,1.5205865483911123
P05,S2,lv0,4,3.8098168713039624,11.10960855542823,0.0
P05,S2,lv0,5,12.105709505707697,10.565365724593232,1.3524664554586934
P05,S2,lv0,6,10.195185205559703,5.995252988321223,1.9835150223138287
P05,S2,lv0,7,13.824174252462289,8.834942433646303,1.8504761949391093
P05,S2,lv0,8,10.748113940778333,12.676437621501629,0.8712340283178475
P05,S2,lv0,9,17.317771235092216,26.01117817844036,0.4848256906239744
P05,S2,lv0,10,7.761732257879014,27.550498890221995,0.0
P05,S2,lv0,11,7.535631289507633,16.109688769110083,0.0
P05,S2,lv0,12,10.620152847922398,7.655882152765658,1.6580138499313664
P05,S2,lv0,13,16.830323137720352,5.961933921798944,2.7935419679176756
P05,S2,lv0,14,32.04257738121447,7.568740785571481,3.4412115766822757
P05,S2,lv0,15,21.247707094273345,12.977029344062649,1.9229764605306268
P05,S2,lv0,16,15.738822553318354,31.88121386544942,0.006817254434018553
P05,S2,lv0,17,24.592377223339785,16.712513209974503,1.7523065856927222
P05,S2,lv0,18,12.43224277412252,6.740934332575868,2.1132037891133733
P05,S2,lv0,19,10.359743272064891,16.57993968550091,0.38338384832408945
P05,S2,lv0,20,41.68461680619327,43.859033213253404,1.0536933755292048
P05,S2,lv0,21,15.924453879317413,34.288722497483754,0.0
P05,S2,lv0,22,14.718077648575687,32.62885312949312,0.0
P05,S2,lv0,23,14.266478026368226,23.335132335093867,0.34857299413350434
P05,S2,lv0,24,20.22286091587175,17.553654938458003,1.3611855044552177
P05,S2,lv0,25,10.48961051824424,31.403272178620096,0.0
P05,S2,lv0,26,22.272544256570146,23.04630722810061,1.0803795177743925
P05,S2,lv0,27,15.524732213030571,21.239408443965335,0.6340475508058672
P05,S2,lv0,28,14.600958874093248,15.206154574389581,1.0700516518848056
P05,S2,lv0,29,5.528477653220491,4.497163887226371,1.464930561535241
P05,S2,lv0,30,13.232340269191214,8.51870136039652,1.8388025561121821
P05,S2,lv0,31,10.943947754000979,10.747526257458343,1.1639038900981693
P05,S2,lv0,32,9.461438711962417,3.7702865743565552,2.605412681638072
P05,S2,lv0,33,16.28536804197403,9.631322391973857,1.9744036035121355
P05,S2,lv0,34,11.949976685929395,5.6609123561986925,2.329038715636435
P05,S2,lv0,35,29.742880296141216,14.548495954606823,2.277829324025825
P05,S2,lv0,36,8.970375077585224,4.781971662919258,2.1403407065741793
P05,S2,lv0,37,7.82797302661122,3.7803005902815188,2.2982828323202087
P05,S2,lv0,38,16.454209877240178,11.111518823959576,1.762407585905366
P05,S2,lv0,39,11.611192297224076,4.801356229800112,2.5462757875827435
P05,S2,lv0,40,17.096779299266554,4.939459788208342,3.1193282547493277
P05,S2,lv0,41,19.06975828290181,7.665791040501662,2.59144863230114
P05,S2,lv0,42,23.216466180246933,5.597584067444154,3.4084292115774733
P05,S2,lv0,43,8.25471102026698,7.850029875045605,1.2152949510051285
P05,S2,lv0,44,9.70655056016702,14.655791471916942,0.47644885864979186
P05,S2,lv0,45,28.577000134960166,6.756380533411673,3.4397348954885882
P05,S2,lv0,46,5.813346365119241,3.6822081446986585,1.864763280932826
P05,S2,lv0,47,3.332242807271265,4.1033333376261,0.8022890254074595
P05,S2,lv0,48,14.864110598256309,4.769666285367117,2.9515807136459746
P05,S2,lv0,49,6.534959246267525,6.6519357505987315,1.106604302206415
P05,S2,lv0,50,5.918311490939208,2.6872537182686673,2.396781553260116
P05,S2,lv0,51,17.462943548839966,4.60133391398736,3.266522897224414
P05,S2,lv0,52,13.941221589134342,5.667170320280583,2.573587349517375
P05,S2,lv0,53,8.934583429442316,4.894696473170202,2.0967144116857845
P05,S2,lv0,54,13.444042618374064,10.279677992636163,1.5638611849408275
P05,S2,lv0,55,14.655225624519586,4.961778739457588,2.865852752326254
P05,S2,lv0,56,8.8896671055648,3.8689869896316718,2.464489661069307
P05,S2,lv0,57,14.249849261351676,5.110531833219926,2.773813182831938
P05,S2,lv0,58,20.76579173763824,8.952666185518822,2.479606522098297
P05,S2,lv0,59,12.693312211476822,3.74550746411743,3.085580865900262
P05,S2,lv0,60,16.143233806487515,6.433239809951257,2.605331638109052
P05,S2,lv0,61,13.736900581178414,7.120895894518279,2.1850542592005904
P05,S2,lv0,62,9.415410657209224,3.1011879246428062,2.9098507456996545
P05,S2,lv0,63,14.305088846718512,5.230402000023104,2.742943066673488
P05,S2,lv0,64,7.49540992399052,7.962685071993784,1.0383077460403873
P05,S2,lv0,65,12.202277967555002,5.058591660552483,2.5422219365063747
P05,S2,lv0,66,7.2717007672887295,5.604161859346408,1.5512571311687053
P05,S2,lv0,67,20.145779628132143,4.400338783395295,3.5663091151836874
P05,S2,lv0,68,8.905047649525367,8.30745125928206,1.2459781204347895
P05,S2,lv0,69,14.3503186948553,3.8239389939766233,3.248553195027385
P05,S2,lv0,70,25.5941828003698,6.666061332064547,3.285063563950894
P05,S2,lv0,71,11.316189121228447,3.645626420160685,2.9452404904682665
P05,S2,lv0,72,19.846258057957108,9.340808750169604,2.339392416538813
P05,S2,lv0,73,10.73882351355335,8.959663196420747,1.424444159864079
P05,S2,lv0,74,16.70530317867152,8.436638100664297,2.2267513723985366
P05,S2,lv0,75,6.416795074029444,10.239055768658964,0.38813916213152694
P05,S2,lv0,76,9.427018749656652,7.873856508111021,1.4226845965333934
P05,S2,lv0,77,8.734104882178967,8.386961520927008,1.1997771996371778
P05,S2,lv0,78,7.014303252788407,6.644477109435618,1.2215257465389122
P05,S2,lv0,79,8.161337535339516,10.815740838045933,0.6849171521884538
P05,S2,lv0,80,30.47515326725865,6.128472845541142,3.6984041680613786
P05,S2,lv0,81,4.712996115133637,2.3499586908442596,2.247182252534825
P05,S2,lv0,82,15.52455019153196,6.0746113299258715,2.6345496368545374
P05,S2,lv0,83,19.85392878851747,9.690636640516088,2.2812488446520134
P05,S2,lv0,84,23.58228311117082,7.380157613253016,2.9915793532904114
P05,S2,lv0,85,22.469974124854616,9.785469861760987,2.4635058566957855
P05,S2,lv0,86,9.17115304670891,8.67467645405683,1.223906419671324
P05,S2,lv0,87,28.379278944284508,6.923857147475968,3.3895059375456014
P05,S2,lv0,88,7.97381542513833,3.727262386658352,2.3503663061505797
P05,S2,lv0,89,23.276003478590127,5.452546648891743,3.4544786617418004
P05,S2,lv0,90,2.1899291963652794,1.4652977628133963,1.7771296119312525
P05,S2,lv0,91,21.08223495406346,7.594482338121057,2.7667266613622385
P05,S2,lv0,92,11.915065598635467,7.1819647714704375,1.9440125901114136
P05,S2,lv0,93,11.945598251447674,4.281384707437726,2.774841656746534
P05,S2,lv0,94,7.464836227125556,7.509258961169476,1.1254765414683443
P05,S2,lv0,95,15.254242111879293,11.432656070590916,1.5958516475635662
P05,S2,lv0,96,24.94523390702514,34.11877064372138,0.6344615665009418
P05,S2,lv0,97,12.447917429072422,24.486449773500667,0.05367612696764513
P05,S2,lv0,98,7.448265447594785,6.2587479153197645,1.4130460557557916
P05,S2,lv0,99,11.743089689419866,20.008672680081148,0.2832814381276267
P05,S2,lv0,100,12.877860002345095,4.480952030601431,2.8221283904424115
P05,S2,lv0,101,24.12244959165147,7.587752757916823,2.983439344545848
P05,S2,lv0,102,18.05786280635036,10.697449672678655,1.9717335618634366
P05,S2,lv0,103,14.211404610594764,9.439773416189311,1.788799712901833
P05,S2,lv0,104,9.067037032371381,5.355761951805387,1.9763630648999753
P05,S2,lv0,105,4.62426427226637,8.703578086260242,0.12423568697052531
P05,S2,lv0,106,8.228991382641626,8.608533241104277,1.0628958355657745
P05,S2,lv0,107,12.868547185440107,8.352557513915755,1.8257267977959881
P05,S2,lv0,108,2.359861410144877,6.848206362130137,0.0
P05,S2,lv0,109,2.448751832480883,3.5583551335014025,0.537683005619256
P05,S2,lv0,110,4.26408206429929,9.820803404080511,0.0
P05,S2,lv0,111,19.529711763586786,10.048654823873068,2.196954504261038
P05,S2,lv0,112,6.614710907759557,10.412550641934255,0.4098343644901888
P05,S2,lv0,113,8.739659290351717,37.70874529048641,0.0
P05,S2,lv0,114,7.838369419892392,30.106054206235942,0.0
P05,S2,lv0,115,10.098789351491451,7.10366745609607,1.6972098328275482
P05,S2,lv0,116,9.29788976781971,39.58835135928594,0.0
P05,S2,lv0,117,23.825338348534473,26.975505722502895,0.9364962841798959
P05,S2,lv0,118,16.05348013298915,31.861949091983774,0.039419838589472705
P05,S2,lv0,119,1.4548407818523887,10.094589708865456,0.0
P05,S2,lv0,120,8.536384067262263,22.190829194866623,0.0
P05,S2,lv0,121,19.37714288240446,31.381305889895245,0.36444186441999155
P05,S2,lv0,122,7.046539269861349,3.788278658658597,2.1268365151134767
P05,S2,lv0,123,1.948835766622376,2.395670789298559,0.8050426142297238
P05,S2,lv0,124,27.84261316952475,43.04987922327645,0.4384804241047673
P05,S2,lv0,125,18.197435804522314,6.72777035180435,2.725218654812943
P05,S2,lv0,126,2.6193101639990712,14.078051095633988,0.0
P05,S2,lv0,127,5.58877299267967,6.103400203701277,0.9941803618947278
P05,S2,lv0,128,14.742188026256107,4.959938409924726,2.8759010897424386
P05,S2,lv0,129,15.082527780233146,5.901032771055653,2.6347173606949714
P05,S2,lv0,130,18.290430429936553,5.8368957343425505,2.9603797348626664
P05,S2,lv0,131,7.322708767866523,6.473757357529299,1.3318940548993905
P05,S2,lv0,132,2.0286004159088624,4.901065129760701,0.0
P05,S2,lv0,133,2.890662203396647,5.123013011011361,0.22038257185702267
P05,S2,lv0,134,3.6381678367454136,7.117089146134375,0.06254282857695019
P05,S2,lv0,135,5.954079606469938,3.2237444777182143,2.115502446075371
P05,S2,lv0,136,6.168623386703547,7.265946970854451,0.8732984707877128
P05,S2,lv0,137,8.164120027540465,4.735413412394168,2.0054619183722733
P05,S2,lv0,138,13.9807486402123,7.023627874786625,2.235156398665554
P05,S2,lv0,139,5.8606831611081,5.938799059062553,1.1137978177460879
P05,S2,lv0,140,10.984226139471296,12.35589096191873,0.9468955790777193
P05,S2,lv0,141,2.4722666685008736,4.605423569378539,0.14072534299495282
P05,S2,lv0,142,1.4208323882373821,4.595290176088531,0.0
P05,S2,lv0,143,5.21823199451284,4.166183269254536,1.4948051957910162
P05,S2,lv0,144,2.7347926956617186,5.668061321564634,0.0
P05,S2,lv0,145,12.760984342903903,3.851216445254028,3.04959792617395
P05,S2,lv0,146,8.632668456964522,4.561004254320596,2.1546226053129263
P05,S2,lv0,147,1.7122276131506469,2.7060198212495243,0.40349296867401857
P05,S2,lv0,148,3.136265518970958,4.7011743191539,0.4880438036684495
P05,S2,lv1,0,12.712129071197323,6.752807166146095,2.1459723198930334
P05,S2,lv1,1,28.147771566433374,5.8789148143191285,3.6378804711009423
P05,S2,lv1,2,45.937593635051826,7.4255168855556235,4.047441858358534
P05,S2,lv1,3,41.70795315080649,36.32105009114709,1.3559799740065737
P05,S2,lv1,4,11.176188095638022,7.555082869931502,1.7607547772133867
P05,S2,lv1,5,5.151608896476254,7.6035638862732995,0.5127703342843947
P05,S2,lv1,6,3.110968665367002,7.348285115083568,0.0
P05,S2,lv1,7,13.000985090048513,9.50851552584943,1.6349331121323605
P05,S2,lv1,8,23.3124002022874,7.0381833014753195,3.0490097498540893
P05,S2,lv1,9,7.310573893180498,4.761894398048303,1.8200657738566277
P05,S2,lv1,10,27.38463266791011,5.5529574971227555,3.6851155611674775
P05,S2,lv1,11,12.362645489800757,10.477962994344573,1.3993082384061837
P05,S2,lv1,12,7.448377962989658,4.096388103928234,2.090502867250103
P05,S2,lv1,13,12.223208427281971,9.967387590556928,1.4610188502956378
P05,S2,lv1,14,14.202449288134718,14.727864789600552,1.076901853524826
P05,S2,lv1,15,2.6881556487685883,4.667090981183658,0.2532677559964018
P05,S2,lv1,16,1.9011413204159782,2.586449258340268,0.6429852363542358
P05,S2,lv1,17,22.39244185779759,8.845377087921818,2.6194049813410434
P05,S2,lv1,18,37.503993544257696,7.4937796761215685,3.7086453926376133
P05,S2,lv1,19,4.352812145954302,4.426415720560678,1.108160515998377
P05,S2,lv1,20,2.318104015066107,4.870792632998103,0.0
P05,S2,lv1,21,2.4213416172999014,2.245685924534606,1.2553201119171569
P05,S2,lv1,22,6.001881964688037,8.475449832790204,0.5834221444302898
P05,S2,lv1,23,3.4545437350813946,4.2589665016108755,0.8003998402436859
P05,S2,lv1,24,1.3362895231617533,3.1191449531240205,0.0
P05,S2,lv1,25,2.0335159991147935,3.1473963755860854,0.4368542337481974
P05,S2,lv1,26,2.466233748452448,4.635307187523928,0.12648378256170295
P05,S2,lv1,27,13.08401495746037,5.367080712299256,2.559118952160469
P05,S2,lv1,28,1.1568986419849419,3.3619898554758048,0.0
P05,S2,lv1,29,4.881572745609621,4.917139024489224,1.1233571555370152
P05,S2,lv1,30,11.673168414563621,8.530928956638856,1.6361434026884132
P05,S2,lv1,31,15.28575785053083,9.591872657968374,1.8797249647621805
P05,S2,lv1,32,2.90340451119431,4.6847281794598015,0.37034608808709546
P05,S2,lv1,33,7.2104306132012805,5.299308017610599,1.627126045725989
P05,S2,lv1,34,15.00402723784689,5.011862582831983,2.8873937406496815
P05,S2,lv1,35,5.765981888735966,3.188781972820719,2.081626176694208
P05,S2,lv1,36,2.7850282967881803,3.339417823048291,0.8448258619762303
P05,S2,lv1,37,18.392968988122565,6.669711175007955,2.756151666702805
P05,S2,lv1,38,2.3504551942037613,4.127921631859993,0.23491348645388568
P05,S2,lv1,39,2.851199907471406,4.873644100433056,0.27816538860459844
P05,S2,lv1,40,8.248454165013,4.504286677839784,2.101859009096474
P05,S2,lv1,41,25.099339115592215,12.846834629483933,2.205338390363006
P05,S2,lv1,42,2.1274485166208246,5.489212079998758,0.0
P05,S2,lv1,43,7.394813211663877,3.9510966801842837,2.136682621207825
P05,S2,lv1,44,2.2300028458525287,7.232015812661733,0.0
P05,S2,lv1,45,2.6974676007648726,3.306884027134041,0.8094187214795718
P05,S2,lv1,46,18.907357795608792,7.597118624100287,2.5921615296413507
P05,S2,lv1,47,37.240480077859836,3.709574918301293,4.821154405960337
P05,S2,lv1,48,5.226559063886326,5.350860962991889,1.097394651414078
P05,S2,lv1,49,1.2373673462298955,3.0933204153630363,0.0
P05,S2,lv1,50,20.880375042250904,7.180763003483824,2.8408752604452907
P05,S2,lv1,51,5.529833028204946,5.000590089090535,1.29573986716794
P05,S2,lv1,52,32.93198887691419,9.974851969361264,3.043802898927224
P05,S2,lv1,53,30.473794340484158,13.805863724753157,2.4003651226814484
P05,S2,lv1,54,5.394245953317187,7.511196112734931,0.6058587519556278
P05,S2,lv1,55,9.214966871431777,4.277857124878744,2.361374172580264
P05,S2,lv1,56,15.75370382985983,7.043822433352025,2.421382646431223
P05,S2,lv1,57,7.968108193698778,7.92293541188625,1.1440453282135685
P05,S2,lv1,58,11.183880609313276,2.8436618623287595,3.323492063392979
P05,S2,lv1,59,28.702424303624852,7.497031508185402,3.2804903958837586
P05,S2,lv1,60,33.40361673321546,12.698084376677622,2.6807507786301614
P05,S2,lv1,61,1.4770681188041908,2.331881460396645,0.40519875189332066
P05,S2,lv1,62,18.729553562837648,8.500297144409213,2.397532898534298
P05,S2,lv1,63,27.782701046611034,4.343891038769573,4.100632141498032
P05,S2,lv1,64,6.095366295857197,3.795832536636228,1.891902706808916
P05,S2,lv1,65,10.136121068713797,6.537253680787427,1.8359070960906665
P05,S2,lv1,66,2.8401251985362914,3.5424324605347453,0.7818139028717964
P05,S2,lv1,67,22.155226533075734,7.656688549226846,2.8330277630594525
P05,S2,lv1,68,10.315583077342671,3.4228110652795882,2.8980736254869455
P05,S2,lv1,69,16.641682112098188,13.78647470018828,1.4357746944957777
P05,S2,lv1,70,3.3792443433921613,7.147602656407034,0.0
P05,S2,lv1,71,5.673715348895173,5.856975817169274,1.0841538040614085
P05,S2,lv1,72,2.480470311299846,4.471874433554572,0.19304975573617372
P05,S2,lv1,73,8.501733837582455,4.168735200409475,2.2739221850710396
P05,S2,lv1,74,9.61022444281151,7.608127279723264,1.5083134469919313
P05,S2,lv1,75,1.700297726622268,3.1447611301589777,0.1521758587212573
P05,S2,lv1,76,6.140905978418076,4.434186198557644,1.6553752902784973
P05,S2,lv1,77,10.277377500869155,9.708283849517306,1.2260010153057253
P05,S2,lv1,78,65.3405602866851,14.886724742005832,3.498913118179456
P05,S2,lv1,79,18.532505115568437,12.75442816054865,1.7321196883716996
P05,S2,lv1,80,12.840815927933436,12.070673944679172,1.2338071865110531
P05,S2,lv1,81,8.897325980094768,3.705055502949962,2.5350588489826547
P05,S2,lv1,82,13.060599455710364,21.76131640289613,0.31902813064944097
P05,S2,lv1,83,30.582818121881537,11.261797472874923,2.731587772752605
P05,S2,lv1,84,23.23515374013171,8.941056178931078,2.6612522381148134
P05,S2,lv1,85,29.992260247472,8.216848517441372,3.20422176528674
P05,S2,lv1,86,8.270525902845684,6.258838381089654,1.580380650254472
P05,S2,lv1,87,18.469893047934292,6.863945782953402,2.716944233515375
P05,S2,lv1,88,12.095877748170283,10.36265095289251,1.3821299946083294
P05,S2,lv1,89,10.586135187338119,8.950689002896233,1.4031590083304843
P05,S2,lv1,90,15.432928487526393,5.906634692105144,2.669905711357063
P05,S2,lv1,91,5.409614687465669,7.82203333019363,0.5455993101697206
P05,S2,lv1,92,13.396087647302942,5.229279422052499,2.6383606225190737
P05,S2,lv1,93,3.453399619242571,4.013882465891251,0.8945913530699995
P05,S2,lv1,94,8.711591974601523,11.074898878238294,0.7513505438726896
P05,S2,lv1,95,62.907990709740915,21.26068917200823,2.8686986978580316
P05,S2,lv1,96,9.100738118987794,7.847061481208193,1.3718372720163214
P05,S2,lv1,97,29.209611453811085,9.010972712427037,3.014519906964542
P05,S2,lv1,98,7.694658303191553,3.356738140922553,2.460749509782175
P05,S2,lv1,99,8.3804602198599,10.68702028286774,0.746395382906756
P05,S2,lv1,100,22.826801802395092,6.771396467357098,3.0771262403350064
P05,S2,lv1,101,10.352208353699135,3.526263120171395,2.8561493066370534
P05,S2,lv1,102,25.978152391675668,4.508172963571358,3.933974109806914
P05,S2,lv1,103,11.237391523180268,2.8895394763578004,3.3055423065397416
P05,S2,lv1,104,15.907635401955222,3.7508707018091827,3.4440441427421513
P05,S2,lv1,105,11.000609740875902,9.552608454915383,1.360522162667457
P05,S2,lv1,106,10.290992492736976,9.94318418858988,1.189907605531052
P05,S2,lv1,107,11.606331656765478,6.90873388981874,1.9640439457221683
P05,S2,lv1,108,15.06786195382335,3.7041007187563455,3.377419392313935
P05,S2,lv1,109,8.222478066815329,5.651075242361594,1.7343221411507437
P05,S2,lv1,110,14.08529042835564,9.297396400681343,1.7988424453305494
P05,S2,lv1,111,3.8419462233502566,5.616802555804788,0.5279923132929458
P05,S2,lv1,112,5.862757325085352,6.208211417632979,1.0434581240879255
P05,S2,lv1,113,38.44675496073791,7.8048734778317685,3.683316982424831
P05,S2,lv1,114,1.9244052283294701,4.643554161468267,0.0
P05,S2,lv1,115,25.1367867751929,11.59656579182501,2.371357430009767
P05,S2,lv1,116,34.331804814554715,9.547836475452014,3.180256857060307
P05,S2,lv1,117,4.151613726740916,9.790130157127964,0.0
P05,S2,lv1,118,27.463394598322946,8.136316864440381,3.07918532440945
P05,S2,lv1,119,46.1186656812421,14.835797926782675,2.947587541045144
P05,S2,lv1,120,7.593076155908203,11.637061080597986,0.4525982160734112
P05,S2,lv1,121,35.192771438100806,11.16272732148965,2.9700991388816327
P05,S2,lv1,122,11.561150513257552,7.21987755320772,1.8874074661422544
P05,S2,lv1,123,6.63409961893526,5.144306213789754,1.5414310448667274
P05,S2,lv1,124,28.700702476677847,10.692779927555746,2.712938075874633
P05,S2,lv1,125,7.4651046752755645,8.515978806840835,0.9244695772704729
P05,S2,lv1,126,3.8936909499187156,7.398016810521299,0.10915276339665822
P05,S2,lv1,127,58.22580037859111,9.214247644757277,4.081349250060018
P05,S2,lv1,128,10.338774258517619,8.851150495176915,1.3832443230501683
P05,S2,lv1,129,14.185969566393236,19.963345242036713,0.5889458331669998
P05,S2,lv1,130,13.238135302936382,17.948543239447996,0.6484579859652863
P05,S2,lv1,131,15.220861415406576,7.2565623743478485,2.318836626937489
P05,S2,lv1,132,6.793942229656291,8.946953328831462,0.6950062018148921
P05,S2,lv1,133,21.314966641381712,6.389224228937834,3.060454870445549
P05,S2,lv1,134,5.586594125140214,4.774488190911704,1.386007868148823
P05,S2,lv1,135,2.7978586764907907,2.4586213688289256,1.3415310828483098
P05,S2,lv1,136,10.734465825862163,5.576354943116771,2.1816536327842226
P05,S2,lv1,137,58.744120393113455,15.632839377476591,3.2506726696437647
P05,S2,lv1,138,33.40403604893198,9.981899556311363,3.0654199655178385
P05,S2,lv1,139,10.272535225821835,8.419380939227414,1.4528993914423225
P05,S2,lv1,140,18.771255509091677,8.713768850944717,2.36144697458195
P05,S2,lv1,141,14.538527976903348,4.741859296822794,2.925529600918565
P05,S2,lv1,142,11.19463930110028,7.193814301034621,1.8417009582118182
P05,S2,lv1,143,25.897901171769906,4.6205074818505905,3.8896937476275593
P05,S2,lv1,144,13.817149121893182,4.916566467255703,2.7863705630216717
P05,S2,lv1,145,40.31142101727637,22.93577325603413,2.036238408034158
P05,S2,lv1,146,10.679602274730575,9.521979567373705,1.3183241192536514
P05,S2,lv1,147,8.375671545519863,8.663920763219819,1.0808825067269348
P05,S2,lv1,148,20.725896073984227,8.122608496731651,2.6320371914886556
P05,S2,lv2,0,6.9711039043440275,21.975349836290192,0.0
P05,S2,lv2,1,27.833366252179356,41.39319935167383,0.5006671054311467
P05,S2,lv2,2,2.432817217689509,14.928154500511924,0.0
P05,S2,lv2,3,23.075820591221586,28.956667199171086,0.7721454120220749
P05,S2,lv2,4,22.431792254367526,40.015013725358266,0.2099650088348675
P05,S2,lv2,5,32.529878021610614,28.93826518942413,1.321938251593217
P05,S2,lv2,6,19.760962761872438,28.734860740716123,0.5365919627791128
P05,S2,lv2,7,4.747963981240508,23.295396366758773,0.0
P05,S2,lv2,8,4.4983944135282625,18.003989506922288,0.0
P05,S2,lv2,9,19.015880792597994,28.802430981514068,0.4714133968680058
P05,S2,lv2,10,41.17155056456751,38.976230746154386,1.2225327972102034
P05,S2,lv2,11,10.82999292095246,11.845955777954034,0.9916538548107603
P05,S2,lv2,12,15.597642665085997,5.510831588321127,2.79772437162569
P05,S2,lv2,13,3.6590845499456552,16.982004516718618,0.0
P05,S2,lv2,14,49.9902085097878,36.225283203135355,1.649688396214845
P05,S2,lv2,15,2.747480960999021,19.843665834713104,0.0
P05,S2,lv2,16,6.309497769334514,17.47927667519372,0.0
P05,S2,lv2,17,2.406061187575444,11.140912932922456,0.0
P05,S2,lv2,18,8.244309188141893,9.432083086896913,0.9198524020178266
P05,S2,lv2,19,11.496476282727727,12.499605143546992,1.001260009382799
P05,S2,lv2,20,32.05322665180807,15.21428936801271,2.325871936020048
P05,S2,lv2,21,28.218356296466663,27.074804510828752,1.2010748715054755
P05,S2,lv2,22,15.229303645851346,31.882576919092703,0.0
P05,S2,lv2,23,33.28197902877581,23.08768953454419,1.7194441431202014
P05,S2,lv2,24,5.976984151458492,5.02473158107592,1.4123157694095498
P05,S2,lv2,25,47.08203969057425,14.585138851796515,3.007861349435943
P05,S2,lv2,26,5.827532128677347,19.4555805709331,0.0
P05,S2,lv2,27,16.79261359111894,9.885558203541686,1.9817835656431655
P05,S2,lv2,28,24.7152639385598,10.57162324665126,2.4922195260327458
P05,S2,lv2,29,9.518082846897707,23.539528553267328,0.0
P05,S2,lv2,30,3.2085032581576565,7.98835815842835,0.0
P05,S2,lv2,31,7.220612953796374,6.282787800613239,1.357309155605741
P05,S2,lv2,32,92.26336158026442,27.725489513172377,3.0564566686134502
P05,S2,lv2,33,5.147042657505214,21.568148982981977,0.0
P05,S2,lv2,34,13.017860056841872,33.1577265563642,0.0
P05,S2,lv2,35,31.678053134616203,14.125349266239233,2.425743452886111
P05,S2,lv2,36,10.810250303381327,8.374172591506214,1.5430453223205693
P05,S2,lv2,37,15.590871077182136,26.43700762577482,0.29098724744860305
P05,S2,lv2,38,36.67627210555938,38.736076338677314,1.0476317216564348
P05,S2,lv2,39,58.97005721621771,51.153640404057136,1.3622157676062878
P05,S2,lv2,40,12.916464864594776,21.454144016135757,0.3240127564298599
P05,S2,lv2,41,6.863545346797976,20.203380448610556,0.0
P05,S2,lv2,42,5.196700771700125,5.448734832908118,1.059269557321725
P05,S2,lv2,43,24.834560493301268,13.066725706650548,2.1612653941430944
P05,S2,lv2,44,2.6440053076496266,12.84262569405563,0.0
P05,S2,lv2,45,3.421630778001344,5.768983992966972,0.3000978493271125
P05,S2,lv2,46,1.7227100867989211,10.205851148099242,0.0
P05,S2,lv2,47,24.45887759953387,19.90888299559922,1.4639104200830173
P05,S2,lv2,48,38.15854968315351,8.500084647991356,3.534921325355871
P05,S2,lv2,49,57.56477312955107,63.59684615759724,0.9756943779668601
P05,S2,lv2,50,1.9310411150833668,12.431555057220098,0.0
P05,S2,lv2,51,34.18716084910913,18.09876291941715,2.151419409123448
P05,S2,lv2,52,74.660016225267,57.89667803514548,1.5413547132008245
P05,S2,lv2,53,15.234304422240765,40.17466860178692,0.0
P05,S2,lv2,54,17.29615776137496,42.61805312745769,0.0
P05,S2,lv2,55,14.936777224669637,13.180196661113527,1.3349104132927072
P05,S2,lv2,56,7.694065113444329,12.624198823779603,0.34358857453588626
P05,S2,lv2,57,12.971362803113003,5.667368416589576,2.458292338464986
P05,S2,lv2,58,37.70627663260537,7.700647264307363,3.6737218100149507
P05,S2,lv2,59,5.328579692639108,12.696866295072777,0.0
P05,S2,lv2,60,31.12331083432507,14.034702708846886,2.4077972769544287
P05,S2,lv2,61,30.829973368387122,10.64921547693519,2.833838540426184
P05,S2,lv2,62,12.279314852844768,27.00077026165232,0.0
P05,S2,lv2,63,7.505588055111436,9.675152080246281,0.7291572490320576
P05,S2,lv2,64,14.246024609515713,18.17857608824394,0.7453745315649174
P05,S2,lv2,65,2.3868264919444075,10.256472541554219,0.0
P05,S2,lv2,66,7.342193822770377,26.042261799919178,0.0
P05,S2,lv2,67,18.84479371687881,25.86528570042333,0.6288676476514413
P05,S2,lv2,68,15.364033923335944,20.894604815771206,0.64357645087401
P05,S2,lv2,69,20.10356947465511,21.360584413584625,1.0380287844607368
P05,S2,lv2,70,4.065558234279504,19.003811100271573,0.0
P05,S2,lv2,71,13.044179952396792,36.84561435091885,0.0
P05,S2,lv2,72,15.645391649921896,14.134245260242766,1.2972966939468114
P05,S2,lv2,73,51.38147557304291,14.517051978891473,3.154999287512799
P05,S2,lv2,74,5.309158132346408,52.30059727801236,0.0
P05,S2,lv2,75,39.77282323115914,55.36145372797002,0.6064375791273656
P05,S2,lv2,76,8.435948112413705,10.514486831681518,0.7829543708919638
P05,S2,lv2,77,7.283135867794546,13.287215939721941,0.1740610479928899
P05,S2,lv2,78,12.448694984302412,21.87602609064531,0.23393777955630485
P05,S2,lv2,79,58.57108110565031,19.626318515432473,2.8823731862121487
P05,S2,lv2,80,20.244132161617905,5.538485392684042,3.20644532934087
P05,S2,lv2,81,18.329020338353583,8.801329290675673,2.3073649916417827
P05,S2,lv2,82,2.3261106905319826,24.66469328838345,0.0
P05,S2,lv2,83,4.56305183282254,36.806320390264496,0.0
P05,S2,lv2,84,87.69189573537824,73.20621996681119,1.4235111238033813
P05,S2,lv2,85,11.448850134842546,38.095286968120924,0.0
P05,S2,lv2,86,8.506362043400216,25.133577466764784,0.0
P05,S2,lv2,87,52.443569980315175,42.38672367507026,1.4752181262575594
P05,S2,lv2,88,86.4326564889302,55.15541851396807,1.8528836382075624
P05,S2,lv2,89,4.377557383689346,11.545220687721173,0.0
P05,S2,lv2,90,84.20874082586751,45.631865856609586,2.1141589638971365
P05,S2,lv2,91,9.941294686310332,19.87231804211228,0.028002957112822052
P05,S2,lv2,92,4.936503213446853,13.562707103211414,0.0
P05,S2,lv2,93,2.2742087422375086,8.813974661051324,0.0
P05,S2,lv2,94,20.934267122009214,19.09180377653647,1.2821977065963936
P05,S2,lv2,95,153.24798672513745,44.008986227540746,3.1289644898472404
P05,S2,lv2,96,8.22864334517047,29.99527652789653,0.0
P05,S2,lv2,97,15.751181260416372,30.1862079695646,0.09538380052183962
P05,S2,lv2,98,23.04010745262979,10.592782641986103,2.3768555817487718
P05,S2,lv2,99,15.665657380821553,15.964494048392755,1.1047592634146257
P05,S2,lv2,100,9.821402632051399,13.974174311334934,0.5713616492391785
P05,S2,lv2,101,14.095362631748971,16.327658477730413,0.900001501792204
P05,S2,lv2,102,46.335632852224904,27.42049376872726,1.9734032785455207
P05,S2,lv2,103,60.02720130388681,49.72876139557988,1.4357616649773135
P05,S2,lv2,104,8.446486032227122,12.732389233607977,0.4790635432620488
P05,S2,lv2,105,88.64885643698408,25.451289323170457,3.1293690527253197
P05,S2,lv2,106,19.295250074769942,14.033374187694568,1.6438561827251066
P05,S2,lv2,107,6.0769545722364136,18.336841979212615,0.0
P05,S2,lv2,108,20.881826122261984,33.68852051246491,0.3705793478386785
P05,S2,lv2,109,10.989008759410625,16.05144776317271,0.5293987463024309
P05,S2,lv2,110,47.72406335576222,49.72851726288353,1.0692049879652772
P05,S2,lv2,111,72.77744991078337,44.98936855269826,1.9036571673680158
P05,S2,lv2,112,29.098136399309865,20.755564141423754,1.6749237102662393
P05,S2,lv2,113,44.522116121022435,23.255731588844732,2.1728797090129905
P05,S2,lv2,114,25.515590710791148,36.57950826984888,0.5592928308541657
P05,S2,lv2,115,10.508296413647553,18.022011055156824,0.2728485876854643
P05,S2,lv2,116,52.35362258438885,12.106407614623071,3.4751690176274703
P05,S2,lv2,117,33.60459567160579,19.519339081191255,2.003188007493721
P05,S2,lv2,118,3.095752807613051,8.108422018250215,0.0
P05,S2,lv2,119,2.582582809199991,8.984384818168493,0.0
P05,S2,lv2,120,4.290181572535166,25.40478640883424,0.0
P05,S2,lv2,121,45.28570273662257,31.076710887984564,1.736730425621628
P05,S2,lv2,122,15.844484212288089,31.129276905391833,0.05565667706611025
P05,S2,lv2,123,7.364056506791582,41.01252331958371,0.0
P05,S2,lv2,124,35.6262620655743,18.361035889737753,2.1943239621599564
P05,S2,lv2,125,9.877996005135351,17.227032344847974,0.24609266703906432
P05,S2,lv2,126,10.376107333231236,36.8154526882872,0.0
P05,S2,lv2,127,3.225613130492118,18.997164559006,0.0
P05,S2,lv2,128,4.5310031258732355,8.534972574856106,0.12293818866741593
P05,S2,lv2,129,14.454741925043152,24.610390157259854,0.2844875313805766
P05,S2,lv2,130,4.764258016950357,25.756928517346434,0.0
P05,S2,lv2,131,6.1553526688092814,8.919966113677072,0.5420778191624936
P05,S2,lv2,132,32.85001012414646,7.483393709816323,3.4991089563084534
P05,S2,lv2,133,62.75757608753582,14.875143484769051,3.435695989240971
P05,S2,lv2,134,11.940297123114762,33.14842748855622,0.0
P05,S2,lv2,135,9.96722198230924,33.78908592605998,0.0
P05,S2,lv2,136,3.1885451435581653,8.432296096800792,0.0
P05,S2,lv2,137,23.16512187224658,20.214611162465633,1.3527000757411507
P05,S2,lv2,138,35.061442496313354,22.69723591770411,1.8299468554776064
P05,S2,lv2,139,4.165385718240523,5.522927134789578,0.6841106596894158
P05,S2,lv2,140,3.531060997831117,8.556644628839976,0.0
P05,S2,lv2,141,4.3435211179873825,28.727940924230797,0.0
P05,S2,lv2,142,5.467311372100235,23.967109002312924,0.0
P05,S2,lv2,143,12.652642217565264,37.57883672559697,0.0
P05,S2,lv2,144,63.35958503087663,16.085426108249468,3.325939927393934
P05,S2,lv2,145,3.4819174894975164,38.38578974037703,0.0
P05,S2,lv2,146,46.60850527010987,39.35110738870073,1.4054672662406498
P05,S2,lv2,147,15.376315932002864,25.52930733188855,0.3246780469256057
P05,S2,lv2,148,7.163669769477382,23.506108045864888,0.0
P06,S1,lv0,0,7.768850475234569,4.99474837892685,0.6634379515399841
P06,S1,lv0,1,7.648648266858511,11.845116596942338,0.0
P06,S1,lv0,2,4.036844209107569,5.429749120204917,0.0
P06,S1,lv0,3,36.98642168083142,5.114703117387631,2.2268967044150907
P06,S1,lv0,4,11.070060519563791,4.032007797175147,1.2415788217375276
P06,S1,lv0,5,6.0930698113342,4.102970101375244,0.6163374403552555
P06,S1,lv0,6,5.919818232825115,4.031322099364886,0.6049123271962286
P06,S1,lv0,7,10.892569467090194,3.041200184429324,1.5120575996111774
P06,S1,lv0,8,8.712226240655411,4.654015093641804,0.8519262626691748
P06,S1,lv0,9,7.11718625917805,4.827050875268051,0.6090485331255748
P06,S1,lv0,10,3.888702665139376,4.3173828473878,0.10761470531552074
P06,S1,lv0,11,4.369965731505081,3.0009305149018077,0.5963878062952459
P06,S1,lv0,12,3.711323824309862,2.4283114558182675,0.6455897601714325
P06,S1,lv0,13,7.773886626170144,2.490041124584464,1.3723078417552117
P06,S1,lv0,14,4.773975227986103,3.1357165778303933,0.6416514669135069
P06,S1,lv0,15,8.391948653170102,3.008605315010175,1.257670655348059
P06,S1,lv0,16,5.751039947951081,4.772091177645872,0.4038554778442523
P06,S1,lv0,17,4.537565907876017,3.9149415321934327,0.36417041243145
P06,S1,lv0,18,3.4879730608727466,5.224285023496018,0.0
P06,S1,lv0,19,7.094226826244765,3.5763388294741083,0.9108800817060841
P06,S1,lv0,20,8.093336060812268,6.695838239762625,0.4068657573932023
P06,S1,lv0,21,40.55833238503328,7.248068466181107,1.9660056372524164
P06,S1,lv0,22,5.809532388785357,4.42216555306657,0.49163247107173624
P06,S1,lv0,23,4.009416441888489,4.60476041356736,0.0731536842217034
P06,S1,lv0,24,2.2802615591503166,4.064311525453475,0.0
P06,S1,lv0,25,10.440921602759525,3.6864307290636926,1.2732147456560265
P06,S1,lv0,26,8.068492453290908,7.065000222381516,0.34913634648526853
P06,S1,lv0,27,7.125969225039297,4.53820618266644,0.6730817845730109
P06,S1,lv0,28,5.5693242819219435,7.32774167476426,0.0
P06,S1,lv0,29,4.900202018411168,3.2422166109957353,0.634221871125792
P06,S1,lv0,30,3.3675838699083123,3.2161940778736593,0.2608076134249865
P06,S1,lv0,31,5.636454519315339,7.040406048996492,0.0
P06,S1,lv0,32,4.204695736537123,3.237621587477696,0.47992444705879445
P06,S1,lv0,33,5.243359121436835,4.052180113458059,0.47620514183935375
P06,S1,lv0,34,8.685790911057845,6.874993665491822,0.4518791723619731
P06,S1,lv0,35,9.41979626210888,4.030638405632696,1.0776822658295764
P06,S1,lv0,36,6.017481875992089,4.96200025635576,0.4102284200664863
P06,S1,lv0,37,8.734811797435414,2.902687199315089,1.3348755432485282
P06,S1,lv0,38,5.380645207572565,4.976996449596341,0.2933495176052192
P06,S1,lv0,39,4.353526019851561,2.277971769259313,0.8729904046962136
P06,S1,lv0,40,3.0501701536388572,2.7135062250016277,0.3330023334932986
P06,S1,lv0,41,9.478165285008997,2.15759250869707,1.7197824379448299
P06,S1,lv0,42,7.952951426294071,5.0310580063925725,0.6798973279202959
P06,S1,lv0,43,3.012219556768869,2.8891217472932675,0.25646101215609846
P06,S1,lv0,44,6.103455759726205,6.946759610380033,0.08233561226498076
P06,S1,lv0,45,3.563444121319822,5.998667437222742,0.0
P06,S1,lv0,46,10.862647238002673,6.974702518126807,0.6647658771656957
P06,S1,lv0,47,2.500604577381712,2.5256423034121065,0.20387333205398714
P06,S1,lv0,48,16.25127223148038,2.4554238124733176,2.1367946989524405
P06,S1,lv0,49,2.2779411744054023,2.68918934608715,0.045151546541160305
P06,S1,lv0,50,1.3738167926548162,2.2006276402222382,0.0
P06,S1,lv0,51,2.1286442920836866,1.3918122670785706,0.6462878191705954
P06,S1,lv0,52,4.313576601564318,4.221890039636148,0.23586837324383456
P06,S1,lv0,53,1.0316573009249739,4.6423740754210066,0.0
P06,S1,lv0,54,45.25809981182742,5.181599586270778,2.419021732854982
P06,S1,lv0,55,39.308444173765444,7.204756418807324,1.9402565892243304
P06,S1,lv0,56,4.417145026884535,4.9332045079643265,0.10159016739207008
P06,S1,lv0,57,3.3037436127025925,3.0941309236580468,0.28070047783334495
P06,S1,lv0,58,2.5664314292919985,5.193018355183275,0.0
P06,S1,lv0,59,3.0081051147225195,2.6951253859358983,0.3257887079800067
P06,S1,lv0,60,3.684959476419078,2.148149333694343,0.7630609008921312
P06,S1,lv0,61,5.8270696276526,3.6432689347373954,0.6918215323066652
P06,S1,lv0,62,33.60316167712972,3.635196775845629,2.476698074888064
P06,S1,lv0,63,8.072057022080996,2.2026085231741632,1.535394442100577
P06,S1,lv0,64,3.036906536585983,2.791187669779616,0.2998513216780406
P06,S1,lv0,65,13.028152287332828,6.3830772390248995,0.9398973259898037
P06,S1,lv0,66,3.745858414112825,3.416744955312233,0.3075737692684741
P06,S1,lv0,67,2.8331167451540162,2.0061124925933305,0.5651998561700418
P06,S1,lv0,68,16.965395678154216,6.715573643702311,1.1568959865293156
P06,S1,lv0,69,3.4738614676387263,4.6622960584340944,0.0
P06,S1,lv0,70,18.854532074106512,9.641220560708984,0.8963960237633035
P06,S1,lv0,71,5.166809765276016,3.6033622664186717,0.5806741321360797
P06,S1,lv0,72,7.896662601175945,5.131474331372818,0.6525638441457604
P06,S1,lv0,73,3.108286108628118,4.12047585647399,0.0
P06,S1,lv0,74,10.315642896293253,7.826963024885666,0.4949048219948758
P06,S1,lv0,75,6.439225695327649,5.9614384815233095,0.2924488848741763
P06,S1,lv0,76,2.3890263809080485,3.333008035078409,0.0
P06,S1,lv0,77,10.84912067304419,4.416700463666768,1.128352036266646
P06,S1,lv0,78,5.93126597130185,5.502317867392811,0.29038531267831885
P06,S1,lv0,79,12.974120891703096,3.0543609883446723,1.685585605259064
P06,S1,lv0,80,3.9695630816470064,2.426898849063187,0.7146206809866661
P06,S1,lv0,81,7.417465044840516,3.798341232812819,0.894938380998835
P06,S1,lv0,82,8.825931727121528,4.241864861240122,0.9594611155118583
P06,S1,lv0,83,3.3434577571328483,4.512078638922624,0.0
P06,S1,lv0,84,7.207349413373576,3.828351495879266,0.8576949269027733
P06,S1,lv0,85,4.180073891998091,2.12062877309023,0.9044444823681762
P06,S1,lv0,86,3.9761511028952015,4.180443481629296,0.1630340979308739
P06,S1,lv0,87,3.5417812664422836,1.6878832130659907,0.9680719092129421
P06,S1,lv0,88,3.4229519814254066,1.8807643606731517,0.8232636480312676
P06,S1,lv0,89,11.50507961624588,8.212132182262867,0.5570578715567885
P06,S1,lv0,90,6.144047243387807,7.479154256094662,0.013949156831468896
P06,S1,lv0,91,4.948336487174167,5.940459813427358,0.02809219949287219
P06,S1,lv0,92,3.995854601168978,1.8956925879216677,0.9726692484330346
P06,S1,lv0,93,11.150875404745802,2.3852603408255346,1.7830778833050103
P06,S1,lv0,94,2.9273922675505255,6.176982416805333,0.0
P06,S1,lv0,95,3.327860990012496,2.9753319392088264,0.3279339504712531
P06,S1,lv0,96,4.765498501302348,5.506005174906104,0.06705706386367859
P06,S1,lv0,97,4.394169320862967,3.3603519930560424,0.48691391741823703
P06,S1,lv0,98,2.589175119480032,2.638880792821822,0.1946630022617362
P06,S1,lv0,99,6.251464083345433,7.243127723567647,0.06420806447789064
P06,S1,lv0,100,4.047977535585822,3.293640205245531,0.4238252043939591
P06,S1,lv0,101,3.755869640813751,3.690844573774305,0.2317784102409523
P06,S1,lv0,102,27.14243910012981,8.399840946031881,1.4073219216992294
P06,S1,lv0,103,2.3849640765758826,2.675617811776025,0.09701074261969019
P06,S1,lv0,104,3.027009746251833,2.2743084034751915,0.5048880512970065
P06,S1,lv0,105,8.943731807102594,5.3119694549575085,0.7440733179609836
P06,S1,lv0,106,6.3452630011773525,4.021383015188487,0.6780353213613176
P06,S1,lv0,107,7.454375079811392,4.558080510435032,0.714475943171409
P06,S1,lv0,108,1.4887009697958522,1.1439556615135869,0.48200895000569893
P06,S1,lv0,109,10.74303810062649,4.044952588031374,1.2078091185303548
P06,S1,lv0,110,4.706562575372045,1.9958395337323704,1.0868434451031834
P06,S1,lv0,111,3.7965181919884063,1.974968605405462,0.8789232145883994
P06,S1,lv0,112,2.197331343875768,2.7275135748364514,0.0
P06,S1,lv0,113,2.570482170891065,2.836818279347126,0.11370311928717106
P06,S1,lv0,114,1.4447206574085103,4.371793810417453,0.0
P06,S1,lv0,115,2.7889183100914234,3.224038573881741,0.06650382043493058
P06,S1,lv0,116,3.6588324905013194,1.708443241915092,0.9888342655426949
P06,S1,lv0,117,4.4072554025481585,3.574017236070347,0.427221250711327
P06,S1,lv0,118,1.9301085854100093,2.7899169676351527,0.0
P06,S1,lv0,119,8.072388498118082,3.4058317970621554,1.0919988602115838
P06,S1,lv0,120,2.9776581666621134,4.033184483330293,0.0
P06,S1,lv0,121,7.757374315138269,4.567800947492663,0.7528452218264423
P06,S1,lv0,122,3.104972371658216,2.8090340771357885,0.315918267268341
P06,S1,lv0,123,16.378660926784512,4.832675940514813,1.455845760462084
P06,S1,lv0,124,12.941240408207088,3.4623312431736584,1.5554487344943917
P06,S1,lv0,125,10.644205243613312,3.6407445745266536,1.305521021007482
P06,S1,lv0,126,2.608461641088889,3.0952489778720755,0.03992206971164933
P06,S1,lv0,127,4.556356708121111,2.2564704057516396,0.9289695116723842
P06,S1,lv0,128,12.903250846258045,7.076550068897087,0.8251638857104455
P06,S1,lv0,129,5.385823396797582,5.3949125069543165,0.21229417311054674
P06,S1,lv0,130,7.7221253896774655,5.22131786282192,0.6121649165145198
P06,S1,lv0,131,3.500550111344284,2.4455600293377855,0.5789017172907116
P06,S1,lv0,132,2.399421504721948,1.965685462023014,0.41686879289920076
P06,S1,lv0,133,2.4741900208057537,4.28152925456739,0.0
P06,S1,lv0,134,2.854651067215879,2.0667644378507215,0.5425996418641174
P06,S1,lv0,135,2.9015620130429935,1.8941961893132961,0.6478913025618646
P06,S1,lv0,136,2.47862598161282,1.2551970355243065,0.9062712705003315
P06,S1,lv0,137,2.0339235982758592,2.587488106423634,0.0
P06,S1,lv0,138,3.0634791820214677,2.559733770849206,0.39678638527785826
P06,S1,lv0,139,2.7637068296053147,1.6590226847837009,0.7332417896211633
P06,S1,lv0,140,3.1566340236387695,4.4995108178685275,0.0
P06,S1,lv0,141,2.565238075768392,3.5193946240759035,0.0
P06,S1,lv0,142,5.522267182528067,4.8492247071931045,0.34624286853501435
P06,S1,lv0,143,3.6676189280305485,2.707993947465427,0.5226269926146138
P06,S1,lv0,144,4.48436888965259,1.7842183065370163,1.151677566893332
P06,S1,lv0,145,8.27302024776951,3.4517058843198782,1.103364272340489
P06,S1,lv0,146,8.57504142659365,1.9604338514829651,1.7153996978021633
P06,S1,lv0,147,2.983951777229971,3.209445361583878,0.1398913830715318
P06,S1,lv0,148,2.3868526426140373,2.3790458983092173,0.2173428582052951
P06,S1,lv1,0,6.607246425347713,5.011222033875742,0.4953120787007419
P06,S1,lv1,1,5.942246361884137,3.7693752733677046,0.6771148514482016
P06,S1,lv1,2,14.535433032528568,11.715030051288949,0.4334832299444886
P06,S1,lv1,3,15.48147357245737,13.139418758517383,0.3808936194733017
P06,S1,lv1,4,22.408905100113174,11.874375775550766,0.8601455565607303
P06,S1,lv1,5,90.06224344502324,7.172461921792365,2.788327522975828
P06,S1,lv1,6,8.080810874286614,3.795718097479668,0.9827878406404923
P06,S1,lv1,7,102.0287352156382,15.778935857060093,2.113095831184126
P06,S1,lv1,8,8.719219171169772,6.460662812846637,0.519028634026464
P06,S1,lv1,9,6.591507741119557,6.0521761423297304,0.30086059483501476
P06,S1,lv1,10,8.607779896687882,8.801667160527208,0.19134706868149623
P06,S1,lv1,11,5.7192380086435195,9.61378356669636,0.0
P06,S1,lv1,12,38.640587895517676,6.116493784008024,2.089426256786987
P06,S1,lv1,13,9.559716781291877,6.92041114261414,0.5427193032615071
P06,S1,lv1,14,22.475136794668376,7.5319633126483785,1.326303265551146
P06,S1,lv1,15,9.599241879991162,3.787533323657246,1.1601747991888045
P06,S1,lv1,16,8.809497334392521,4.150256574794016,0.9797779349471559
P06,S1,lv1,17,4.150816852135995,5.452850094569095,0.0
P06,S1,lv1,18,10.093900025368383,6.332327298057078,0.6883934052296075
P06,S1,lv1,19,43.85761746584602,11.372680027709231,1.5872505184856247
P06,S1,lv1,20,3.836743721272167,6.020450935548588,0.0
P06,S1,lv1,21,9.868678338832389,8.10133808749202,0.41478313687599944
P06,S1,lv1,22,24.119385668043236,6.117728060549029,1.6097259161719624
P06,S1,lv1,23,3.815385886320266,3.7703310233424197,0.22609560207874055
P06,S1,lv1,24,15.14216687378897,7.378994597822699,0.9453747806145808
P06,S1,lv1,25,50.07192564035995,19.45487189629204,1.1758366982471156
P06,S1,lv1,26,19.12676151842411,7.986872962995849,1.102507697037834
P06,S1,lv1,27,7.348698717763131,5.515808406477373,0.5059113526694891
P06,S1,lv1,28,7.427645688239222,4.562493316834693,0.7098366950181367
P06,S1,lv1,29,20.656530841589852,8.67560475586633,1.09663449314961
P06,S1,lv1,30,5.501650972108243,6.09965980481841,0.10902791935566195
P06,S1,lv1,31,9.907739752159134,3.839266669083417,1.178555136268418
P06,S1,lv1,32,8.386972440660069,7.882367463746325,0.2771416769938452
P06,S1,lv1,33,12.49995827277792,3.678333265380834,1.4585791370615828
P06,S1,lv1,34,9.472003145552236,2.691166163169321,1.4942906459295147
P06,S1,lv1,35,3.1117515293803315,8.006923461117777,0.0
P06,S1,lv1,36,20.125711497679713,7.973372873313224,1.1560251902609981
P06,S1,lv1,37,14.88026614601408,6.994169703917567,0.9821167579789747
P06,S1,lv1,38,21.969517895236443,6.130241833295905,1.512661050079204
P06,S1,lv1,39,17.48894614332647,3.844372955768331,1.7553520810919023
P06,S1,lv1,40,9.222898117198215,7.19427640252528,0.4667393527697536
P06,S1,lv1,41,15.005263017359802,9.662243715636968,0.661850726529558
P06,S1,lv1,42,3.1421264079799873,1.391618941019426,1.0426254956508276
P06,S1,lv1,43,4.726432321400676,3.3765917694828103,0.5561704358502791
P06,S1,lv1,44,3.3966641530608124,4.023122220714505,0.04179742665196058
P06,S1,lv1,45,29.79155763707017,12.121194801081234,1.1289404880754836
P06,S1,lv1,46,4.395867263769691,3.764236645110786,0.3718309627838787
P06,S1,lv1,47,15.299539008842006,5.850981972111685,1.1919629681761497
P06,S1,lv1,48,6.930737311574255,8.411313487117335,0.017026423160380805
P06,S1,lv1,49,50.93963663083418,8.214631484560002,2.0705127477807466
P06,S1,lv1,50,31.992628084827384,6.60324725850365,1.819434451355616
P06,S1,lv1,51,44.84498880226632,10.920021571304908,1.6512250738102854
P06,S1,lv1,52,51.345926607805175,10.859592523204435,1.7946022345183874
P06,S1,lv1,53,62.33905923757702,15.0760122318665,1.6582141005686581
P06,S1,lv1,54,10.966152623060092,7.5824530902668466,0.5894123702936805
P06,S1,lv1,55,9.10338644625726,7.998770753953974,0.34562117439645557
P06,S1,lv1,56,17.848118228227342,3.3408523161880352,1.9188645967051636
P06,S1,lv1,57,8.946406202091966,7.025401366965332,0.45993895789492617
P06,S1,lv1,58,11.068782336580812,7.521261283406779,0.6071338929508193
P06,S1,lv1,59,8.361157646435531,6.652576758757569,0.44658341261066253
P06,S1,lv1,60,12.808231491832373,11.51086455147082,0.32266635598226895
P06,S1,lv1,61,4.530189294942325,12.344746093927707,0.0
P06,S1,lv1,62,41.09420449813318,10.515257640843151,1.600787599687416
P06,S1,lv1,63,8.130358405471682,9.00942902235656,0.10955502690805993
P06,S1,lv1,64,40.553747365273814,11.620740541007313,1.4856130250654986
P06,S1,lv1,65,16.196750258103297,7.747296741250916,0.9643197516963615
P06,S1,lv1,66,4.706217655706194,7.012714081449104,0.0
P06,S1,lv1,67,10.6481323324742,3.436056183505792,1.36476790851643
P06,S1,lv1,68,8.271018011184601,4.400994219063572,0.8559247850981193
P06,S1,lv1,69,4.289913467555054,3.8721149068487155,0.31825992934414443
P06,S1,lv1,70,7.203552407725318,3.262818728107174,1.019785367464683
P06,S1,lv1,71,27.00794040055314,5.015657994389638,1.9268962493237671
P06,S1,lv1,72,10.943516613730283,7.279695706790353,0.628767435720551
P06,S1,lv1,73,12.770409690121642,12.285194890939467,0.2534202040440271
P06,S1,lv1,74,34.30943949849463,4.489390994815282,2.2831312523256098
P06,S1,lv1,75,3.2824246268926904,3.2081616272375775,0.23729255160610027
P06,S1,lv1,76,10.117472785450007,4.016880430416189,1.1538557975003798
P06,S1,lv1,77,12.202089715431846,4.93597374892059,1.1348290461899169
P06,S1,lv1,78,4.398671316366918,4.640455065361713,0.15956789650144673
P06,S1,lv1,79,7.089861083608814,3.4131525835085275,0.9577703687465083
P06,S1,lv1,80,4.43092242394033,8.20669551260969,0.0
P06,S1,lv1,81,44.48381040148999,12.2543166663802,1.52570972352263
P06,S1,lv1,82,7.100795646429789,5.028927538106176,0.5650181756419307
P06,S1,lv1,83,12.596529409945694,6.17820864091201,0.9388094006905808
P06,S1,lv1,84,7.6224225923637166,5.4634845227837125,0.5528166925561395
P06,S1,lv1,85,3.4700413125191365,7.389757862639639,0.0
P06,S1,lv1,86,15.915015153972458,10.465056177212924,0.6405319754847777
P06,S1,lv1,87,4.946466983113826,2.9286610747681627,0.7472659325966079
P06,S1,lv1,88,9.065640074587543,5.524931714022336,0.7178548193323391
P06,S1,lv1,89,7.998621199856517,11.955075148786213,0.0
P06,S1,lv1,90,8.431484760039869,6.879451983674886,0.42098651875723075
P06,S1,lv1,91,10.204279357479882,3.0393975925448595,1.446250368208211
P06,S1,lv1,92,10.812828308368905,6.186879068999062,0.782035327545822
P06,S1,lv1,93,9.936138547247724,5.322112558563181,0.8491905349380374
P06,S1,lv1,94,5.6643267844739436,8.424609206137117,0.0
P06,S1,lv1,95,4.2967711329770575,9.455575081776919,0.0
P06,S1,lv1,96,2.913967560659848,3.8420942704223733,0.0
P06,S1,lv1,97,10.003787166672415,6.851982719139438,0.5990258879288035
P06,S1,lv1,98,24.174897146902257,8.846911594957112,1.2367629990696727
P06,S1,lv1,99,17.231637488641404,5.095597087640355,1.4535985408035936
P06,S1,lv1,100,11.074353546848968,9.001488960748729,0.4248608886874307
P06,S1,lv1,101,4.3537209314733385,5.200936626094551,0.03310522913600463
P06,S1,lv1,102,6.7904522013994,8.894373711730893,0.0
P06,S1,lv1,103,6.094777155737332,4.091516833781274,0.6194665351937827
P06,S1,lv1,104,28.621549707338335,5.638746811570234,1.8667993260393554
P06,S1,lv1,105,10.8336098023297,11.107513952753273,0.18860638386572912
P06,S1,lv1,106,6.699022625317745,17.78372620163523,0.0
P06,S1,lv1,107,9.414854605617153,10.675642864932442,0.08614493746673733
P06,S1,lv1,108,7.760225442351682,15.033101757846401,0.0
P06,S1,lv1,109,6.2354590650927255,8.344510178091635,0.0
P06,S1,lv1,110,7.195463383532521,6.886453626653087,0.2586686649160464
P06,S1,lv1,111,18.621012516865903,3.944199312160039,1.7930841111459102
P06,S1,lv1,112,13.953604228357294,6.794608282375999,0.9461505398941794
P06,S1,lv1,113,7.206345284142592,4.1109302211870675,0.7850978786830488
P06,S1,lv1,114,7.768276969661884,5.392366885983211,0.5854314784681128
P06,S1,lv1,115,13.407844078467882,5.070341062849013,1.2033769833425736
P06,S1,lv1,116,10.094431482410926,8.866276236599987,0.3459980593179608
P06,S1,lv1,117,19.57047245547965,9.79272647354502,0.9184499413381694
P06,S1,lv1,118,8.662743857841686,6.726478020836883,0.47139533316458554
P06,S1,lv1,119,9.907554501380776,6.472901996705805,0.6470960547825104
P06,S1,lv1,120,44.018709964915125,17.338252974344936,1.1619353345817383
P06,S1,lv1,121,3.0162859877780903,2.1832156928097852,0.5428662904191666
P06,S1,lv1,122,6.8270751186427905,2.6794059513768196,1.1655997363786499
P06,S1,lv1,123,8.380836363655146,4.204935776700644,0.9157097203703153
P06,S1,lv1,124,7.91240144208133,5.155539366281958,0.6498294248164257
P06,S1,lv1,125,4.095739252737177,5.331470768712258,0.0
P06,S1,lv1,126,24.909707343765447,3.9864324452601165,2.0782821695348157
P06,S1,lv1,127,29.407063228702643,13.282728910396179,1.0226213585800783
P06,S1,lv1,128,7.989871331036996,4.028206717208652,0.9107901786679525
P06,S1,lv1,129,10.77270372853111,3.801307657253,1.2738213568117145
P06,S1,lv1,130,13.769583494326882,10.040432049305995,0.5353521963381465
P06,S1,lv1,131,2.6497381984081745,1.559289533962196,0.7534745258923904
P06,S1,lv1,132,7.98094128650572,6.89848813137221,0.3623021875932133
P06,S1,lv1,133,21.496171483942316,5.82722021656883,1.542077612908195
P06,S1,lv1,134,18.428419474555678,6.813266620126083,1.2263609054479103
P06,S1,lv1,135,22.85145427433101,10.752893448256891,0.9809781382498297
P06,S1,lv1,136,4.922861502589466,6.3647126107893,0.0
P06,S1,lv1,137,8.151735818047861,8.999114455246948,0.11339210885913494
P06,S1,lv1,138,6.15557157964973,4.5039777639104495,0.531846942270949
P06,S1,lv1,139,6.359574070469393,5.637788927678133,0.33657720818819264
P06,S1,lv1,140,48.055294892523,21.279633027731744,1.042798364608532
P06,S1,lv1,141,27.104678526750302,17.598655917656178,0.6534150331181545
P06,S1,lv1,142,58.382978444871256,20.249612824901632,1.2913395580322526
P06,S1,lv1,143,29.73301381610277,14.012456195934774,0.9794229769330777
P06,S1,lv1,144,37.65943042542884,10.912271008116416,1.4742777459800747
P06,S1,lv1,145,79.83360504883078,21.49110152876401,1.5491698089421393
P06,S1,lv1,146,7.55183314100819,5.772449042396986,0.4873830679865488
P06,S1,lv1,147,7.162937851903156,7.957076636634154,0.10703715415491452
P06,S1,lv1,148,7.998472406138451,6.514245468702383,0.4228436027206656
P06,S1,lv2,0,4.695925886444652,10.163408650826677,0.0
P06,S1,lv2,1,5.909333320252704,15.600351611129568,0.0
P06,S1,lv2,2,6.981751376108629,7.519591904496092,0.13850520139120304
P06,S1,lv2,3,8.603103519514418,6.4407639511893615,0.5085269513538194
P06,S1,lv2,4,7.482657893820919,2.638494354961872,1.2745429623793303
P06,S1,lv2,5,10.10423417243016,9.888833055453606,0.23593340768675836
P06,S1,lv2,6,9.758048147582755,6.7484263234808965,0.5892153318594193
P06,S1,lv2,7,2.6023100645226385,5.909795574931302,0.0
P06,S1,lv2,8,3.9178969917582895,4.11700110729281,0.1635764430740566
P06,S1,lv2,9,33.92140448082167,8.53363697216505,1.6180742837273563
P06,S1,lv2,10,3.8239405862173466,6.392421214802572,0.0
P06,S1,lv2,11,4.495919094198846,4.4480204308120825,0.2249072200137182
P06,S1,lv2,12,7.268253966664817,6.23176180075801,0.37054622765642364
P06,S1,lv2,13,9.06987098605126,5.4491936576122075,0.7323731678556984
P06,S1,lv2,14,6.476508554730019,7.9414437961681195,0.006544912993787067
P06,S1,lv2,15,8.824561855179603,7.170404938481572,0.42520160452380046
P06,S1,lv2,16,4.752448516488236,5.131733060288112,0.1358890204878619
P06,S1,lv2,17,5.49751055175859,2.619492069516533,0.9682350563170963
P06,S1,lv2,18,4.816335407560235,4.107541156600725,0.37597083516497337
P06,S1,lv2,19,38.40451406395299,8.34533507552319,1.7670663739595776
P06,S1,lv2,20,5.131391690215308,4.468545925212106,0.3547323754468934
P06,S1,lv2,21,3.074232196792605,9.43148758947179,0.0
P06,S1,lv2,22,4.558664982237649,5.607066654880447,0.003406841124312647
P06,S1,lv2,23,9.016753362088254,6.796418681975602,0.5016214153099675
P06,S1,lv2,24,5.524302348189331,4.15364903961328,0.5041458374588513
P06,S1,lv2,25,13.648107273204918,8.3157982576381,0.7180818833618335
P06,S1,lv2,26,13.4087642695297,6.778422968561294,0.908054049567375
P06,S1,lv2,27,4.830850191883495,6.841634410002443,0.0
P06,S1,lv2,28,31.739275374403192,11.334505695215636,1.2616457781478483
P06,S1,lv2,29,9.790116568042956,6.379985792579968,0.6496746791137991
P06,S1,lv2,30,26.85894380444104,9.001835027273131,1.3262183038804245
P06,S1,lv2,31,10.699336370697665,9.72662900680678,0.31098400291381384
P06,S1,lv2,32,2.12847660041028,9.541252078209686,0.0
P06,S1,lv2,33,26.080960958353565,16.36412792004227,0.6882413142630276
P06,S1,lv2,34,12.45146493940081,6.879124222903685,0.8176901122885359
P06,S1,lv2,35,38.55904049081947,14.940274729366182,1.1786519427849669
P06,S1,lv2,36,6.977741186877001,10.188639501206502,0.0
P06,S1,lv2,37,2.8356632831484365,4.2547901854663115,0.0
P06,S1,lv2,38,16.724614795828316,14.443808504694767,0.36317883815959223
P06,S1,lv2,39,8.9275180029753,7.7705587124960385,0.3552232796657332
P06,S1,lv2,40,68.3510954481216,16.992367969063263,1.6301435984884025
P06,S1,lv2,41,34.56145245639144,18.759341569720124,0.835698564576789
P06,S1,lv2,42,23.079363389812343,8.12876607905763,1.2757130842284043
P06,S1,lv2,43,6.929005301478168,6.711833213961924,0.2464084467354987
P06,S1,lv2,44,8.352782164117151,14.98677894811954,0.0
P06,S1,lv2,45,6.499141623109638,5.7519113053262005,0.338274724512651
P06,S1,lv2,46,9.452213903327848,7.222298290864136,0.4877715834811266
P06,S1,lv2,47,43.68477780013728,20.07300602204423,1.0051762434533462
P06,S1,lv2,48,42.97708983830738,8.665906508515567,1.8431673756605627
P06,S1,lv2,49,17.99306566376509,6.917557473183693,1.1865813583531157
P06,S1,lv2,50,37.20629192819102,7.2273084957405205,1.8811582244959204
P06,S1,lv2,51,16.836522457300173,10.11002307100591,0.7329152191602868
P06,S1,lv2,52,7.251684885507822,5.254326465191528,0.5418027078210558
P06,S1,lv2,53,44.346358783811056,9.800456106694888,1.7499019429474638
P06,S1,lv2,54,7.21949171279167,9.442339549752848,0.0
P06,S1,lv2,55,26.10309758493835,12.219508911086026,0.986248696440978
P06,S1,lv2,56,38.89773236432848,13.408564541044294,1.2976003249134918
P06,S1,lv2,57,12.746685644333946,7.451404692353908,0.7602283062856384
P06,S1,lv2,58,18.225630189566726,8.190371796920541,1.0278094495699368
P06,S1,lv2,59,13.008006289681177,10.636382362849998,0.41879981226528473
P06,S1,lv2,60,5.863611107169305,3.7050424456626843,0.6810756188128436
P06,S1,lv2,61,47.56589136635372,14.024821815259898,1.4565662987679764
P06,S1,lv2,62,60.5479029473537,33.297086202288575,0.8223885506730192
P06,S1,lv2,63,8.196423470864785,7.327713841699681,0.32799517562005487
P06,S1,lv2,64,7.397437090106151,9.86472904225331,0.0
P06,S1,lv2,65,8.567887418572875,9.976408075572415,0.059157114632109736
P06,S1,lv2,66,9.630544272930562,9.037093025628852,0.2787195707344139
P06,S1,lv2,67,8.913375144359613,13.418604904380603,0.0
P06,S1,lv2,68,7.649546737275819,12.42147185485283,0.0
P06,S1,lv2,69,16.85671920310585,7.743748525558534,1.005420105990738
P06,S1,lv2,70,28.454875436808443,18.04272298205971,0.6775209125325862
P06,S1,lv2,71,5.388307183176754,6.020462582911354,0.10114493072252176
P06,S1,lv2,72,45.58474157553783,26.760719281217437,0.7559238323563553
P06,S1,lv2,73,13.36278253327108,8.612213402243398,0.6609522912179548
P06,S1,lv2,74,5.574307681126738,10.860933630530974,0.0
P06,S1,lv2,75,14.649686710122367,11.489915373758768,0.4611900344567258
P06,S1,lv2,76,11.037245937096072,3.7455807242372963,1.3135295614414624
P06,S1,lv2,77,12.684814021747165,19.174567333497635,0.0
P06,S1,lv2,78,7.8384120419579455,9.234960670687068,0.04719417286833095
P06,S1,lv2,79,4.13764477901121,2.811307117919079,0.607217620216155
P06,S1,lv2,80,15.605571612930566,8.120639262399544,0.8786050158243758
P06,S1,lv2,81,8.028339213456627,5.984968668151189,0.5128517065320509
P06,S1,lv2,82,10.488075564856675,10.493640887254621,0.213469984001325
P06,S1,lv2,83,8.065854036932466,3.9826602354368914,0.9319892943760684
P06,S1,lv2,84,77.2936187184013,24.674310163020937,1.3757444167915254
P06,S1,lv2,85,11.706140615983825,9.605694982871512,0.41521116317204126
P06,S1,lv2,86,7.135247028364897,3.8865027540514587,0.8321274658205913
P06,S1,lv2,87,9.800322307075225,8.431400709805589,0.367082284279681
P06,S1,lv2,88,5.981876442380331,2.170958582373252,1.2452270123862834
P06,S1,lv2,89,4.4322939802635215,3.8012376996045045,0.3702751344705809
P06,S1,lv2,90,7.053721057965036,5.264832207148338,0.511609881389039
P06,S1,lv2,91,2.5195647960902656,1.585531251232172,0.685242680771908
P06,S1,lv2,92,3.3804858691714523,2.2995504232182555,0.6060258414984696
P06,S1,lv2,93,5.3430269176080065,5.367018091044147,0.20945155831165627
P06,S1,lv2,94,7.774288790351123,10.06392611750167,0.0
P06,S1,lv2,95,5.43312988433308,4.313746528824129,0.44873621637114425
P06,S1,lv2,96,4.176926604813564,6.059744004520797,0.0
P06,S1,lv2,97,28.400775309791257,7.331935422474421,1.5917703793347096
P06,S1,lv2,98,2.9015574701158813,2.256142583737882,0.4699824320391655
P06,S1,lv2,99,20.010363715728857,8.128568592396592,1.1305642691489663
P06,S1,lv2,100,8.468277832823548,10.255477668354784,0.019190094304787065
P06,S1,lv2,101,6.94288792313478,5.520916744753348,0.4471747975481708
P06,S1,lv2,102,10.32996577709458,13.098628133066564,0.0
P06,S1,lv2,103,2.577097358534227,5.788994460166272,0.0
P06,S1,lv2,104,11.316812930785341,7.429746463884326,0.6421358966587762
P06,S1,lv2,105,8.979042665222696,21.588880526820503,0.0
P06,S1,lv2,106,11.383975838381028,4.889119646033221,1.0739237284399665
P06,S1,lv2,107,6.365820065944849,4.909216231161541,0.47836353893056366
P06,S1,lv2,108,6.788656040007667,6.1274824578685,0.31826328629691664
P06,S1,lv2,109,9.732266370527215,9.617124262445156,0.22611849513810028
P06,S1,lv2,110,33.774370651888646,16.964317448218964,0.9145919791134128
P06,S1,lv2,111,5.942605093141879,4.940933666326364,0.40181780037507103
P06,S1,lv2,112,11.410983667800869,23.530310708547148,0.0
P06,S1,lv2,113,11.21821039254797,7.960835157483606,0.5629878006252064
P06,S1,lv2,114,25.799917823569576,12.845214159595344,0.9235553268500992
P06,S1,lv2,115,8.977212410976131,8.437929971785383,0.27704104842449
P06,S1,lv2,116,6.458618829203065,5.998933748330059,0.2891293176207366
P06,S1,lv2,117,6.303379232712054,9.37331766744418,0.0
P06,S1,lv2,118,10.362116908513729,5.600987035881955,0.8399377153970281
P06,S1,lv2,119,5.179855904747078,3.3937158311536244,0.644225715738498
P06,S1,lv2,120,18.67654775153959,9.738431491621492,0.8765390637915007
P06,S1,lv2,121,84.90595691230978,17.171737341827253,1.8401240373884922
P06,S1,lv2,122,5.171454351520112,5.312373717901556,0.1866566932147604
P06,S1,lv2,123,7.745444385588974,5.919706022649336,0.48750939093774076
P06,S1,lv2,124,4.5483264882652135,3.6203427331912925,0.44617444377716936
P06,S1,lv2,125,3.1565657898082957,2.824517700381533,0.327092439430789
P06,S1,lv2,126,3.838481434102073,4.700948527603853,0.007792326463861326
P06,S1,lv2,127,11.650121521921825,6.208617014910665,0.8543491326876076
P06,S1,lv2,128,8.663556538325695,7.155664570002806,0.4085609691018271
P06,S1,lv2,129,10.247929442127012,8.794832319414112,0.36958411860447327
P06,S1,lv2,130,12.383616501330907,3.5135731733498874,1.4956896316615251
P06,S1,lv2,131,3.7112655890995416,2.814688412445151,0.49534686896040575
P06,S1,lv2,132,5.856036803443128,3.057453575295484,0.8752185782659863
P06,S1,lv2,133,6.0592318592869905,7.040394666318351,0.06131477523519703
P06,S1,lv2,134,3.3771949078926635,7.0312591925218575,0.0
P06,S1,lv2,135,4.534159293353912,8.582135951134608,0.0
P06,S1,lv2,136,4.841889473062361,5.9308313493221165,0.007617441650745556
P06,S1,lv2,137,11.627518309394302,10.974588068912492,0.2728083295351718
P06,S1,lv2,138,6.60354936157713,8.513341354354317,0.0
P06,S1,lv2,139,8.988911251171666,5.738854923420737,0.6705566673128298
P06,S1,lv2,140,13.32613657067046,9.4680587104008,0.5617657805440366
P06,S1,lv2,141,15.800955368401711,4.411995187354919,1.5119708878145104
P06,S1,lv2,142,6.077534712722154,6.760596782244122,0.10564272070046349
P06,S1,lv2,143,4.633407999422153,7.811898606795777,0.0
P06,S1,lv2,144,35.85789373633656,11.118561236763043,1.4053502565343958
P06,S1,lv2,145,14.308014440796764,16.28619528414582,0.08225643268030779
P06,S1,lv2,146,18.103000155755947,6.10093815105759,1.320586608431622
P06,S1,lv2,147,5.022823118877215,2.7223155771295113,0.8371862213540207
P06,S1,lv2,148,4.373339668647916,2.6593977997313956,0.7200999238896921
P06,S2,lv0,0,8.327325358140993,5.518533922242904,0.8869004122945086
P06,S2,lv0,1,4.3208304420538175,8.785457931742073,0.0
P06,S2,lv0,2,5.537462601796093,2.926791646817379,1.218833825882231
P06,S2,lv0,3,9.543529051238695,4.373996678658813,1.428026640431316
P06,S2,lv0,4,4.8106940543392165,2.4366928221495106,1.2813027379441244
P06,S2,lv0,5,3.184698965570618,1.8731516654403912,1.0619733705447394
P06,S2,lv0,6,3.0926699197743086,1.1413759959451888,1.7458940471771534
P06,S2,lv0,7,7.0595277279485,2.1691245523924505,2.014808109085975
P06,S2,lv0,8,5.302271811447081,1.873937041269602,1.8094246132958967
P06,S2,lv0,9,7.822956875208647,3.561572513627192,1.4378206944542355
P06,S2,lv0,10,6.544544662018029,5.6215592310913625,0.5062365677210677
P06,S2,lv0,11,4.262493999472296,2.8525912792679704,0.8725144622248447
P06,S2,lv0,12,6.078753778291629,4.188492856931014,0.8297124176188727
P06,S2,lv0,13,3.956474939868665,2.3686094822089525,1.0360217843419426
P06,S2,lv0,14,4.339454343012716,2.302875445720899,1.2129061404075652
P06,S2,lv0,15,3.468742948479021,4.036056228061808,0.060871682226058696
P06,S2,lv0,16,13.423215961251165,3.1723170624337667,2.399964739675749
P06,S2,lv0,17,10.495549055596806,2.891506935680432,2.174933292957135
P06,S2,lv0,18,4.9337137439227545,2.8509313848756115,1.0879629712780252
P06,S2,lv0,19,4.750885118992066,2.8265371776167356,1.0451612674958999
P06,S2,lv0,20,3.016673501038577,3.0591571915246156,0.2626311030079692
P06,S2,lv0,21,2.3224597805150395,4.6793442714103755,0.0
P06,S2,lv0,22,8.260616424260347,4.5606133576041294,1.1548719712510103
P06,S2,lv0,23,10.102324101208755,6.960069325833234,0.8298846013898339
P06,S2,lv0,24,4.875957720231976,2.199345807603321,1.4514622051754995
P06,S2,lv0,25,2.3150930549870017,4.351316419028881,0.0
P06,S2,lv0,26,2.211563193469536,2.1811727154390077,0.3034575901937809
P06,S2,lv0,27,3.6276560661857986,1.8751826351436858,1.2514859192297516
P06,S2,lv0,28,2.3855698186173497,4.505084227079959,0.0
P06,S2,lv0,29,2.726898248585573,3.145131067895772,0.07376310610569449
P06,S2,lv0,30,2.466567407845733,1.516953538575872,0.9965081190017603
P06,S2,lv0,31,2.668371549981698,2.5075391728861933,0.3743782191711701
P06,S2,lv0,32,1.4819688536668882,2.651610134474831,0.0
P06,S2,lv0,33,1.79766502235212,0.9118915861397298,1.2791355323241966
P06,S2,lv0,34,2.2587868738114154,3.0511954710750366,0.0
P06,S2,lv0,35,2.426528567790421,1.3649335501733877,1.1274511948035484
P06,S2,lv0,36,3.225342986044584,1.5082225051956748,1.3985624370694176
P06,S2,lv0,37,7.019303045839771,2.2940946355986394,1.9242249409377674
P06,S2,lv0,38,6.742083238267761,3.079725394408268,1.432931330467428
P06,S2,lv0,39,5.313528594759737,2.30908240959374,1.5061232378829181
P06,S2,lv0,40,8.83438273329126,5.065398191513542,1.0993682264526452
P06,S2,lv0,41,12.73535836817414,6.596276656252002,1.2485455190563595
P06,S2,lv0,42,6.045894415775373,2.457777106974853,1.604025030562743
P06,S2,lv0,43,5.447466187303139,2.3941905137187702,1.4895404458512311
P06,S2,lv0,44,8.225195517256955,4.919729912329456,1.0373395994573857
P06,S2,lv0,45,2.730865183293684,2.4838473436489052,0.42228012718368557
P06,S2,lv0,46,4.717233049834919,3.997360662690066,0.5261428496389493
P06,S2,lv0,47,2.074017636463856,2.088629402560536,0.272850723636331
P06,S2,lv0,48,3.488958704547796,6.010080935687765,0.0
P06,S2,lv0,49,6.840045105049824,3.767920759800689,1.1581427549915102
P06,S2,lv0,50,5.528342147070611,4.635368876243779,0.5416743420110849
P06,S2,lv0,51,2.5645585733174103,1.3973403306578909,1.1742034134169876
P06,S2,lv0,52,4.549446357425915,9.643254393618468,0.0
P06,S2,lv0,53,3.0918271620611737,3.4498459684394267,0.12236963108937572
P06,S2,lv0,54,2.459558614526296,3.565021072048236,0.0
P06,S2,lv0,55,7.656672760853649,8.508087907216526,0.128426691709528
P06,S2,lv0,56,3.677642424164483,4.780542724860735,0.0
P06,S2,lv0,57,2.4169859244192784,3.2029174635869024,0.0
P06,S2,lv0,58,5.403337124971522,4.5124826074817745,0.547539807301252
P06,S2,lv0,59,9.162599857254941,2.1172673403842595,2.432953028391927
P06,S2,lv0,60,2.5011920839128994,1.7559002155203,0.8023110419407222
P06,S2,lv0,61,2.4047618358708083,2.868534724505293,0.024369615928818273
P06,S2,lv0,62,9.324557998009888,4.471839781568029,1.3615011018687004
P06,S2,lv0,63,3.5341584682091542,3.861561920692474,0.15314298574714452
P06,S2,lv0,64,2.2646075040270506,2.5562457606573403,0.1053901064607235
P06,S2,lv0,65,14.659424132455385,7.707470411540964,1.2265581377684882
P06,S2,lv0,66,5.7315413200482785,4.971852321723458,0.4918105739190187
P06,S2,lv0,67,3.3147158658319595,2.5921571568143285,0.6439683336974444
P06,S2,lv0,68,6.477261105930153,4.541384558370575,0.8041894119452137
P06,S2,lv0,69,5.563488640785808,3.3138442509341113,1.0434558903476425
P06,S2,lv0,70,2.9144545150017174,2.1382161190275317,0.7376337631481533
P06,S2,lv0,71,2.2242312526794317,4.955037976454939,0.0
P06,S2,lv0,72,3.0608781721028118,6.5579132785063825,0.0
P06,S2,lv0,73,4.968700979329832,4.5075686160176,0.4260819114103005
P06,S2,lv0,74,32.295221119904745,9.107259828437796,2.140703741901618
P06,S2,lv0,75,4.220547851790962,3.996636033487801,0.3631455922147201
P06,S2,lv0,76,4.757391671984895,5.918828685413872,0.0
P06,S2,lv0,77,2.1353183608964565,3.9052127895776976,0.0
P06,S2,lv0,78,2.244243101033218,3.764582701373701,0.0
P06,S2,lv0,79,5.026701015383055,4.799174548596792,0.3511244186612006
P06,S2,lv0,80,1.3907865826827661,1.7126763216434786,0.0
P06,S2,lv0,81,1.8900000555208072,1.4773132899895183,0.6446584176081208
P06,S2,lv0,82,2.671783402823865,2.697711394019271,0.2689808847217749
P06,S2,lv0,83,2.8005000038779815,2.9513140508855513,0.20618200764112862
P06,S2,lv0,84,18.64029004362259,9.19967856223322,1.3193932518541287
P06,S2,lv0,85,2.443017497681894,7.081831349764044,0.0
P06,S2,lv0,86,0.6938466201124209,1.5664633824094192,0.0
P06,S2,lv0,87,3.6124225230174307,2.7217697733081523,0.6985786768362714
P06,S2,lv0,88,2.0481031930429707,3.617646996480207,0.0
P06,S2,lv0,89,2.9636571440521133,3.2091771741498847,0.16635869964030237
P06,S2,lv0,90,3.1967895274123794,3.3063571351886,0.233700190771648
P06,S2,lv0,91,10.564410379666732,3.2978661117114747,1.9915649575985697
P06,S2,lv0,92,3.4927204652592567,3.907581686467885,0.11845098780716193
P06,S2,lv0,93,2.439293302244384,2.9822674633459756,0.0
P06,S2,lv0,94,3.96578126887888,3.4571638127928948,0.4845648361499312
P06,S2,lv0,95,2.780690610334859,5.373143139547148,0.0
P06,S2,lv0,96,7.269157656046551,3.8347394987653116,1.2216356823045436
P06,S2,lv0,97,2.5021521659581416,20.251129770461773,0.0
P06,S2,lv0,98,4.427285692970441,6.808681705998044,0.0
P06,S2,lv0,99,2.741235187220868,6.172951523401578,0.0
P06,S2,lv0,100,11.083816899576,6.414478360480267,1.0857356540854919
P06,S2,lv0,101,13.393903242776524,4.895580710642684,1.7600790216456068
P06,S2,lv0,102,5.156877821975939,3.225443485738517,0.9717634222157956
P06,S2,lv0,103,2.511844309774884,2.0362228069178454,0.5911981958887499
P06,S2,lv0,104,2.9956788534462087,5.505108521000243,0.0
P06,S2,lv0,105,3.053021299205903,3.06963137135712,0.2751907856117433
P06,S2,lv0,106,3.5277490903790034,4.71795102248895,0.0
P06,S2,lv0,107,2.554163220826618,2.2125714044474964,0.4938316426798059
P06,S2,lv0,108,1.9713266021698261,1.8960135563210088,0.34031409307226135
P06,S2,lv0,109,1.5863890187001501,1.5889323417908503,0.28080205561095745
P06,S2,lv0,110,2.2783930900624974,2.15263949333644,0.36646746143978304
P06,S2,lv0,111,2.922084841113812,1.9195620145181373,0.8997701518497996
P06,S2,lv0,112,3.0593425295557473,2.9223789202049852,0.35036439921907875
P06,S2,lv0,113,2.6568717874129315,1.8341246310752264,0.8269585502554144
P06,S2,lv0,114,1.4217270393495751,3.4754767759499963,0.0
P06,S2,lv0,115,11.604042076663196,5.831169645352077,1.2929486653854305
P06,S2,lv0,116,3.5938973403577035,5.522114142741994,0.0
P06,S2,lv0,117,2.6142305127203747,9.552365987069809,0.0
P06,S2,lv0,118,3.7302916144759255,2.412593349223178,0.9226384780085493
P06,S2,lv0,119,4.666046213874074,4.2844707944329565,0.4083472054258519
P06,S2,lv0,120,2.9148898862428103,1.7543628698736298,1.0282089967808847
P06,S2,lv0,121,4.488801281518421,3.339618711900805,0.7171164572452607
P06,S2,lv0,122,2.152916845383856,3.865143240834928,0.0
P06,S2,lv0,123,12.729638201940476,8.137415401741515,0.9397725861374581
P06,S2,lv0,124,8.897563602421098,2.638006870712166,2.0671946125026066
P06,S2,lv0,125,9.615037175509281,6.342801486960372,0.8936177678883187
P06,S2,lv0,126,5.653042154034364,3.8379879371865466,0.8514111770121954
P06,S2,lv0,127,2.7664262327593,3.8992768348189712,0.0
P06,S2,lv0,128,3.112228720877775,2.1504003024566876,0.8256422660722129
P06,S2,lv0,129,3.370878911242852,2.569780273350197,0.681346318957032
P06,S2,lv0,130,2.7265592864987744,6.649283321007274,0.0
P06,S2,lv0,131,2.2014749400706455,3.1306903153388252,0.0
P06,S2,lv0,132,5.727804387845725,3.4497738275007537,1.0271778538481822
P06,S2,lv0,133,1.9761708696333937,3.0190971728753873,0.0
P06,S2,lv0,134,26.73184440507684,17.09033235992254,0.9395997288914656
P06,S2,lv0,135,52.49257358823546,7.458977021793312,3.146493741464951
P06,S2,lv0,136,3.205736448552842,2.6070368247004576,0.5865124403251931
P06,S2,lv0,137,4.446351742089534,3.1266490331091488,0.7998696806904118
P06,S2,lv0,138,3.8697822495360503,4.8404636938164165,0.0
P06,S2,lv0,139,8.503104391774526,4.6083165769108225,1.1820585950302218
P06,S2,lv0,140,3.6976454599652135,2.756332512850131,0.7142787426591392
P06,S2,lv0,141,2.3144701801950895,3.6021895481850184,0.0
P06,S2,lv0,142,6.2796874317637785,2.492648599861397,1.63902671451473
P06,S2,lv0,143,3.0916816025124665,5.277710813682466,0.0
P06,S2,lv0,144,4.029888067324199,4.422280310253185,0.14680316121733508
P06,S2,lv0,145,4.523932106665852,4.4310097951591825,0.3136080410250269
P06,S2,lv0,146,8.513791648159415,3.233055936729073,1.7040124842888082
P06,S2,lv0,147,3.251053076618853,3.295151816114313,0.2633816113271232
P06,S2,lv0,148,3.575112017015478,3.398582645570425,0.35746089884289683
P06,S2,lv1,0,10.604594642662539,4.508158972708704,1.538395973616061
P06,S2,lv1,1,28.498351571322537,6.613931003634967,2.4265907577080594
P06,S2,lv1,2,11.703006471779426,5.640589662694432,1.354171997165798
P06,S2,lv1,3,3.325129087849377,4.01942619860587,0.004881794229278956
P06,S2,lv1,4,2.8488677418023496,2.571647927532483,0.43338121531155244
P06,S2,lv1,5,11.643962189575902,5.282996631338347,1.442859670651392
P06,S2,lv1,6,10.85598123508331,11.496419943044852,0.19904007303971258
P06,S2,lv1,7,4.203758622391308,1.596310533268798,1.7040482755631134
P06,S2,lv1,8,5.947351506033409,2.1797787732480294,1.7560522061630122
P06,S2,lv1,9,10.19836454157161,6.436191058733187,0.9585999077839137
P06,S2,lv1,10,10.942486018899208,7.795555649509414,0.780759453942701
P06,S2,lv1,11,13.528322967788384,8.29601854829961,1.00074369998974
P06,S2,lv1,12,7.771283846217733,3.796038328756764,1.3345380488704388
P06,S2,lv1,13,7.420620597256102,3.8407404639358926,1.2496029735813978
P06,S2,lv1,14,13.061561728203154,4.64130943524417,1.8014760667138343
P06,S2,lv1,15,2.6007057989431135,2.0846638826445605,0.6077134518606809
P06,S2,lv1,16,8.474254573464272,4.803008311470562,1.1163490432447236
P06,S2,lv1,17,7.768993193281848,4.977673614404905,0.9364232553574713
P06,S2,lv1,18,10.395371423037975,9.051925916201728,0.4862212446070522
P06,S2,lv1,19,5.028329992955262,4.127069074663822,0.5730015255172745
P06,S2,lv1,20,32.19063222821561,5.616606821137185,2.8452206817819334
P06,S2,lv1,21,2.1443739999180957,1.6985268769960797,0.6251922395301738
P06,S2,lv1,22,15.253290443031528,5.093218926311645,1.8927624419442304
P06,S2,lv1,23,14.07802439685846,3.597137016195224,2.285436124049108
P06,S2,lv1,24,5.9617469201687685,5.105288615883929,0.5107325028657475
P06,S2,lv1,25,3.849817699601912,7.650464434138,0.0
P06,S2,lv1,26,7.157195355267803,3.829604578685008,1.2008240917483157
P06,S2,lv1,27,5.5807830177509565,6.415398701554613,0.0786331154321832
P06,S2,lv1,28,7.564865162978817,5.656805308773997,0.7096709399415703
P06,S2,lv1,29,6.918843844807901,10.144937036133346,0.0
P06,S2,lv1,30,2.949937018061693,4.779969903198845,0.0
P06,S2,lv1,31,4.07785415792102,6.061067466721926,0.0
P06,S2,lv1,32,8.362843477234275,7.143292912875727,0.5144569691205554
P06,S2,lv1,33,6.608077022802584,7.46820875821335,0.10359358094248605
P06,S2,lv1,34,27.149819023989224,5.058918896345117,2.7487657783783623
P06,S2,lv1,35,4.912375490239258,7.020588958157659,0.0
P06,S2,lv1,36,7.972233889358172,3.545463867529439,1.4722105184079461
P06,S2,lv1,37,25.302413749682515,4.214344224193674,2.9133948954058657
P06,S2,lv1,38,5.635041617985119,4.867104341250186,0.49814014116962924
P06,S2,lv1,39,12.952901780435413,5.3419549825218295,1.5829028120627262
P06,S2,lv1,40,29.480477195288408,8.291831423740913,2.1445337552434682
P06,S2,lv1,41,6.423365791871435,3.975666108872617,0.9871554702696214
P06,S2,lv1,42,8.208188065992994,7.821734702482322,0.35392116034815474
P06,S2,lv1,43,6.902602655021469,10.707679674453592,0.0
P06,S2,lv1,44,7.622927570807248,5.4639827171330015,0.7717835876827245
P06,S2,lv1,45,25.43729046875598,8.198424982879116,1.9446934895309298
P06,S2,lv1,46,17.255135990107775,4.161685361118069,2.3701262095020197
P06,S2,lv1,47,30.002783906301822,9.597007272185596,1.9557942101364905
P06,S2,lv1,48,9.937945664113444,5.98000627460663,1.0285207069480735
P06,S2,lv1,49,24.272294077754353,7.727152027448675,1.962773791237893
P06,S2,lv1,50,6.975312923919347,6.773941275155859,0.3261400346224823
P06,S2,lv1,51,7.178948001292945,6.597292825734578,0.4071416064152099
P06,S2,lv1,52,4.709581804775729,8.397828112673055,0.0
P06,S2,lv1,53,4.223284114774864,3.13765937018918,0.7191810007349076
P06,S2,lv1,54,2.986661053314592,6.180589365487258,0.0
P06,S2,lv1,55,21.248085102745204,6.471336302479213,2.027765064650622
P06,S2,lv1,56,9.003892429069735,2.805338457083706,1.9943788673523979
P06,S2,lv1,57,4.710908890857705,3.9315553936519754,0.5485324671658209
P06,S2,lv1,58,11.09541517145223,4.914023457729143,1.4782903868497734
P06,S2,lv1,59,2.126113289738824,2.2094976913942834,0.22670103400828243
P06,S2,lv1,60,2.1241678909955612,2.9316180888520917,0.0
P06,S2,lv1,61,34.21756189908288,9.506701541315454,2.162560706117599
P06,S2,lv1,62,24.439599524381144,4.807157373068721,2.669349928619203
P06,S2,lv1,63,10.720839332295181,7.108427943752573,0.8861347715212835
P06,S2,lv1,64,41.86137832055524,5.367991511332977,3.2971355096118207
P06,S2,lv1,65,4.1773150959413075,7.6988325533764925,0.0
P06,S2,lv1,66,7.528421111505149,7.071204589985563,0.37509429491870117
P06,S2,lv1,67,10.183616413465595,5.953660651377015,1.0708345688016034
P06,S2,lv1,68,9.257289065589662,4.372361509895728,1.383888811662885
P06,S2,lv1,69,8.685817922638305,5.388034640345052,0.9838697997349057
P06,S2,lv1,70,16.87105160534577,7.781793773186448,1.4186734644049743
P06,S2,lv1,71,4.165649399898271,3.4573983905764742,0.5566181139674666
P06,S2,lv1,72,5.0605529889412635,4.7164200870625095,0.3864980594724431
P06,S2,lv1,73,27.636878035454604,5.941627812602745,2.538849432660725
P06,S2,lv1,74,9.701963409146044,4.761543010324345,1.3276104220050275
P06,S2,lv1,75,5.062821127947501,5.324272555949864,0.2092640769647614
P06,S2,lv1,76,5.362959958753131,5.878175105149301,0.14854437165330917
P06,S2,lv1,77,17.325602970581798,7.883998080785456,1.4385393959992416
P06,S2,lv1,78,9.165912382365251,8.136538487083076,0.4579635149365682
P06,S2,lv1,79,34.32692407180685,5.609362493305083,2.9414040520788802
P06,S2,lv1,80,10.155778354378182,6.230925677075437,1.000021949067132
P06,S2,lv1,81,7.354704773657404,8.62890126283362,0.04869019805742458
P06,S2,lv1,82,6.079415356628297,6.3481553473337655,0.21967772505564673
P06,S2,lv1,83,4.268427803891509,3.119311746712286,0.7433896375409964
P06,S2,lv1,84,35.454744959483804,6.176175130646576,2.847583477756608
P06,S2,lv1,85,26.906082767971114,7.7193509002143035,2.115426731113792
P06,S2,lv1,86,2.3119880275532085,4.960879457755252,0.0
P06,S2,lv1,87,48.54388377762182,3.3317824757891006,4.214358225683491
P06,S2,lv1,88,6.789025993179606,7.4044863208482905,0.15581069521628255
P06,S2,lv1,89,41.93713497205814,8.085801316275484,2.6986447930627873
P06,S2,lv1,90,27.46089435105513,6.199168047056683,2.4672091255598043
P06,S2,lv1,91,7.200214506590182,5.790671149806958,0.602852396767543
P06,S2,lv1,92,4.09999871412072,6.574636761068177,0.0
P06,S2,lv1,93,4.397638323699296,7.100223887919742,0.0
P06,S2,lv1,94,2.1898791198648535,2.854680353302933,0.0
P06,S2,lv1,95,4.686285543849787,4.031681115952881,0.5039386740702791
P06,S2,lv1,96,5.277281530678033,4.908983616046565,0.3893133045498662
P06,S2,lv1,97,7.007039364425445,4.080873542918456,1.076455246301234
P06,S2,lv1,98,23.333265298432305,4.910726550140851,2.570091498162341
P06,S2,lv1,99,3.1287955850870017,3.25146421808116,0.22671914858945338
P06,S2,lv1,100,10.557821580591929,7.612220292195059,0.763169067569068
P06,S2,lv1,101,23.153697594381942,6.748692815871622,2.092217099965906
P06,S2,lv1,102,28.99388735308526,9.921421103133117,1.8568155917215599
P06,S2,lv1,103,9.821826140905936,7.235096001571181,0.7316945443364725
P06,S2,lv1,104,7.600730091751384,7.210733695765402,0.3604479647459764
P06,S2,lv1,105,6.0323210754111996,6.331549627828639,0.21210954655472566
P06,S2,lv1,106,5.483841726432188,14.433662412661892,0.0
P06,S2,lv1,107,7.902361636348344,4.727204474066434,1.0371623540459192
P06,S2,lv1,108,6.70548743243177,5.295170008832026,0.6296602750138995
P06,S2,lv1,109,10.707894802753449,6.873033834328299,0.9337785570580471
P06,S2,lv1,110,14.634544303774257,8.866037306998052,1.018568741207596
P06,S2,lv1,111,19.947841057090926,8.752859269855753,1.491939854484932
P06,S2,lv1,112,7.867269487823768,7.140943689770679,0.42529768125694006
P06,S2,lv1,113,1.5939463835603205,8.252721663417026,0.0
P06,S2,lv1,114,9.581490794962273,4.523630113911412,1.3844910583872447
P06,S2,lv1,115,13.354188166847052,7.997151146233606,1.0355731726923767
P06,S2,lv1,116,2.7983866978950296,4.978691892234433,0.0
P06,S2,lv1,117,10.057822023929639,5.461915769791053,1.1790978125827016
P06,S2,lv1,118,9.612996062713146,3.0899370361247165,1.9486424497563424
P06,S2,lv1,119,8.20879941995546,7.360235138600626,0.44327185199960023
P06,S2,lv1,120,8.269768004929524,7.167381662508068,0.4930931621457238
P06,S2,lv1,121,24.386665025970824,9.676548738214729,1.6395502927390573
P06,S2,lv1,122,2.471990184155633,2.8320541122232123,0.08361262863054633
P06,S2,lv1,123,11.691655341713977,7.419865007785861,0.950417555337615
P06,S2,lv1,124,4.901712340527278,4.411390379308969,0.43781281757921453
P06,S2,lv1,125,5.213866393866424,3.320149038171791,0.9454246210169284
P06,S2,lv1,126,35.73594264944818,3.2668394202024245,3.793751574602828
P06,S2,lv1,127,10.636478045298022,8.182904724364775,0.6679766695881416
P06,S2,lv1,128,6.782034095482795,6.066508310807716,0.4467629868304485
P06,S2,lv1,129,22.975976924913834,3.4144343228317884,3.0807289888048546
P06,S2,lv1,130,13.692344024775757,10.195227606171898,0.7159249994054114
P06,S2,lv1,131,12.729543354647662,4.98442937419635,1.659031171105435
P06,S2,lv1,132,5.7956411999743285,6.935385589257997,0.019703087321426786
P06,S2,lv1,133,8.104449286111008,8.591210811057374,0.19756237467696125
P06,S2,lv1,134,10.125870906001623,2.6082381877606022,2.2736113468338566
P06,S2,lv1,135,9.301900511332729,5.219847310498968,1.1309652185149606
P06,S2,lv1,136,10.251500179106289,4.894510263498222,1.3680431910505533
P06,S2,lv1,137,9.061631650600583,6.600950439144386,0.7480889172868062
P06,S2,lv1,138,10.60262665500329,5.482531445634716,1.250978425752864
P06,S2,lv1,139,4.660229954516827,3.4003746247897566,0.7456583004856776
P06,S2,lv1,140,5.931168544421428,3.672646785442196,0.9865079118282475
P06,S2,lv1,141,3.145738388364872,3.6601187061523537,0.06091399193820667
P06,S2,lv1,142,4.249100041462665,7.715489487140204,0.0
P06,S2,lv1,143,10.847493158669543,3.1766121543969903,2.085339337749676
P06,S2,lv1,144,4.897388749964747,5.835142612507131,0.026062933903900277
P06,S2,lv1,145,5.883358036982416,4.58801633097359,0.6480748595734066
P06,S2,lv1,146,6.63426240943805,6.644067587633901,0.28098557623397863
P06,S2,lv1,147,13.468996421934502,6.188130067965566,1.424462758189059
P06,S2,lv1,148,8.43439118740328,8.01853020036435,0.3573499089971163
P06,S2,lv2,0,5.8784948394984085,3.699858035650773,0.9625852393077139
P06,S2,lv2,1,71.19200927782711,12.521752787212701,2.8334304960208
P06,S2,lv2,2,9.551008879228975,5.209699601368457,1.1726022829653717
P06,S2,lv2,3,32.44280223276142,12.403261795493545,1.694121265825648
P06,S2,lv2,4,2.422725795998092,4.876979414581605,0.0
P06,S2,lv2,5,4.551395727509514,1.3597403011282783,2.0560221139627997
P06,S2,lv2,6,11.001003028123765,6.320361747521905,1.0964209114764485
P06,S2,lv2,7,3.1000016171720293,3.8040663267106622,0.0
P06,S2,lv2,8,6.173826730200205,4.092118204065969,0.886645135550877
P06,S2,lv2,9,6.528896056279844,5.631794137607009,0.5000543271247404
P06,S2,lv2,10,35.16367234239413,10.51254406531298,2.055000901560009
P06,S2,lv2,11,36.06167315636154,18.61489019137689,1.2535229264515393
P06,S2,lv2,12,18.52511114854702,8.776645130304898,1.3793763647611053
P06,S2,lv2,13,20.643572364235933,11.893752292353838,1.0922838441942724
P06,S2,lv2,14,10.561377403358325,6.436885871348807,1.0097670627869932
P06,S2,lv2,15,13.751082886513622,13.03539213578873,0.3615864693059094
P06,S2,lv2,16,4.537720570696463,10.749757705328193,0.0
P06,S2,lv2,17,11.0098195782789,8.925179225095937,0.5911841276862575
P06,S2,lv2,18,21.82255593273664,8.906613126721371,1.5981963067193503
P06,S2,lv2,19,4.834580324956466,7.008303757567026,0.0
P06,S2,lv2,20,5.300309811843012,6.851530930943209,0.0
P06,S2,lv2,21,6.023216191730788,7.589320582846673,0.0
P06,S2,lv2,22,12.80556756932415,8.420528150857656,0.8983132587231656
P06,S2,lv2,23,5.5420790666318975,6.252450091643143,0.1061745063075584
P06,S2,lv2,24,7.509466616030102,6.301047882502341,0.5406123474146295
P06,S2,lv2,25,7.307801119538002,7.018446390395175,0.342438028666565
P06,S2,lv2,26,9.140566560279593,5.3058528899975315,1.0813090020253686
P06,S2,lv2,27,19.718252973676613,6.600425278206381,1.8891312063205865
P06,S2,lv2,28,8.956949085907619,8.212871150837472,0.4104193047528253
P06,S2,lv2,29,3.6068240400221696,4.38704222193905,0.0
P06,S2,lv2,30,1.9742936231908184,4.802746600385091,0.0
P06,S2,lv2,31,5.255559835921383,2.5096252065996256,1.3678132136951988
P06,S2,lv2,32,5.031264809508534,4.7943969142137774,0.35391769334677714
P06,S2,lv2,33,6.079766785473173,7.226428107753939,0.029611214361197943
P06,S2,lv2,34,4.364718439512827,15.142093041809897,0.0
P06,S2,lv2,35,19.423395682888696,15.82050782786146,0.5842286030511252
P06,S2,lv2,36,9.097357063998508,11.28987778786571,0.0
P06,S2,lv2,37,3.995355631537231,5.173715127193607,0.0
P06,S2,lv2,38,8.930812674846171,8.033451654139125,0.43854423576918794
P06,S2,lv2,39,10.416345131632816,4.532909864885332,1.5040779526092587
P06,S2,lv2,40,24.337540085839233,8.18687723244964,1.8819067398802902
P06,S2,lv2,41,18.161888507191957,13.28407645567583,0.7421072758945327
P06,S2,lv2,42,4.164487511207483,5.437044395225435,0.0
P06,S2,lv2,43,3.6650602470932196,3.004445392933076,0.574808457294179
P06,S2,lv2,44,4.10894933441994,2.972723877207094,0.7581454716739285
P06,S2,lv2,45,6.62901731249591,2.6751025470127208,1.6148059266649464
P06,S2,lv2,46,32.108419797049386,10.803269051286222,1.8815868878764608
P06,S2,lv2,47,12.793778562212603,8.70276666559262,0.8485826050774843
P06,S2,lv2,48,17.782855440927985,8.400807155193837,1.3835939018718715
P06,S2,lv2,49,3.7810574435430944,5.345853806091523,0.0
P06,S2,lv2,50,16.38650628627109,10.511608522307133,0.9346623974178117
P06,S2,lv2,51,2.657544921444082,4.73995283949722,0.0
P06,S2,lv2,52,3.88465757306989,4.114818890156241,0.19868715701165882
P06,S2,lv2,53,3.5835041423482483,3.2362486363527405,0.43272318773470825
P06,S2,lv2,54,2.5598641945592218,2.095018512633505,0.5772151034305679
P06,S2,lv2,55,3.2028310266112308,6.972705600278339,0.0
P06,S2,lv2,56,3.497398675446018,2.430484027702067,0.8171956160970127
P06,S2,lv2,57,10.207421859834156,3.396629420909438,1.8978196428269898
P06,S2,lv2,58,7.292312744358044,7.180556381255966,0.3058156968617331
P06,S2,lv2,59,9.386630297258963,4.879931700259129,1.2430840754178154
P06,S2,lv2,60,7.973151612863879,6.1631055266895025,0.6610163599243284
P06,S2,lv2,61,7.321476778026564,8.471419158601911,0.06907432458820832
P06,S2,lv2,62,110.93542414399909,14.016265155412809,3.3188829079175655
P06,S2,lv2,63,12.071489551039027,8.944267885846306,0.7231395819052089
P06,S2,lv2,64,21.99558820999908,8.723458197925362,1.6402766600326744
P06,S2,lv2,65,12.021704565526242,8.527200705583219,0.7871477388280033
P06,S2,lv2,66,11.455092848785057,9.419717490388829,0.5702264440573538
P06,S2,lv2,67,6.800887585908107,6.265214094386523,0.4035418413612857
P06,S2,lv2,68,18.33909901891256,9.254736812924875,1.2867325211266933
P06,S2,lv2,69,15.539500199925929,14.670725898055997,0.3675760520435885
P06,S2,lv2,70,6.023445957416168,6.12399471668708,0.25885922490605273
P06,S2,lv2,71,12.31808896118027,6.576157977058338,1.2041427133720524
P06,S2,lv2,72,16.633803034101334,12.648624237873753,0.6850668323243362
P06,S2,lv2,73,2.9407841099230287,2.803560428764592,0.3532758065739964
P06,S2,lv2,74,5.386342149707639,5.968854909274538,0.13246378952404148
P06,S2,lv2,75,2.569933614998519,3.4231315191398797,0.0
P06,S2,lv2,76,5.398940923252507,6.853384572398861,0.0
P06,S2,lv2,77,5.087601019048118,3.6356250665670937,0.7762487343479888
P06,S2,lv2,78,17.633951363892635,8.167957685363735,1.4125026604264432
P06,S2,lv2,79,5.6326087081334855,5.336888858517403,0.36229138879662964
P06,S2,lv2,80,7.679045009353642,5.476647399582191,0.7791494362589746
P06,S2,lv2,81,3.4640839079929684,6.9615372703078,0.0
P06,S2,lv2,82,11.30337511551514,9.100526458316866,0.6012477276180669
P06,S2,lv2,83,15.127476286029067,6.865048041980622,1.4425300498353402
P06,S2,lv2,84,4.36945604549843,11.508472912823215,0.0
P06,S2,lv2,85,24.180753351146382,10.050672658517943,1.5714410834634018
P06,S2,lv2,86,11.812730173329392,4.899126367319258,1.574674498366643
P06,S2,lv2,87,9.349721826021055,12.197648915615245,0.0
P06,S2,lv2,88,4.410203906040071,3.985399446826683,0.4317797419702727
P06,S2,lv2,89,4.82858248177097,13.22212528488971,0.0
P06,S2,lv2,90,8.055553963384254,3.4927346415362504,1.5094556099719354
P06,S2,lv2,91,9.667044815131838,6.276807443675554,0.9168817428177789
P06,S2,lv2,92,8.557324840834315,13.861119911318406,0.0
P06,S2,lv2,93,16.01733260149865,4.332773438680991,2.2017728559761394
P06,S2,lv2,94,2.9386682181308195,8.824487824507216,0.0
P06,S2,lv2,95,2.4782721541606234,1.3075591834366111,1.2214309909190888
P06,S2,lv2,96,5.645512735166911,4.686227606220046,0.5564380993939754
P06,S2,lv2,97,21.019680653590033,12.121788676298388,1.0909101209431626
P06,S2,lv2,98,11.92260441324054,6.332251396972068,1.2117178219713785
P06,S2,lv2,99,2.2844366861574477,4.881317664318218,0.0
P06,S2,lv2,100,4.075791629316394,6.197170241451446,0.0
P06,S2,lv2,101,2.914815468728105,2.0159871882383413,0.8241930704132857
P06,S2,lv2,102,8.119668591188164,6.2078252681812724,0.677128299465629
P06,S2,lv2,103,3.7852645385504236,2.9603077318341247,0.6438818271155808
P06,S2,lv2,104,14.388853519649729,6.625255126710852,1.4212453060038763
P06,S2,lv2,105,17.06653043850676,8.217697267128344,1.3555984442769629
P06,S2,lv2,106,68.0041760834523,7.932531700244049,3.4360827655313173
P06,S2,lv2,107,11.540933310741675,9.238442001788828,0.6096969018832485
P06,S2,lv2,108,3.531062257699125,8.965972262349023,0.0
P06,S2,lv2,109,5.206800646236678,5.783301132414725,0.12905863382599841
P06,S2,lv2,110,3.6111341902571414,7.245540854523501,0.0
P06,S2,lv2,111,54.682014091537376,10.510076409481718,2.7032500193704965
P06,S2,lv2,112,21.236950392429954,5.629935291642077,2.2313873279164516
P06,S2,lv2,113,25.113883243887397,7.044952871789821,2.148425345923795
P06,S2,lv2,114,8.310720136960597,7.641292316128914,0.4063874269355204
P06,S2,lv2,115,9.504894227547515,7.498359001628055,0.6311152766731093
P06,S2,lv2,116,3.582483860840057,2.4676739412132895,0.830184430227358
P06,S2,lv2,117,3.9442518647541567,2.339237369864217,1.0497921129882652
P06,S2,lv2,118,5.779055780437587,6.1217852484414275,0.19860869346143323
P06,S2,lv2,119,2.1518897103165293,6.190100717295158,0.0
P06,S2,lv2,120,3.750166023411889,2.8487848689713844,0.686562255217122
P06,S2,lv2,121,3.8484218689053726,4.6683414941999155,0.0
P06,S2,lv2,122,7.6281617399464485,5.065851253355509,0.8838108909952693
P06,S2,lv2,123,5.7638331411295685,3.3872105341094656,1.0632362824555701
P06,S2,lv2,124,4.139874323748371,3.8999971172716923,0.3707435249389923
P06,S2,lv2,125,77.88657475277697,16.43739148142467,2.5660366143443345
P06,S2,lv2,126,7.637528496015654,5.692439675133039,0.7144840009536804
P06,S2,lv2,127,8.476294510362365,3.822079289804273,1.4519350284486232
P06,S2,lv2,128,5.256366651511018,6.039012759788683,0.0794718207716269
P06,S2,lv2,129,12.417493541609637,7.260662995987749,1.0706308481269535
P06,S2,lv2,130,5.7082087136588235,4.038578776141199,0.790904126472126
P06,S2,lv2,131,9.597118507004893,5.769005009547041,1.0300241924610878
P06,S2,lv2,132,33.02467800625951,5.768373623183014,2.8436316748946178
P06,S2,lv2,133,4.583113628556316,3.2555638518109955,0.7850353915273358
P06,S2,lv2,134,2.8763968628127228,5.707741872844538,0.0
P06,S2,lv2,135,62.36186959866713,11.059870919161924,2.82127640930328
P06,S2,lv2,136,15.818330516177431,18.16081081145717,0.08050477479818162
P06,S2,lv2,137,2.668388899791668,7.355075582888138,0.0
P06,S2,lv2,138,8.121648957843853,14.616635508645064,0.0
P06,S2,lv2,139,2.3034895646014144,4.197533858898499,0.0
P06,S2,lv2,140,7.441639985159036,5.765243480450437,0.6577070126209517
P06,S2,lv2,141,12.186942256230672,11.44392887302303,0.3754629407530104
P06,S2,lv2,142,5.6283403599710065,7.699097062340848,0.0
P06,S2,lv2,143,17.24206432447601,16.636677964608666,0.335602241899946
P06,S2,lv2,144,10.619138815673628,10.933924632055428,0.24028546086604613
P06,S2,lv2,145,12.177414042621567,6.275483082862957,1.2559642320314095
P06,S2,lv2,146,6.7172129496039865,8.367206647623982,0.0
P06,S2,lv2,147,8.46312878731223,7.761925055392003,0.4100692795362889
P06,S2,lv2,148,26.677838460756433,10.853952915075832,1.6028243101598554
P07,S1,lv0,0,5.842025290296522,2.3248168853363693,0.8521386246559243
P07,S1,lv0,1,5.421706057160293,1.7696819347494197,1.0518314943433573
P07,S1,lv0,2,7.313876240149411,1.6948499017885963,1.3970247811309333
P07,S1,lv0,3,8.56228196920265,2.1913528926727026,1.2969321102316085
P07,S1,lv0,4,6.1446566167910035,2.162959640821492,0.9757476384362936
P07,S1,lv0,5,9.377725778700286,3.4899421677856926,0.9196679612486827
P07,S1,lv0,6,7.603759527567983,0.8377264451161053,2.146248975003629
P07,S1,lv0,7,4.900221525391429,4.864800347435201,0.0
P07,S1,lv0,8,7.429838265687586,4.048611274316424,0.5354243045971471
P07,S1,lv0,9,3.567494742471887,1.4348571076216883,0.84141918926585
P07,S1,lv0,10,8.051065804277037,3.4675341837236116,0.7724572376780301
P07,S1,lv0,11,3.5536766977174814,2.025778203789996,0.4899774045907156
P07,S1,lv0,12,9.293932715331152,1.9344920887499106,1.505184978265125
P07,S1,lv0,13,4.928114548407938,2.027700429113365,0.8185007060304802
P07,S1,lv0,14,4.852595996101131,1.9783854641325969,0.8277496488257006
P07,S1,lv0,15,12.339308606268363,3.692566109396604,1.1393546468202496
P07,S1,lv0,16,6.418977602484467,2.433689352324382,0.9009238158218228
P07,S1,lv0,17,5.766374129306598,1.7450629331191287,1.128053226663635
P07,S1,lv0,18,2.074190986942604,1.9646252674378553,0.0
P07,S1,lv0,19,7.665291749148756,1.6015023485733655,1.5013996273678332
P07,S1,lv0,20,6.037679134408232,2.279523339013482,0.905158852579937
P07,S1,lv0,21,8.061883978941747,2.935613249987588,0.941613615464821
P07,S1,lv0,22,5.348695218367011,3.449006434388484,0.36577057764251514
P07,S1,lv0,23,15.410395251014787,3.9733074021119883,1.2894712029513218
P07,S1,lv0,24,6.189406235399313,1.7878220841409487,1.1749983169594205
P07,S1,lv0,25,1.753534159488638,1.7255097758754008,0.0
P07,S1,lv0,26,4.4426573203931765,3.6782892182184,0.11389384915393881
P07,S1,lv0,27,4.490355324046536,3.2970247140738924,0.2349205503199741
P07,S1,lv0,28,3.5181696574872054,1.1808065079246746,1.0237504524739351
P07,S1,lv0,29,2.3464890606735236,3.01447767782034,0.0
P07,S1,lv0,30,4.5732294188752505,2.0360148560173066,0.7390678186931094
P07,S1,lv0,31,7.67117998939139,3.378426915326497,0.7499858778746135
P07,S1,lv0,32,9.780930014949128,1.9922690089582147,1.5269942038451136
P07,S1,lv0,33,5.964862000658008,2.4468752797651034,0.8215438383166325
P07,S1,lv0,34,12.27696906490481,4.631683778692811,0.9059158836653238
P07,S1,lv0,35,3.681856242466342,3.564578836199257,0.0
P07,S1,lv0,36,5.836451897287226,1.5898889359925072,1.2340653555798173
P07,S1,lv0,37,7.5112910112964935,2.502727455890549,1.0310893082488306
P07,S1,lv0,38,8.31757157207315,2.2993462505146653,1.219239212865934
P07,S1,lv0,39,56.890555854064054,3.6613448095404295,2.687960398220625
P07,S1,lv0,40,5.897468294929201,2.3654227464853683,0.8442084685307811
P07,S1,lv0,41,8.95573532301658,4.808241972727019,0.5503704100986656
P07,S1,lv0,42,6.430974694072033,4.556048801655984,0.2709535169793043
P07,S1,lv0,43,26.406238818858665,2.8607053991309144,2.163203487871749
P07,S1,lv0,44,5.416672531420172,1.948334586347237,0.9539835288251599
P07,S1,lv0,45,8.998660633948662,2.914244977529427,1.0597459444763437
P07,S1,lv0,46,6.152808883868994,4.084741325597953,0.336431344517355
P07,S1,lv0,47,7.704807580546759,5.245951983307002,0.31097524523715947
P07,S1,lv0,48,9.485052202868282,3.6453146032186847,0.8872437347797894
P07,S1,lv0,49,8.229296582555987,4.045423619793465,0.6391974791780716
P07,S1,lv0,50,6.033012609863295,2.9049099323573606,0.660086146937661
P07,S1,lv0,51,10.70689577602868,2.6078002742050885,1.346844949012314
P07,S1,lv0,52,1.936330151273786,1.0405680107873279,0.5494284038130435
P07,S1,lv0,53,10.182543965934615,4.049147422675425,0.8528765116155697
P07,S1,lv0,54,13.75226944529999,3.246509836145079,1.3783267282458576
P07,S1,lv0,55,41.97921506942802,6.550686481814175,1.79548010051159
P07,S1,lv0,56,32.60059773411182,6.989889529872606,1.4753066761196996
P07,S1,lv0,57,3.5319336257065626,2.081269541086572,0.4565619147401238
P07,S1,lv0,58,6.2094602426427015,2.264802589716481,0.9399564932457373
P07,S1,lv0,59,5.686473980060021,2.456262163907564,0.7695238032801374
P07,S1,lv0,60,9.315755498281604,2.712939640930213,1.166769071922152
P07,S1,lv0,61,12.824406327502516,2.6096615233687674,1.5279708228100877
P07,S1,lv0,62,10.499106066342915,3.317632722212365,1.084507878370969
P07,S1,lv0,63,6.233627761343577,1.9521385206148223,1.093571189576026
P07,S1,lv0,64,7.1713164773570135,2.8358988455826935,0.8584809007278374
P07,S1,lv0,65,12.5372895719296,2.5448994322000567,1.5304765402735772
P07,S1,lv0,66,13.979030550042923,2.4797993109338576,1.6662736313389135
P07,S1,lv0,67,8.491571055614624,2.0089648072621635,1.3761412347331436
P07,S1,lv0,68,4.837337881433346,1.8894748711679121,0.8709107078734438
P07,S1,lv0,69,6.311264743391456,3.900238709378653,0.4086283441236479
P07,S1,lv0,70,4.73714877265395,3.623084418310347,0.1938062684137882
P07,S1,lv0,71,4.806407808639251,1.0680054627153481,1.4393243349692653
P07,S1,lv0,72,8.516490751257136,3.100680042596406,0.9417667983018689
P07,S1,lv0,73,3.831393287458287,1.147511373367842,1.1385128419644641
P07,S1,lv0,74,6.885466939913098,2.9350594498427136,0.7828608363812303
P07,S1,lv0,75,7.806979157336522,3.4632191748808254,0.7426896858838554
P07,S1,lv0,76,5.937731090818217,1.5293402838441137,1.2905264089221038
P07,S1,lv0,77,3.4262970760315485,2.611144413447255,0.19741550515360495
P07,S1,lv0,78,8.808354852057699,2.211289746543784,1.3163569299363873
P07,S1,lv0,79,7.097226653917898,3.8489902761562163,0.5402238835440413
P07,S1,lv0,80,2.1289706756239912,2.074715319738392,0.0
P07,S1,lv0,81,7.770981383199949,2.3152468588025594,1.1438002451346425
P07,S1,lv0,82,34.02191451526761,4.180475722333503,2.0362861846232265
P07,S1,lv0,83,7.97668131676568,1.3143669873050752,1.7406255106556772
P07,S1,lv0,84,7.4744157779605915,2.0648766507233085,1.2199143241248895
P07,S1,lv0,85,6.531083075319369,2.2397671164464192,1.002043106479591
P07,S1,lv0,86,24.767771551045545,2.7116769156821556,2.1525665857122287
P07,S1,lv0,87,5.436337180327437,1.9551799067402174,0.9541009769614034
P07,S1,lv0,88,4.82546149693792,1.6602987420657016,0.9987258120569944
P07,S1,lv0,89,8.733027565034293,4.702341883694905,0.5474369344914245
P07,S1,lv0,90,7.16488886144169,1.1190370406838823,1.794592605710707
P07,S1,lv0,91,7.5519677685087565,3.3864129391958087,0.7318244552384098
P07,S1,lv0,92,10.54206397218986,4.074742903794039,0.8814912527962914
P07,S1,lv0,93,8.769801054346424,2.679084478955024,1.118567232001447
P07,S1,lv0,94,20.230835936462316,3.3674514606040824,1.730432483276214
P07,S1,lv0,95,11.73669705419738,2.7473122790168567,1.3868656711374436
P07,S1,lv0,96,5.977592990405651,3.1348513691371602,0.5740238578135297
P07,S1,lv0,97,7.098327525331289,3.4503046700499507,0.6505663152314363
P07,S1,lv0,98,3.797542723029011,2.8023528766671895,0.22986556623147464
P07,S1,lv0,99,8.066365664185385,2.6420956854195823,1.0483247325779934
P07,S1,lv0,100,2.2094397322369237,1.1532570715452581,0.5787725449264906
P07,S1,lv0,101,38.8441069980881,4.943160396095746,2.0009894800911634
P07,S1,lv0,102,10.912372451939742,4.112947991156339,0.9068757667322489
P07,S1,lv0,103,6.593312229116684,3.077008692224713,0.6915794263781391
P07,S1,lv0,104,9.158582608168363,2.608100737562447,1.1893355011471953
P07,S1,lv0,105,8.949029397042693,2.614545723564725,1.1635247983783776
P07,S1,lv0,106,10.72085320959366,7.857097771282735,0.2367968871521645
P07,S1,lv0,107,2.2807234794569875,1.3232935805187915,0.4721822040964169
P07,S1,lv0,108,1.41426826973118,1.5268661785749638,0.0
P07,S1,lv0,109,1.5620440802303952,1.9310380891284529,0.0
P07,S1,lv0,110,4.55291550160577,3.5182028137017896,0.18343519373741216
P07,S1,lv0,111,5.730107756058802,2.021842198904173,0.97334928912973
P07,S1,lv0,112,8.371606425215427,1.7480795045170585,1.5019715922070032
P07,S1,lv0,113,2.849677476058404,2.9218685680424294,0.0
P07,S1,lv0,114,42.563066327531594,7.353100497651042,1.6929606274220397
P07,S1,lv0,115,2.5905498433851166,2.0862772367062825,0.14178992633917462
P07,S1,lv0,116,1.6387762533843755,3.2851461077633215,0.0
P07,S1,lv0,117,18.52155788156333,3.4951390539553624,1.6039814027146266
P07,S1,lv0,118,2.2952191775300377,2.4539766801915093,0.0
P07,S1,lv0,119,3.2485859089941784,2.561581690538405,0.1630576258475897
P07,S1,lv0,120,9.133842157425281,3.216327382641063,0.9753858032896965
P07,S1,lv0,121,14.693394178189294,2.5710840809231486,1.6800681527132497
P07,S1,lv0,122,5.439993753116589,2.4129294052018033,0.7428074199541495
P07,S1,lv0,123,5.466602312994348,1.2969639067687257,1.3732963372792317
P07,S1,lv0,124,3.8960666541460003,1.669901139880593,0.7773366574902771
P07,S1,lv0,125,2.100185834933955,2.516833707051525,0.0
P07,S1,lv0,126,2.8402679137446736,3.648470666422882,0.0
P07,S1,lv0,127,21.475329782954493,5.71152644775324,1.2582085446031313
P07,S1,lv0,128,22.522784980643117,3.7679338983261257,1.7253426735936797
P07,S1,lv0,129,12.801405717064952,4.642502697373894,0.9457152967897453
P07,S1,lv0,130,2.0931629723935368,1.6931303859016336,0.13736457120769038
P07,S1,lv0,131,1.7439638414004106,1.9668040619427622,0.0
P07,S1,lv0,132,9.70493829964063,3.8496297441992677,0.8553849385470923
P07,S1,lv0,133,17.598225289533776,3.3340038724472385,1.6000131612455168
P07,S1,lv0,134,5.99936539529811,2.038667125573079,1.011269839859824
P07,S1,lv0,135,1.9087755434296836,2.2244220926431515,0.0
P07,S1,lv0,136,12.555266150886688,3.590885495599422,1.1849745443792097
P07,S1,lv0,137,2.813598879043008,1.2751597355213047,0.7210989210801325
P07,S1,lv0,138,1.839326239608978,1.559926828997887,0.08966509843469535
P07,S1,lv0,139,2.6200097069301242,0.8228359329147474,1.090692756326303
P07,S1,lv0,140,40.48634095473995,4.4277070820259725,2.1536818189866
P07,S1,lv0,141,7.760209536045583,2.606276698722136,1.0230889232188611
P07,S1,lv0,142,6.328304584265409,1.4511324483111558,1.4076141971848692
P07,S1,lv0,143,3.5341304554645565,1.5087628631891234,0.7813413095063682
P07,S1,lv0,144,7.100383649106833,2.1305619800508295,1.1366286016267484
P07,S1,lv0,145,5.366347760573245,1.849608282406166,0.9969773719502184
P07,S1,lv0,146,4.7877327667216445,3.3582320117522158,0.2810018920463494
P07,S1,lv0,147,2.561465203101792,3.5229826269722233,0.0
P07,S1,lv0,148,7.693753035018738,1.7969387762563154,1.389109548346431
P07,S1,lv1,0,11.500099251898408,5.271860755010141,0.7095907464017982
P07,S1,lv1,1,4.248662111523962,3.9205077415368486,0.004641144558973965
P07,S1,lv1,2,25.051935748319593,4.24067994186994,1.7134792979617557
P07,S1,lv1,3,7.851209567165069,3.059164250697161,0.8733898049458683
P07,S1,lv1,4,10.116694486267978,3.3969046138165244,1.023326413233662
P07,S1,lv1,5,5.619443297411224,4.834391740766991,0.07527252963349805
P07,S1,lv1,6,16.526296573925233,5.246980135977792,1.0797330931548945
P07,S1,lv1,7,6.888633526960042,3.7104428225879995,0.5471044640244126
P07,S1,lv1,8,9.400810892281923,3.466409004630065,0.928963288399079
P07,S1,lv1,9,3.172519433905933,1.7669325975626708,0.5134077304722311
P07,S1,lv1,10,6.423411225476222,2.6360705267339024,0.8211265077471641
P07,S1,lv1,11,13.89584739523245,4.676506747713514,1.0210251828771078
P07,S1,lv1,12,15.523354298223767,3.0902790348132676,1.5500936985698501
P07,S1,lv1,13,9.137900146526714,4.10094052342704,0.7309954946961047
P07,S1,lv1,14,8.408417599901469,3.513087492413998,0.8030672615018393
P07,S1,lv1,15,4.4597225199427655,3.3124224304149026,0.22332780118522955
P07,S1,lv1,16,15.462588949193265,7.135107040548729,0.7029643164776039
P07,S1,lv1,17,3.353635589065231,1.9629650812248378,0.4633348695343985
P07,S1,lv1,18,11.511354410476066,5.400562348510451,0.6862719556189993
P07,S1,lv1,19,9.501872667548115,5.307057927691586,0.5105563331747995
P07,S1,lv1,20,13.61936278614315,2.4289937062029603,1.6608672227082555
P07,S1,lv1,21,5.265603615296453,2.5712865762273234,0.6459237538435008
P07,S1,lv1,22,12.998410336300529,5.179572899188704,0.8507966315507912
P07,S1,lv1,23,12.57776722998746,4.193242736489041,1.0305150974078539
P07,S1,lv1,24,11.997844266001648,4.090753675832337,1.007884389187955
P07,S1,lv1,25,5.413992526010677,2.5201183768193443,0.6941822375033936
P07,S1,lv1,26,3.3153163697288304,3.204757844893797,0.0
P07,S1,lv1,27,6.965667301716768,4.403669328225214,0.38571103223880093
P07,S1,lv1,28,6.340041382281122,4.2380111773235,0.3295196847809806
P07,S1,lv1,29,2.787459604012405,4.200147583641658,0.0
P07,S1,lv1,30,12.570881037451702,3.6456772926829033,1.170967624082974
P07,S1,lv1,31,7.908098181618111,6.506667880107881,0.12019668117045867
P07,S1,lv1,32,11.328033626186503,12.894650004813508,0.0
P07,S1,lv1,33,13.096984468468198,3.3742236252703672,1.2902504261898131
P07,S1,lv1,34,8.23894170533922,1.9623249249945927,1.36937728563062
P07,S1,lv1,35,6.395212465954995,3.846950393731857,0.4358055909755604
P07,S1,lv1,36,7.192017884173034,2.6358318455977816,0.9351061969336474
P07,S1,lv1,37,9.777904483826305,2.928400211772243,1.138549096832039
P07,S1,lv1,38,5.13649895682505,2.6056032302452565,0.6075500655984942
P07,S1,lv1,39,6.453445971604166,4.82753428882251,0.21614481748655173
P07,S1,lv1,40,21.577617675043822,7.641542085624798,0.9696530553021653
P07,S1,lv1,41,13.441231797420638,6.017817386408454,0.7334018691150562
P07,S1,lv1,42,15.465369027500257,3.6905167819752283,1.3674575131371616
P07,S1,lv1,43,5.94290435871898,2.9040287487468825,0.6452280314226227
P07,S1,lv1,44,4.459463044907314,2.7573474467058916,0.4080850986541629
P07,S1,lv1,45,10.229838812586909,4.174218688552157,0.8268920220215561
P07,S1,lv1,46,10.464042423790946,3.760900106067153,0.9547692803608216
P07,S1,lv1,47,4.979770566790028,1.7708746927391237,0.9654743670771447
P07,S1,lv1,48,4.538395821708288,2.0324771027391506,0.7331156530484505
P07,S1,lv1,49,5.681308648626168,3.935301973601238,0.29364972165573144
P07,S1,lv1,50,10.61588261173463,1.8736706840931485,1.6713835306905123
P07,S1,lv1,51,49.94261185973759,14.594176910185428,1.163320504824827
P07,S1,lv1,52,17.573344606460896,5.10879962617442,1.1685268902210244
P07,S1,lv1,53,11.530493432529468,4.174352132564758,0.9474631563275442
P07,S1,lv1,54,10.039429139972242,8.299662713040027,0.11540578742551842
P07,S1,lv1,55,21.578600421467453,3.2622041753681854,1.8274171853454417
P07,S1,lv1,56,11.349256216278153,3.878898206483495,1.0054693265857504
P07,S1,lv1,57,7.395919454400013,4.48690549898384,0.4272366626741266
P07,S1,lv1,58,15.564314604685316,5.616970617129399,0.9506396351783234
P07,S1,lv1,59,4.9204561326945635,2.735088832680386,0.5153790418599316
P07,S1,lv1,60,12.07987755134927,4.890477282417455,0.8348218490396428
P07,S1,lv1,61,12.689121293794669,6.284806307285485,0.631635723924332
P07,S1,lv1,62,8.317957725680404,6.772135983251475,0.13081781483534435
P07,S1,lv1,63,27.044191095477647,5.2820853886735915,1.569306817072208
P07,S1,lv1,64,12.78503132448619,6.739232188666901,0.5688775713834752
P07,S1,lv1,65,5.003463804294442,4.4206748639016515,0.0484291996224188
P07,S1,lv1,66,8.655838662160468,9.030470645068856,0.0
P07,S1,lv1,67,17.936309227531883,4.635639532108444,1.287062373776063
P07,S1,lv1,68,22.90627543096088,2.25433489785676,2.259963088812266
P07,S1,lv1,69,10.057632666442437,5.971523133928561,0.448966523913141
P07,S1,lv1,70,5.991859279529614,4.724926838199435,0.1630120827527171
P07,S1,lv1,71,18.513945925442417,4.80110655149072,1.2836614343501154
P07,S1,lv1,72,13.0439304706655,3.9684902832783573,1.1226968214709567
P07,S1,lv1,73,8.701305408151505,3.496195446836501,0.8424262167734788
P07,S1,lv1,74,7.022655067970465,1.932417671093773,1.2238986147615905
P07,S1,lv1,75,24.566055733502928,9.890643341338968,0.8403894792567222
P07,S1,lv1,76,4.414688278556965,3.2321069153184347,0.237834336868148
P07,S1,lv1,77,24.497617408125592,8.121452369711644,1.036168555390116
P07,S1,lv1,78,37.67057113689287,5.085683980161375,1.9414347960615341
P07,S1,lv1,79,9.82467803377042,3.9906861621266065,0.8314794814513324
P07,S1,lv1,80,10.320370036361382,5.811722773546339,0.5022847247372202
P07,S1,lv1,81,6.229249909156745,3.777494733132482,0.42766970293000134
P07,S1,lv1,82,13.345779730040293,8.35963688497734,0.3950116920192005
P07,S1,lv1,83,24.98397037315319,4.225834760280757,1.7142754885884925
P07,S1,lv1,84,25.523261248881674,5.452620503740361,1.4789625256105219
P07,S1,lv1,85,3.852889299584348,4.504806795053304,0.0
P07,S1,lv1,86,7.186419467759494,5.1156069078209585,0.2661436032973667
P07,S1,lv1,87,11.50627095731907,6.318919408471413,0.5275784563010794
P07,S1,lv1,88,6.2125717693150015,1.8477719540024549,1.1455276151319553
P07,S1,lv1,89,16.31522336565073,6.995633049210846,0.7769431145867335
P07,S1,lv1,90,4.643591836917939,2.7538337139358107,0.4501398068380369
P07,S1,lv1,91,26.84070093903131,7.816064074395777,1.1668335559285097
P07,S1,lv1,92,6.281340125163968,3.6368295962023174,0.4743004093390575
P07,S1,lv1,93,15.814853345736156,2.607821008800723,1.739887191508918
P07,S1,lv1,94,4.903464476267453,2.2560171054112375,0.7059317181452534
P07,S1,lv1,95,9.022218737277987,2.8295488377714983,1.0920999891749237
P07,S1,lv1,96,7.326008769475261,1.7323700799715476,1.376630897217124
P07,S1,lv1,97,2.991204984522738,2.9578010258175893,0.0
P07,S1,lv1,98,42.80943569953436,3.5536341546344223,2.431499240663739
P07,S1,lv1,99,4.699966895068814,3.1240291647821943,0.3352036031591113
P07,S1,lv1,100,6.062512977285984,1.7351302696738704,1.1842697250233551
P07,S1,lv1,101,14.28739820146843,4.4387424422239805,1.1016060669399068
P07,S1,lv1,102,1.5082312943898029,1.1970555994683316,0.15648553346333444
P07,S1,lv1,103,5.933420776311648,2.8604828398862248,0.658843061030618
P07,S1,lv1,104,42.01594078738564,3.773235756425476,2.3522248668459276
P07,S1,lv1,105,9.158842369269625,5.123055310944909,0.5090624815982484
P07,S1,lv1,106,7.38538792875259,3.9370837927892306,0.557525341206527
P07,S1,lv1,107,6.252833946646627,2.4335041452633477,0.8745755126081299
P07,S1,lv1,108,15.188178653454246,5.011244719283911,1.0409712854906197
P07,S1,lv1,109,28.205652130113023,4.614286667852267,1.747878482256824
P07,S1,lv1,110,6.869529382894951,4.902556843162727,0.26356571351514785
P07,S1,lv1,111,11.026945070093413,2.47132503612448,1.4306889114002421
P07,S1,lv1,112,8.476039399924824,3.1214638697617856,0.9302374230758317
P07,S1,lv1,113,3.80276867526079,1.5271776529653431,0.8429404673293512
P07,S1,lv1,114,7.699648383904908,5.13080535106571,0.332664426383001
P07,S1,lv1,115,24.648229115803336,3.3037216259126754,1.9486958122365212
P07,S1,lv1,116,37.50062245508543,3.8208185071122283,2.225034436565923
P07,S1,lv1,117,8.803607656273709,2.119394619931747,1.358584380488654
P07,S1,lv1,118,5.829095343883051,3.6365835648940705,0.39907452238657937
P07,S1,lv1,119,4.022902848916808,3.6583195446724077,0.01937001755934662
P07,S1,lv1,120,6.804383861570346,5.1472301102940765,0.20488918554172247
P07,S1,lv1,121,12.129841038905024,3.84271117474142,1.081940195901782
P07,S1,lv1,122,6.100505367036629,4.543692737480866,0.2205313173533636
P07,S1,lv1,123,13.318869400854044,2.8112480195840717,1.4911142639764414
P07,S1,lv1,124,7.979047529389354,2.5730200000113177,1.064052456674352
P07,S1,lv1,125,8.939836707574912,5.677809944713036,0.38107221920628054
P07,S1,lv1,126,8.86469416496066,4.2987221497287065,0.6529463893410277
P07,S1,lv1,127,8.905741555305822,3.5447112857121836,0.8519403341574505
P07,S1,lv1,128,27.09847553443611,4.578447139032147,1.7153838850812322
P07,S1,lv1,129,13.387509112183508,4.0608907172745825,1.1257022661461966
P07,S1,lv1,130,18.590492078433844,3.169963943269811,1.7061259628717398
P07,S1,lv1,131,7.472935437921334,4.0883966698248795,0.5313985344411606
P07,S1,lv1,132,10.131074711852595,6.095076931096206,0.4356615864175837
P07,S1,lv1,133,16.58142870464829,2.113526176959975,1.9993511157854544
P07,S1,lv1,134,7.3833905960755475,1.8577593667068426,1.314076689887878
P07,S1,lv1,135,33.14852645238301,5.148096625822255,1.800283060831507
P07,S1,lv1,136,5.834480793639001,3.5711666805399527,0.41829646270121595
P07,S1,lv1,137,9.898703389518914,3.7311382009105554,0.9068085096604687
P07,S1,lv1,138,15.196860500403218,3.0336764700041443,1.5473018605851714
P07,S1,lv1,139,27.43559108539226,3.5370906638721755,1.9878748351346862
P07,S1,lv1,140,2.39971377851125,2.838530302390494,0.0
P07,S1,lv1,141,9.532552833264525,1.9774643700571062,1.508591044137595
P07,S1,lv1,142,8.550327510569756,2.9292415326411376,1.0030761255383605
P07,S1,lv1,143,11.831261022956257,2.90506876134846,1.3386902099779627
P07,S1,lv1,144,32.253532570273904,13.676270308686844,0.7881813890500755
P07,S1,lv1,145,29.694212542127843,3.9907533878487045,1.9459919249766287
P07,S1,lv1,146,3.7656998121564755,4.028762402161269,0.0
P07,S1,lv1,147,16.80974457838748,4.551193337158081,1.2402225576696564
P07,S1,lv1,148,12.61677091252806,3.199953662953958,1.3060443949379994
P07,S1,lv2,0,7.3344450731055515,5.242408902615479,0.2620158488998953
P07,S1,lv2,1,10.242737486517429,3.8410368886390933,0.9119839831657622
P07,S1,lv2,2,4.662238023890851,2.097882886130965,0.7283278467749464
P07,S1,lv2,3,11.89421905883802,2.0619301834920347,1.6894792894818151
P07,S1,lv2,4,3.3963069241018666,1.9235303057193018,0.49652480135653276
P07,S1,lv2,5,34.0387398758116,3.281618526888592,2.2807275822744084
P07,S1,lv2,6,20.873622854673012,12.907216712229866,0.40802513251839373
P07,S1,lv2,7,23.218455531682736,10.4036602666188,0.7325830603084817
P07,S1,lv2,8,11.745651414974102,4.652871208880174,0.8567359118031832
P07,S1,lv2,9,3.500651882464961,5.985539667214557,0.0
P07,S1,lv2,10,6.98733083771372,19.222126864095014,0.0
P07,S1,lv2,11,11.931583673512494,8.809496746365516,0.2293252888962587
P07,S1,lv2,12,12.693728843655594,5.732384064023032,0.7247099971375095
P07,S1,lv2,13,5.151349657328451,6.089612810247594,0.0
P07,S1,lv2,14,4.961358494551824,6.686941789856107,0.0
P07,S1,lv2,15,17.98595245100328,3.9458011960101573,1.4522041465705877
P07,S1,lv2,16,8.366749408807333,4.1754900112831645,0.6240013895918792
P07,S1,lv2,17,8.006257990584968,4.045514481059043,0.6114872602070943
P07,S1,lv2,18,5.1449071731306795,2.640332906059374,0.5958559672976784
P07,S1,lv2,19,9.58182285653604,3.127141370068075,1.0519704108164565
P07,S1,lv2,20,9.236659694257717,4.106741744245971,0.740403120012842
P07,S1,lv2,21,5.407288901023124,3.9690870196137733,0.23522321786480094
P07,S1,lv2,22,10.442141391390251,5.547820773066274,0.5609325787598973
P07,S1,lv2,23,15.161075629769304,6.342690432957351,0.8017474978737756
P07,S1,lv2,24,6.642011746614264,3.193209780871519,0.66164215402061
P07,S1,lv2,25,9.558559878146477,5.1529768147072375,0.5462388780206745
P07,S1,lv2,26,11.597623620709626,5.384894217182626,0.6967231732873294
P07,S1,lv2,27,11.196715174885377,4.413832899075434,0.8616517012233506
P07,S1,lv2,28,13.92247949272563,5.853768276220297,0.7966999849576547
P07,S1,lv2,29,4.073256663801256,4.242076068535097,0.0
P07,S1,lv2,30,35.917248800545316,16.034272038341097,0.7363108533685516
P07,S1,lv2,31,14.249050094814267,6.812524397207625,0.6672238193879024
P07,S1,lv2,32,6.2696906092517315,7.928746330184795,0.0
P07,S1,lv2,33,4.442773576561119,4.922725507290121,0.0
P07,S1,lv2,34,5.018680384756748,3.367629262511615,0.3256571301058857
P07,S1,lv2,35,13.70605025028551,4.551818043435515,1.0343988726870237
P07,S1,lv2,36,24.924774364149137,7.011362152702846,1.2016905517652776
P07,S1,lv2,37,13.804335283592438,3.8750457144796946,1.2038015719052473
P07,S1,lv2,38,15.04822083182506,7.849640619829863,0.5794206972702002
P07,S1,lv2,39,5.805585661858511,5.847189254625905,0.0
P07,S1,lv2,40,4.960147890868024,8.65588935611903,0.0
P07,S1,lv2,41,4.627049174330075,4.066942174232007,0.05365882875124516
P07,S1,lv2,42,32.56512244959233,7.492848457739403,1.4041928961855212
P07,S1,lv2,43,6.756678729217497,4.976304513782118,0.23182957885589303
P07,S1,lv2,44,5.457533883435578,4.932018055906926,0.025666826311988085
P07,S1,lv2,45,12.076012275038503,6.384918759618787,0.5658074302456815
P07,S1,lv2,46,5.480031657885275,3.528506234873844,0.3672516516675953
P07,S1,lv2,47,8.836923443418227,5.602942659102973,0.38278032362967135
P07,S1,lv2,48,28.0552237902079,5.827901230293439,1.507201229205866
P07,S1,lv2,49,12.251443349251963,6.3755777337676,0.581815935564155
P07,S1,lv2,50,12.623148099678675,7.364439627431041,0.4666404413050094
P07,S1,lv2,51,6.731989755049665,6.257905452590603,0.0
P07,S1,lv2,52,2.602694150109832,4.246561390179742,0.0
P07,S1,lv2,53,28.563272324699227,4.0412333592437095,1.8941977380518333
P07,S1,lv2,54,5.525551312351831,2.2443982615084237,0.8314909452382686
P07,S1,lv2,55,16.653796901351853,3.9969209263565744,1.3616908303888675
P07,S1,lv2,56,35.335609214066416,3.6672171916495153,2.2064584245144405
P07,S1,lv2,57,32.933031135051074,5.567593197738915,1.7147749503023935
P07,S1,lv2,58,21.453331897604556,4.26403843645014,1.5516848332445348
P07,S1,lv2,59,9.619826521648395,6.8285419668397305,0.26898323574035604
P07,S1,lv2,60,10.147516315165001,2.863730157694675,1.1984395177585272
P07,S1,lv2,61,25.293054311045307,8.802535212926864,0.9872195474283267
P07,S1,lv2,62,5.8241688097742985,4.237609963356364,0.24409581491340387
P07,S1,lv2,63,14.867897471707355,3.3995939810081413,1.4104963501787662
P07,S1,lv2,64,8.960458975252303,5.296818481393478,0.45338543176975143
P07,S1,lv2,65,4.493865285761569,2.6105687237229827,0.47094898186603895
P07,S1,lv2,66,10.03191545546533,5.60766968342239,0.5097351151831784
P07,S1,lv2,67,11.543675928977356,5.335911021004371,0.7012330300123503
P07,S1,lv2,68,9.099565059876541,6.3869757970643715,0.28032011506287785
P07,S1,lv2,69,6.958136524187622,5.227767368851009,0.21176047076418972
P07,S1,lv2,70,17.09470317979519,9.287422695261322,0.5384245274537903
P07,S1,lv2,71,7.55725539770933,7.525757731671837,0.0
P07,S1,lv2,72,10.88016765382008,16.30058269879778,0.0
P07,S1,lv2,73,6.923583230547795,4.617544566944734,0.33181630816191077
P07,S1,lv2,74,34.92624454218697,5.479018820434606,1.7901472866420103
P07,S1,lv2,75,9.352631417628997,5.23532005320761,0.5083177878986204
P07,S1,lv2,76,8.8424872892785,6.920771400864569,0.17056076404471301
P07,S1,lv2,77,18.401993844015962,8.762964849093601,0.671251662036238
P07,S1,lv2,78,4.1019089743023605,4.2502614879669975,0.0
P07,S1,lv2,79,5.784853053919302,2.623981374163523,0.7202496998415621
P07,S1,lv2,80,8.358551790257112,3.8884291100877695,0.6947858246313992
P07,S1,lv2,81,3.1097472814989127,2.7235952920666917,0.05724683905503609
P07,S1,lv2,82,5.309255604367833,3.5047816079370135,0.3421479370450495
P07,S1,lv2,83,4.489226195493158,2.8702031052064725,0.3743670478797407
P07,S1,lv2,84,7.1706568567754685,5.286604595442767,0.23079891072373132
P07,S1,lv2,85,4.053060861416726,4.029080911240463,0.0
P07,S1,lv2,86,9.198653509111837,5.452219932544832,0.450684057116092
P07,S1,lv2,87,8.988998633034864,3.8669811644013805,0.7736327404760116
P07,S1,lv2,88,5.924424958785585,4.629123118782955,0.17224880238924203
P07,S1,lv2,89,28.85358067682207,5.448908869365405,1.6032322407857704
P07,S1,lv2,90,6.467836348299538,3.6161332906250294,0.5095336101025749
P07,S1,lv2,91,7.5037046972386126,3.235461030954221,0.7713132165363652
P07,S1,lv2,92,22.64791449450067,6.98869261382896,1.1084253883869786
P07,S1,lv2,93,9.047381658752577,11.532790136951375,0.0
P07,S1,lv2,94,4.9240200091000625,3.116567365053884,0.38453992779323276
P07,S1,lv2,95,7.059064638182999,4.116668175654552,0.46704259535815584
P07,S1,lv2,96,15.811829243891943,5.672863645747993,0.956560675264513
P07,S1,lv2,97,34.64520461559174,6.086936858110851,1.6759810342310417
P07,S1,lv2,98,35.74768090372459,4.103151701258256,2.1049585534241984
P07,S1,lv2,99,6.623816727760202,4.009324991525704,0.4295378560498965
P07,S1,lv2,100,11.945165555099445,6.000989382855953,0.6173191393517938
P07,S1,lv2,101,28.656246273945523,4.068530650342916,1.8906888058370224
P07,S1,lv2,102,12.107731721246287,4.701824616261106,0.876783345921945
P07,S1,lv2,103,33.963379964202936,4.18504993132535,2.0334490487317685
P07,S1,lv2,104,45.0460531267569,5.281755224953491,2.083492214637726
P07,S1,lv2,105,28.356767627322906,5.662161789008299,1.5470462548413573
P07,S1,lv2,106,4.959618518819367,5.768153701150233,0.0
P07,S1,lv2,107,2.4779787483722355,3.001680215788851,0.0
P07,S1,lv2,108,8.90545854200406,3.6033388357565217,0.8353784659901476
P07,S1,lv2,109,25.323752640630545,6.144847366117211,1.3506216170533212
P07,S1,lv2,110,4.567929984918342,4.644094918755545,0.0
P07,S1,lv2,111,16.88814076796052,8.977050913637326,0.5604244603170206
P07,S1,lv2,112,5.028180609957884,6.8609843889134785,0.0
P07,S1,lv2,113,22.01969725813497,5.419847255470816,1.3362532213040077
P07,S1,lv2,114,26.576266990705246,6.368186569885309,1.3632929291183817
P07,S1,lv2,115,6.724121587091072,4.927095732084493,0.23697639157005584
P07,S1,lv2,116,4.483317539177043,3.7100879889790677,0.11440046757378042
P07,S1,lv2,117,4.864054663939023,1.8265499380604902,0.910590297910104
P07,S1,lv2,118,6.935049417537051,3.3626325961481043,0.6530525625480699
P07,S1,lv2,119,16.58776985770534,4.647246819055021,1.2057821035894856
P07,S1,lv2,120,4.054900410590072,3.8119644549903238,0.0
P07,S1,lv2,121,23.121207130753312,13.155640400986865,0.4918625663162266
P07,S1,lv2,122,18.91045518108595,10.836435343886782,0.48470936964248185
P07,S1,lv2,123,10.1874791771241,3.330499551331375,1.0502458599063127
P07,S1,lv2,124,2.950619303948224,5.154374970452309,0.0
P07,S1,lv2,125,8.51067279606973,5.152330015755276,0.42935960405344903
P07,S1,lv2,126,5.134360023310954,3.2292047259536916,0.39091463368263535
P07,S1,lv2,127,4.271504695505511,4.3479857711574095,0.0
P07,S1,lv2,128,13.375691786235606,5.70278158253491,0.7826590216518882
P07,S1,lv2,129,10.16601985120133,3.8360389054764576,0.9057202644338654
P07,S1,lv2,130,3.3940093932988615,2.1944287911393427,0.36307377813971003
P07,S1,lv2,131,3.7657816898193612,2.2873758581403614,0.42601240918866434
P07,S1,lv2,132,3.2605025105161842,1.9374693479909144,0.4481290325332533
P07,S1,lv2,133,8.174308857409171,4.372022269838737,0.554207469814942
P07,S1,lv2,134,21.444295887758127,4.4416304590732825,1.5101428458456836
P07,S1,lv2,135,16.34806736096387,3.669391517886759,1.4291738573191863
P07,S1,lv2,136,8.19402024302449,3.3142426784796677,0.8357532829754851
P07,S1,lv2,137,9.706538869158337,5.530744091252098,0.49042941622299513
P07,S1,lv2,138,6.480647676753883,3.3164479602835932,0.598701423331402
P07,S1,lv2,139,1.9771289491625454,1.9956926275065132,0.0
P07,S1,lv2,140,4.492037211952943,2.8920442841808143,0.3673589118463189
P07,S1,lv2,141,12.098067723733232,4.885481969600021,0.8373678586587867
P07,S1,lv2,142,2.826315841285004,2.7886954427971116,0.0
P07,S1,lv2,143,6.331106858218747,6.1311048285898435,0.0
P07,S1,lv2,144,4.063465533414813,4.940240946787524,0.0
P07,S1,lv2,145,21.296795349246608,3.321582083317218,1.7959946548868986
P07,S1,lv2,146,3.830524325708527,9.320728185099014,0.0
P07,S1,lv2,147,4.885389453496271,2.784795084426765,0.49002363832299384
P07,S1,lv2,148,18.015204009418547,7.779972211019094,0.7697391227000928
P07,S2,lv0,0,21.48325986223918,4.531576304960719,3.0774687775326313
P07,S2,lv0,1,11.351924995244415,4.661923007668833,1.7861886163599057
P07,S2,lv0,2,23.47952499362207,5.368653468279458,2.9211523510877044
P07,S2,lv0,3,8.581255830747478,2.3625619618885056,2.561203704464416
P07,S2,lv0,4,11.225284280417528,3.6975974678131167,2.2136006557895516
P07,S2,lv0,5,11.730152878525084,4.051429902381973,2.12174672028284
P07,S2,lv0,6,14.010546133938439,3.594165549775898,2.6981624953768764
P07,S2,lv0,7,10.34649614051485,2.4383476143143854,2.8625731991758245
P07,S2,lv0,8,8.149635148351642,3.121909405433,1.9210236252791537
P07,S2,lv0,9,16.30700743485384,2.9960535642542685,3.3451167397627466
P07,S2,lv0,10,11.143634468181451,3.150727490831167,2.5096517144392987
P07,S2,lv0,11,80.17307472051286,4.855266264560505,5.496119830996576
P07,S2,lv0,12,6.973661604178481,1.6729140919052408,2.828163406129829
P07,S2,lv0,13,11.620593965733246,2.842667369596273,2.7902972296382345
P07,S2,lv0,14,11.993322551725978,4.496171782915715,1.9628786075399693
P07,S2,lv0,15,5.152012691909501,2.6842183905249484,1.3249844848360464
P07,S2,lv0,16,10.421201021298737,4.991001106661352,1.4881917513783924
P07,S2,lv0,17,4.41948737966854,2.6688536873051243,1.038869081624672
P07,S2,lv0,18,14.71779478207478,4.5595790580164035,2.3324894709203288
P07,S2,lv0,19,13.639536042877914,3.2772023453570243,2.8250801422055
P07,S2,lv0,20,12.208951913907537,1.8575792432179012,3.7106440259039695
P07,S2,lv0,21,10.848023660671469,2.8926598319302665,2.6231717017863594
P07,S2,lv0,22,8.280190632071841,2.5068508446107978,2.377089489591684
P07,S2,lv0,23,4.838249256018387,3.6172446716358375,0.6250082711983185
P07,S2,lv0,24,11.481592476802485,3.9175722870144774,2.1453536098965045
P07,S2,lv0,25,6.899050234296256,3.2393159628783166,1.5265976582945657
P07,S2,lv0,26,27.30759891061535,2.511162359445911,4.6865472841821045
P07,S2,lv0,27,10.700371870255765,2.6000563168948276,2.8033009330636154
P07,S2,lv0,28,10.073984965672103,2.7683729568841393,2.564814325635835
P07,S2,lv0,29,6.482918466700909,3.2358827440103557,1.4080750683222418
P07,S2,lv0,30,14.424038842775493,3.7970209301825766,2.6481212853132585
P07,S2,lv0,31,8.17432589955142,3.5347584170809325,1.686168609656478
P07,S2,lv0,32,5.11194893828297,2.1749525351135834,1.71760648800087
P07,S2,lv0,33,9.01497686832017,2.3158063292253313,2.69550891366263
P07,S2,lv0,34,17.302952349341187,4.625622051021589,2.6182484358838805
P07,S2,lv0,35,3.8746301394771057,2.2338063510428765,1.1287380937428677
P07,S2,lv0,36,9.03097852881228,3.6094468122429273,1.8388032776493397
P07,S2,lv0,37,8.350867508302258,2.083269550721699,2.7522917809581458
P07,S2,lv0,38,4.674334025533794,1.4796137068580122,2.290777979610497
P07,S2,lv0,39,14.046245416602867,3.0660411113577895,3.011113946065765
P07,S2,lv0,40,9.636552003924466,2.968006453365445,2.343819653385503
P07,S2,lv0,41,18.768902544955058,6.560459210386614,2.0985819227085467
P07,S2,lv0,42,13.793387316639148,2.032227166967543,3.7729780950737095
P07,S2,lv0,43,14.617543086151803,3.680424785492971,2.7343975420082454
P07,S2,lv0,44,9.805243280416251,2.317614241024003,2.856858838608349
P07,S2,lv0,45,6.869940160920328,2.4028179016845663,2.097365626180517
P07,S2,lv0,46,19.347417079412587,2.654944898114107,3.9107377634307765
P07,S2,lv0,47,6.383927438774128,2.335851939635807,2.009942797514589
P07,S2,lv0,48,1.8067956081706167,2.21504961486971,0.0
P07,S2,lv0,49,10.433281561376914,4.401932819510355,1.7338544315091913
P07,S2,lv0,50,7.35138926121766,4.428186705446948,1.0437618734137704
P07,S2,lv0,51,11.3512353725811,2.9725276344549507,2.6582666098800325
P07,S2,lv0,52,8.352128061856881,3.214280259221593,1.9120781981426243
P07,S2,lv0,53,5.71208640279155,4.992050994235616,0.32245811462078144
P07,S2,lv0,54,9.166264250726497,2.819213242164441,2.346531298964079
P07,S2,lv0,55,17.20135559668487,2.5377477819821395,3.770369791127209
P07,S2,lv0,56,4.4731345343581514,2.032426843976473,1.5902410837911873
P07,S2,lv0,57,9.16478688876444,2.482542643774348,2.592701824019268
P07,S2,lv0,58,15.395990380318255,2.124667289444627,3.899800539717023
P07,S2,lv0,59,14.002581268465175,4.08451393023711,2.449189096400821
P07,S2,lv0,60,4.259874814017689,1.5726457971730603,1.9926420069874489
P07,S2,lv0,61,9.44854427804585,1.7613590222489808,3.3169671518510118
P07,S2,lv0,62,9.549093696291992,2.174741802501917,2.928875215407097
P07,S2,lv0,63,16.555056753210287,2.461522044843449,3.7552532490269646
P07,S2,lv0,64,10.785526033325821,1.7098913590072662,3.6309473041639615
P07,S2,lv0,65,15.044758255794735,5.240834712208908,2.105187284520109
P07,S2,lv0,66,12.10098758448391,4.262280438028974,2.083739516183125
P07,S2,lv0,67,9.065534600366753,3.7066465025898405,1.7947027958203015
P07,S2,lv0,68,2.8349091243852222,2.456203288588659,0.3392339306053456
P07,S2,lv0,69,10.362705851317434,3.5991277931290435,2.110949372513349
P07,S2,lv0,70,11.503767826565072,3.920637599002476,2.1475773889420173
P07,S2,lv0,71,10.091479770828348,3.1436187034836287,2.321810104229928
P07,S2,lv0,72,47.98714901738367,6.165039584083907,4.0384687181906544
P07,S2,lv0,73,17.682875463056668,4.58134019846307,2.678987669678634
P07,S2,lv0,74,7.338849839829968,3.213862163246962,1.6616616285666637
P07,S2,lv0,75,2.7003849035420977,1.7791512286078373,0.8700240461297668
P07,S2,lv0,76,4.58731390664951,1.6298880143924843,2.06687880622273
P07,S2,lv0,77,11.217392163169473,1.8218523212975468,3.5841148730725
P07,S2,lv0,78,8.254687693644804,1.5150497438048203,3.3471207761402346
P07,S2,lv0,79,14.79303484303342,4.421713721946676,2.401879238112216
P07,S2,lv0,80,17.069932576483648,3.150997759388867,3.336008342608153
P07,S2,lv0,81,6.374704079442069,1.550154939126078,2.8018228917521837
P07,S2,lv0,82,12.011113880638629,2.808053520569948,2.87810455423952
P07,S2,lv0,83,4.684458395668191,2.857288405692425,1.0194926122879826
P07,S2,lv0,84,9.867288532258712,2.178559895903917,2.989005695847604
P07,S2,lv0,85,6.124965055067867,2.5897926792903245,1.7296643528578173
P07,S2,lv0,86,12.027021351412362,2.358768222392597,3.2185894558499353
P07,S2,lv0,87,3.0683978217041066,2.6373500611076075,0.3547154421735555
P07,S2,lv0,88,2.8108217380854166,1.9564622077835965,0.7635832119734622
P07,S2,lv0,89,12.244348546794695,1.866282045287319,3.7071959829498726
P07,S2,lv0,90,12.446489266098252,3.456024392426506,2.5447023732393537
P07,S2,lv0,91,9.265878307877214,2.9393505250369087,2.2866000204573824
P07,S2,lv0,92,10.99541935993914,2.972638109112285,2.5964688437968007
P07,S2,lv0,93,7.8533388958694506,3.4162365256770304,1.6746288203170774
P07,S2,lv0,94,13.972891461679884,5.296959603357799,1.941292328371906
P07,S2,lv0,95,3.9203061698625556,1.3079312165768286,2.188865268556325
P07,S2,lv0,96,8.945932534905959,4.356459061189267,1.4558898254045862
P07,S2,lv0,97,9.370967983053934,2.944949196082299,2.30476980457705
P07,S2,lv0,98,3.4209018328801593,3.5864351840669384,0.0
P07,S2,lv0,99,2.3565803665723233,2.6072891885318352,0.0
P07,S2,lv0,100,23.317519170399283,2.797959476657002,4.170797399631831
P07,S2,lv0,101,18.29216138580751,2.8314179464823437,3.677307349619217
P07,S2,lv0,102,9.056011655946351,3.271846543564208,2.034494225404343
P07,S2,lv0,103,13.34739919519308,2.881275841438354,3.032666933217989
P07,S2,lv0,104,5.287541598182177,4.208994340930706,0.5034658059726901
P07,S2,lv0,105,8.47322115079447,1.5389226059443168,3.3674620130032618
P07,S2,lv0,106,12.089964973093254,2.543688398846119,3.0824235377548543
P07,S2,lv0,107,8.89468253732031,2.232266051461147,2.7406813659219984
P07,S2,lv0,108,1.898573988721006,1.796117716417783,0.1688368532292156
P07,S2,lv0,109,2.3347065867840384,1.6034511026281464,0.7895329608488072
P07,S2,lv0,110,3.286515983489524,2.1854867866274135,0.8520604043904663
P07,S2,lv0,111,3.9006737479021223,1.5768745117484135,1.8167052298788777
P07,S2,lv0,112,8.237082133933418,3.5863093497644614,1.6729295880944617
P07,S2,lv0,113,15.33579022621843,3.192515059683546,3.1030060467207012
P07,S2,lv0,114,1.7006977095023648,1.7552893071976243,8.114309755999652e-05
P07,S2,lv0,115,2.679927198898898,1.8446012478389953,0.7852661745922939
P07,S2,lv0,116,33.422244208136426,5.1107646226984995,3.700909411255533
P07,S2,lv0,117,20.687020367457595,3.5435105725303147,3.480960595432317
P07,S2,lv0,118,4.124887340442409,2.5894509912621424,0.9637042032755593
P07,S2,lv0,119,3.76018677021634,1.6229475653681344,1.6897955609632096
P07,S2,lv0,120,13.35245086886084,2.8496332308222523,3.0548030978944563
P07,S2,lv0,121,3.868575518936009,2.548752170126862,0.8700716372573398
P07,S2,lv0,122,10.389849878978007,3.475757882650728,2.1836200918446385
P07,S2,lv0,123,2.584380837982013,2.4209191113755426,0.187953046751788
P07,S2,lv0,124,10.65432117257303,2.035633148251142,3.2692570622762056
P07,S2,lv0,125,13.517962254642224,2.490805773010197,3.3395234454026115
P07,S2,lv0,126,7.501765301687222,2.844272366023372,1.9409918347705477
P07,S2,lv0,127,2.5122911341819276,2.1321226527966335,0.3793225578561649
P07,S2,lv0,128,1.9811544677649695,2.29036303321279,0.0
P07,S2,lv0,129,3.353091847502261,2.5531571878352928,0.5895630946164716
P07,S2,lv0,130,86.31478818810818,4.998292146502203,5.582911717499495
P07,S2,lv0,131,7.192712303942464,3.36637330610394,1.5328205987513603
P07,S2,lv0,132,8.800856581769352,3.0962083599661203,2.0860421615952895
P07,S2,lv0,133,6.544719696664709,2.634348375858153,1.8250744417450078
P07,S2,lv0,134,8.891974187357514,3.8914119283476465,1.6629568629872507
P07,S2,lv0,135,14.777251305900242,2.862402958335004,3.2426439909721285
P07,S2,lv0,136,8.618585889498936,2.040100787164521,2.854034668681967
P07,S2,lv0,137,92.100526728081,4.680935304145376,5.835797320568185
P07,S2,lv0,138,7.105083845117573,4.357712924208378,1.008805597553991
P07,S2,lv0,139,16.919711297674933,9.384543260798052,1.2036902763975992
P07,S2,lv0,140,37.28616202830634,2.730940285160359,5.127586120207066
P07,S2,lv0,141,7.7745039299575796,2.7804860556866724,2.0541656554904097
P07,S2,lv0,142,16.703214424471266,4.371903483344421,2.659213883379842
P07,S2,lv0,143,4.05360522199113,1.057265741544171,2.6660320688193484
P07,S2,lv0,144,4.580399131051161,2.0206370439293604,1.6474444674861217
P07,S2,lv0,145,1.1475145772891773,1.349602347021079,0.0
P07,S2,lv0,146,6.42787149150538,1.8604376832579959,2.464292540025195
P07,S2,lv0,147,8.0963853035961,3.113556967025298,1.913510508262138
P07,S2,lv0,148,14.449451330391485,3.8190376669747246,2.6403271978965037
P07,S2,lv1,0,9.730176173765074,3.5090845090627094,2.0379877958288133
P07,S2,lv1,1,8.525522157742458,9.500143087592258,0.0
P07,S2,lv1,2,5.898085295647998,7.243680132663061,0.0
P07,S2,lv1,3,10.794930230794202,2.8942939534594894,2.6125679626613674
P07,S2,lv1,4,3.1819579794063544,3.602587729962847,0.0
P07,S2,lv1,5,10.120975480038387,3.623983680342449,2.0518636517282647
P07,S2,lv1,6,7.334338717311064,6.03433741412785,0.4394517896480879
P07,S2,lv1,7,26.436092063575007,4.975395087005203,3.298458658923954
P07,S2,lv1,8,5.237760829571937,3.1724393549685357,1.0330907256100035
P07,S2,lv1,9,13.543283515422186,4.050239138885605,2.4008824618914573
P07,S2,lv1,10,11.254676782022967,4.360383007936923,1.8991138504238354
P07,S2,lv1,11,15.00611011555052,4.2908389298780705,2.4878284387993026
P07,S2,lv1,12,14.966385148325985,5.546827571352051,1.9850836024411607
P07,S2,lv1,13,15.17878036663959,4.124535097967748,2.5866156182008573
P07,S2,lv1,14,10.62685785469232,4.9373192886535175,1.5470266076293961
P07,S2,lv1,15,10.382902260571544,3.5195536758997807,2.158054872349606
P07,S2,lv1,16,14.207813998561495,4.541563119350393,2.2718135828716397
P07,S2,lv1,17,10.139916096145665,5.3426009291862195,1.3032176553197097
P07,S2,lv1,18,10.198645931299396,3.7197912932478494,2.0161072350613205
P07,S2,lv1,19,10.516726064527875,5.578208991410769,1.2902942278796181
P07,S2,lv1,20,14.788904043878805,10.308847789259394,0.7607450092570802
P07,S2,lv1,21,10.775519926593313,4.395978597681062,1.7990335135387494
P07,S2,lv1,22,8.147224630803704,8.466391574434862,0.0
P07,S2,lv1,23,10.928830217870665,6.225955210134777,1.1518683169698112
P07,S2,lv1,24,8.479602951803345,4.230457538466555,1.4090140008878531
P07,S2,lv1,25,9.28837650306764,3.8472288026366983,1.7696201294608942
P07,S2,lv1,26,14.5418508402152,4.480644575238479,2.343026899989721
P07,S2,lv1,27,19.2395072808439,5.308525276687747,2.5569748666243575
P07,S2,lv1,28,6.759333856838482,1.826165409847272,2.597781019137898
P07,S2,lv1,29,11.043927837254762,2.4103332219200215,3.011400432905297
P07,S2,lv1,30,18.8226473055348,3.7975869748205873,3.163698386369928
P07,S2,lv1,31,13.617554942781293,3.7387134107349937,2.566600585563302
P07,S2,lv1,32,10.024243538275739,3.6531055077517105,2.0177381582715372
P07,S2,lv1,33,10.734652027655969,4.0261042092901995,1.9620143570278417
P07,S2,lv1,34,7.7024491643586375,3.6304582133222216,1.5191511282982206
P07,S2,lv1,35,17.82937208379609,7.04551622790873,1.86080045212646
P07,S2,lv1,36,6.126496577280942,6.293422818616891,0.00921578507726612
P07,S2,lv1,37,8.421510505343319,3.19487950016334,1.9398458953806876
P07,S2,lv1,38,10.954517207198345,3.633554935264404,2.2001400891557594
P07,S2,lv1,39,11.673594162051089,4.564418622842337,1.8813107623251943
P07,S2,lv1,40,11.971427895742872,4.1849090793177455,2.0983823816626175
P07,S2,lv1,41,45.01460727987738,9.078372129848798,3.1644682516712956
P07,S2,lv1,42,11.84016053110947,5.614962972106013,1.5072949285188297
P07,S2,lv1,43,19.6179690879445,3.2255103343067972,3.5603591129011676
P07,S2,lv1,44,6.814128062924838,3.692048824144648,1.249045391369076
P07,S2,lv1,45,6.000571870881415,3.495617496422699,1.1085843554788515
P07,S2,lv1,46,9.107925599829287,7.540447294807592,0.4273621767202422
P07,S2,lv1,47,15.684151811113056,2.9704388685736793,3.2862786416642367
P07,S2,lv1,48,11.165129375586549,2.7031346332870787,2.8103519255452234
P07,S2,lv1,49,34.236309037489,3.294849002851354,4.598375443471315
P07,S2,lv1,50,4.6964882741006955,3.5355205170530035,0.6116625485667944
P07,S2,lv1,51,9.918725550111086,7.629861960635341,0.5697989100386871
P07,S2,lv1,52,9.082904122996856,8.298301395211592,0.23641532290220887
P07,S2,lv1,53,11.027741467775526,4.039256256109275,2.00790126368436
P07,S2,lv1,54,11.582979514984727,4.282333028359267,1.989848023179264
P07,S2,lv1,55,34.59651247965701,5.585053519212931,3.5958351616841475
P07,S2,lv1,56,8.32068851579584,2.050524240868874,2.775981067983966
P07,S2,lv1,57,20.393469321698582,5.638049960348229,2.553146444846743
P07,S2,lv1,58,6.207269170674948,4.570861378866993,0.6544274819041713
P07,S2,lv1,59,9.456719277549523,4.9514539456498445,1.3153836720402563
P07,S2,lv1,60,37.24601220112153,5.982580250967816,3.605591912640692
P07,S2,lv1,61,5.0570251627062115,2.1655186077198745,1.705095047551133
P07,S2,lv1,62,17.67666599217743,5.209094621831115,2.4294208625560056
P07,S2,lv1,63,6.359119791394511,6.138715910099925,0.12968401505401536
P07,S2,lv1,64,13.014632244135031,6.118179007987851,1.524249026353346
P07,S2,lv1,65,36.535237713290904,6.452863554470189,3.4215848415773347
P07,S2,lv1,66,3.9019178973891484,5.315546439263341,0.0
P07,S2,lv1,67,5.769688887046516,3.5451442577839556,1.0052706242766485
P07,S2,lv1,68,6.646332472554848,4.389324052170278,0.8654346060164624
P07,S2,lv1,69,18.83664129096328,9.390580165180955,1.4104548702355688
P07,S2,lv1,70,8.048031208391983,3.8614247092166734,1.4846749873931535
P07,S2,lv1,71,17.565881977951594,6.258988418093882,2.0613678447192836
P07,S2,lv1,72,5.717493632018768,3.0968695428463873,1.2496698320709454
P07,S2,lv1,73,12.060591121776561,7.027560457195451,1.1081169559290514
P07,S2,lv1,74,17.97418678536025,4.083513043121796,2.933609526215786
P07,S2,lv1,75,8.15492419014913,5.282449193937659,0.9029224944086289
P07,S2,lv1,76,19.585051338857358,5.752198130432843,2.4359042000254814
P07,S2,lv1,77,12.381669939631676,3.6191336098974753,2.445203353783989
P07,S2,lv1,78,9.933548755206196,9.666298492121394,0.11417487504475039
P07,S2,lv1,79,6.932014530680857,3.678523035757314,1.2894025888069536
P07,S2,lv1,80,10.9660131133461,5.463649025983594,1.411592533949535
P07,S2,lv1,81,4.852102699753902,5.213985618271233,0.0
P07,S2,lv1,82,28.05843127872161,6.4284320965841895,2.9172893582538832
P07,S2,lv1,83,13.425857429007598,5.936826467333724,1.6428597232269662
P07,S2,lv1,84,6.369231406432597,6.02782218236023,0.16809543761196696
P07,S2,lv1,85,10.19649009949737,3.0231832144643898,2.4175862138020836
P07,S2,lv1,86,12.586534679014415,4.725214721669976,1.9601474519309474
P07,S2,lv1,87,13.92923239900803,7.279606827924153,1.3190052245027069
P07,S2,lv1,88,17.526478358272843,8.873681329011635,1.3804642696134786
P07,S2,lv1,89,12.81959141357715,5.555065380742891,1.6821199947597947
P07,S2,lv1,90,7.710397052763681,2.7066847392568327,2.0902563505472695
P07,S2,lv1,91,45.68347653556199,9.33994001900606,3.1380022618475203
P07,S2,lv1,92,8.275138261119316,3.804870228747072,1.5672060415817466
P07,S2,lv1,93,18.8301229724625,4.643429630773083,2.7747311913036334
P07,S2,lv1,94,30.39864267881204,12.215535313545026,1.8283047796817777
P07,S2,lv1,95,6.895653078199616,5.994761295675459,0.3326677834012283
P07,S2,lv1,96,13.632587907280527,5.33466784217863,1.879756838141182
P07,S2,lv1,97,25.83081717530152,7.182277402718827,2.542051058449165
P07,S2,lv1,98,2.9797233896564,3.5740854512715146,0.0
P07,S2,lv1,99,6.43320524013245,8.996754710225735,0.0
P07,S2,lv1,100,40.2581949359213,7.0145665328348015,3.447888293098049
P07,S2,lv1,101,15.122656352353788,6.577555331124156,1.674883937711395
P07,S2,lv1,102,13.582006516051562,9.22906066649681,0.8101947923061685
P07,S2,lv1,103,21.44885742682383,3.43447527731727,3.6116278663083796
P07,S2,lv1,104,26.68407690098536,6.702779094841147,2.738953298441673
P07,S2,lv1,105,5.661771597263,5.0082964159454875,0.2990133650582837
P07,S2,lv1,106,6.451258505638635,5.107611951608618,0.5139581482957188
P07,S2,lv1,107,39.3958490585484,5.118177827159516,4.0168066078586175
P07,S2,lv1,108,15.567443591762432,6.816012584580359,1.6620461485060813
P07,S2,lv1,109,17.469788398514385,3.7042529345600164,3.0673656826511926
P07,S2,lv1,110,8.552461666924378,5.352032278791149,0.9698093154623
P07,S2,lv1,111,9.408992949924281,4.948444500033846,1.306755780838757
P07,S2,lv1,112,20.57809760678852,2.671334889797732,4.018331942082372
P07,S2,lv1,113,21.04427760884914,8.329932772888963,1.8575395089496813
P07,S2,lv1,114,6.811061077986551,4.596636459743904,0.8234410457652047
P07,S2,lv1,115,17.3190439777805,6.382881575472666,1.9959498409910366
P07,S2,lv1,116,12.82581096536148,4.973347920740416,1.897451940438903
P07,S2,lv1,117,12.026269276329048,3.171863066669873,2.6444288154221898
P07,S2,lv1,118,4.670779271499284,3.3856606667280182,0.6849677940087222
P07,S2,lv1,119,9.3391798674993,3.44422867736235,1.9946540070865566
P07,S2,lv1,120,6.902956504496026,4.112713089214955,1.065018954997668
P07,S2,lv1,121,12.089501942595188,2.606607660668432,3.0349917136526656
P07,S2,lv1,122,6.199081352918239,5.009011480234981,0.47445729490974337
P07,S2,lv1,123,10.141534439538908,5.31206978083074,1.3146345782523947
P07,S2,lv1,124,15.69213223968009,6.5313345248838255,1.7601958578281038
P07,S2,lv1,125,17.41663395670618,2.5164402314815923,3.810817399019449
P07,S2,lv1,126,6.961990489118417,6.297949679487399,0.25559939636973517
P07,S2,lv1,127,9.305617638413505,3.505770568749366,1.953351065169662
P07,S2,lv1,128,29.955460030262476,4.722134558667111,3.641947179091281
P07,S2,lv1,129,14.416604626245205,5.763446271512443,1.8382970952784763
P07,S2,lv1,130,8.643237111189833,5.309911252453195,1.0055860555296972
P07,S2,lv1,131,6.13345491694227,1.916737488130345,2.315640581308453
P07,S2,lv1,132,9.284404516859508,3.4624241626139707,1.9730410248837165
P07,S2,lv1,133,7.653879809758952,6.4708818985064935,0.3867324287764111
P07,S2,lv1,134,16.10754486369444,4.456284652809863,2.5517818765567073
P07,S2,lv1,135,14.440582617912046,9.878782200974678,0.7971406822213075
P07,S2,lv1,136,4.558949964297913,2.8858560268377147,0.9475748053782314
P07,S2,lv1,137,11.37100604749605,2.973129290937873,2.661247130104985
P07,S2,lv1,138,5.237819286200348,2.8048708414123285,1.2717821381300105
P07,S2,lv1,139,12.94640547878989,3.8043689069761926,2.434903222145341
P07,S2,lv1,140,9.31759257662572,3.1610490053331373,2.156454151254195
P07,S2,lv1,141,59.72975480372032,5.697629275954024,4.615535253763001
P07,S2,lv1,142,7.87688337805044,4.414284998263651,1.1836714581093226
P07,S2,lv1,143,13.997894104343468,3.7284336922257024,2.625327302511968
P07,S2,lv1,144,6.536300998352583,3.81624023658944,1.1042447789974679
P07,S2,lv1,145,28.215376559517967,5.348454272553613,3.284570058164288
P07,S2,lv1,146,9.249908385753422,4.129439480006074,1.6243779224589334
P07,S2,lv1,147,16.543567331650618,4.673247527960569,2.5114116556354684
P07,S2,lv1,148,6.6325373678811825,2.8593762148778294,1.6920424511102794
P07,S2,lv2,0,12.942042456096011,3.7683918395297016,2.452665778108127
P07,S2,lv2,1,42.79374421817383,15.867128820487066,1.984234284620379
P07,S2,lv2,2,3.853647235202912,6.737900359296427,0.0
P07,S2,lv2,3,38.83439091564163,5.332392690588648,3.909518949372501
P07,S2,lv2,4,25.12346155241259,12.298567387297982,1.4457726455546842
P07,S2,lv2,5,32.77494649900347,11.434424209285096,2.1022549937129567
P07,S2,lv2,6,3.4839385862917625,4.612991654407928,0.0
P07,S2,lv2,7,10.039775153090845,6.3921240055344315,0.9363671957124735
P07,S2,lv2,8,25.881246123193282,5.422239342547571,3.090658938136285
P07,S2,lv2,9,63.39916499888358,10.885375887923539,3.476390288847069
P07,S2,lv2,10,9.924156642335342,3.0930749764676246,2.3208201468797394
P07,S2,lv2,11,9.799749396293002,4.975381182397824,1.3750990565744987
P07,S2,lv2,12,9.13537148210586,10.79131040362065,0.0
P07,S2,lv2,13,5.1626007401097445,6.687708194147315,0.0
P07,S2,lv2,14,23.55189993338174,4.112856869145622,3.443554482965927
P07,S2,lv2,15,16.986813236751416,9.066053008776025,1.2782799656574715
P07,S2,lv2,16,12.243082527557954,5.267940418160975,1.6957979306996194
P07,S2,lv2,17,7.352355642590535,2.4026288234664483,2.229051159011411
P07,S2,lv2,18,41.67597896688173,8.36960024158742,3.17266011618705
P07,S2,lv2,19,31.66155398439234,10.888360078158646,2.1301117340594264
P07,S2,lv2,20,12.927405879649042,4.204621842155574,2.238175777041835
P07,S2,lv2,21,5.602503840822233,8.08308699338961,0.0
P07,S2,lv2,22,15.246195825232041,7.420954832962643,1.4568257701495446
P07,S2,lv2,23,20.173364477490992,5.732765158325691,2.4998254949807106
P07,S2,lv2,24,5.446135655469191,4.373324896802429,0.4865129760993818
P07,S2,lv2,25,7.551838474959686,5.789129227185652,0.5764941706939151
P07,S2,lv2,26,9.142894958751336,4.365246421984059,1.494193512822523
P07,S2,lv2,27,9.148003291206003,4.172406307400168,1.5828448881965367
P07,S2,lv2,28,10.408252979980855,3.3950031712802833,2.2326116807751903
P07,S2,lv2,29,9.552877505622636,8.523499848814824,0.28229560315817653
P07,S2,lv2,30,89.20757782458185,15.198152571297262,3.491433495620306
P07,S2,lv2,31,18.01764927678467,7.212235748326253,1.8358313178979906
P07,S2,lv2,32,20.60591375512573,5.289041027911901,2.6970823074604238
P07,S2,lv2,33,8.107685297829525,7.8038072139098915,0.1353556326195714
P07,S2,lv2,34,7.891506759523119,9.897875721853845,0.0
P07,S2,lv2,35,31.248205029448837,6.3513333728966,3.149360432549732
P07,S2,lv2,36,9.819071977742919,5.977855717461754,1.0231507605880272
P07,S2,lv2,37,16.71163521887034,5.32337452519212,2.278552406608969
P07,S2,lv2,38,5.409567105832808,5.2830861670082525,0.10717100692334151
P07,S2,lv2,39,20.258501320697338,9.99993532910056,1.429640576344106
P07,S2,lv2,40,11.107244815492496,4.219728886209279,1.9371070334296896
P07,S2,lv2,41,31.490120290283993,10.099051449092064,2.2654400053471537
P07,S2,lv2,42,8.292858166252488,4.85171760969154,1.1002835791092582
P07,S2,lv2,43,6.810944250550137,3.8299339843235494,1.1770754762040965
P07,S2,lv2,44,5.487778506414471,3.014508316463246,1.2224350660139658
P07,S2,lv2,45,40.8657923082508,11.452507737619548,2.526803453029215
P07,S2,lv2,46,12.064559427967986,9.214857259567033,0.5835605140659619
P07,S2,lv2,47,24.498603003082273,11.095907598401487,1.5964061491873933
P07,S2,lv2,48,25.41495412890036,8.052743844807162,2.2888770630299025
P07,S2,lv2,49,36.725287684249366,7.059244192669966,3.25756792755537
P07,S2,lv2,50,3.7062736398686518,6.615370620617363,0.0
P07,S2,lv2,51,67.86508532232453,6.533730173815425,4.597633657566864
P07,S2,lv2,52,3.5327450484148835,4.183723959768089,0.0
P07,S2,lv2,53,49.58931670916594,7.288005717469621,3.7778011688153104
P07,S2,lv2,54,5.404993911809305,4.597221002474628,0.37504744951466273
P07,S2,lv2,55,41.49013519054482,7.70104754277957,3.325348330038384
P07,S2,lv2,56,28.891903117912765,6.361134133408387,2.9944202285516437
P07,S2,lv2,57,45.446722228108634,4.420993523902535,4.577540062100304
P07,S2,lv2,58,70.09914028586066,10.73117446583856,3.698748137578415
P07,S2,lv2,59,8.660750921396719,7.195258733031909,0.4206090039744181
P07,S2,lv2,60,7.556758688185585,5.517457481063761,0.6709130090238552
P07,S2,lv2,61,130.4847829580782,8.182831215714447,5.4284680922831825
P07,S2,lv2,62,9.753555548404913,2.912797202957943,2.403602099395229
P07,S2,lv2,63,5.189463561401438,2.792688249504583,1.2622424195247892
P07,S2,lv2,64,80.8608005505131,6.343539565329979,4.994466408834589
P07,S2,lv2,65,54.35306259527568,4.921074054058979,4.716694914138262
P07,S2,lv2,66,115.49920901579496,10.576507672794788,4.694705180894722
P07,S2,lv2,67,8.956302693368471,7.707030623579787,0.35247420997296874
P07,S2,lv2,68,9.31478245433229,8.719311685645962,0.18935560147908984
P07,S2,lv2,69,11.16086702277045,7.031005455787559,0.9569034365567811
P07,S2,lv2,70,10.835695395811687,10.03480860971428,0.21013942003528432
P07,S2,lv2,71,12.848537203467343,5.007934964154913,1.8874509847243768
P07,S2,lv2,72,14.416123527783506,3.716800886292623,2.688443576241166
P07,S2,lv2,73,16.74162600195777,5.4742725997356265,2.2278524313714834
P07,S2,lv2,74,3.7671715390244582,6.5558067112016,0.0
P07,S2,lv2,75,6.695999640547141,2.185424912559559,2.231459742951847
P07,S2,lv2,76,12.171174835043972,3.8866881222006726,2.273736577946388
P07,S2,lv2,77,26.297554238033648,3.822229609657241,3.799307895259988
P07,S2,lv2,78,8.441647790243366,4.555132015896876,1.257004274020092
P07,S2,lv2,79,3.3552171914476956,3.4877441201291632,0.0
P07,S2,lv2,80,19.966006650790337,6.559465951015508,2.218710553963602
P07,S2,lv2,81,2.808283132153142,5.538131143205957,0.0
P07,S2,lv2,82,9.985487603569029,3.9320586296440094,1.86761088625496
P07,S2,lv2,83,16.21100348779283,4.7776557713156045,2.4292286698518812
P07,S2,lv2,84,18.062229745322977,4.4876338802088505,2.7601811002364696
P07,S2,lv2,85,11.247455732337722,2.5448365865877403,2.9415491518494616
P07,S2,lv2,86,21.741271884483854,7.829664698447381,2.0407319699288577
P07,S2,lv2,87,9.674648291102063,2.813232073955321,2.455266935205327
P07,S2,lv2,88,1.9554227745325248,1.6921762093270258,0.34155567883000704
P07,S2,lv2,89,7.5809206117629815,5.022492892656817,0.8592679830672456
P07,S2,lv2,90,3.8133206251231653,2.886006023909282,0.6013366825812447
P07,S2,lv2,91,2.802177480516906,2.690563063063952,0.14009556884448915
P07,S2,lv2,92,5.4922313412943575,2.9162198108792046,1.2882537964403038
P07,S2,lv2,93,6.59871982623605,5.4375591796568,0.43643640077036555
P07,S2,lv2,94,15.156063550864294,9.55025560060062,0.9564166569093633
P07,S2,lv2,95,31.479679348264895,7.452170405911825,2.853870137150667
P07,S2,lv2,96,72.76113333662177,9.120014964795287,4.086286273676806
P07,S2,lv2,97,18.684111532799346,3.9756199388217546,3.0605848952344177
P07,S2,lv2,98,3.400504200753451,4.529479744768591,0.0
P07,S2,lv2,99,23.238744105062178,4.845139578492296,3.1000300917213828
P07,S2,lv2,100,79.97453096046526,10.043619521818911,4.082526611753919
P07,S2,lv2,101,7.224966384642083,4.755375037937481,0.8719798474647438
P07,S2,lv2,102,30.14646778293226,7.379996859691609,2.788860110518031
P07,S2,lv2,103,30.503774693570993,4.407207842473277,3.810872950107723
P07,S2,lv2,104,115.57042172059292,7.831914329671871,5.278173901114549
P07,S2,lv2,105,62.07912949131345,6.422493813067658,4.458202793404518
P07,S2,lv2,106,21.489852598173282,3.96364155631291,3.3375941895726666
P07,S2,lv2,107,15.999196642877243,4.081960830441369,2.708749720139877
P07,S2,lv2,108,17.093438099583143,7.170742518396401,1.7449567542256488
P07,S2,lv2,109,4.917575984846938,6.245624142736681,0.0
P07,S2,lv2,110,25.400349897860682,11.91962184645257,1.5276741874593929
P07,S2,lv2,111,11.14436298210124,6.888787315093512,0.9936406547233596
P07,S2,lv2,112,21.60033006512091,4.056893017244691,3.302462410720743
P07,S2,lv2,113,12.754622733664993,2.798919895173615,3.0008267322870488
P07,S2,lv2,114,7.353383431460295,5.489129014660572,0.6280135783701432
P07,S2,lv2,115,8.839711791492661,3.3747030099108875,1.9276493619648103
P07,S2,lv2,116,15.011678223589687,3.7300525255416344,2.760004176132697
P07,S2,lv2,117,5.079671792627973,5.356801351441189,0.0
P07,S2,lv2,118,11.223828979713694,4.301012738275903,1.9203651100459473
P07,S2,lv2,119,9.950669118483377,4.110882234363944,1.7746427459961789
P07,S2,lv2,120,12.627593313468203,3.2479146964953203,2.693070432665039
P07,S2,lv2,121,6.23211142596805,3.881317153721259,0.9791081889595653
P07,S2,lv2,122,3.681357581235663,2.4104334218335746,0.8820737175170563
P07,S2,lv2,123,7.140223939882194,4.3906419615780985,1.0037770562896788
P07,S2,lv2,124,62.77394061088399,7.541267546135847,4.168539790129744
P07,S2,lv2,125,2.5520163565221674,3.5716685684573037,0.0
P07,S2,lv2,126,7.596466710865307,2.234525803311224,2.432938201257096
P07,S2,lv2,127,16.911261881027272,4.1663364646902155,2.776549257846668
P07,S2,lv2,128,2.6810993164613217,3.4234827575638755,0.0
P07,S2,lv2,129,42.3992542148494,8.703898070674189,3.1301003511445047
P07,S2,lv2,130,10.302242216870676,6.885753296749565,0.842209934254593
P07,S2,lv2,131,6.671474976952282,2.1890837419491205,2.22110596265635
P07,S2,lv2,132,8.0694141958087,5.47244661318639,0.8140061606606211
P07,S2,lv2,133,20.469537972022593,6.023064212150433,2.4323325257517494
P07,S2,lv2,134,5.764209387302707,4.313020806284315,0.6234366800093382
P07,S2,lv2,135,11.715481698597669,9.87772203368126,0.39202160833854727
P07,S2,lv2,136,9.06669735311972,3.424547291981356,1.948371702270484
P07,S2,lv2,137,4.8731347075864715,2.990024649985537,1.0080159469674461
P07,S2,lv2,138,45.706488036342726,14.593183358286527,2.274071308293155
P07,S2,lv2,139,3.4898728843605364,4.035943718689697,0.0
P07,S2,lv2,140,24.72668455959823,7.471426026811958,2.380885264443378
P07,S2,lv2,141,19.46847143012241,8.588786151318127,1.6473777563827565
P07,S2,lv2,142,40.13789732037109,6.564367874568333,3.5706506455075617
P07,S2,lv2,143,9.6718020827774,4.287283454729122,1.638118172937199
P07,S2,lv2,144,8.054733578957608,5.196469171432206,0.9107690110332213
P07,S2,lv2,145,7.789097356598822,6.452911959022238,0.42606363664390107
P07,S2,lv2,146,66.64671662675133,5.911793765470299,4.756392675229923
P07,S2,lv2,147,12.069299450035011,2.0750252037821864,3.473795553673025
P07,S2,lv2,148,6.430181412306758,8.558786057208442,0.0
P08,S1,lv0,0,7.816537049647336,3.833923363100516,1.8146293592318306
P08,S1,lv0,1,3.0536200948025907,4.002737925510177,0.8188065769837081
P08,S1,lv0,2,2.9442600443485016,3.369150991762608,0.9564256685079411
P08,S1,lv0,3,9.395130767648835,4.542105365515709,1.829265711672807
P08,S1,lv0,4,10.521489149107206,4.316219462121134,1.9956464410095704
P08,S1,lv0,5,3.187746719531864,4.448342345014627,0.7554242652365835
P08,S1,lv0,6,18.806293556411266,4.393790923934927,2.5659471269343985
P08,S1,lv0,7,22.809096013640982,4.148275412376162,2.8196809194981687
P08,S1,lv0,8,6.765240634187768,4.745481944465096,1.4522159581923968
P08,S1,lv0,9,9.85938346088651,4.980982554581145,1.7846874205671772
P08,S1,lv0,10,12.110674008369639,10.01048579456126,1.2859245801489665
P08,S1,lv0,11,10.340949996252279,7.0304183080756415,1.4838843157576063
P08,S1,lv0,12,3.9309176555373266,3.2033710542978717,1.3003250531524615
P08,S1,lv0,13,6.527764433312785,3.2079992719099164,1.8126682139349393
P08,S1,lv0,14,32.761538779683015,4.8236994809423965,3.0336830709266804
P08,S1,lv0,15,11.16857009281239,4.27516596999196,2.06579019611495
P08,S1,lv0,16,8.067540488489866,4.727265189384513,1.634458908583999
P08,S1,lv0,17,2.843814512510893,4.019751276603544,0.7424000780245605
P08,S1,lv0,18,7.669955946575118,2.308332235136342,2.3094314541314764
P08,S1,lv0,19,2.6233692960195976,2.846052668693445,1.0104508537723218
P08,S1,lv0,20,24.216516405582134,7.279165294912233,2.3106806487553153
P08,S1,lv0,21,5.02582889512338,5.6200137232095875,0.9797859229403489
P08,S1,lv0,22,17.282254188939312,9.77237861562847,1.670541892545034
P08,S1,lv0,23,23.84408069086729,7.577349304998172,2.2543088436033365
P08,S1,lv0,24,10.128011338621857,6.580933914072795,1.5297373559751524
P08,S1,lv0,25,7.753443474884603,8.387516999636858,1.0133542872538022
P08,S1,lv0,26,18.625120280632377,4.603464219524336,2.5089159006442765
P08,S1,lv0,27,6.7456447821093874,5.1627459245635094,1.363902771530718
P08,S1,lv0,28,4.4430158618154625,3.8041771738114902,1.2502448676613866
P08,S1,lv0,29,6.624966243676446,14.594810580461214,0.2928663191053014
P08,S1,lv0,30,9.47029516928776,4.841373070314525,1.7726983247980976
P08,S1,lv0,31,16.63612701991483,6.733424165476168,2.009274871550907
P08,S1,lv0,32,8.526317428085305,4.818591863283944,1.6711046360100188
P08,S1,lv0,33,5.262180039722445,4.156434965637572,1.3319506431348946
P08,S1,lv0,34,8.29100539438569,2.4909742638594814,2.311165527559014
P08,S1,lv0,35,2.9445809379861383,5.785917977285563,0.4087178806641269
P08,S1,lv0,36,4.730789455298812,2.5337561437593084,1.7255185357115264
P08,S1,lv0,37,13.641490645065494,6.177630080331306,1.8954986187223846
P08,S1,lv0,38,4.9908988774711265,5.834074533766912,0.9348515864057136
P08,S1,lv0,39,3.895102655940895,6.464877749063577,0.5797155481366283
P08,S1,lv0,40,7.326792971643124,3.427867035679648,1.862492205872883
P08,S1,lv0,41,5.785650176223089,7.626324878534188,0.8131593693238331
P08,S1,lv0,42,4.4271429922056855,4.7752395080624,1.0163101239673353
P08,S1,lv0,43,9.61688727357769,7.082340283655544,1.4028924340761755
P08,S1,lv0,44,10.395601064607964,4.033715758660767,2.0520271269275305
P08,S1,lv0,45,6.153681064826888,4.850416092123995,1.3340762929212633
P08,S1,lv0,46,8.732172276707988,8.208949086481365,1.1555818735557635
P08,S1,lv0,47,8.657131872476407,5.982414366504059,1.4673653862859841
P08,S1,lv0,48,5.7859098079677365,7.806350126577679,0.7895691119050201
P08,S1,lv0,49,10.663998771147945,6.781111080012669,1.5516232741812666
P08,S1,lv0,50,6.322380979190283,2.5098304504156586,2.028915523031814
P08,S1,lv0,51,10.634246196463144,5.30429690955231,1.7976197670838758
P08,S1,lv0,52,5.935863907334454,9.236282567021604,0.6450943161200547
P08,S1,lv0,53,10.879515669600458,5.590713610465876,1.767443768516794
P08,S1,lv0,54,10.4042964711623,4.398636259107862,1.9651381489477109
P08,S1,lv0,55,7.794254434485725,4.598498122057983,1.6275249329362527
P08,S1,lv0,56,6.380207560752846,4.566598338690309,1.4317801044140923
P08,S1,lv0,57,10.305742992014148,5.306087315783598,1.7654904366120465
P08,S1,lv0,58,3.8280133539009875,3.396779377590734,1.2140636613988145
P08,S1,lv0,59,4.722002121470626,7.617772749269978,0.6084989897530518
P08,S1,lv0,60,33.38739959220153,12.085237422770476,2.1224325855640562
P08,S1,lv0,61,7.073644163786282,4.451295916564513,1.5622075366155141
P08,S1,lv0,62,16.72246643878171,3.8624043104386367,2.5775606820296257
P08,S1,lv0,63,10.510927154470924,8.313929957864838,1.3305276366331429
P08,S1,lv0,64,4.917424979308961,2.711549535636672,1.6960142439779047
P08,S1,lv0,65,4.120496968732134,5.788572218616102,0.7486422853981582
P08,S1,lv0,66,23.899207589797637,14.059276037724173,1.6304686393104248
P08,S1,lv0,67,7.683764004978049,7.354546295934031,1.1373487724202604
P08,S1,lv0,68,12.694779562860933,6.754152715743248,1.7322492478522
P08,S1,lv0,69,8.625153150715548,7.764072244844164,1.1995341539799604
P08,S1,lv0,70,2.3426919379726208,2.3634466551118636,1.0840514902341993
P08,S1,lv0,71,9.288406368096238,6.334541253605823,1.480727747392775
P08,S1,lv0,72,3.927118533719491,4.657303665435599,0.9202323047308872
P08,S1,lv0,73,48.058524912226126,8.097454216881815,2.8970803649837626
P08,S1,lv0,74,20.263889105709403,6.085354714677961,2.311629588297206
P08,S1,lv0,75,20.85071678925912,10.714427270807578,1.7674664224821024
P08,S1,lv0,76,11.831028150196143,5.251764096061379,1.9157395059029365
P08,S1,lv0,77,8.846599145520711,5.655970505273488,1.5461416008021693
P08,S1,lv0,78,6.273905738454023,5.276756781233534,1.2683314398774725
P08,S1,lv0,79,4.9443534612492135,8.52919768746344,0.5406273531767753
P08,S1,lv0,80,8.407202684110969,7.286012843206645,1.2379857231434004
P08,S1,lv0,81,14.15218280992042,4.900173292411318,2.1674160407750143
P08,S1,lv0,82,9.738982119089806,3.9653444279243066,2.0032483302633306
P08,S1,lv0,83,10.217886762264165,6.0766416562490395,1.619451513718858
P08,S1,lv0,84,3.817881157247703,4.0544077180578295,1.0320939671919405
P08,S1,lv0,85,8.58749853509851,2.8599749202622298,2.2068196014084505
P08,S1,lv0,86,5.488490189477521,4.263525861329847,1.3488370704957635
P08,S1,lv0,87,4.065803402900617,4.351673567973852,1.0241516070217924
P08,S1,lv0,88,5.20481959246183,6.36430515063452,0.8892440911223775
P08,S1,lv0,89,3.604133580596909,5.202045180366831,0.7212308628147962
P08,S1,lv0,90,7.555119453183196,6.934945037015174,1.1797560846830502
P08,S1,lv0,91,15.116342250953279,4.259497104895215,2.376129787112748
P08,S1,lv0,92,30.962212233126383,4.767095414990155,2.9884166062595785
P08,S1,lv0,93,9.800776481752472,8.630805148106472,1.2217684402926492
P08,S1,lv0,94,11.341730062542709,5.981102252076482,1.7412153235617422
P08,S1,lv0,95,18.98636414555198,5.572822984862075,2.3347916258320804
P08,S1,lv0,96,11.242620619616105,5.029891520977589,1.9077891678006564
P08,S1,lv0,97,2.7742111699644645,8.001128431555843,0.0199578352259243
P08,S1,lv0,98,5.276983332120091,8.382133646957602,0.6242044130785153
P08,S1,lv0,99,8.355715326157947,6.154738005754585,1.4026972614761881
P08,S1,lv0,100,9.037126445170669,6.005430887139973,1.5069933044169463
P08,S1,lv0,101,9.997293159974243,7.523473449827016,1.380980571107191
P08,S1,lv0,102,22.013182169932715,16.954781454671878,1.3574832265190344
P08,S1,lv0,103,22.406692066987826,5.192523042683554,2.574194053812959
P08,S1,lv0,104,23.018905291729425,4.560456879619194,2.7329912993076904
P08,S1,lv0,105,12.612989659133829,8.802345809456012,1.4573866365909227
P08,S1,lv0,106,16.68842326067874,7.046779392981655,1.9663743432691103
P08,S1,lv0,107,8.680951720189464,8.624605075741497,1.0995837597301583
P08,S1,lv0,108,4.092414085877256,5.403529997888358,0.8114452146697086
P08,S1,lv0,109,34.921766904139396,8.117048564349851,2.571158745683935
P08,S1,lv0,110,7.16040786807877,7.484118926950919,1.0481938798102064
P08,S1,lv0,111,5.243919079951631,10.133770324490637,0.425591299868875
P08,S1,lv0,112,45.14862889454174,7.858763217353055,2.8641168831940105
P08,S1,lv0,113,11.62426323330492,6.4841182287374055,1.684337911713811
P08,S1,lv0,114,7.930377551508298,3.8401217827931227,1.8276404444762389
P08,S1,lv0,115,26.01170661006136,5.520258800526072,2.6633233910524647
P08,S1,lv0,116,50.03562036132685,5.613468057847714,3.3090805726975456
P08,S1,lv0,117,24.299331312560135,3.283573894014331,3.120604321739025
P08,S1,lv0,118,7.2534334920238726,7.384274324834175,1.0748760019828767
P08,S1,lv0,119,7.291648426713075,9.326186105557857,0.8436810745192334
P08,S1,lv0,120,13.044282888360472,11.328753682520183,1.2358315306567167
P08,S1,lv0,121,5.1102710171302155,9.349415764530539,0.48104807408168804
P08,S1,lv0,122,5.218014608651908,10.153264384835945,0.41862768524404725
P08,S1,lv0,123,13.867639911522431,7.051116194495513,1.778179309746326
P08,S1,lv0,124,5.719413412785076,6.93040252035951,0.8984307210509513
P08,S1,lv0,125,5.4456671162991706,4.385047517193492,1.3124315138644003
P08,S1,lv0,126,13.57655375825757,4.437121775883523,2.2259091041254173
P08,S1,lv0,127,11.48784113124996,4.423437510467582,2.059804549492733
P08,S1,lv0,128,4.671092067744026,7.156463224665494,0.6608003991930885
P08,S1,lv0,129,3.1909644094482252,9.652838540678516,0.0
P08,S1,lv0,130,11.823759395542595,11.510545729861903,1.120184332121235
P08,S1,lv0,131,11.100889780763573,7.059626467279289,1.5515225989491581
P08,S1,lv0,132,3.051244702123326,8.855037453426828,0.013655960096121548
P08,S1,lv0,133,4.068785858507111,4.337893671267525,1.028107404948275
P08,S1,lv0,134,5.976395494760119,6.5330569081730125,1.0027681385887113
P08,S1,lv0,135,8.146541708513086,5.469923164881408,1.4965102505409704
P08,S1,lv0,136,5.982876504765167,9.097653929216643,0.668406214120671
P08,S1,lv0,137,10.178399346906005,4.664834689420435,1.8833767271279898
P08,S1,lv0,138,9.995484097874906,5.7816533917474,1.647569571935048
P08,S1,lv0,139,8.700441863445949,4.278292045906803,1.8120632965996109
P08,S1,lv0,140,4.503086865622676,4.219053122583344,1.1589888819803575
P08,S1,lv0,141,5.374363350148981,6.5194234612479365,0.897322272247101
P08,S1,lv0,142,7.31559045864937,10.135433560465767,0.7627053965684042
P08,S1,lv0,143,5.776361266112131,4.304637830222567,1.3909027906352334
P08,S1,lv0,144,5.2876069248656465,5.162550779607871,1.1172339442798294
P08,S1,lv0,145,6.988601433308383,3.4101383336303868,1.8198714691138127
P08,S1,lv0,146,4.191722983852245,7.699955775652444,0.47695406698359366
P08,S1,lv0,147,7.499652087513912,6.9608865170345835,1.168508814340608
P08,S1,lv0,148,3.9235710113251825,7.042380110131179,0.5004148092039922
P08,S1,lv1,0,11.2231960537855,8.992928072109487,1.3174201395963034
P08,S1,lv1,1,8.423244316593806,8.02795371309463,1.14167904843969
P08,S1,lv1,2,13.122767049373646,3.4532463405643394,2.445430463042816
P08,S1,lv1,3,14.90322697149976,6.327620590297156,1.9608116570607463
P08,S1,lv1,4,7.350637559021049,2.4554076576943986,2.203780095922021
P08,S1,lv1,5,6.507365883305442,4.8838815897086985,1.3837238756549037
P08,S1,lv1,6,5.793005725911423,2.7931578992047696,1.8319781797751675
P08,S1,lv1,7,6.332022377639995,7.03546521460826,0.9862689477611255
P08,S1,lv1,8,20.092181670393703,4.780055762864512,2.5475901907841436
P08,S1,lv1,9,23.268408278641996,2.831106412482653,3.226885028045818
P08,S1,lv1,10,19.363112587251333,4.9430786338399155,2.476173808600692
P08,S1,lv1,11,27.796654229109127,11.189184780813221,2.0148214142432583
P08,S1,lv1,12,6.611922226092746,6.949015077042925,1.0426128750546153
P08,S1,lv1,13,15.424585059763377,5.05542167114107,2.2230351121094354
P08,S1,lv1,14,9.693294923278962,5.217066236692741,1.7205646983406508
P08,S1,lv1,15,33.75734551571928,3.783491131383775,3.310077847468791
P08,S1,lv1,16,12.00279481603441,6.505732199199265,1.7134295265778572
P08,S1,lv1,17,43.6649424003996,6.3808948270024475,3.0413043133664615
P08,S1,lv1,18,20.216569697240605,4.55319588593743,2.603099364042726
P08,S1,lv1,19,24.03642301681297,4.796393839208552,2.725710492536398
P08,S1,lv1,20,20.87344274255112,5.907429873761912,2.371714434700065
P08,S1,lv1,21,27.1261632443574,9.354572659144276,2.17150377450828
P08,S1,lv1,22,5.4459012634960615,4.936724901540714,1.1924280578175839
P08,S1,lv1,23,17.455000068335266,5.887826631149306,2.1938978389968513
P08,S1,lv1,24,19.25856610849024,7.230009311147044,2.085478604385156
P08,S1,lv1,25,8.721384348309819,5.759483986579973,1.5133278990185077
P08,S1,lv1,26,14.947170541530959,3.051564907574386,2.7025741873873934
P08,S1,lv1,27,11.092013683465375,7.584138458116194,1.4781108011887862
P08,S1,lv1,28,16.057849624083577,4.205303353933836,2.4503107494618166
P08,S1,lv1,29,16.503216487505195,10.51605191864563,1.54951610259402
P08,S1,lv1,30,15.65021299986806,2.7982360341416843,2.8369315596947366
P08,S1,lv1,31,10.081236906315702,3.5417239866599517,2.1526905320308085
P08,S1,lv1,32,10.462506440495655,8.406145272859932,1.3146756289095682
P08,S1,lv1,33,4.899157032217118,7.962857659559865,0.60092789582028
P08,S1,lv1,34,10.02160005399727,6.026244450911082,1.6082383273802248
P08,S1,lv1,35,36.916596236633715,4.633150960511935,3.1954757470803825
P08,S1,lv1,36,13.993251339359995,7.980092056614139,1.661936021924663
P08,S1,lv1,37,20.87460039582152,4.236314806403766,2.7086239739212323
P08,S1,lv1,38,7.904117604346925,4.875084823571651,1.5825350268211213
P08,S1,lv1,39,17.244147122247153,4.596790658721306,2.432342488394309
P08,S1,lv1,40,3.936700629120424,6.549152911076561,0.5773565022256106
P08,S1,lv1,41,6.344620326897463,3.5852029661297764,1.6712225194750268
P08,S1,lv1,42,47.24425990289229,19.95822557506331,1.9659136354603
P08,S1,lv1,43,8.690332804021377,6.113766483970393,1.4492410338186827
P08,S1,lv1,44,11.943322778998763,5.167732002645084,1.9416499500972444
P08,S1,lv1,45,4.977905611157696,6.887636459338748,0.7640335567862495
P08,S1,lv1,46,9.814169582844094,6.54341947395953,1.503640431572752
P08,S1,lv1,47,3.212358281113061,8.120595395107749,0.15349482808820886
P08,S1,lv1,48,8.292857794194386,8.742204198669464,1.0395310025495894
P08,S1,lv1,49,11.065580631448922,5.5389173917579555,1.7940518833147385
P08,S1,lv1,50,12.007887989734444,8.090294201068055,1.493035250255538
P08,S1,lv1,51,18.09431819507813,8.700631446718383,1.8347376141171623
P08,S1,lv1,52,11.645809921064485,9.863559864229632,1.2612521952606779
P08,S1,lv1,53,35.32790390935021,4.9601070561519665,3.081834653653117
P08,S1,lv1,54,7.530814444216563,5.292102910313516,1.4503749267839399
P08,S1,lv1,55,7.924242232527859,3.4790614043987405,1.9268855926874986
P08,S1,lv1,56,17.15297173778388,5.499681353412666,2.245301623705556
P08,S1,lv1,57,17.50809500448633,4.81151663108489,2.4014818175293877
P08,S1,lv1,58,43.34271224319186,6.540954031860179,3.0087029828605854
P08,S1,lv1,59,9.195634483348796,3.84898109760892,1.9752646088137933
P08,S1,lv1,60,7.631749873119149,5.805071389814937,1.370139821514587
P08,S1,lv1,61,12.769501950418785,6.972205240073238,1.706006211704318
P08,S1,lv1,62,6.531166974619613,3.583203269639395,1.7011439872508907
P08,S1,lv1,63,17.633394775318333,4.284866105135861,2.5261407517769365
P08,S1,lv1,64,11.827086714947676,8.264547873904021,1.4560781994514764
P08,S1,lv1,65,10.881670257277834,11.458059268988544,1.0407001670830622
P08,S1,lv1,66,7.7702437176461,4.314039606521042,1.6890871146338637
P08,S1,lv1,67,35.81833699722998,7.366633169005794,2.695109819460047
P08,S1,lv1,68,6.231722971289129,6.668854186818979,1.0243075471007366
P08,S1,lv1,69,22.146935529605848,4.850150979867603,2.6314808431017327
P08,S1,lv1,70,11.760990717260073,5.774501791667345,1.8135993323766821
P08,S1,lv1,71,3.1766137910977075,4.071832996996672,0.8414716628941036
P08,S1,lv1,72,12.94135000829504,4.509298628369517,2.1610214052345693
P08,S1,lv1,73,6.7637358668961145,7.1787866995388585,1.0326552037879326
P08,S1,lv1,74,12.248223436943235,2.720010448622901,2.6173548801060416
P08,S1,lv1,75,6.6457207827800895,4.501924640263685,1.487533915941511
P08,S1,lv1,76,10.79423350142157,5.678944725120471,1.7436087875097015
P08,S1,lv1,77,4.531389817373572,4.685507632423805,1.0591051257047528
P08,S1,lv1,78,4.11744656941111,7.190054408822767,0.5282515990966669
P08,S1,lv1,79,3.675702113765754,6.464947318836353,0.520972734603493
P08,S1,lv1,80,12.362621565849297,3.0339680615537308,2.5161126075873215
P08,S1,lv1,81,10.327474975534196,9.41996285943153,1.1861629517759833
P08,S1,lv1,82,8.84416175730741,6.206755924032324,1.4517239783271592
P08,S1,lv1,83,7.8121626171221425,5.227659282173134,1.4999437187841835
P08,S1,lv1,84,6.86190554373325,3.067852317748521,1.9084920986474656
P08,S1,lv1,85,14.237270705712568,4.5106063212903535,2.2574078210802035
P08,S1,lv1,86,9.081445447654382,7.074908244609153,1.3459217157588286
P08,S1,lv1,87,7.351191985382871,8.500348251715668,0.9458481014624963
P08,S1,lv1,88,10.572112909346632,7.835641697178571,1.3964299037849626
P08,S1,lv1,89,9.34258674926958,6.925960991805159,1.396196348326263
P08,S1,lv1,90,4.5987717814641975,3.60759671410933,1.3388998727104835
P08,S1,lv1,91,10.758653274557789,5.815039737512864,1.7162730385284843
P08,S1,lv1,92,8.84568374973403,5.485491243270831,1.5770409445021607
P08,S1,lv1,93,11.381434795420967,3.9349841465314923,2.168913663422174
P08,S1,lv1,94,15.839744984725142,5.630929913276181,2.140721794697804
P08,S1,lv1,95,10.066459689301311,7.2221512675861455,1.429373280572927
P08,S1,lv1,96,6.457609042239778,4.503133468301909,1.4581734634521524
P08,S1,lv1,97,3.9732562069502504,6.676905946725352,0.5671491139250109
P08,S1,lv1,98,5.746544985436316,5.411902902706234,1.1537672912564454
P08,S1,lv1,99,30.598004013502354,8.01684939363967,2.4498426298624945
P08,S1,lv1,100,27.543896624722656,8.54170410041913,2.2790755467342856
P08,S1,lv1,101,7.241236114565608,5.66436576376207,1.3417865840227083
P08,S1,lv1,102,16.35225703705363,3.8809522761776574,2.5500283992098285
P08,S1,lv1,103,8.965909110925255,5.877022248115358,1.5208742409497806
P08,S1,lv1,104,19.134073902462173,5.064618797086395,2.4395122181467994
P08,S1,lv1,105,8.627445991987996,5.862802183275361,1.484345558280866
P08,S1,lv1,106,6.58756878628061,6.273031158838158,1.1425495339587661
P08,S1,lv1,107,3.9820148520560656,5.883142193694416,0.6975939684023165
P08,S1,lv1,108,9.790680286227886,4.280124127488701,1.9312262482530054
P08,S1,lv1,109,7.79040921501133,6.280561986650315,1.3112301678430063
P08,S1,lv1,110,9.422163021807272,3.758885550865461,2.023912613431184
P08,S1,lv1,111,19.06625189465806,6.0991762731063766,2.2476162674925715
P08,S1,lv1,112,21.577242151287237,6.898225761714665,2.2482329881610226
P08,S1,lv1,113,42.603121731325515,7.131455415934708,2.903708054048381
P08,S1,lv1,114,19.718351504171554,6.795302222531349,2.172197514298765
P08,S1,lv1,115,20.07054368505392,5.798147951130875,2.350894316467165
P08,S1,lv1,116,28.346497937336753,9.631036502777077,2.186577032227665
P08,S1,lv1,117,3.7149948831719506,5.904366339294748,0.6236300840471913
P08,S1,lv1,118,17.707183083652826,7.059376845474197,2.0245928035063185
P08,S1,lv1,119,39.04877293488777,7.1857353991701105,2.807774517785004
P08,S1,lv1,120,15.89429691679751,5.494115389446456,2.169122473361785
P08,S1,lv1,121,11.711043343913822,7.2765865150318305,1.575062909702658
P08,S1,lv1,122,7.2569834924788985,4.2973967880721915,1.6237743606591253
P08,S1,lv1,123,21.629572352109154,7.187206370702512,2.2091134140463304
P08,S1,lv1,124,24.80794777864459,9.917366800937074,2.021820146776942
P08,S1,lv1,125,10.326759327349865,7.1363624536489,1.4673411589215906
P08,S1,lv1,126,12.710380446410928,6.996278359375092,1.697813316460909
P08,S1,lv1,127,19.293461457643883,4.4204291081379985,2.5857321071242962
P08,S1,lv1,128,6.3033480213810105,6.606682967462737,1.0453731406462403
P08,S1,lv1,129,6.820904439545865,2.3741218689211068,2.1621139329307035
P08,S1,lv1,130,5.829764491081943,8.186954819738775,0.7489932826149185
P08,S1,lv1,131,19.910983694375673,8.741450536137046,1.9269172309188274
P08,S1,lv1,132,40.97475443007048,7.755270170300915,2.779277593767114
P08,S1,lv1,133,8.749665650091442,5.4086231208381905,1.5802806047875018
P08,S1,lv1,134,6.7063268177254844,7.7859370318470855,0.9417725160106127
P08,S1,lv1,135,26.40135438280393,5.304228830728477,2.7188268434850373
P08,S1,lv1,136,18.672120025875802,5.9601139890814085,2.2498204071259815
P08,S1,lv1,137,9.776663436124782,4.766806610241453,1.8206758834567822
P08,S1,lv1,138,4.916980543607109,3.767067423965568,1.3628586497994304
P08,S1,lv1,139,32.32145709381055,7.415243611107961,2.58437869276168
P08,S1,lv1,140,4.629329460896724,5.518828539468584,0.9149413198091653
P08,S1,lv1,141,8.123042998397713,5.682048085112295,1.4550405745815835
P08,S1,lv1,142,4.900716704406242,8.948393490032041,0.4830426089052222
P08,S1,lv1,143,16.365248224349983,5.349505950360867,2.2257241896497035
P08,S1,lv1,144,14.646582020435387,5.784737943075737,2.03408533855703
P08,S1,lv1,145,7.366732161993332,6.262753433039476,1.2574583268277546
P08,S1,lv1,146,16.76324955432967,3.7811214715679675,2.6015748809394674
P08,S1,lv1,147,15.665734575319151,6.6924797811623735,1.9545691459840073
P08,S1,lv1,148,9.436664354654843,6.668437181421866,1.4447318194830614
P08,S1,lv2,0,7.328697087656872,6.702718120822866,1.1834357899037171
P08,S1,lv2,1,4.208084234226639,4.280369892076224,1.0757328008942355
P08,S1,lv2,2,24.330078023383543,4.315267152007537,2.845095484502983
P08,S1,lv2,3,6.544624960849184,5.458861610983593,1.2767562929101628
P08,S1,lv2,4,5.074331550978858,3.6189795969289005,1.4353973151985628
P08,S1,lv2,5,14.748816579928938,4.753507616192674,2.24003257002956
P08,S1,lv2,6,15.075904449754969,3.8945351110136857,2.4641610913843772
P08,S1,lv2,7,12.406080851446218,5.808753741437601,1.8617030585071348
P08,S1,lv2,8,4.3594810959464665,5.049264767625842,0.9441817022272299
P08,S1,lv2,9,11.80153115274137,6.5096868248661925,1.6956831559793997
P08,S1,lv2,10,5.369638278205916,7.925345464132282,0.6986046855816955
P08,S1,lv2,11,25.212456401380965,5.805964215901515,2.5805888921228823
P08,S1,lv2,12,52.806645796030125,19.962602264458404,2.0784488958864573
P08,S1,lv2,13,18.984175106474193,5.8412995249347945,2.2870096890575633
P08,S1,lv2,14,35.747635373683245,14.690429246465564,1.9938716512242236
P08,S1,lv2,15,19.513831087771198,9.29845688809953,1.8439285938967527
P08,S1,lv2,16,9.92746189359971,6.623041892884909,1.5030151298694154
P08,S1,lv2,17,12.016996160842389,8.169889500550278,1.4838854071308887
P08,S1,lv2,18,6.979868848146084,2.9685757117337968,1.9590837684228897
P08,S1,lv2,19,2.5457061745442364,2.8243099042079978,0.9877765291407624
P08,S1,lv2,20,7.65280007626143,6.074001724274634,1.3270538920727368
P08,S1,lv2,21,13.214545118513517,3.6410545598109723,2.3988415991890837
P08,S1,lv2,22,41.83133450910953,15.528826729010737,2.096857048700586
P08,S1,lv2,23,7.506054832835452,2.4095513933187167,2.24407395682573
P08,S1,lv2,24,39.62393588864509,7.171492229479102,2.824597107803219
P08,S1,lv2,25,11.429504243689292,5.063816865254345,1.9176805295795778
P08,S1,lv2,26,29.152486546684397,7.181015051183283,2.512357559193776
P08,S1,lv2,27,17.781407250354075,4.04682196912909,2.5925113969649276
P08,S1,lv2,28,10.83784206629546,3.6120789244564295,2.2060758143702803
P08,S1,lv2,29,31.1741701623886,6.561596145908763,2.67166480490869
P08,S1,lv2,30,42.60290233013119,10.531264076278202,2.5087861358079926
P08,S1,lv2,31,5.229668627845083,6.260719192731692,0.9106930675561407
P08,S1,lv2,32,21.207835031544036,9.506147953683,1.9058830274935794
P08,S1,lv2,33,5.912394440069001,2.6377668378637726,1.9106304272146353
P08,S1,lv2,34,6.903662541399256,7.201157507350136,1.0502469594705228
P08,S1,lv2,35,8.09903165352013,3.5876999105086886,1.9178381773396938
P08,S1,lv2,36,34.07282327794138,4.061287672333617,3.2477243199487456
P08,S1,lv2,37,10.457119065409623,4.781199243908724,1.8857839421791565
P08,S1,lv2,38,26.760042019594206,6.82549110472488,2.477049085384716
P08,S1,lv2,39,11.550260603954037,3.6821051691783326,2.251118575462996
P08,S1,lv2,40,13.095764883696496,6.789515856876233,1.75846261874982
P08,S1,lv2,41,8.255747552596132,4.741204540282861,1.6548378345984784
P08,S1,lv2,42,19.427495545480976,3.259081651934111,2.901511491745879
P08,S1,lv2,43,15.945624702227551,3.5944697213860874,2.6022026520275476
P08,S1,lv2,44,5.975427067412049,5.956457870488475,1.0962078922433798
P08,S1,lv2,45,5.026892668908232,6.971393698312577,0.7617092529132978
P08,S1,lv2,46,10.321939246688384,2.9483491117049487,2.3623533858144286
P08,S1,lv2,47,19.80528775532616,3.3638978196507883,2.888954537244452
P08,S1,lv2,48,7.878729895659604,8.5527262890173,1.009833037824115
P08,S1,lv2,49,8.420573537205783,4.298474878784724,1.774173270122695
P08,S1,lv2,50,13.071344544550985,7.278836919562711,1.6860728200223587
P08,S1,lv2,51,3.7254759337011505,2.8246764088960292,1.3733973058810374
P08,S1,lv2,52,2.8694749902570242,4.043859409779344,0.7454425302924356
P08,S1,lv2,53,6.026416746163258,5.377864778285833,1.2083328509759323
P08,S1,lv2,54,27.17638661333117,5.63866573569278,2.686196880091836
P08,S1,lv2,55,7.230207496984966,6.426859056463753,1.212304595043598
P08,S1,lv2,56,10.111719649442135,4.473231772461984,1.9192065638975222
P08,S1,lv2,57,7.207763315224952,6.0566233108079635,1.2692622474941684
P08,S1,lv2,58,5.22578183116072,6.899561325184629,0.811510041398254
P08,S1,lv2,59,6.308831666893803,7.778134433649237,0.8808905599275518
P08,S1,lv2,60,25.00175067044411,6.14100711942679,2.5152524532597713
P08,S1,lv2,61,12.093445915997652,7.035329684470475,1.6417703072852798
P08,S1,lv2,62,6.323112248778143,8.582400008695851,0.7835008348151524
P08,S1,lv2,63,5.382269484304294,2.558204399903728,1.846491055947109
P08,S1,lv2,64,18.745981478164033,6.6665789282350945,2.140341800160374
P08,S1,lv2,65,5.886320563983038,3.911976253479044,1.506903532179895
P08,S1,lv2,66,9.032492327563752,2.9366353864596997,2.231202683167994
P08,S1,lv2,67,23.982392188867134,4.0696054247151014,2.8898918646307195
P08,S1,lv2,68,5.786079645342993,7.780544094068526,0.7929532792938508
P08,S1,lv2,69,24.771111670949754,10.638345953306823,1.9492220794895767
P08,S1,lv2,70,7.790655578107982,4.1895744905100285,1.7214021347986288
P08,S1,lv2,71,12.816231276711651,10.123917029522948,1.3318737728089973
P08,S1,lv2,72,13.650605306427023,7.206168430578283,1.740164298242526
P08,S1,lv2,73,5.933795430433333,4.316110103718355,1.4154472970902832
P08,S1,lv2,74,21.87494425403558,3.695907911609257,2.894290275707423
P08,S1,lv2,75,11.185655855717082,5.949043700378031,1.7326224806308352
P08,S1,lv2,76,20.13328579629772,6.163192896896616,2.2922035838997603
P08,S1,lv2,77,16.17430581255963,8.602525788981525,1.732588360753572
P08,S1,lv2,78,7.168933796601414,5.149638209751446,1.428131567942113
P08,S1,lv2,79,7.993169649866447,4.732063210246194,1.6240491730748594
P08,S1,lv2,80,6.556526319281683,4.481624636025656,1.4784238059892387
P08,S1,lv2,81,21.525756239356422,3.720422713892214,2.8712914590714314
P08,S1,lv2,82,7.188990522054945,3.604006549773695,1.792496078565784
P08,S1,lv2,83,4.749372166512393,8.075508620041822,0.5552411417583848
P08,S1,lv2,84,7.121897132706272,5.91671531301126,1.2807971781280183
P08,S1,lv2,85,4.431938965310635,3.160563309721324,1.4354826216742878
P08,S1,lv2,86,6.093730655561237,6.730186234317417,0.9923490218752788
P08,S1,lv2,87,4.007855852902274,6.093411426745014,0.668571746933301
P08,S1,lv2,88,37.88790045788064,7.683401304294703,2.70936359363047
P08,S1,lv2,89,10.985378319081068,8.475582709845929,1.35574501078051
P08,S1,lv2,90,6.705044590028701,8.121777176822635,0.8987982703831325
P08,S1,lv2,91,5.652726523900882,8.657081004056383,0.6611888032168126
P08,S1,lv2,92,3.0982008655454103,2.7651291950853496,1.2082042310003884
P08,S1,lv2,93,7.587430848558161,6.077742160832967,1.3177398111374188
P08,S1,lv2,94,12.118556101805767,6.1274739280113915,1.7838352435669111
P08,S1,lv2,95,17.518836720081353,6.653116445462013,2.073803992012851
P08,S1,lv2,96,7.234905469424903,4.389783315680726,1.5991398689088345
P08,S1,lv2,97,7.113123491641814,4.157445479236461,1.63703084294941
P08,S1,lv2,98,20.88134383713237,6.634282000561828,2.254545001695084
P08,S1,lv2,99,11.385275592772748,6.2391781474033134,1.7023028760280958
P08,S1,lv2,100,4.808780387458008,6.680826975051436,0.7599008169730532
P08,S1,lv2,101,15.893686608196365,3.9948804530746744,2.4919030945877196
P08,S1,lv2,102,14.860589345957825,2.839914874055351,2.769506941676372
P08,S1,lv2,103,23.444580201299463,7.745042050218538,2.2150169361033427
P08,S1,lv2,104,19.81317793221735,5.990130188910558,2.304820638182034
P08,S1,lv2,105,22.189551273955757,8.042793670000625,2.121066104619413
P08,S1,lv2,106,5.258549682783355,10.84945064077292,0.35928285035334334
P08,S1,lv2,107,8.64062497695173,6.800237088596106,1.3356277459607575
P08,S1,lv2,108,6.951236093057098,3.335764654574901,1.836779083559139
P08,S1,lv2,109,12.31334575316877,5.340924504738624,1.9391644322209594
P08,S1,lv2,110,24.205441115897703,6.628244281903371,2.405115076810469
P08,S1,lv2,111,6.370827001202959,10.335151449466247,0.6028559385026078
P08,S1,lv2,112,14.891544184035418,6.888062740368713,1.8740449059754705
P08,S1,lv2,113,8.901875927899054,9.438358286647079,1.0337036838588238
P08,S1,lv2,114,6.937604203527678,7.5005709637638525,1.0139467318586064
P08,S1,lv2,115,15.325222178234196,5.319946942280664,2.164820980476883
P08,S1,lv2,116,10.742691894688962,7.082180242400496,1.5150640477483548
P08,S1,lv2,117,9.106441577371683,5.172923249789027,1.6659059819895203
P08,S1,lv2,118,21.96581881627333,4.2317876295967185,2.7613260540132027
P08,S1,lv2,119,26.039890319968666,9.68743598183249,2.094681256748951
P08,S1,lv2,120,3.013830775287136,5.202053119016313,0.5400272916469862
P08,S1,lv2,121,16.195323289885106,3.9022516265142415,2.5347146797616906
P08,S1,lv2,122,9.338465279238177,14.172064419080195,0.6704163768712478
P08,S1,lv2,123,16.395322443585435,6.809045021207027,1.9831904396427216
P08,S1,lv2,124,7.950232699131708,3.850751114996966,1.8273734169037599
P08,S1,lv2,125,34.954779020524114,7.563745216038296,2.6436367533442735
P08,S1,lv2,126,5.718047905848207,4.67947848790875,1.2960415256898656
P08,S1,lv2,127,10.318387941191679,5.539872899982117,1.7230535377859744
P08,S1,lv2,128,6.8461013680375915,5.528956945580322,1.3094535397723215
P08,S1,lv2,129,72.96209386830549,6.886307232776176,3.4841731257314326
P08,S1,lv2,130,14.19809017455677,5.266446404900124,2.097671563471493
P08,S1,lv2,131,4.799057863270598,6.9004136316248985,0.7250892432286604
P08,S1,lv2,132,8.043053351266062,4.2121391055380455,1.7482601966625433
P08,S1,lv2,133,6.391791659293846,6.086434940265677,1.1425773113464204
P08,S1,lv2,134,17.239752580873585,5.995745293777591,2.1629277739037467
P08,S1,lv2,135,26.388891610252497,7.4411842254932115,2.3754083187531796
P08,S1,lv2,136,7.515595595931414,5.701054106800773,1.3729195427343601
P08,S1,lv2,137,4.433541265326759,3.4331953167790883,1.3520286742198824
P08,S1,lv2,138,5.273806889496955,6.1161983634573165,0.9428661242358537
P08,S1,lv2,139,7.218822696757377,5.480423563916334,1.372089155311959
P08,S1,lv2,140,2.6875797276752915,6.698507258701386,0.16783390827607914
P08,S1,lv2,141,16.102361954899276,5.379931221057955,2.203573561135025
P08,S1,lv2,142,27.285618206516688,2.836988153288503,3.3861226579777326
P08,S1,lv2,143,29.27969834743133,4.678009404065079,2.950925389318976
P08,S1,lv2,144,13.022396455715056,5.548146138856002,1.9573200535230608
P08,S1,lv2,145,20.701032901363554,6.635945021246303,2.245505475158563
P08,S1,lv2,146,24.10707772054148,6.6848230698904585,2.3923793757236873
P08,S1,lv2,147,7.825291694244264,4.445393434605191,1.6658538728493335
P08,S1,lv2,148,4.660163539786597,7.377148804411123,0.6276601144307062
P08,S2,lv0,0,7.036114111027861,4.952982462621537,2.0187410883808563
P08,S2,lv0,1,3.0605341666196755,8.53629805799339,0.2229883295029895
P08,S2,lv0,2,8.234508095591686,5.627824551928873,2.0572757459257573
P08,S2,lv0,3,26.749907012068093,11.604826703159977,2.6500748530761054
P08,S2,lv0,4,5.836606930973029,4.224803105602758,1.982365508269985
P08,S2,lv0,5,8.223419898565007,4.090360754411292,2.4717041128019974
P08,S2,lv0,6,9.259499208547872,6.902764954424966,1.9439553882099914
P08,S2,lv0,7,5.253066949346392,7.437118213816499,1.1073842999049617
P08,S2,lv0,8,7.178338471097913,5.974532109784207,1.8002672165344853
P08,S2,lv0,9,16.229490966623604,5.153937744918037,3.056960192675093
P08,S2,lv0,10,4.84809999925391,9.151553210889224,0.7321850127591755
P08,S2,lv0,11,33.88200994178988,9.471742712796733,3.2232602473891774
P08,S2,lv0,12,5.87289014115422,10.692496519719844,0.7793238704719133
P08,S2,lv0,13,11.566362937514848,3.796540560379172,3.0138427967776877
P08,S2,lv0,14,10.040996896856116,8.066140836982795,1.846490086476479
P08,S2,lv0,15,9.541940774562741,5.437633567307576,2.2943205036496725
P08,S2,lv0,16,5.255748827269424,6.69064202092822,1.2460095381709526
P08,S2,lv0,17,11.923768157308814,9.581381157845655,1.8461128004755898
P08,S2,lv0,18,10.455991648564211,6.4842409383300605,2.184039433605456
P08,S2,lv0,19,18.423890375984033,6.24185957142,2.972573996773689
P08,S2,lv0,20,3.2644211095373987,4.390564685928839,1.1742891249280318
P08,S2,lv0,21,4.338048404399293,4.612069376490569,1.480958292977212
P08,S2,lv0,22,6.371368860362855,6.04136096696167,1.6302175368430745
P08,S2,lv0,23,9.688446138921083,5.500875738222555,2.299112221275279
P08,S2,lv0,24,4.366026012928664,5.199438011398264,1.332992704386424
P08,S2,lv0,25,8.57461867975637,12.373375560546924,1.0825125738892116
P08,S2,lv0,26,13.167428697992213,14.244302011389834,1.4583175854796588
P08,S2,lv0,27,7.922006065254773,5.359736886970654,2.0704737529565542
P08,S2,lv0,28,13.224139369589965,8.819747022116324,2.08915267344273
P08,S2,lv0,29,12.067597387658862,9.305447696376461,1.8998651976113745
P08,S2,lv0,30,8.772076758027433,5.688702501048996,2.1257258683739466
P08,S2,lv0,31,15.821503327988196,10.71143000988752,2.0695985858274755
P08,S2,lv0,32,4.056374165756036,7.752369588473993,0.7160479387385916
P08,S2,lv0,33,41.199690776452385,10.51504593332406,3.342018907377134
P08,S2,lv0,34,6.523833806803771,4.990811639905659,1.9102208798135516
P08,S2,lv0,35,8.528984165270886,3.803630700454234,2.6140820597883985
P08,S2,lv0,36,4.607511272121407,4.42306303740575,1.6141361284053457
P08,S2,lv0,37,5.907061309489749,4.773715241489155,1.8386934855251922
P08,S2,lv0,38,7.601650736602117,4.989443028619471,2.110008839158266
P08,S2,lv0,39,11.856789333666663,4.822723909884807,2.7341388105169586
P08,S2,lv0,40,5.68534573187032,6.561003799552398,1.3740069850805898
P08,S2,lv0,41,11.959820064725015,6.78294290632667,2.3005663589524237
P08,S2,lv0,42,3.508746370528684,7.613578449907845,0.5504480994725126
P08,S2,lv0,43,10.514259004775372,7.506232426357723,2.0003930296051218
P08,S2,lv0,44,9.645789932810949,5.202602487316749,2.366069045060335
P08,S2,lv0,45,7.374171335048987,5.293867862194987,1.9931355913783344
P08,S2,lv0,46,5.678189039802991,6.558123720881899,1.3729367837362871
P08,S2,lv0,47,5.531093474145415,5.236064714503595,1.632343918550907
P08,S2,lv0,48,6.999670467665687,10.199872745000535,1.0697674841430533
P08,S2,lv0,49,8.02450881291444,4.690791596935475,2.2611213074101095
P08,S2,lv0,50,19.13347603012328,5.416369751378736,3.206881474544052
P08,S2,lv0,51,15.150232516421655,6.712423628224572,2.62261419539066
P08,S2,lv0,52,5.891816149587446,4.1347363255787,2.0227512640266596
P08,S2,lv0,53,8.695849195652551,9.879510579269168,1.394398921963105
P08,S2,lv0,54,17.337070155416207,6.2515054757292585,2.8912574925861914
P08,S2,lv0,55,10.431228112038982,9.565567648540434,1.6738448036007731
P08,S2,lv0,56,22.177990071600632,6.939462546640582,3.0762728849080303
P08,S2,lv0,57,18.5693809840019,9.386867348241779,2.45063906225141
P08,S2,lv0,58,25.816634954928006,10.589895891520515,2.723126649084753
P08,S2,lv0,59,15.454162048965559,3.2939908276481766,3.576993310449176
P08,S2,lv0,60,8.079892436389068,5.167627523491855,2.1438209186786406
P08,S2,lv0,61,4.945083769300886,9.964721060240128,0.6469883318932658
P08,S2,lv0,62,5.7304628214817335,7.45750413944012,1.217266690270547
P08,S2,lv0,63,7.915788977502085,8.428630231585927,1.4789720833051014
P08,S2,lv0,64,9.476686905493112,13.962255305281689,1.0554063383636068
P08,S2,lv0,65,21.17192243530778,6.16914737460016,3.169189536876438
P08,S2,lv0,66,21.703011234405658,6.254952937747748,3.1834873625369218
P08,S2,lv0,67,12.990586083639519,6.948837770896279,2.3768789596882987
P08,S2,lv0,68,4.322215069024297,3.9820574002688858,1.6677607248477482
P08,S2,lv0,69,4.71625257831535,8.174625364554405,0.8434623847139868
P08,S2,lv0,70,6.976463231241103,7.820981584545278,1.4118101397553444
P08,S2,lv0,71,6.130758342464326,4.588236703147636,1.9388618016930366
P08,S2,lv0,72,12.457255178604631,6.271171160689682,2.4560357664263512
P08,S2,lv0,73,13.445255394549873,5.7770134160722355,2.6626345925264396
P08,S2,lv0,74,38.03057002252182,7.101847225965755,3.749494726325039
P08,S2,lv0,75,5.931026805315496,5.402606778554029,1.682559703466159
P08,S2,lv0,76,11.209599621710224,11.832861086108771,1.4902736619917896
P08,S2,lv0,77,8.822616107665704,7.6050962531565105,1.7545357799237769
P08,S2,lv0,78,4.63134022683994,6.828309424212248,1.0544829496644772
P08,S2,lv0,79,8.716838965509568,5.367415154655066,2.1933126916698518
P08,S2,lv0,80,13.356150608437288,9.650478608667854,1.98470347812551
P08,S2,lv0,81,3.8057038517121238,2.5837873409006593,2.065928419435716
P08,S2,lv0,82,5.252554066923595,5.788165048168376,1.4342010340156406
P08,S2,lv0,83,4.657271929212358,4.645040317763827,1.5642788288086837
P08,S2,lv0,84,12.270700764469963,5.580409816778688,2.588567453508787
P08,S2,lv0,85,8.105276889874785,6.474367114781027,1.8538765618535378
P08,S2,lv0,86,7.944063457327713,9.638492061596656,1.3086775597284979
P08,S2,lv0,87,9.403258499384524,11.280646684483528,1.3234257743530962
P08,S2,lv0,88,20.693655554293464,4.58255700594143,3.527158332367872
P08,S2,lv0,89,11.10312805893564,7.19705639737916,2.1263302464467935
P08,S2,lv0,90,6.141193006894132,9.355676504042469,1.0117890563199963
P08,S2,lv0,91,8.979888784924302,7.799375248050661,1.7446805708764423
P08,S2,lv0,92,11.154266054100322,6.479178435104967,2.269376430581529
P08,S2,lv0,93,3.05396438779323,6.757130060711328,0.5250363043806513
P08,S2,lv0,94,10.616137853205622,3.8203593536459626,2.8938740442485154
P08,S2,lv0,95,3.4353494404898552,6.7256359046895975,0.6846161095891771
P08,S2,lv0,96,7.779218582431348,3.410637907647535,2.6363102298937995
P08,S2,lv0,97,8.682547868691346,7.386155967348889,1.7717625008675888
P08,S2,lv0,98,6.436499271014203,5.752290361554836,1.707433730795421
P08,S2,lv0,99,42.54904634347398,22.02184638966333,2.4198839466348345
P08,S2,lv0,100,13.378433608990182,6.072571095068898,2.5910583059237355
P08,S2,lv0,101,6.048585142130447,7.220960891908113,1.3297759076918132
P08,S2,lv0,102,39.900997233534056,12.629734171359933,3.061236236686
P08,S2,lv0,103,12.505352952526286,8.110441372812852,2.1256125369104537
P08,S2,lv0,104,4.013460692027396,8.22284643774808,0.6253299455982615
P08,S2,lv0,105,8.486750655154536,7.016680961439933,1.8089456190370776
P08,S2,lv0,106,7.4824072090714475,8.17285595745452,1.445727079642346
P08,S2,lv0,107,4.82579212975956,6.429993809161674,1.1865190954626135
P08,S2,lv0,108,35.45190974322108,8.338527858877923,3.4485362379584608
P08,S2,lv0,109,10.385450399224442,7.127770348055988,2.051793409620946
P08,S2,lv0,110,9.788652760177214,8.343008163730891,1.7692744421340507
P08,S2,lv0,111,12.994142167508578,9.47954305601225,1.97217322475011
P08,S2,lv0,112,35.49998000199858,17.279879208307772,2.499924217727879
P08,S2,lv0,113,12.404779381191831,7.866538791323116,2.1549058172544515
P08,S2,lv0,114,4.716325846283908,7.166753573809118,1.0151039747865935
P08,S2,lv0,115,26.13434848038026,6.689310715704606,3.338257427804153
P08,S2,lv0,116,6.515548670146497,8.837037728411776,1.1633527848411969
P08,S2,lv0,117,10.829793701687233,8.962453795198318,1.8076948946161604
P08,S2,lv0,118,12.293067746596412,9.705347360147597,1.86912898963558
P08,S2,lv0,119,13.330209587750247,5.43766013380671,2.7303854050996854
P08,S2,lv0,120,2.895645981210009,3.1255991160038614,1.4611778318196469
P08,S2,lv0,121,7.446200330835257,15.63647783817425,0.5931921168138274
P08,S2,lv0,122,4.19319116191695,7.613333755059517,0.7829188495481739
P08,S2,lv0,123,6.719362726389566,4.936064128004164,1.9631247082507457
P08,S2,lv0,124,7.065868800568418,6.141027583463341,1.7438197789729089
P08,S2,lv0,125,4.627158027737095,10.57637359276924,0.4826181137889202
P08,S2,lv0,126,2.87934744950407,2.1564380597114714,1.9379269014628135
P08,S2,lv0,127,11.913819116694757,9.5498450391338,1.849324080061947
P08,S2,lv0,128,6.625396139650136,5.882885601624634,1.7158804125153977
P08,S2,lv0,129,6.742372350870149,6.552060708041827,1.5981935560242135
P08,S2,lv0,130,84.70797093550715,16.202187311102637,3.7182283548968966
P08,S2,lv0,131,16.62054618448134,9.324905450754308,2.314664680761727
P08,S2,lv0,132,5.644258917504787,5.118771829814882,1.6883097941071945
P08,S2,lv0,133,8.980591337601483,5.0575072938074745,2.3097620772010385
P08,S2,lv0,134,9.850364747571234,4.814363631553892,2.494596518802587
P08,S2,lv0,135,5.153662285581952,6.498381615704784,1.258454774958659
P08,S2,lv0,136,10.29216401566549,5.529903919701309,2.371090335253513
P08,S2,lv0,137,7.30461512464562,3.28118664967949,2.6046742243288876
P08,S2,lv0,138,26.957879211469557,7.645772753921381,3.2044151072800378
P08,S2,lv0,139,6.2664069392269415,3.867472422844757,2.1903020452878126
P08,S2,lv0,140,3.796293485400593,4.474093994108753,1.3465816514345144
P08,S2,lv0,141,4.3231586118939145,12.043810047027522,0.22451881354324782
P08,S2,lv0,142,4.079246164003256,4.252974864233718,1.5064514054287022
P08,S2,lv0,143,6.7789129326881135,6.445529061476086,1.6266242251123686
P08,S2,lv0,144,71.1342706883676,12.281755126533051,3.851775899712215
P08,S2,lv0,145,12.741146456881209,10.519725852049168,1.8107306652228963
P08,S2,lv0,146,8.973761761473009,5.086585080463183,2.301292356926514
P08,S2,lv0,147,2.334885647414419,3.9517008200489974,0.8745530132707565
P08,S2,lv0,148,5.621269238031635,4.536507917489086,1.8404886558174802
P08,S2,lv1,0,8.502477880047259,5.992267368803424,2.017204161882672
P08,S2,lv1,1,3.432009660498782,3.3704302997250974,1.5844637355075137
P08,S2,lv1,2,7.688978543377638,2.1495214007674908,3.2232230150125885
P08,S2,lv1,3,9.395878714482452,5.202674944772219,2.331812747188979
P08,S2,lv1,4,3.6523722369804776,6.204519382967359,0.8697037676121784
P08,S2,lv1,5,10.390949250040185,4.440591935414408,2.669688236404635
P08,S2,lv1,6,11.006132076675236,5.576224846368219,2.4476889701053106
P08,S2,lv1,7,6.687568770159407,4.896570605299315,1.9674161802789023
P08,S2,lv1,8,3.3536354817529883,3.2199633598134016,1.6139008203209881
P08,S2,lv1,9,6.002275687545382,6.731915028951004,1.4112193030237645
P08,S2,lv1,10,15.379783104026219,9.863632541934292,2.1402138752971545
P08,S2,lv1,11,6.6737373471668455,5.333819692509826,1.8531565224775788
P08,S2,lv1,12,16.009476337369577,5.862116637681002,2.8712306268766183
P08,S2,lv1,13,11.514166411236427,8.755325133869569,1.9181149382660025
P08,S2,lv1,14,21.729217332144998,7.700005635424333,2.9139678454459026
P08,S2,lv1,15,18.193720862068904,9.759331580277681,2.3732296654523344
P08,S2,lv1,16,10.006965809160668,5.127447433633525,2.432993383443735
P08,S2,lv1,17,12.447242396366711,6.258641068461086,2.4575956341994263
P08,S2,lv1,18,21.256072462256878,7.962018549187513,2.8416101652635852
P08,S2,lv1,19,13.484534116466309,6.941802982557901,2.426874171747481
P08,S2,lv1,20,12.80872699281509,9.193461847351521,1.9933961642531992
P08,S2,lv1,21,38.356396785469094,5.317480151288595,4.138025170924068
P08,S2,lv1,22,13.507384015816255,5.377361404347845,2.762150987683309
P08,S2,lv1,23,12.447452441319548,4.336937190425858,2.93602455033199
P08,S2,lv1,24,4.334633329690279,4.324092422574008,1.5640244234458014
P08,S2,lv1,25,12.894673564275704,5.409516097247758,2.693827011138532
P08,S2,lv1,26,72.36841965567602,10.276117948105757,4.106755683159794
P08,S2,lv1,27,5.16389042650705,4.781704367196258,1.6611398989257424
P08,S2,lv1,28,13.75557505316036,7.759765057889541,2.3075449711605294
P08,S2,lv1,29,11.28311758462527,4.014414512996013,2.9087237655462275
P08,S2,lv1,30,26.021886967149335,7.583992337429504,3.1689064859545617
P08,S2,lv1,31,3.380158747932817,3.437313256041732,1.5389791600204716
P08,S2,lv1,32,4.195365389085467,5.677791645048522,1.1661940169609317
P08,S2,lv1,33,6.931193153737986,10.865466427167382,0.9744950505359545
P08,S2,lv1,34,18.54710907148777,4.681035551908075,3.356589140019745
P08,S2,lv1,35,15.490711200909823,6.510351127267222,2.6914694983343295
P08,S2,lv1,36,11.181638289265974,10.077864744177104,1.6964058012597958
P08,S2,lv1,37,33.83736165951049,8.148623699331052,3.417789002707604
P08,S2,lv1,38,5.728677082149201,6.890927889864411,1.3199187675136623
P08,S2,lv1,39,6.955902224160483,3.7143723370321746,2.3791357745302193
P08,S2,lv1,40,6.601761554612238,6.564586100661723,1.5682142057152908
P08,S2,lv1,41,10.918758685303247,5.276826380122722,2.5092734746240724
P08,S2,lv1,42,6.914685449177341,8.054186227075428,1.3618864214733652
P08,S2,lv1,43,5.1811566878730835,9.503483285661906,0.7696268632912074
P08,S2,lv1,44,11.443090749213194,4.172419513842279,2.876734674206226
P08,S2,lv1,45,20.984994146230953,9.343616850707601,2.616168912815544
P08,S2,lv1,46,28.380673658965886,5.902319426176734,3.609058649532113
P08,S2,lv1,47,16.069857805676307,6.945366756378237,2.6549798433426184
P08,S2,lv1,48,24.180622732211578,5.121572954893082,3.585225316440957
P08,S2,lv1,49,9.558862337482516,4.798883282404173,2.459616570008608
P08,S2,lv1,50,19.0845965615955,4.489704104727524,3.448281001827856
P08,S2,lv1,51,12.682976350582956,5.089021998390503,2.7518944208942857
P08,S2,lv1,52,18.01283932110673,6.418690176669521,2.9067081760723577
P08,S2,lv1,53,3.872469883454914,4.592206919082734,1.3385087144317147
P08,S2,lv1,54,6.374579131878228,4.155741040463402,2.1188599761294897
P08,S2,lv1,55,8.442332026878399,4.812579896129038,2.2938931340672886
P08,S2,lv1,56,14.473359551223483,7.730523990703823,2.378812584920863
P08,S2,lv1,57,7.345056124536951,6.105674052275067,1.8018933809089284
P08,S2,lv1,58,12.0606229415028,5.095457146773126,2.684621034057445
P08,S2,lv1,59,12.692981053289314,5.591133759899864,2.630193799728936
P08,S2,lv1,60,10.6884020275083,6.728117702216237,2.164557763447497
P08,S2,lv1,61,16.21797074577444,3.586340955353046,3.5290071183928133
P08,S2,lv1,62,23.510003102800965,11.553010683272278,2.487521151872457
P08,S2,lv1,63,28.244424763505418,8.219155727511259,3.1709025132402813
P08,S2,lv1,64,26.13249320936934,5.145634685842896,3.6803612961454637
P08,S2,lv1,65,6.552562189932111,4.044062465554462,2.1903078339781197
P08,S2,lv1,66,8.842016977494056,4.305105815739826,2.499564152796084
P08,S2,lv1,67,6.942305143780327,4.705150441830795,2.0681867392984197
P08,S2,lv1,68,22.590683720342856,12.524773399257299,2.330157326933667
P08,S2,lv1,69,15.875643388415178,6.731880162771051,2.679840992700575
P08,S2,lv1,70,13.151643345589362,10.72612371421691,1.8267473521285735
P08,S2,lv1,71,40.34130143874673,8.860549759002263,3.5378495558289083
P08,S2,lv1,72,4.594104053418454,6.517926955192439,1.104630590415752
P08,S2,lv1,73,5.983924010379026,4.238917577245277,2.010527267523932
P08,S2,lv1,74,6.9811844422908145,9.225433870543617,1.1972834776255796
P08,S2,lv1,75,9.085522827031983,5.6092922236389855,2.18985302868196
P08,S2,lv1,76,6.23886432576548,8.496596791271285,1.1579957491036714
P08,S2,lv1,77,13.911533841069874,4.722015304466034,2.9701121778971435
P08,S2,lv1,78,10.429995173256636,6.434589447177189,2.190818290987856
P08,S2,lv1,79,4.72863551822288,5.213009776513734,1.4336534698848855
P08,S2,lv1,80,10.290954409114956,6.411083928944564,2.1780873354735553
P08,S2,lv1,81,10.853859065314222,7.60461086926828,2.0248709966695295
P08,S2,lv1,82,25.62177732112061,9.753313486432289,2.820579170884848
P08,S2,lv1,83,9.650354802094936,6.366166548909263,2.1034300635856322
P08,S2,lv1,84,6.953269558875454,4.563218974995262,2.1101947777386165
P08,S2,lv1,85,5.845045139765035,8.954489599337096,1.0044896296405408
P08,S2,lv1,86,40.041405748720265,13.624338066111818,2.966947598705474
P08,S2,lv1,87,6.9555891375342265,5.859826138339242,1.7844376093186078
P08,S2,lv1,88,11.500272081225276,4.5693234603743464,2.7647163294848
P08,S2,lv1,89,17.65787386199182,6.8897995220595405,2.7883686859300263
P08,S2,lv1,90,9.387582445512555,6.779975053546152,1.985283743219662
P08,S2,lv1,91,7.79892461649337,5.824135347465796,1.9416694721898777
P08,S2,lv1,92,28.438871930252244,9.003771032338904,3.060931056031306
P08,S2,lv1,93,8.513449574811865,8.954702341425923,1.4949409342505842
P08,S2,lv1,94,7.771921171780423,8.949702205940886,1.3768096443629103
P08,S2,lv1,95,14.638864280657318,9.563378155837334,2.116136085027279
P08,S2,lv1,96,17.232890535378367,6.754876090128302,2.782388986637059
P08,S2,lv1,97,17.729169361516227,6.890069079086481,2.7935732639499737
P08,S2,lv1,98,10.141317740770821,7.6506244860945305,1.928437917278754
P08,S2,lv1,99,5.004824027418433,6.87320858393621,1.1470902510851602
P08,S2,lv1,100,12.039641707387942,6.040094997857856,2.4605288752889565
P08,S2,lv1,101,13.318204036097734,6.924238003570441,2.413990313090864
P08,S2,lv1,102,6.719857377281016,6.320728338262798,1.6407137636395794
P08,S2,lv1,103,9.170700241377883,5.435967767372763,2.2429616303134567
P08,S2,lv1,104,3.914276497367857,7.527730067302109,0.7078909089466661
P08,S2,lv1,105,5.759251043419233,3.1314179739864514,2.355581172232853
P08,S2,lv1,106,2.025980986221193,3.583674308498869,0.8169667021773291
P08,S2,lv1,107,24.93176417820098,7.514292850041524,3.125131235421505
P08,S2,lv1,108,14.004255066388152,8.655107662964493,2.1884885951503374
P08,S2,lv1,109,16.350738259141625,6.124786729162791,2.841569798124845
P08,S2,lv1,110,14.929420795562773,3.623997808722851,3.40740620688503
P08,S2,lv1,111,62.54755645405501,16.42185122345923,3.3050954262652237
P08,S2,lv1,112,15.243649059861347,6.371684416913491,2.6985803885936495
P08,S2,lv1,113,9.91174356781299,8.186162199360535,1.8103271090955002
P08,S2,lv1,114,8.63364608452319,10.164170971747453,1.3479859791730602
P08,S2,lv1,115,3.739523313900238,1.0627421657231626,3.2017842562382315
P08,S2,lv1,116,9.151997581157302,6.091332411659138,2.0918324866191145
P08,S2,lv1,117,5.724606519171124,8.519614787278725,1.0422663351810542
P08,S2,lv1,118,26.174383099601386,14.966656425646857,2.2898903842228107
P08,S2,lv1,119,2.811772737842645,3.843907872474393,1.1530305320700895
P08,S2,lv1,120,25.33723338438677,8.65436371890041,2.9619326191115847
P08,S2,lv1,121,23.16108866534596,12.668074375586638,2.3478430083892836
P08,S2,lv1,122,20.15933923494456,5.635012945248363,3.2233866896929264
P08,S2,lv1,123,3.8928909805355745,6.418644039828877,0.9086319566212149
P08,S2,lv1,124,5.170670506623444,7.90183044523748,1.0077094764631669
P08,S2,lv1,125,10.979405035172523,7.076962107131755,2.133662638256632
P08,S2,lv1,126,12.006812160763353,5.28851388775954,2.6302848511644017
P08,S2,lv1,127,5.947695330861843,3.994444600934844,2.0800859578827464
P08,S2,lv1,128,16.49618633158377,9.230850401516179,2.3180913369444944
P08,S2,lv1,129,6.385811722477441,10.590262493340035,0.9010650974840232
P08,S2,lv1,130,22.93428405383324,6.318625844215094,3.2422505605585625
P08,S2,lv1,131,18.394869269251938,5.962956249212447,3.03013931268181
P08,S2,lv1,132,34.527075693304155,11.889281310886266,2.9513616504949165
P08,S2,lv1,133,11.094477617245957,3.834616630733043,2.9464985423436385
P08,S2,lv1,134,4.321407635832364,7.900847557139723,0.7738543488640424
P08,S2,lv1,135,5.916641605029651,7.659719842472876,1.2240725779974237
P08,S2,lv1,136,12.057162590146985,9.230018721526658,1.9093524202585166
P08,S2,lv1,137,4.168291007589069,8.730704615231996,0.5965345846892206
P08,S2,lv1,138,10.836835760726862,10.079576935584285,1.655331304811664
P08,S2,lv1,139,21.97499765013185,6.368642531680675,3.176237587431591
P08,S2,lv1,140,10.558786908932777,6.642771967043517,2.165295001113654
P08,S2,lv1,141,8.283536855088151,7.8845637782147096,1.625232683532934
P08,S2,lv1,142,19.965987759287028,6.434778544580361,3.037713822995799
P08,S2,lv1,143,10.29115123590168,3.2843039823794675,3.050517892194295
P08,S2,lv1,144,33.53175588537716,7.077971808277198,3.589680171536546
P08,S2,lv1,145,10.650505638991422,8.854700301084979,1.8016977424236096
P08,S2,lv1,146,9.198005481317928,6.822236375271308,1.950569988854403
P08,S2,lv1,147,22.357081062178324,7.514230582962129,2.9829749283954916
P08,S2,lv1,148,5.916316372938626,6.670352222975112,1.4043878602212743
P08,S2,lv2,0,8.400905889611678,7.647248232570541,1.68344386980141
P08,S2,lv2,1,13.809962243253498,7.227620277954711,2.4053514526021553
P08,S2,lv2,2,13.860503110800552,6.5213333222844,2.544237598321353
P08,S2,lv2,3,25.743318931615047,8.459676580796994,3.0123471994060025
P08,S2,lv2,4,7.190751878290854,7.527974149861375,1.5010728616872668
P08,S2,lv2,5,50.17022632543835,9.595058434853508,3.7183719277203564
P08,S2,lv2,6,4.468140049707539,7.67100080194698,0.8559124732225006
P08,S2,lv2,7,5.279952423156611,3.177699956326903,2.223114704911729
P08,S2,lv2,8,5.0742382533011625,10.213490333463838,0.6484544117764387
P08,S2,lv2,9,11.62388876605992,7.030371434080066,2.2166759186072365
P08,S2,lv2,10,10.104868962419381,4.572531961390858,2.5950864815365438
P08,S2,lv2,11,10.837166707017989,4.3508633934277645,2.7511539779484315
P08,S2,lv2,12,7.489074280033826,3.657236305266224,2.4956827705657982
P08,S2,lv2,13,18.1386908098717,10.566486650974511,2.265635205644595
P08,S2,lv2,14,20.114746746435994,4.718606119729205,3.451991740595387
P08,S2,lv2,15,14.316801580927041,7.319480338963199,2.4358901836285085
P08,S2,lv2,16,4.584886988606381,6.285697112757304,1.149330359555383
P08,S2,lv2,17,4.370685696599007,8.09094672250024,0.7576328952540335
P08,S2,lv2,18,3.5521084509420153,5.3044380497284225,1.037825002688288
P08,S2,lv2,19,7.922537173843137,4.490365535360558,2.3013955701377045
P08,S2,lv2,20,10.703013593846894,7.161305953665214,2.084955823004719
P08,S2,lv2,21,4.84341697711017,3.8697234387733146,1.8535804350063825
P08,S2,lv2,22,10.850190005986182,4.73943140472265,2.6411476742546416
P08,S2,lv2,23,9.993499224154052,7.930087225524375,1.862493112348256
P08,S2,lv2,24,3.749921502027281,4.661756816281098,1.2769601933720014
P08,S2,lv2,25,15.933553928465527,4.7528352376437955,3.1386308050980953
P08,S2,lv2,26,10.181522571595451,4.821637232297976,2.5357552475795866
P08,S2,lv2,27,7.675276946516088,4.661292214368845,2.211313785596268
P08,S2,lv2,28,29.299452331020543,5.148407079520783,3.8288556944246994
P08,S2,lv2,29,6.64836331749326,5.389885995087044,1.8345496029308008
P08,S2,lv2,30,5.387521478088088,5.099253568750715,1.6325734068165136
P08,S2,lv2,31,33.596475075897146,6.816323379505501,3.641324073284072
P08,S2,lv2,32,3.066934237740327,3.633849309388004,1.3396227655853996
P08,S2,lv2,33,13.464018590395744,5.946908871814694,2.62664898364634
P08,S2,lv2,34,4.793572868459703,7.84924580948316,0.9176490468276568
P08,S2,lv2,35,9.935530474686974,5.872297476308259,2.2467378651222045
P08,S2,lv2,36,3.389299561140166,6.794549007689378,0.6537180321498232
P08,S2,lv2,37,19.043917055192637,4.784988676369579,3.362418671141658
P08,S2,lv2,38,10.075532204781736,9.479076616930422,1.6404405626242087
P08,S2,lv2,39,3.0269053420556986,3.480497854588749,1.3787247120803992
P08,S2,lv2,40,16.519801060693258,6.623673851783074,2.752852511187668
P08,S2,lv2,41,8.808561543815353,5.757401551997433,2.1154826313640287
P08,S2,lv2,42,5.790389525486607,2.755822699853952,2.5292631751677996
P08,S2,lv2,43,15.054931610626552,5.7995539560430815,2.8050437833176103
P08,S2,lv2,44,30.273271018558653,3.0059845054088576,4.573316878418076
P08,S2,lv2,45,6.611139886947147,5.587403900624487,1.7802843984140073
P08,S2,lv2,46,4.339236426297914,3.4789631852191847,1.8490501937520907
P08,S2,lv2,47,17.730159833499215,5.390825084492445,3.113696447014375
P08,S2,lv2,48,21.960109501669972,6.226915081171054,3.2047070853744666
P08,S2,lv2,49,6.909845802013502,3.8664440093873687,2.318135753699187
P08,S2,lv2,50,10.550735797439563,6.674583134360311,2.1580689652069007
P08,S2,lv2,51,4.727849619761242,4.047860306689414,1.763381735534474
P08,S2,lv2,52,6.8833252078207385,4.831038808215072,2.022620309083253
P08,S2,lv2,53,6.436767127001581,3.1515732864743016,2.49227490622477
P08,S2,lv2,54,12.082244889211593,3.440093306969696,3.199348864723888
P08,S2,lv2,55,17.247901642859485,7.064449181479671,2.725078810140445
P08,S2,lv2,56,18.48196346594415,10.40430359417042,2.3102626412955507
P08,S2,lv2,57,8.85518866107515,4.192962545875096,2.5359313544759297
P08,S2,lv2,58,12.763429852933719,6.643860673193153,2.412408214197189
P08,S2,lv2,59,9.702362126683479,5.816496625210586,2.2282168448913873
P08,S2,lv2,60,6.483116637206143,3.4398532395074044,2.387472435210818
P08,S2,lv2,61,17.597795384459417,5.15147297731376,3.1631580953014833
P08,S2,lv2,62,8.535071731738517,3.408666126661794,2.758008586026435
P08,S2,lv2,63,15.175959920133428,7.630116107680372,2.45769150596673
P08,S2,lv2,64,7.894830895655149,3.3072615691748584,2.6956960865579402
P08,S2,lv2,65,13.134214993215007,5.757280739827808,2.6365695711545367
P08,S2,lv2,66,6.85844895195421,8.476632528129432,1.2845583671765946
P08,S2,lv2,67,5.494399366091892,4.261032108571351,1.8924227977201928
P08,S2,lv2,68,8.745640356062943,11.205095088144366,1.2376282735803845
P08,S2,lv2,69,8.034932863725986,5.090075538697197,2.156265290114212
P08,S2,lv2,70,25.6977832024601,4.640815683938104,3.7931613337098415
P08,S2,lv2,71,9.227968246782659,3.171260430206131,2.9539744362698843
P08,S2,lv2,72,22.074882118791677,7.363551117950749,2.992827068166805
P08,S2,lv2,73,4.499093092831848,7.0358647034729875,0.9776420633266768
P08,S2,lv2,74,8.021742463997517,6.869322572110793,1.763131464730234
P08,S2,lv2,75,4.1803784784358085,7.940983497020306,0.7239697983911196
P08,S2,lv2,76,5.930652800281255,5.978731260093105,1.550317842165504
P08,S2,lv2,77,26.885837354939284,7.939080446846185,3.151825448243321
P08,S2,lv2,78,12.280859210183126,4.218542015401613,2.954551631500174
P08,S2,lv2,79,29.18283648179509,11.335174634731805,2.794277444642709
P08,S2,lv2,80,13.430930486343511,8.81070014647782,2.11072912566733
P08,S2,lv2,81,9.079971976156676,12.312045389907825,1.1636831897543773
P08,S2,lv2,82,7.650438224051826,6.743046816496793,1.725516881256288
P08,S2,lv2,83,7.761730651094123,4.217147220390061,2.3565266992244394
P08,S2,lv2,84,13.973182711727832,7.859062834930182,2.3114323603419407
P08,S2,lv2,85,5.398314791376795,6.866148472756595,1.2471453857199075
P08,S2,lv2,86,22.963359677799865,7.9629112037490986,2.942229882517216
P08,S2,lv2,87,10.084517928134012,4.116228926309763,2.7295766446018725
P08,S2,lv2,88,9.739311561173317,3.6555538481934833,2.8389530081832683
P08,S2,lv2,89,15.182152171546226,7.146425691700717,2.5436425417526976
P08,S2,lv2,90,6.571057895532748,6.641244183333757,1.5469913869932883
P08,S2,lv2,91,28.12214826871986,7.3614482769373835,3.3089906112802776
P08,S2,lv2,92,6.724810228637847,4.750035467601909,2.0142875739462416
P08,S2,lv2,93,23.297992609521998,6.558861051890706,3.2141027657950496
P08,S2,lv2,94,11.141778576053534,9.388513447612631,1.784162815069002
P08,S2,lv2,95,4.697236269333696,4.674058787267822,1.567300469471956
P08,S2,lv2,96,5.678326414497776,4.258414348752952,1.9361710617503642
P08,S2,lv2,97,7.28189109269612,5.943755528912431,1.8256842651210539
P08,S2,lv2,98,9.114061971667235,2.9206331850662064,3.0451551507283328
P08,S2,lv2,99,7.128904874071693,7.240996621099203,1.5405002727580832
P08,S2,lv2,100,4.03334861692424,6.159688033951478,1.0085740692003267
P08,S2,lv2,101,2.9674318989331376,4.589524953608394,0.9920742112156333
P08,S2,lv2,102,4.042453727615243,3.539567603374887,1.7341202884614806
P08,S2,lv2,103,2.643582207780815,2.111809935910628,1.8537788280015395
P08,S2,lv2,104,27.477078020342926,11.768166578957823,2.666827295179563
P08,S2,lv2,105,23.250023743843037,5.219540550082269,3.5093244459355577
P08,S2,lv2,106,9.286170403072461,6.106091028691574,2.107658895791614
P08,S2,lv2,107,10.9159923266016,7.674744933605247,2.020342376893664
P08,S2,lv2,108,12.45096256961552,7.927833499932398,2.149629276736614
P08,S2,lv2,109,10.788225229381005,4.889917904560547,2.5929076325393954
P08,S2,lv2,110,13.773323360619198,8.576087711466302,2.1787640788772267
P08,S2,lv2,111,17.25759121637157,9.140808350547248,2.3897298296933083
P08,S2,lv2,112,16.65310775130393,7.240160481865281,2.6472622651254025
P08,S2,lv2,113,10.90681757575625,8.086156302709906,1.9511376495883421
P08,S2,lv2,114,16.096991758405444,5.40344293843179,2.9846073949187453
P08,S2,lv2,115,18.240011075824594,15.416576685612968,1.780196914621362
P08,S2,lv2,116,9.863027080173525,17.01636302320215,0.8495117703200942
P08,S2,lv2,117,13.708984487285026,4.643034485450532,2.97298252312242
P08,S2,lv2,118,6.146129452884138,2.7002350372868,2.6336066387604733
P08,S2,lv2,119,7.452508557899583,7.193947014178272,1.6069042394132307
P08,S2,lv2,120,13.028567102497309,4.206657019873708,3.0353183016405865
P08,S2,lv2,121,11.937117691045014,3.9404541691045303,3.006468109916763
P08,S2,lv2,122,27.27527082470224,5.682641821412439,3.606712511355926
P08,S2,lv2,123,8.638418145125295,6.548769375483669,1.9220621046800201
P08,S2,lv2,124,6.000758417745126,4.890053593433207,1.827814412488588
P08,S2,lv2,125,11.518216484663087,8.902243945499452,1.89686858230085
P08,S2,lv2,126,7.280932184675747,5.769742227630966,1.864267896454041
P08,S2,lv2,127,15.777083844971456,7.577206252369865,2.517433764724393
P08,S2,lv2,128,34.46104526787509,9.03326949833358,3.307183412829797
P08,S2,lv2,129,9.682529874416744,11.404052936859983,1.3474073776231696
P08,S2,lv2,130,9.442735483059849,9.104461204606366,1.6084308638458604
P08,S2,lv2,131,107.40022625257696,12.168120307740773,4.401258509599224
P08,S2,lv2,132,21.7746806144034,15.099171820686859,2.0383600032316487
P08,S2,lv2,133,7.869072134885054,4.906444905302678,2.176983368763815
P08,S2,lv2,134,13.61054036390308,10.94541662690831,1.8450846853423273
P08,S2,lv2,135,18.70974190694453,9.150695074520593,2.493696418708412
P08,S2,lv2,136,3.836840037490908,4.983502227894829,1.2197979426151815
P08,S2,lv2,137,8.55082078857114,9.36936269963196,1.441613415461369
P08,S2,lv2,138,22.082289447119212,8.528340253357943,2.801726360309823
P08,S2,lv2,139,24.857648932962313,11.445911701796764,2.57236913901734
P08,S2,lv2,140,9.56953698256215,6.56860200446272,2.051632253780505
P08,S2,lv2,141,7.208551537375009,4.499932663620956,2.1754378794495395
P08,S2,lv2,142,18.950633327717494,2.7897654171988338,4.059713029035288
P08,S2,lv2,143,7.333219804482224,8.984508893842218,1.2959640900013731
P08,S2,lv2,144,12.23434688183744,9.854821873650605,1.8429492028698675
P08,S2,lv2,145,13.996741340877312,7.4875892776048305,2.3767839093588927
P08,S2,lv2,146,15.379281956747784,8.225603250430618,2.3770343128993816
P08,S2,lv2,147,5.899753853148191,3.8766714259154336,2.1085644478817187
P08,S2,lv2,148,6.092837096857418,4.78014390581166,1.877326045891718
P09,S1,lv0,0,14.04749383454594,2.836056808912096,2.994108261886111
P09,S1,lv0,1,2.7667772155919033,1.5019642072766428,0.487401691563995
P09,S1,lv0,2,83.93084777494704,8.158258956443506,4.846497158906393
P09,S1,lv0,3,70.88659247395623,5.353963471050746,5.48584970177012
P09,S1,lv0,4,7.7055090802308035,1.798884989992226,2.6259766272102483
P09,S1,lv0,5,4.2938426963110805,2.25496243648231,0.5713859257406511
P09,S1,lv0,6,3.4726550522386512,1.7514552622749198,0.673830827251878
P09,S1,lv0,7,2.0789831693658463,1.5365507552112396,0.0
P09,S1,lv0,8,5.243023452927355,2.4772111802454013,0.8393002846231928
P09,S1,lv0,9,7.842104984642161,2.8688574942252343,1.4876412851767857
P09,S1,lv0,10,9.276582915825438,4.183771116448534,0.9571831052977303
P09,S1,lv0,11,14.192924076392153,2.5402287115203293,3.299387729550108
P09,S1,lv0,12,6.686455481814464,1.7610558179983098,2.320347224520169
P09,S1,lv0,13,6.110792621952007,1.6488526110838384,2.259033991787508
P09,S1,lv0,14,10.103367357328088,2.246275152340244,2.749717648291829
P09,S1,lv0,15,7.016017072623499,2.181553044794208,1.8996270671686526
P09,S1,lv0,16,6.9658045267106665,2.9880536840401972,1.0841774839500038
P09,S1,lv0,17,12.783442011072532,3.1520952733985914,2.4873891011644926
P09,S1,lv0,18,93.95619958476942,16.347226634029038,3.3710597937447537
P09,S1,lv0,19,13.497528058793081,4.243773631285232,1.871483945274782
P09,S1,lv0,20,4.85792872939041,2.75067337684945,0.3805994222923598
P09,S1,lv0,21,20.582968079429193,2.6350545825284564,4.148550450660309
P09,S1,lv0,22,7.959779168169423,3.0174983649480724,1.3973694749472554
P09,S1,lv0,23,7.1712713939808985,1.869253531832557,2.346636335705002
P09,S1,lv0,24,4.5379594280188655,1.7641707409876823,1.3335653736649733
P09,S1,lv0,25,8.817577075333432,2.2592838120736958,2.3901130928485403
P09,S1,lv0,26,12.11980554936547,3.5531438319949458,2.0487681121106767
P09,S1,lv0,27,95.41198256360104,3.636851296723926,7.218895906850313
P09,S1,lv0,28,7.91042146058209,1.878236796995468,2.583094293277609
P09,S1,lv0,29,6.185467738945923,2.53598180209129,1.1988052140120031
P09,S1,lv0,30,7.578933021592695,1.5863577086610698,2.902626902508655
P09,S1,lv0,31,9.832327262531802,1.8190911709274213,3.215374384326743
P09,S1,lv0,32,8.786961367455019,1.9972129788019095,2.693762900874135
P09,S1,lv0,33,6.689014476382795,2.686860667810453,1.250685238958705
P09,S1,lv0,34,9.241009574717241,4.195679909763629,0.9402427123544206
P09,S1,lv0,35,8.55603227679411,2.8427260131857697,1.7316409349958348
P09,S1,lv0,36,9.36357063879657,3.150067942953752,1.7000373674028948
P09,S1,lv0,37,11.197123501424949,2.3654661548160387,2.8791848619726412
P09,S1,lv0,38,8.17417452136883,1.6356600188238217,3.016673403567375
P09,S1,lv0,39,3.2798354813707897,1.6029133186658047,0.7536556728962505
P09,S1,lv0,40,4.923947007681054,3.926773921052283,0.0
P09,S1,lv0,41,94.78119103008417,1.9896916938971994,8.730607448183951
P09,S1,lv0,42,32.43759384531974,3.910297121773002,4.300973813955207
P09,S1,lv0,43,14.922072398982149,3.1911209786959738,2.848234767200234
P09,S1,lv0,44,7.6544361697870436,1.4926802702084294,3.0820038329932418
P09,S1,lv0,45,10.17158473033189,2.0037716148984597,3.0562930113229467
P09,S1,lv0,46,5.976343975824354,2.8901428697395466,0.7803482372133183
P09,S1,lv0,47,5.878880007280282,2.8101586045967903,0.8098023342478257
P09,S1,lv0,48,6.615244058947468,2.1710588032060536,1.7627837040011376
P09,S1,lv0,49,13.591325350090404,4.320357491231798,1.8437080229724139
P09,S1,lv0,50,14.140851470946918,3.7797091584367295,2.2829676793978426
P09,S1,lv0,51,7.418075365826135,2.514402321480925,1.6809842330115108
P09,S1,lv0,52,5.248857401333345,2.5464116820601834,0.7722947053936527
P09,S1,lv0,53,4.191965797383669,2.8585169212520114,0.0
P09,S1,lv0,54,79.59347096806869,7.323699185305591,4.9855127366833285
P09,S1,lv0,55,6.535088165194246,2.3967940294887278,1.4812051991899609
P09,S1,lv0,56,5.183707150416797,2.6669852611646685,0.6233969422290538
P09,S1,lv0,57,7.101134777860486,2.0387694296460577,2.101734699764806
P09,S1,lv0,58,13.87112995139273,2.8286559823938107,2.9687113624894557
P09,S1,lv0,59,21.06475216466035,3.990754037082625,3.1552670916164938
P09,S1,lv0,60,3.6205281588125264,1.5905978069621691,1.023656637040041
P09,S1,lv0,61,3.8850399106446454,2.8224659657405677,0.0
P09,S1,lv0,62,4.286487755905524,2.689769229916965,0.12019172725313802
P09,S1,lv0,63,12.097850306215715,2.2817479921509114,3.1665827227751797
P09,S1,lv0,64,6.007498569036056,2.911396729032,0.7749564046087771
P09,S1,lv0,65,2.574980767473494,1.9063380987850296,0.0
P09,S1,lv0,66,193.52368951743972,13.292368360946922,5.726519303162725
P09,S1,lv0,67,163.41616006981386,4.640000983682373,7.965240294342549
P09,S1,lv0,68,8.613652874921476,1.859061305702898,2.8249385910642415
P09,S1,lv0,69,7.221025051423286,2.981258441591056,1.1811403779879655
P09,S1,lv0,70,9.541359022309338,3.0068647198152942,1.8656154017682753
P09,S1,lv0,71,8.795181922799522,4.101186672595357,0.8726584394828895
P09,S1,lv0,72,8.087140644480668,2.719192688978659,1.701399593995234
P09,S1,lv0,73,2.447680976097172,1.5417587575328675,0.11057395787325543
P09,S1,lv0,74,208.0035038936256,10.029776348391062,6.623113916530433
P09,S1,lv0,75,6.767231901313236,3.190913814518529,0.8444191867785663
P09,S1,lv0,76,13.261162705511003,2.029200375835141,3.696530757182644
P09,S1,lv0,77,8.02957453534029,1.8625877759768676,2.6421864607884706
P09,S1,lv0,78,3.970763408149227,2.0106175873035785,0.6638052491626678
P09,S1,lv0,79,7.45135131899727,2.8410481524841593,1.3827954010077015
P09,S1,lv0,80,13.015967841220956,4.399232095289121,1.6882383255527167
P09,S1,lv0,81,33.570818047860264,5.644195744111752,3.457881710446604
P09,S1,lv0,82,6.235825557801643,1.9950483835746369,1.8273595844337422
P09,S1,lv0,83,12.706468512412664,1.434368801295309,4.467429389845306
P09,S1,lv0,84,5.502803731815597,1.3152627260978171,2.566301382178745
P09,S1,lv0,85,4.826725884931176,1.8009014222404955,1.4376845767582356
P09,S1,lv0,86,7.70049334089584,1.908925374270649,2.4738575724215432
P09,S1,lv0,87,5.5381451275219025,1.2125975701802505,2.7884906231182516
P09,S1,lv0,88,8.194360513894562,1.2365388059262614,3.731838672739655
P09,S1,lv0,89,5.433730578555929,2.267403282641628,1.1541231087089887
P09,S1,lv0,90,81.52594341438233,4.760130250084299,6.138178571065058
P09,S1,lv0,91,6.689265330659805,2.067515630497572,1.9148268780928568
P09,S1,lv0,92,6.832218436550259,2.8148287616088448,1.1864537235908923
P09,S1,lv0,93,4.93283629840116,2.720399744209275,0.447425563636013
P09,S1,lv0,94,6.649301872501901,1.9733541911540229,2.017771333406621
P09,S1,lv0,95,5.202841603005521,2.3255656556549416,0.9798937957994811
P09,S1,lv0,96,6.931815515674934,2.871703011862584,1.1724354079021162
P09,S1,lv0,97,6.929446223986126,2.4140066176580675,1.6115640425173299
P09,S1,lv0,98,3.5211285561379473,1.985245113337181,0.39142776054692124
P09,S1,lv0,99,8.270087313090317,1.5777424739506747,3.1376009317093874
P09,S1,lv0,100,246.95369316463112,6.668020279771601,8.092695148322491
P09,S1,lv0,101,3.467951561930301,2.2659978953512536,0.01764606732496671
P09,S1,lv0,102,249.57616941511284,6.770974431042427,8.08063529864069
P09,S1,lv0,103,6.009875655828823,2.995838407242295,0.7035009214903128
P09,S1,lv0,104,8.560325263032112,2.5053542612444524,2.0530761408643112
P09,S1,lv0,105,5.985230338914387,2.5482330070520582,1.1031941286170817
P09,S1,lv0,106,6.858215597501502,2.050860024122641,1.9985384921501375
P09,S1,lv0,107,2.3484485312046153,1.8430203843758033,0.0
P09,S1,lv0,108,6.270019251692973,1.637815055161837,2.3412448203976006
P09,S1,lv0,109,1.9592574040181916,1.9201993474456316,0.0
P09,S1,lv0,110,6.6227823232341585,1.919373419729504,2.0779342373861964
P09,S1,lv0,111,15.264516731949028,2.7103007237519647,3.319616237059786
P09,S1,lv0,112,5.6403304495608415,2.2471460276537183,1.2714374397401367
P09,S1,lv0,113,6.980189634275905,3.491524363327418,0.6947772531184527
P09,S1,lv0,114,9.009427392286723,1.9852749950908632,2.7723200344214605
P09,S1,lv0,115,9.802453045042283,4.8119975132073485,0.7423779212372751
P09,S1,lv0,116,9.850393572329907,2.545129639726404,2.368902602390398
P09,S1,lv0,117,7.559016079051502,2.0908249202655314,2.196197830760983
P09,S1,lv0,118,53.03676216347894,5.396842901519598,4.730449264744971
P09,S1,lv0,119,12.63628177617412,1.4857750391027824,4.364155794754692
P09,S1,lv0,120,4.2741545780519825,1.5314487900172868,1.5403002938735544
P09,S1,lv0,121,9.478678624148879,1.969826863830075,2.920791302520531
P09,S1,lv0,122,4.504396165625743,3.3746643954868865,0.0
P09,S1,lv0,123,11.22323086349445,1.6773797778111657,3.7562258196347016
P09,S1,lv0,124,2.3306335895195947,1.4813756800692977,0.0876432040715561
P09,S1,lv0,125,3.4016063035682924,2.3252288038366604,0.0
P09,S1,lv0,126,4.4255475730333655,1.4272031703756245,1.8071731259906672
P09,S1,lv0,127,3.5929861262713505,2.6206962101338234,0.0
P09,S1,lv0,128,63.876866756708985,3.6532381676990857,6.190630730256775
P09,S1,lv0,129,1.456445583362158,1.7756457386906412,0.0
P09,S1,lv0,130,2.7909800532650615,1.2156680489944585,1.0454237100700532
P09,S1,lv0,131,10.682666323257374,1.8181492435953452,3.4268973768756674
P09,S1,lv0,132,13.717803542444981,1.9202161347828202,3.9222309609619357
P09,S1,lv0,133,6.189551275846837,2.9997933543117505,0.7748136716803005
P09,S1,lv0,134,3.384869044350105,1.479672234190303,1.0362890791551993
P09,S1,lv0,135,9.308083846132636,2.6544580511413742,2.1188019318653235
P09,S1,lv0,136,4.528684009663786,1.6669417673442122,1.4720486087347915
P09,S1,lv0,137,2.3843537702225377,1.7856319796854923,0.0
P09,S1,lv0,138,10.035509845387962,2.659319925105836,2.3048601906626156
P09,S1,lv0,139,19.44469152462739,2.072039007371151,4.61354240459691
P09,S1,lv0,140,8.449408566078889,2.372056399697522,2.158581115559094
P09,S1,lv0,141,3.141661887510864,2.1146634632922057,0.0
P09,S1,lv0,142,4.472937648690654,2.4468833449008325,0.46794048703156643
P09,S1,lv0,143,6.365616678460956,2.59648322575071,1.2118096735646025
P09,S1,lv0,144,5.515152330647539,1.692206019147634,1.9333522475594016
P09,S1,lv0,145,11.016591457532979,4.242763756898234,1.3573644489077425
P09,S1,lv0,146,6.0307216042884635,2.791314284461636,0.8914790639610428
P09,S1,lv0,147,7.320028605938916,2.7261401487983172,1.4423640091356877
P09,S1,lv0,148,8.182130437072177,1.4756113024557342,3.2801038879139943
P09,S1,lv1,0,9.09866431597004,4.516809110139169,0.7139976499944475
P09,S1,lv1,1,47.544159554262805,4.470974652411331,4.930356704942547
P09,S1,lv1,2,174.42095184895626,7.369361193928064,6.958003766109641
P09,S1,lv1,3,4.438961346444335,3.75090878963673,0.0
P09,S1,lv1,4,45.3316850506787,4.112374988741107,5.021471648897692
P09,S1,lv1,5,6.804119811809348,4.804605706930889,0.0
P09,S1,lv1,6,13.659567023904689,3.3260638769442377,2.519237973715632
P09,S1,lv1,7,6.684883614644144,5.8709269591571145,0.0
P09,S1,lv1,8,16.54818165318951,3.983344702474247,2.548391849067257
P09,S1,lv1,9,95.96782412584868,9.620917443003135,4.768215551526595
P09,S1,lv1,10,8.084358321358218,3.4742804096677746,1.079496327732698
P09,S1,lv1,11,33.685057273766475,2.9288046811397948,5.129063062476933
P09,S1,lv1,12,7.542691667204159,1.952909305827554,2.3636542804351084
P09,S1,lv1,13,4.312921614769067,2.267357263557906,0.5687295966596025
P09,S1,lv1,14,33.859690027828236,3.1877140803756876,4.927489485062624
P09,S1,lv1,15,11.14878101769859,3.3466238946638525,1.9888830366107144
P09,S1,lv1,16,14.529860510854153,3.3637099978950236,2.6472464104328775
P09,S1,lv1,17,4.065550153594077,2.4965470553290974,0.17500359340729107
P09,S1,lv1,18,56.04909306390409,4.131274185005462,5.547680809311557
P09,S1,lv1,19,18.468203294416313,2.059969635981193,4.497772237613925
P09,S1,lv1,20,5.213450995337229,2.096283947927927,1.248107143449518
P09,S1,lv1,21,5.841360923259685,2.7385961799157954,0.8589496582401694
P09,S1,lv1,22,8.397573202153682,3.0041665808342985,1.5442802785222305
P09,S1,lv1,23,19.191217727758104,2.850808937214651,3.7716775215478155
P09,S1,lv1,24,22.99163401175256,4.146288643500734,3.2801965531919968
P09,S1,lv1,25,87.56664861623743,5.7163618155068265,5.8554071381610076
P09,S1,lv1,26,12.050712573764512,3.596163778324736,2.0037795626607484
P09,S1,lv1,27,23.252804141705308,3.866371511501404,3.4859610128082172
P09,S1,lv1,28,8.98042490851471,3.606577595206474,1.2511790029735617
P09,S1,lv1,29,2.929069497923067,1.6864001468023757,0.33833324906313084
P09,S1,lv1,30,8.250953906841998,1.9241891593101434,2.6286519159107424
P09,S1,lv1,31,4.258948185506756,2.067786525830615,0.7703135843809273
P09,S1,lv1,32,3.598916052345576,4.537212134875114,0.0
P09,S1,lv1,33,14.427720971437687,2.5241168586081613,3.3570952208610474
P09,S1,lv1,34,1.972232542585824,1.3990812744793975,0.0
P09,S1,lv1,35,22.287804092307766,6.550415573089281,2.0424400018218836
P09,S1,lv1,36,14.1726891842482,2.9044818981485396,2.956176237897257
P09,S1,lv1,37,17.06566987051844,2.9996922274695454,3.3451814758255596
P09,S1,lv1,38,10.97609823076189,2.7288973288490292,2.466453565541643
P09,S1,lv1,39,135.76674605429275,6.315568468304836,6.714155176562231
P09,S1,lv1,40,23.853457797816603,5.325444921107179,2.739168741775492
P09,S1,lv1,41,11.813014701539938,3.5581020299395325,1.9802575604623953
P09,S1,lv1,42,10.372556510039916,2.4846813194949355,2.560720434883443
P09,S1,lv1,43,7.089462446913179,3.101695304196479,1.0341756574479495
P09,S1,lv1,44,9.063730424017411,2.2410646002199037,2.4804107545450482
P09,S1,lv1,45,32.69521585661854,4.822980320217351,3.789383849293719
P09,S1,lv1,46,11.371774977284364,5.641293777632045,0.7157694788558883
P09,S1,lv1,47,99.52952790016187,6.813584594531368,5.7349486744339515
P09,S1,lv1,48,10.399285552034902,4.710287232406845,0.946305923914378
P09,S1,lv1,49,7.463320239397472,1.5701949038181107,2.889623120303553
P09,S1,lv1,50,5.554751741813536,4.382913196009305,0.0
P09,S1,lv1,51,40.01038404508708,4.573730336346219,4.4355572247491395
P09,S1,lv1,52,5.535937489241917,3.1042683165557294,0.4052236810235784
P09,S1,lv1,53,39.050398270743834,3.533975360264468,5.027615133535738
P09,S1,lv1,54,33.319825735359665,5.805968348481147,3.3672475260958734
P09,S1,lv1,55,95.89501072701931,4.99083104479083,6.429634061278105
P09,S1,lv1,56,10.29010384939222,2.3577053575957168,2.673431743510114
P09,S1,lv1,57,5.6209168040084885,2.142961621816272,1.383007332936113
P09,S1,lv1,58,152.89942714026185,13.664195259757623,5.059475505110515
P09,S1,lv1,59,7.201152647812928,2.54292825662039,1.5771809448204113
P09,S1,lv1,60,9.296967838754925,4.200833568337659,0.9524315739576803
P09,S1,lv1,61,5.976541713026184,2.907488049906702,0.7652680753438089
P09,S1,lv1,62,4.901277214922534,1.671922400909619,1.6648591569828148
P09,S1,lv1,63,6.512440603100201,2.761328794872079,1.1136040162172764
P09,S1,lv1,64,16.03902156927762,1.7089748081274452,4.613770450558299
P09,S1,lv1,65,101.76441594627265,10.739082743087998,4.638200595216143
P09,S1,lv1,66,15.028488968393761,2.4729929226425735,3.5123410353685833
P09,S1,lv1,67,11.512452230104396,3.1366289193202124,2.2344610834398226
P09,S1,lv1,68,20.812359110158052,2.2273394529504187,4.602640546683045
P09,S1,lv1,69,10.816465606062874,2.2287768080192754,2.9423767250283004
P09,S1,lv1,70,5.713921678766839,2.147823675461369,1.4188535445037747
P09,S1,lv1,71,4.85188981120887,1.9807617642322577,1.2096139520357714
P09,S1,lv1,72,72.25211161378957,5.7126372122008595,5.369872414643743
P09,S1,lv1,73,3.283534177212699,1.6229257670688937,0.7250672754663033
P09,S1,lv1,74,4.083732377937826,3.591710826865797,0.0
P09,S1,lv1,75,300.3434181970389,13.412968573551177,6.817513151895305
P09,S1,lv1,76,50.54186408903334,5.7862643179056255,4.431769017401344
P09,S1,lv1,77,44.64709163156563,5.209067610414869,4.383803193403779
P09,S1,lv1,78,5.928673035952237,1.98760064881964,1.7088301397693202
P09,S1,lv1,79,6.460312883591536,2.479078128506407,1.366496517034712
P09,S1,lv1,80,71.31166339904554,4.388613247199625,6.004876330689297
P09,S1,lv1,81,26.479963584994465,6.110743110957247,2.655301926400372
P09,S1,lv1,82,7.672822801306618,1.5218661489301466,3.0390103837640763
P09,S1,lv1,83,5.951704404971991,2.9324203924292696,0.7330748206503865
P09,S1,lv1,84,4.847960933229401,1.8342709067205978,1.4022808818981285
P09,S1,lv1,85,49.83301888858749,9.455182533183379,3.151450089939563
P09,S1,lv1,86,17.307358012538376,3.047315426510673,3.340902525990107
P09,S1,lv1,87,14.812343627647424,2.0686842703877177,3.9280377742526484
P09,S1,lv1,88,22.108395908025177,3.685902173877453,3.4792017415289376
P09,S1,lv1,89,5.901322760153897,3.0679525470106532,0.5970261354794442
P09,S1,lv1,90,61.072133146203726,8.387815267556062,3.9704299689050266
P09,S1,lv1,91,10.737926593894079,2.5342641705450104,2.5983787613155185
P09,S1,lv1,92,8.442649748296482,2.7990397472615984,1.737081252016095
P09,S1,lv1,93,10.238345962065361,1.8993666693097904,3.208483534020956
P09,S1,lv1,94,21.141820269086246,4.176218276100978,3.049400160476438
P09,S1,lv1,95,4.358517616583807,2.4610366671051014,0.38765211787081955
P09,S1,lv1,96,151.95588748727587,8.957923924684867,6.113863441917867
P09,S1,lv1,97,4.860458449357937,2.6199288687951197,0.5053346018163218
P09,S1,lv1,98,48.64438683993797,3.2375569550624634,5.806368214506593
P09,S1,lv1,99,5.751748737791784,2.4858396198695045,1.0651769300702558
P09,S1,lv1,100,6.7291187946721625,2.81492736526856,1.1478306413995092
P09,S1,lv1,101,66.0796155638803,2.762416797037893,6.984901974731974
P09,S1,lv1,102,13.551078336070349,3.5960049784840495,2.3012697758376524
P09,S1,lv1,103,43.478267516946374,5.059683503691922,4.390313741224077
P09,S1,lv1,104,101.49185732361475,6.230646907376385,6.011089875478959
P09,S1,lv1,105,85.80532742882168,12.282061955908114,3.8656772598042353
P09,S1,lv1,106,5.23393604926209,4.660190520538573,0.0
P09,S1,lv1,107,14.259243289470938,4.7397010791649645,1.7305212142633246
P09,S1,lv1,108,3.8697568638840227,1.7294500290378778,0.9802652889680649
P09,S1,lv1,109,5.9189760642539735,1.97679412432451,1.7184980597639374
P09,S1,lv1,110,5.480782935306731,2.5183444701025923,0.9099593230957926
P09,S1,lv1,111,125.65929505738676,9.2719981005949,5.544977356404211
P09,S1,lv1,112,29.003752139704634,5.632292840520075,3.09263910081022
P09,S1,lv1,113,9.108258749844627,4.800785784493208,0.5621439060865582
P09,S1,lv1,114,8.086014424231857,2.0954550609586233,2.3613894490538203
P09,S1,lv1,115,4.642343070409941,1.292161972107239,2.180282810480345
P09,S1,lv1,116,151.73562698946498,8.610779244445482,6.210351384785253
P09,S1,lv1,117,4.595948455050985,3.968412151208534,0.0
P09,S1,lv1,118,10.933997952752222,3.7367318367562468,1.6601552794283054
P09,S1,lv1,119,7.455232156883192,3.215183598947156,1.0705956424015501
P09,S1,lv1,120,11.8839841173731,1.9243155770164704,3.5531498414841183
P09,S1,lv1,121,8.770900191845591,4.059919624055735,0.8912817732719921
P09,S1,lv1,122,10.326127779085708,2.6808911793842523,2.3567336719773326
P09,S1,lv1,123,8.052839458067222,3.6769525638337237,0.925910644258614
P09,S1,lv1,124,8.166117799276716,5.2403508130077245,0.06340582215721845
P09,S1,lv1,125,9.164217823482991,4.144344116207748,0.9502943112745993
P09,S1,lv1,126,164.9684432661525,11.420572204805737,5.706569518349302
P09,S1,lv1,127,52.35398402236341,3.980642522420732,5.468972932624391
P09,S1,lv1,128,188.34592492865355,8.53432403739192,6.780714496518779
P09,S1,lv1,129,4.35632092701166,1.9251406036777468,1.008752234815535
P09,S1,lv1,130,90.60523257103071,6.486355527539457,5.621603356059958
P09,S1,lv1,131,11.389783233171393,2.342655025425624,2.9469769133277652
P09,S1,lv1,132,196.9019300692606,17.114128511443667,5.129928476492773
P09,S1,lv1,133,18.62222639920444,3.9647549154419797,2.859493474926286
P09,S1,lv1,134,113.33827840096171,11.121553383915076,4.822496396842483
P09,S1,lv1,135,94.56237422636994,6.906206247440425,5.570988854647895
P09,S1,lv1,136,8.971924806632082,5.825434639242566,0.03365705143336197
P09,S1,lv1,137,5.190171467767567,1.2117707627937442,2.625762454077151
P09,S1,lv1,138,39.15452501086858,3.484508644450562,5.070087840043735
P09,S1,lv1,139,47.857859369384535,3.8210707875867826,5.345096998683147
P09,S1,lv1,140,79.68799119143017,5.853556407537524,5.55636680001125
P09,S1,lv1,141,3.900714528602034,1.374284284819965,1.583014461769549
P09,S1,lv1,142,15.932016542158433,3.7157677941363163,2.628452257915487
P09,S1,lv1,143,68.22031284172479,5.299296982138944,5.4146972813336145
P09,S1,lv1,144,29.691814497031984,3.5326185042480946,4.334242133500624
P09,S1,lv1,145,5.605895050207505,1.6374373951060268,2.0580895406308732
P09,S1,lv1,146,2.899721639887047,2.417979006157383,0.0
P09,S1,lv1,147,3.7083489230566227,2.5810785917239376,0.0
P09,S1,lv1,148,38.540696532798655,4.017225540785111,4.669505085521655
P09,S1,lv2,0,5.526833879108522,3.2296719785732626,0.3006888292683883
P09,S1,lv2,1,13.249042974275207,5.1261721415516295,1.3456523956733046
P09,S1,lv2,2,4.634953603343355,4.061549622528914,0.0
P09,S1,lv2,3,51.00275223768721,5.723515714267813,4.482407089762821
P09,S1,lv2,4,10.609163555446981,2.6592416249763464,2.44581118138496
P09,S1,lv2,5,4.510164860996029,4.2194048127176575,0.0
P09,S1,lv2,6,96.94888875880868,9.01136708393116,4.959867388822564
P09,S1,lv2,7,5.262618643943877,3.534823847798347,0.0
P09,S1,lv2,8,19.01292988128153,5.038630158015981,2.304671771694752
P09,S1,lv2,9,4.859877143146485,3.55404588411116,0.0
P09,S1,lv2,10,5.152146864395733,4.844844511685373,0.0
P09,S1,lv2,11,12.836225216813123,2.5085175017876744,3.076598971243144
P09,S1,lv2,12,9.789705236174402,4.276385681580704,1.0381354104595983
P09,S1,lv2,13,11.000684499983716,3.0095675687080563,2.224021049560606
P09,S1,lv2,14,8.057892232070467,4.592275068813022,0.3641520479182925
P09,S1,lv2,15,6.2595904762991115,3.5542563038754644,0.3735097898683376
P09,S1,lv2,16,6.024655503063671,1.8548326996534832,1.9247345247909562
P09,S1,lv2,17,108.35328321111575,9.063108781175142,5.227202747913618
P09,S1,lv2,18,3.1883990147611607,2.6065309985728784,0.0
P09,S1,lv2,19,11.164822572975181,4.789457955510744,1.0840757925108033
P09,S1,lv2,20,9.558736132427278,2.866084536171232,1.9917482129410748
P09,S1,lv2,21,29.737542305674726,9.600835280031394,1.8043420398703018
P09,S1,lv2,22,39.90123336961682,11.88625309487315,2.008261618674253
P09,S1,lv2,23,26.357561443864924,6.698083647689532,2.410981554686772
P09,S1,lv2,24,11.279566051416342,3.714323538969884,1.7542545521318083
P09,S1,lv2,25,171.43645911434214,14.112350278814395,5.26769430744691
P09,S1,lv2,26,6.218533148841315,5.094335357183042,0.0
P09,S1,lv2,27,27.74569545026563,5.855287758152819,2.881855382230639
P09,S1,lv2,28,26.582245941323354,4.317529991073102,3.545391926296533
P09,S1,lv2,29,6.785521167816909,3.3599478686578794,0.7204443881414292
P09,S1,lv2,30,55.66611509464139,3.271160642080462,6.121909748136057
P09,S1,lv2,31,4.763439719098436,2.234723140858078,0.8572626713016951
P09,S1,lv2,32,5.009535384687086,3.224996494349984,0.05531167912825576
P09,S1,lv2,33,34.36295113184184,4.722988297730171,3.9685588646552645
P09,S1,lv2,34,5.388644501570968,1.7079895289249412,1.851015133933481
P09,S1,lv2,35,66.08779631879737,9.749642947837755,3.7891728432242098
P09,S1,lv2,36,8.709845580570622,3.695161855053043,1.1121529615611698
P09,S1,lv2,37,69.2493321175858,6.59436528900756,4.898539922589035
P09,S1,lv2,38,71.30881424200709,4.20730997362735,6.111695846647513
P09,S1,lv2,39,5.603008747331223,3.813796515146848,0.0
P09,S1,lv2,40,85.85721547041496,8.567506882243013,4.779963234957722
P09,S1,lv2,41,6.401862201070951,4.724964593216503,0.0
P09,S1,lv2,42,3.3713279303652746,4.438118716915678,0.0
P09,S1,lv2,43,4.2365273180844545,2.1934622842905105,0.6074079433969451
P09,S1,lv2,44,11.427103354997563,7.005638435963439,0.17914012487814515
P09,S1,lv2,45,8.432313169982585,3.943649788250701,0.8651488526506413
P09,S1,lv2,46,6.321021146642437,3.1572196151413814,0.698455339060566
P09,S1,lv2,47,10.58236081177254,3.888950117173852,1.476125228513147
P09,S1,lv2,48,11.692502339490337,2.811254385416273,2.5513383153908653
P09,S1,lv2,49,2.833636145963367,1.4965723247988092,0.557028260802417
P09,S1,lv2,50,2.8159770453805453,2.9028722464930716,0.0
P09,S1,lv2,51,232.07971401367988,14.377632496582006,5.988050232318257
P09,S1,lv2,52,26.207244827002658,4.900912114830343,3.1881965692359655
P09,S1,lv2,53,3.167152832873032,1.7789003938312025,0.40105408472393045
P09,S1,lv2,54,137.73550425384403,7.806765306005373,6.213442228030332
P09,S1,lv2,55,3.8202705499764398,3.0187865673463854,0.0
P09,S1,lv2,56,5.089339729385774,2.892958096540995,0.3707211743642409
P09,S1,lv2,57,6.447925394524815,2.0764279193102695,1.8108023464745577
P09,S1,lv2,58,39.01797949609142,3.2328456609398755,5.251214942372026
P09,S1,lv2,59,63.89808705051129,7.998153270417539,4.205619149643774
P09,S1,lv2,60,43.37775833533665,5.168137807797334,4.3307001669981755
P09,S1,lv2,61,3.407340681088168,2.57144640155321,0.0
P09,S1,lv2,62,10.790497874379385,4.0568467687889385,1.4183704985489909
P09,S1,lv2,63,8.030959938239228,3.9954848922005803,0.7084660505621083
P09,S1,lv2,64,10.738092052447483,2.1726456231624973,2.9885897489043938
P09,S1,lv2,65,189.8886794316347,18.5821826302148,4.829447457776768
P09,S1,lv2,66,62.99922767262646,9.495054521588889,3.7349340331340355
P09,S1,lv2,67,4.689405389563165,2.412508505287414,0.6235666489637169
P09,S1,lv2,68,11.445424798683948,4.472190549397155,1.3206786215569692
P09,S1,lv2,69,137.1558721800356,9.142907681027799,5.8023695415273995
P09,S1,lv2,70,18.670699735307423,4.38217471447819,2.6123974736903133
P09,S1,lv2,71,54.17141172950213,8.110115386210236,3.751887944092994
P09,S1,lv2,72,82.89453679093161,10.08206022824739,4.278436049806929
P09,S1,lv2,73,9.651169937816926,3.5525647940823006,1.4719690427497552
P09,S1,lv2,74,47.425565326206936,4.220405824557981,5.070192230535625
P09,S1,lv2,75,34.90413028711576,7.092524626943382,2.977722732346599
P09,S1,lv2,76,6.801475404168961,2.9588526884932373,1.048563491166295
P09,S1,lv2,77,6.069777056206958,1.9085604058807364,1.8712785439380906
P09,S1,lv2,78,6.522905762039799,2.1627898482314962,1.7368307672876693
P09,S1,lv2,79,67.53661371616248,7.996430504114113,4.346514640085058
P09,S1,lv2,80,126.56264491206613,11.339652498171285,5.052963189408668
P09,S1,lv2,81,10.024277994523201,7.812184229129608,0.0
P09,S1,lv2,82,150.61608572650653,7.929669712139048,6.400416905862947
P09,S1,lv2,83,8.38838064945132,4.299811478168055,0.6327853468905575
P09,S1,lv2,84,2.0785591548404034,1.858196439359458,0.0
P09,S1,lv2,85,5.68267850668331,2.3427874775998303,1.1847639672332344
P09,S1,lv2,86,7.64664129930314,3.8069214725946012,0.7067086221344749
P09,S1,lv2,87,6.3104508985043255,4.9557014532251005,0.0
P09,S1,lv2,88,33.44147216162124,6.412976679558982,3.124481502733278
P09,S1,lv2,89,5.6384258496128234,2.260098780989158,1.2560156527301316
P09,S1,lv2,90,4.803674025739245,2.730158918917274,0.371108072933349
P09,S1,lv2,91,16.223312116151007,5.851793815612856,1.523393767812971
P09,S1,lv2,92,2.94171554566773,1.7164230106466827,0.3045305719115213
P09,S1,lv2,93,42.270258355727854,8.623196368788342,2.9677480443976885
P09,S1,lv2,94,19.52466837916125,2.783767921925863,3.8756421950407995
P09,S1,lv2,95,2.520332917274646,3.1503859461725416,0.0
P09,S1,lv2,96,6.195289592105178,4.309133024593434,0.0
P09,S1,lv2,97,3.5604455072901406,2.592354358655397,0.0
P09,S1,lv2,98,59.39778137232059,3.4039762160999927,6.185484423235315
P09,S1,lv2,99,134.12785473363707,6.518867004741845,6.603083664985256
P09,S1,lv2,100,177.50086876288472,12.90566784230669,5.582316382845252
P09,S1,lv2,101,6.292908861155225,2.8304178036869416,0.9640734302600827
P09,S1,lv2,102,9.05255211828929,3.1848718707749866,1.5865826956891553
P09,S1,lv2,103,3.4341764106387185,4.868393531884834,0.0
P09,S1,lv2,104,14.60395407088953,5.033162889717818,1.638811836055602
P09,S1,lv2,105,5.3269960868722155,1.533109626228707,2.0956047611543096
P09,S1,lv2,106,17.346772246825196,3.4543959955106844,3.028902566378637
P09,S1,lv2,107,47.972347422526255,5.66703011043446,4.352305312115157
P09,S1,lv2,108,4.868565396420604,2.3998802413606795,0.7318862398809997
P09,S1,lv2,109,13.366088332650131,5.008890531510494,1.4265978643963746
P09,S1,lv2,110,2.8002668819051917,1.7943844013335313,0.06707430150086341
P09,S1,lv2,111,5.279704371064902,3.7688427670983824,0.0
P09,S1,lv2,112,4.85291801642891,3.0390118128171397,0.12535021571281463
P09,S1,lv2,113,12.996765568115299,2.4184561883974736,3.2007578971170454
P09,S1,lv2,114,33.628925761672456,3.076820401580985,4.999890574619101
P09,S1,lv2,115,174.68169537783038,8.557158423197924,6.583073911233651
P09,S1,lv2,116,16.311938629026667,5.580595899012954,1.6574590187431384
P09,S1,lv2,117,11.161773836826306,2.4908372866309567,2.7402915547540223
P09,S1,lv2,118,80.38411486885246,7.635246671884254,4.904985543883268
P09,S1,lv2,119,14.28626123731411,3.17297110902786,2.7523393658953905
P09,S1,lv2,120,107.12074577332163,9.263334056396625,5.1428309851591045
P09,S1,lv2,121,4.648636339415544,3.743400685023767,0.0
P09,S1,lv2,122,21.301860401814594,3.2982494937643794,3.666638132101871
P09,S1,lv2,123,68.21410728273842,8.821002387389687,4.123095731129976
P09,S1,lv2,124,5.253555623722214,2.572706397813868,0.7485268629617868
P09,S1,lv2,125,4.679459609583385,1.9214708957374045,1.1949274718747538
P09,S1,lv2,126,3.5221739594636765,2.7420865514922634,0.0
P09,S1,lv2,127,6.0650138939663485,2.8111506342456436,0.8879027829343944
P09,S1,lv2,128,9.79009266216106,1.3897880399615257,3.8866570408002534
P09,S1,lv2,129,1.5527974357371332,1.273344956761094,0.0
P09,S1,lv2,130,1.4870472446226852,1.526037079067974,0.0
P09,S1,lv2,131,13.266701163763386,2.4610966794684264,3.2085610522616466
P09,S1,lv2,132,7.229535129370437,1.7505871209607538,2.5333613532184556
P09,S1,lv2,133,46.837816989335934,7.979492657105569,3.424395347781619
P09,S1,lv2,134,6.395950955425111,3.4022204971885546,0.5389169121846893
P09,S1,lv2,135,12.786977500836626,4.117397646385163,1.8110471118156923
P09,S1,lv2,136,6.233695893039921,2.4746628463730396,1.2805191830775666
P09,S1,lv2,137,19.016188302827157,4.390446433916171,2.6540848361334213
P09,S1,lv2,138,6.305666051311639,2.6399942087453367,1.1457123364230368
P09,S1,lv2,139,2.8712203452420444,3.6093019945923923,0.0
P09,S1,lv2,140,231.29847211467361,8.910303554185528,7.192069943928863
P09,S1,lv2,141,4.184479764440702,2.5372945890475775,0.20704581548194045
P09,S1,lv2,142,19.96744651647295,3.2442369765942063,3.5445379227586864
P09,S1,lv2,143,147.81243969898472,10.147513792857136,5.72780056767959
P09,S1,lv2,144,2.1380680982991027,2.2987751974374517,0.0
P09,S1,lv2,145,110.68372050806258,5.022693337091493,6.7769797642275345
P09,S1,lv2,146,6.650054525311136,5.661395685075466,0.0
P09,S1,lv2,147,12.642281748941956,4.044089611087998,1.8277340386607752
P09,S1,lv2,148,7.369178039175115,3.8022358729326666,0.6161619362422787
P09,S2,lv0,0,20.68675616366001,3.9935920285459368,2.1266041995817404
P09,S2,lv0,1,50.40595223044366,5.095910159383898,3.1129328649291135
P09,S2,lv0,2,11.574770114161383,2.8120967751042123,1.7760504206196897
P09,S2,lv0,3,9.674997374623617,3.09790533777824,1.3550927412989826
P09,S2,lv0,4,21.900563679349986,4.774272633406702,1.94129544859673
P09,S2,lv0,5,9.51364719377117,2.232171452670361,1.829196612832938
P09,S2,lv0,6,117.74700272073889,9.701067439785204,3.4249496526006107
P09,S2,lv0,7,3.356870454799043,0.9612999200189561,1.5253478482639287
P09,S2,lv0,8,2.4824598324735345,1.9878606391652789,0.0
P09,S2,lv0,9,3.187557771757344,1.452688829729079,0.8168777617113311
P09,S2,lv0,10,5.209206689582215,1.473747703694236,1.543860152492182
P09,S2,lv0,11,2.203741966817126,1.754183212785999,0.0
P09,S2,lv0,12,2.4558029706389513,1.1513733053098456,0.7736649460919706
P09,S2,lv0,13,4.779296758570796,2.119353433481976,0.8585704842871247
P09,S2,lv0,14,2.317158273588152,2.037167843492844,0.0
P09,S2,lv0,15,7.590576487291876,2.4910349134602945,1.3175688050954952
P09,S2,lv0,16,73.18195634168926,7.90642467783353,3.0116912158522693
P09,S2,lv0,17,8.615602643993022,2.376810989470105,1.5822786697641407
P09,S2,lv0,18,5.942640977069152,1.3890316797280753,1.8349820895340951
P09,S2,lv0,19,4.802643876564906,1.0992969894456037,1.8669244873735924
P09,S2,lv0,20,41.04609909874859,5.197087889361331,2.7697462473512253
P09,S2,lv0,21,4.326600113581265,1.8006052825920262,0.955358329260685
P09,S2,lv0,22,5.597305252150243,1.9393049294030733,1.2348442180353016
P09,S2,lv0,23,7.040444399516307,1.3464966615040863,2.140879944876048
P09,S2,lv0,24,4.133110059444622,1.814845241853724,0.8735858740687346
P09,S2,lv0,25,7.060451273639203,4.846782220311988,0.1922615110934729
P09,S2,lv0,26,4.945989624540804,2.321971367624788,0.7716250169869461
P09,S2,lv0,27,4.37195363134107,1.266006328011844,1.5083690029838601
P09,S2,lv0,28,5.177056025243813,1.8457948415877188,1.1911913067111832
P09,S2,lv0,29,2.466843454818083,1.3479595593387181,0.5401441313283056
P09,S2,lv0,30,4.526697151073397,2.420565528627316,0.5731463554955123
P09,S2,lv0,31,3.215793904560048,1.1374650598297602,1.2033064721782962
P09,S2,lv0,32,6.039831706518179,2.8482332643477637,0.764789046207925
P09,S2,lv0,33,3.272819689367722,2.220179351644688,0.21036055563860798
P09,S2,lv0,34,1.9655212648899423,0.6232510848181685,1.3699509394515528
P09,S2,lv0,35,5.542110014326999,1.5138318840772413,1.5973983954112592
P09,S2,lv0,36,6.387043749823438,1.9480748452665968,1.4292137526249973
P09,S2,lv0,37,8.187579128411802,3.923982862554861,0.7401392870058483
P09,S2,lv0,38,6.6348783031181275,2.971269429845526,0.843579950723615
P09,S2,lv0,39,5.249204505448859,1.903820817697278,1.1650980653579561
P09,S2,lv0,40,9.800835680823262,0.7626719054313396,3.512003091591413
P09,S2,lv0,41,7.83026804082207,1.4935703990177374,2.144939060752738
P09,S2,lv0,42,1.7644052142149789,0.7681083333125209,0.8867114027586809
P09,S2,lv0,43,5.097836412583238,1.7080701752288576,1.285918664884653
P09,S2,lv0,44,3.2945741356778546,3.1571100059744204,0.0
P09,S2,lv0,45,9.453945053655936,1.11163617616325,2.8825823393429273
P09,S2,lv0,46,16.61180787563299,2.7766401252018227,2.3462778196230474
P09,S2,lv0,47,4.964842967020718,1.19981408968332,1.7841587141833166
P09,S2,lv0,48,3.4112383593859428,2.115462466913414,0.34719082241709615
P09,S2,lv0,49,7.362270808866317,6.1312352423862615,0.0
P09,S2,lv0,50,6.799272164521911,1.6962619887837505,1.7356304991519105
P09,S2,lv0,51,4.302777085168501,1.4766282641247666,1.2493962236169858
P09,S2,lv0,52,12.510800062508357,3.73765291356353,1.4607834958760835
P09,S2,lv0,53,8.694815320090223,2.109577601357748,1.7780963917522605
P09,S2,lv0,54,61.33027786898991,5.156725890790219,3.3939501189317065
P09,S2,lv0,55,94.14592187806866,4.763334246156889,4.168423335938759
P09,S2,lv0,56,5.541406597936517,1.6603049104233494,1.4563809759287343
P09,S2,lv0,57,9.399977197643146,1.513029026403955,2.4037946057076716
P09,S2,lv0,58,8.104968160118238,2.525134034646571,1.3968171405012269
P09,S2,lv0,59,3.56186742743376,0.7809753735246914,1.9324912246423824
P09,S2,lv0,60,8.238673573792497,3.0609624512087925,1.128345264268994
P09,S2,lv0,61,2.8178179142885096,0.9358199990024936,1.2994020814422609
P09,S2,lv0,62,1.4777529883325957,1.489475513973029,0.0
P09,S2,lv0,63,7.695931286039825,1.0804773423061067,2.612224039681146
P09,S2,lv0,64,6.253452775334934,2.3625513553148525,1.1028535793043528
P09,S2,lv0,65,2.8576984030714065,1.926813008398386,0.21963923433488608
P09,S2,lv0,66,2.3695774044491458,1.120004316950638,0.7612848627284741
P09,S2,lv0,67,1.6247632737469058,0.9918017591986591,0.37127041434841984
P09,S2,lv0,68,97.90921367605478,7.590418675667964,3.517734575858198
P09,S2,lv0,69,8.769563591422642,2.7949041714457437,1.3622141131824073
P09,S2,lv0,70,4.904236655025505,3.441954876546245,0.15851202513108625
P09,S2,lv0,71,4.439791779111416,2.529516246908083,0.4764573821732234
P09,S2,lv0,72,4.612778538522218,1.7343086073083323,1.1102181219478657
P09,S2,lv0,73,3.463836981192525,1.2870535524821944,1.12821021008706
P09,S2,lv0,74,59.12057844945021,4.380145104534228,3.586872904749789
P09,S2,lv0,75,3.4962616560265536,1.4895397679440403,0.9196297174926048
P09,S2,lv0,76,5.606485480317352,0.9523247638778103,2.321730561668789
P09,S2,lv0,77,5.461562955819705,1.2479952665078862,1.869517867956309
P09,S2,lv0,78,2.4334165809664094,1.1733830522032853,0.7308291715265538
P09,S2,lv0,79,5.644308819129616,1.5757313751912851,1.564153773221679
P09,S2,lv0,80,6.077829443864897,1.6623466426367295,1.5953951450503
P09,S2,lv0,81,7.408595581531524,1.403837891493416,2.1550083796064885
P09,S2,lv0,82,4.293285769567361,1.1761386519329442,1.592952792576266
P09,S2,lv0,83,2.531335230241393,2.6816521860212235,0.0
P09,S2,lv0,84,4.777301273314723,2.4855630316619037,0.6149026651628976
P09,S2,lv0,85,6.517820051143194,1.6241339546447673,1.7374246674335156
P09,S2,lv0,86,5.8254489434835355,1.5689047247180121,1.6189390900400407
P09,S2,lv0,87,6.019258034810012,3.314344382008153,0.528489975381105
P09,S2,lv0,88,5.154993203292952,1.6215566127594598,1.3821734409182096
P09,S2,lv0,89,7.223741011036238,1.376252925259227,2.146740097823464
P09,S2,lv0,90,14.44037173390459,1.5726716559424592,2.9994606888977713
P09,S2,lv0,91,6.326550560227882,3.744016379331712,0.41854157860195235
P09,S2,lv0,92,15.816507078534414,2.513843991224189,2.4230791203713746
P09,S2,lv0,93,11.557520047804417,2.5742655697437185,1.9085147587206175
P09,S2,lv0,94,4.1638434604795105,1.4266308835365562,1.2518717846631897
P09,S2,lv0,95,8.898672063189318,2.2255602691340837,1.7318258763112793
P09,S2,lv0,96,3.8636739023572013,2.264884123649493,0.4330249610766501
P09,S2,lv0,97,5.330042296893915,1.6883207147918646,1.371569484741328
P09,S2,lv0,98,33.859878417130304,5.90231457152715,2.2822587112586934
P09,S2,lv0,99,7.764563297086426,1.6739710850672564,1.9582216321556565
P09,S2,lv0,100,4.271670868327772,1.463835986861098,1.2516000069583313
P09,S2,lv0,101,5.6363395072549,1.197222246863283,1.9808786224435504
P09,S2,lv0,102,11.476757952375623,1.0921434671634576,3.2051980849192496
P09,S2,lv0,103,11.497639657909371,1.0212875048845351,3.310248951295391
P09,S2,lv0,104,4.12768513488274,0.9603557484905887,1.8420287899176777
P09,S2,lv0,105,9.449450770326235,2.7141855401208015,1.5207533085173537
P09,S2,lv0,106,4.0079029648494,1.555350224447566,1.0619526670904305
P09,S2,lv0,107,6.760446563921211,1.736281368465599,1.6913429449256165
P09,S2,lv0,108,6.367958236329541,1.7697326594681946,1.5710490732882818
P09,S2,lv0,109,6.216707376165173,1.810148826301934,1.499965506629904
P09,S2,lv0,110,8.296799683918293,1.7986922879154839,1.9497415200065338
P09,S2,lv0,111,5.463741009155054,1.7727973005344189,1.3348989955216832
P09,S2,lv0,112,4.442302692500933,1.811864736096283,0.9860934410042547
P09,S2,lv0,113,104.42796139606816,6.5546040827314895,3.839730210827294
P09,S2,lv0,114,6.235916898452728,1.0998026921844317,2.2644319886912587
P09,S2,lv0,115,3.6131895995353847,1.762467246180937,0.7132501326601342
P09,S2,lv0,116,9.202531145681863,1.52039407264737,2.364021411319508
P09,S2,lv0,117,4.2304767456241015,3.9978163720411346,0.0
P09,S2,lv0,118,6.187865755980709,1.1602309667570443,2.1710796437961446
P09,S2,lv0,119,5.940478943119149,1.5637384692387446,1.6537832943761286
P09,S2,lv0,120,2.445083477342153,1.3000063644012987,0.5818661450168466
P09,S2,lv0,121,7.652185362796094,1.0119579581235272,2.7034290481159755
P09,S2,lv0,122,2.6894294555108007,1.9464813820492506,0.111618918105916
P09,S2,lv0,123,31.48917206020363,3.2841549086470594,3.065456561007676
P09,S2,lv0,124,8.39006572125929,1.5372973054698187,2.206227736697999
P09,S2,lv0,125,7.967335208474282,1.7678552448117595,1.9143256221079192
P09,S2,lv0,126,3.8217908778630396,2.0950291739255498,0.5352713804666179
P09,S2,lv0,127,6.0587820590027395,1.471533508640605,1.7765175941266784
P09,S2,lv0,128,12.81809747202587,2.4892117258554274,2.117591773428381
P09,S2,lv0,129,4.660386279956553,2.3358036439667615,0.6718770064189131
P09,S2,lv0,130,8.5243142975327,2.2649916874315665,1.639513147568504
P09,S2,lv0,131,6.415203741513873,1.206452548520446,2.166528706988147
P09,S2,lv0,132,6.587748197328875,1.7100517434009084,1.6750960028930086
P09,S2,lv0,133,2.2060670011327113,1.3916454088783459,0.321151580168676
P09,S2,lv0,134,6.009302296100634,3.397555998071072,0.48815682955235645
P09,S2,lv0,135,4.392631886290583,1.7303666759984444,1.0391234629696813
P09,S2,lv0,136,9.17484860290719,1.8750850030884922,2.0397061885266417
P09,S2,lv0,137,3.8225748174991567,2.8240342094645805,0.08028791697122029
P09,S2,lv0,138,2.95702889916141,1.5210814971997777,0.6322650132704197
P09,S2,lv0,139,1.943478734962228,1.2497935973068912,0.29184024621279875
P09,S2,lv0,140,38.50196670734729,2.838218480729344,3.5945509931810693
P09,S2,lv0,141,135.94459013641705,6.312161452012215,4.299357544842396
P09,S2,lv0,142,3.427694020554429,1.6119108535025788,0.7690433870941897
P09,S2,lv0,143,6.671751425765053,1.0263537077462364,2.47283082162048
P09,S2,lv0,144,10.117641535711956,1.7795101353875236,2.2686215109660326
P09,S2,lv0,145,3.9992470599644796,2.1789645310337424,0.5445796434943251
P09,S2,lv0,146,12.357388294773855,1.1475805433594748,3.242427877091445
P09,S2,lv0,147,11.890781260998695,2.349956120960963,2.0908697984654805
P09,S2,lv0,148,2.859140218685742,1.5699023242162597,0.5327645026989722
P09,S2,lv1,0,57.55561631263982,4.9848673574315905,3.3487758200285818
P09,S2,lv1,1,73.93488387415574,4.76402356233444,3.7997237881972885
P09,S2,lv1,2,1.933626472465949,1.5228691302825264,0.0
P09,S2,lv1,3,60.86736419098598,5.102647183446939,3.398472432297718
P09,S2,lv1,4,66.01023150498942,6.46683744739025,3.1608894560611565
P09,S2,lv1,5,24.003705858137128,3.36406421283301,2.614922191929989
P09,S2,lv1,6,11.54583872773117,2.3932325805901917,2.0181583637028466
P09,S2,lv1,7,7.364036294215326,3.029107123277842,0.9731694244749841
P09,S2,lv1,8,101.95694034510785,4.365302889447331,4.423007303942393
P09,S2,lv1,9,4.565562382760817,3.2692478281830963,0.12789743783281568
P09,S2,lv1,10,7.848666203759079,3.6540394882326726,0.7843566180350118
P09,S2,lv1,11,34.99578620975433,4.786120454011021,2.6522015727471486
P09,S2,lv1,12,64.06988600650463,5.568674816212321,3.3433970537210786
P09,S2,lv1,13,40.51218895449693,5.72235580353839,2.602973929493538
P09,S2,lv1,14,9.478730141403966,2.2727295300829136,1.7961339323064451
P09,S2,lv1,15,68.07411204195284,5.235780129666975,3.529821821443219
P09,S2,lv1,16,2.9786901512936166,1.3107122994359366,0.8703578663180268
P09,S2,lv1,17,5.181668340122239,2.3430845761766186,0.828801488357337
P09,S2,lv1,18,205.2680786399147,11.819211816057953,3.971258431955904
P09,S2,lv1,19,3.480266484585196,1.9338109332696103,0.5146329173661455
P09,S2,lv1,20,8.301174745040715,4.088619614591313,0.69848020787128
P09,S2,lv1,21,4.936563815339413,2.198396297370826,0.852103929596258
P09,S2,lv1,22,31.73181876937742,3.4554675070928877,2.999628644686439
P09,S2,lv1,23,35.47878093152322,3.7615274769869513,3.0404125862178484
P09,S2,lv1,24,7.482383831064597,2.4820200539536157,1.301207022757509
P09,S2,lv1,25,15.081607122501245,3.480754868454674,1.8543161915513275
P09,S2,lv1,26,168.83498321320351,13.834065407504427,3.433313646637602
P09,S2,lv1,27,3.4456011004912237,2.47457766051458,0.12339457996152832
P09,S2,lv1,28,4.192481444862195,1.4086826805343649,1.2816275734221483
P09,S2,lv1,29,4.804157785269918,1.4145133822619054,1.4829868881990795
P09,S2,lv1,30,82.4454343069572,1.6562962594536255,5.576788843300809
P09,S2,lv1,31,4.975388977258094,4.160177089853593,0.0
P09,S2,lv1,32,13.762927488765431,2.808931304440557,2.041783803742469
P09,S2,lv1,33,125.71943839432869,9.636407598410512,3.535041464316988
P09,S2,lv1,34,103.36285786384855,8.531664115984377,3.422142395295328
P09,S2,lv1,35,94.18261755608047,10.849426450996141,2.913877220653082
P09,S2,lv1,36,19.504729916352126,4.1523755815395,1.9774412372226946
P09,S2,lv1,37,190.18491870540123,12.547908751272171,3.7636638920895242
P09,S2,lv1,38,2.612875322897023,1.5528843385667317,0.41204754233147234
P09,S2,lv1,39,7.871127591054681,1.9419342549270067,1.7525985642070103
P09,S2,lv1,40,27.37466665683214,1.8086700393154784,3.761503871519916
P09,S2,lv1,41,6.9486278626528994,1.562169795189666,1.8943289044133529
P09,S2,lv1,42,1.434740103178056,0.9715613253748433,0.21306045287122732
P09,S2,lv1,43,227.5275740912499,15.749638071087432,3.6904917938461286
P09,S2,lv1,44,78.30905490693287,8.23669640383284,3.052540980910157
P09,S2,lv1,45,3.4410953807196925,2.2390298697535975,0.2739181225917295
P09,S2,lv1,46,3.712257208212768,1.7182515688603204,0.7932346462534713
P09,S2,lv1,47,243.46867786432605,15.558878643576026,3.8123255816817836
P09,S2,lv1,48,10.97944627506122,2.003998467452884,2.2121104867614387
P09,S2,lv1,49,58.123531471635246,4.919805680874002,3.3837795272321918
P09,S2,lv1,50,91.7496577752877,8.878904298809147,3.1795878181944572
P09,S2,lv1,51,5.692837114592923,1.4301934452958789,1.7249730156094158
P09,S2,lv1,52,176.13248249124948,16.140019727272172,3.2627627211722356
P09,S2,lv1,53,182.36527018076316,11.241469252786741,3.8672864761877075
P09,S2,lv1,54,7.294904145812007,3.6525760648344714,0.6734033363871808
P09,S2,lv1,55,180.50234680530477,8.747950898938484,4.234028675935234
P09,S2,lv1,56,58.74839056478301,3.5466742581193222,3.8990800459052535
P09,S2,lv1,57,105.5110616388941,4.323960714931647,4.4897634587765705
P09,S2,lv1,58,92.7600707235043,7.620027915192518,3.4294231722828776
P09,S2,lv1,59,6.271166479242812,2.434867888654017,1.0611940468471075
P09,S2,lv1,60,2.1965368349568615,1.9355875514176935,0.0
P09,S2,lv1,61,5.440904588381211,2.454251159111239,0.8325597875298705
P09,S2,lv1,62,37.17964131006561,5.485116280313472,2.5366473262402613
P09,S2,lv1,63,2.6686004579636067,1.6777785988393845,0.32627331125437803
P09,S2,lv1,64,6.498653100385845,4.03607930641397,0.3449330218712467
P09,S2,lv1,65,113.44767215451256,19.781066851392314,2.281847357501753
P09,S2,lv1,66,5.707533485209546,2.455523528454592,0.9047172207547246
P09,S2,lv1,67,98.9580121502637,6.893969884552409,3.6807248332673588
P09,S2,lv1,68,4.906647401345715,2.1588170865587366,0.8705370941897359
P09,S2,lv1,69,35.34324771002992,9.28991178814885,1.6560215921968136
P09,S2,lv1,70,4.839310030830728,1.4377207622873893,1.4692897184542069
P09,S2,lv1,71,2.0848106160302926,1.7037804763569064,0.0
P09,S2,lv1,72,14.307934275801552,3.6346655199436704,1.708045133858611
P09,S2,lv1,73,41.85657993687283,6.911582428363593,2.3648468985153777
P09,S2,lv1,74,7.853538144139299,2.4589977626224413,1.3892347603060227
P09,S2,lv1,75,4.632588916027314,2.9833887603630367,0.28963684963894953
P09,S2,lv1,76,2.6857365222438716,1.8044648322536556,0.22503959782233326
P09,S2,lv1,77,48.7420119308143,2.2581560986814906,4.302747906300469
P09,S2,lv1,78,5.2899964466611005,1.6531768450581539,1.3921447640515532
P09,S2,lv1,79,3.0016287886506636,2.157523377197415,0.12212208933424054
P09,S2,lv1,80,33.2107519018129,2.6979998945999237,3.4463889091099498
P09,S2,lv1,81,3.361003847513722,1.4420029670993186,0.9089250187853646
P09,S2,lv1,82,109.60704789717438,14.97164269149943,2.6540865763014057
P09,S2,lv1,83,4.134007225669616,2.467865673595855,0.40527193935242367
P09,S2,lv1,84,142.16473115079495,12.705787611195843,3.300873385538035
P09,S2,lv1,85,6.043241134376017,2.104916503652193,1.2267766753190283
P09,S2,lv1,86,7.399993781089951,3.582876686398686,0.7245897044135013
P09,S2,lv1,87,5.748696478839268,3.0308129669804535,0.5947232546372995
P09,S2,lv1,88,40.7556714617814,13.728865640390932,1.277749490331719
P09,S2,lv1,89,7.051406604415852,1.9574769452693705,1.57275735377977
P09,S2,lv1,90,5.888981346097059,2.0808336237362353,1.2048957941604224
P09,S2,lv1,91,5.574709880339267,2.615671796476757,0.7724770488166471
P09,S2,lv1,92,4.295460922877797,5.045526270909202,0.0
P09,S2,lv1,93,112.9536382577742,2.3173846959776987,5.544746397263007
P09,S2,lv1,94,6.8479879504657255,3.2850849320699482,0.7386927056697389
P09,S2,lv1,95,7.9572715701923284,1.877360465617827,1.8207599320665344
P09,S2,lv1,96,34.401184010101716,4.123823599763789,2.8531710071980747
P09,S2,lv1,97,9.207476369009642,3.1517376863232243,1.2533034539778187
P09,S2,lv1,98,124.89718556941678,7.040930198951387,4.003522811845116
P09,S2,lv1,99,4.2121900928694265,3.2428075126181866,0.01744501297259393
P09,S2,lv1,100,285.16696066026077,9.551568454054834,4.7973494062608415
P09,S2,lv1,101,35.41878469883868,10.150995984955868,1.5241166512900493
P09,S2,lv1,102,92.4202176388533,5.642168271451527,3.88203901052009
P09,S2,lv1,103,4.269081449493701,2.258176409354858,0.5896897553658765
P09,S2,lv1,104,172.5869138221672,8.048322938138323,4.292752224922491
P09,S2,lv1,105,10.423227164215987,4.3980299540490515,0.9343481965820661
P09,S2,lv1,106,157.80167892450947,13.39712088556145,3.3792016325385377
P09,S2,lv1,107,4.310440736179905,1.4928514863254303,1.2354487389778712
P09,S2,lv1,108,9.7686809749696,1.9255902090757366,2.094807021200777
P09,S2,lv1,109,5.6311283920308295,1.9332460909539932,1.248801538920791
P09,S2,lv1,110,22.083473272562205,3.8239509563367524,2.292412387938495
P09,S2,lv1,111,5.353694244066078,1.6589792816812838,1.4050528012165326
P09,S2,lv1,112,8.878138848582934,2.005817745291541,1.8868142863995738
P09,S2,lv1,113,48.78784570214182,3.8746636232530247,3.480939407756859
P09,S2,lv1,114,8.083387801653195,2.8569153627239756,1.2045208923377293
P09,S2,lv1,115,181.37529755704296,27.50969895647607,2.4944212436824578
P09,S2,lv1,116,10.015836025490561,2.8198747491168477,1.551264477284629
P09,S2,lv1,117,4.6129327849226724,1.383331681570693,1.4550420429317505
P09,S2,lv1,118,16.5063269051802,3.372633249171807,2.040069142902815
P09,S2,lv1,119,5.059939121150614,1.281072978585746,1.7131673451856826
P09,S2,lv1,120,10.022181311522163,3.2098530057333408,1.3547219805241633
P09,S2,lv1,121,2.4322950428567967,1.019239316001883,0.9448671601004912
P09,S2,lv1,122,16.74262387074169,5.616264439877111,1.2841484114100084
P09,S2,lv1,123,3.922843762748344,0.8826347709912017,1.8930971397938188
P09,S2,lv1,124,14.570600892483835,2.3037126706944275,2.4310731199973703
P09,S2,lv1,125,8.665911725007655,2.21112332786614,1.701335086932698
P09,S2,lv1,126,9.99472776500725,1.6713613989176273,2.345587211875404
P09,S2,lv1,127,23.041234281913507,3.234256810780887,2.6125250002517766
P09,S2,lv1,128,6.777075314138519,3.10852654189648,0.8070551248411463
P09,S2,lv1,129,25.742668012160753,3.797022531858384,2.5369669071055196
P09,S2,lv1,130,226.1307385664182,16.589358340230046,3.6018990845410643
P09,S2,lv1,131,23.656570770508534,3.3490106618998667,2.5995487002291333
P09,S2,lv1,132,8.955441740844444,1.7392394648176321,2.117472050845295
P09,S2,lv1,133,116.18342446850554,3.482511708285253,4.966670996527493
P09,S2,lv1,134,3.902887590684077,2.32198811903084,0.41045524197426536
P09,S2,lv1,135,7.980254795075693,2.3502930488318934,1.4825815151891248
P09,S2,lv1,136,4.5133102619699015,1.5699272609306392,1.2288151473139846
P09,S2,lv1,137,23.647771001922457,4.091427389791156,2.293677362120256
P09,S2,lv1,138,3.3038090037102474,1.4706456731240471,0.8527643739575701
P09,S2,lv1,139,112.54280350625503,12.741411997277423,2.9403362258983594
P09,S2,lv1,140,8.543197079242804,1.4046622413097056,2.371385183107732
P09,S2,lv1,141,21.104736410769014,3.407045478295896,2.3993092644461473
P09,S2,lv1,142,8.100130655323841,3.0731035310519097,1.0964504109610989
P09,S2,lv1,143,121.21694108481712,9.428481769220907,3.512691918475996
P09,S2,lv1,144,56.02552500222702,5.069886829623273,3.28190524345993
P09,S2,lv1,145,3.7799147088351495,1.607555387452059,0.9223128725740869
P09,S2,lv1,146,11.100289525688709,2.470803952673564,1.9095143601272138
P09,S2,lv1,147,11.61731629854821,1.8427024078397047,2.4261629488496204
P09,S2,lv1,148,3.4516383205144106,1.1636982810941046,1.276455683957405
P09,S2,lv2,0,8.948392606058187,4.69333176532058,0.6026352366946115
P09,S2,lv2,1,10.324632150066808,4.253054923699811,0.970965646162881
P09,S2,lv2,2,7.0974355116535115,3.377029600385113,0.7511571970265413
P09,S2,lv2,3,17.250032922447563,2.2465848732054448,2.7267559305732947
P09,S2,lv2,4,2.7725126986712976,2.1075977928901657,0.03675164391705231
P09,S2,lv2,5,58.76995452654133,4.75953908491135,3.451141566955903
P09,S2,lv2,6,8.934979876681155,2.4221405158439686,1.6089730338565897
P09,S2,lv2,7,214.39679784771477,16.55289615902283,3.5240067463329385
P09,S2,lv2,8,7.873463944806969,2.0868715219642233,1.6432954268825368
P09,S2,lv2,9,5.456578863576641,3.099419432314182,0.4810740903714063
P09,S2,lv2,10,6.1227858779110305,2.1587761856237955,1.2081912582623466
P09,S2,lv2,11,23.401517750570978,3.759634564886747,2.4066695302646384
P09,S2,lv2,12,3.3858405894522217,2.041869536550914,0.38978456231468356
P09,S2,lv2,13,21.475643288432757,2.325027731012709,3.0085109061302435
P09,S2,lv2,14,6.141378641008809,1.980310870581156,1.3443836853450692
P09,S2,lv2,15,131.21605336193883,15.86117053199414,2.8404559364476043
P09,S2,lv2,16,66.16078213911682,5.742587878001656,3.3454716147680474
P09,S2,lv2,17,44.938471726736815,4.973520331571515,2.974933680847218
P09,S2,lv2,18,6.0328540463765306,2.3048355003572167,1.0858054699660922
P09,S2,lv2,19,36.09634983218221,7.138759741886678,2.08978100549151
P09,S2,lv2,20,7.857581224098799,3.8447047657254365,0.7085321050047406
P09,S2,lv2,21,8.480928785625265,2.371237860254093,1.5618355489665003
P09,S2,lv2,22,230.6618014534293,16.362716391829817,3.6531243913664215
P09,S2,lv2,23,6.666233943940394,1.8684788531464782,1.558058032428805
P09,S2,lv2,24,131.53329568113827,20.22405938236268,2.47361926469591
P09,S2,lv2,25,103.57824933353488,12.075172814172145,2.8956598616477045
P09,S2,lv2,26,10.455480700843717,2.660281414158545,1.7056013165257446
P09,S2,lv2,27,5.586168111785582,1.9764792284880917,1.2028556841936375
P09,S2,lv2,28,142.97767273697875,8.237395180262554,3.970364624628678
P09,S2,lv2,29,20.511543292994244,4.040100294749024,2.0959801397842637
P09,S2,lv2,30,25.125995760001917,4.062068920023077,2.3971114007193908
P09,S2,lv2,31,5.399755354705224,4.688316555029135,0.0
P09,S2,lv2,32,8.464419051837996,3.8832087131162774,0.8067696532795021
P09,S2,lv2,33,5.571264815292138,1.6918466073510694,1.4358794689548675
P09,S2,lv2,34,3.764414338215864,2.1312250520924136,0.48608776550095695
P09,S2,lv2,35,44.86441263825741,3.1685574179414586,3.659865816302932
P09,S2,lv2,36,4.781559812681231,2.096228226055381,0.8760212448644876
P09,S2,lv2,37,7.190193786737062,2.8852299157295622,1.010943037668538
P09,S2,lv2,38,157.83774204428502,9.52577468731875,3.899557123952719
P09,S2,lv2,39,102.99710601362757,14.10315383945892,2.6503641257637818
P09,S2,lv2,40,44.22122582726338,11.711675313782068,1.6444948390416603
P09,S2,lv2,41,9.666524273709562,2.3612437265312543,1.76779067991386
P09,S2,lv2,42,15.018243070925413,2.6077227644120797,2.2882085640434515
P09,S2,lv2,43,141.59692739606447,9.492813352752535,3.739277590086633
P09,S2,lv2,44,14.256043904903517,2.2543239448488577,2.430839814541533
P09,S2,lv2,45,40.2766370423786,3.2415516322100415,3.4606554712112025
P09,S2,lv2,46,133.00736783058687,11.20868821703989,3.3905094995913165
P09,S2,lv2,47,4.4197229491445,2.4254141022181885,0.5336293338044279
P09,S2,lv2,48,134.36164986244458,8.072099919233185,3.906502589703919
P09,S2,lv2,49,15.446871081839243,3.6310461178062137,1.8263501831061288
P09,S2,lv2,50,201.10011084316568,13.69182867195416,3.7157261935967623
P09,S2,lv2,51,22.34823968403364,3.3974981504414066,2.4908815000626148
P09,S2,lv2,52,145.57767085515317,10.575138588162734,3.6169212267086337
P09,S2,lv2,53,26.568518339599244,2.71848350737783,3.09460785089682
P09,S2,lv2,54,240.55512311484145,11.598902909948904,4.241827074926849
P09,S2,lv2,55,150.32320939667326,19.636669111178676,2.7221605500880606
P09,S2,lv2,56,20.943218960853724,2.7939213633069984,2.6901094565843593
P09,S2,lv2,57,3.288582400393908,1.6955227057373967,0.628761226160617
P09,S2,lv2,58,89.59356568444946,10.44900269589725,2.895051658954848
P09,S2,lv2,59,113.88316494459258,8.202490637155853,3.6299295011856145
P09,S2,lv2,60,367.29813828543763,26.623166654834417,3.62025771809724
P09,S2,lv2,61,12.09859073994724,2.127166944335499,2.269163555432526
P09,S2,lv2,62,5.635290416242591,3.450482910565185,0.36660510641882615
P09,S2,lv2,63,6.088910508765703,2.5792908207960195,0.9283629788784141
P09,S2,lv2,64,43.37013599164578,8.393012312826853,2.1228974539908902
P09,S2,lv2,65,92.85356055678002,13.017324181119776,2.6144405701757516
P09,S2,lv2,66,15.685920238248979,2.47326655097073,2.43525086259163
P09,S2,lv2,67,14.671581193658001,1.6072079949514664,2.9905588239690744
P09,S2,lv2,68,204.41236508177403,16.469858828392006,3.4589597956447946
P09,S2,lv2,69,86.38232700691553,3.896901613638547,4.3433200256028845
P09,S2,lv2,70,6.033331976208846,3.1099004259688656,0.6291320514796243
P09,S2,lv2,71,3.7320550544996185,3.054101115980699,0.0
P09,S2,lv2,72,5.493907313208292,2.2718553377925637,0.9650920745361361
P09,S2,lv2,73,20.147832762487475,4.657589748509592,1.851833691602315
P09,S2,lv2,74,67.71894213087324,4.098818669051149,3.895136537152501
P09,S2,lv2,75,8.765616970780073,3.317925822824014,1.0999647914035173
P09,S2,lv2,76,10.471501630028845,1.389473950948023,2.6982874538027954
P09,S2,lv2,77,11.823001879617507,2.1963322021708933,2.1852402498263808
P09,S2,lv2,78,8.500191094674845,2.6817537397038427,1.3776577360388884
P09,S2,lv2,79,111.94075934084728,13.636949140225855,2.828586524456816
P09,S2,lv2,80,150.63833241787617,21.241241775561257,2.6055886735019835
P09,S2,lv2,81,141.9012623412518,7.330992278833418,4.1365899343404955
P09,S2,lv2,82,18.015347305824132,3.636415263941769,2.058634354924984
P09,S2,lv2,83,12.243747062684802,5.2046042751794,0.9230522024822246
P09,S2,lv2,84,8.329188790782922,3.7566159466146773,0.8327486852383249
P09,S2,lv2,85,5.076332126281703,2.3713069182465487,0.7792293956957904
P09,S2,lv2,86,13.734667232158078,2.678762562266991,2.110998922883711
P09,S2,lv2,87,22.53964497367113,2.5527319060845275,2.9397804256815094
P09,S2,lv2,88,11.787447883158176,3.890019659042833,1.3090479438007707
P09,S2,lv2,89,26.75851819232144,2.874103188138348,3.0205943088302907
P09,S2,lv2,90,184.3358413657416,11.069933834837528,3.90712037725257
P09,S2,lv2,91,5.093748262963821,1.9405405664589608,1.090130465176911
P09,S2,lv2,92,5.489440914906824,2.7337033463730385,0.6816765119329583
P09,S2,lv2,93,19.7650326170754,3.141350958767544,2.4231100789945907
P09,S2,lv2,94,76.56229225303652,8.256594379363435,3.014465199746953
P09,S2,lv2,95,8.752263769232734,1.6400517531548937,2.17201500416381
P09,S2,lv2,96,27.124380023042768,8.605664663670435,1.369110767376233
P09,S2,lv2,97,215.96513285899786,21.233226542554895,3.155441682004875
P09,S2,lv2,98,161.1006774641672,6.072922062401321,4.6171517395436625
P09,S2,lv2,99,255.3077108936683,14.889587429957283,3.951767067281203
P09,S2,lv2,100,18.20546468088785,3.449116738369765,2.1552715125402164
P09,S2,lv2,101,10.42859839079412,8.18221882313639,0.0
P09,S2,lv2,102,12.050116642143049,3.5993001178453508,1.4610892129744018
P09,S2,lv2,103,5.01858280569122,2.2157376150708714,0.8652488017933143
P09,S2,lv2,104,4.19449272882274,2.8357120724681795,0.2155682874497306
P09,S2,lv2,105,59.23043168865593,6.847735305128625,2.908378962729967
P09,S2,lv2,106,115.79073158429101,8.471990291135176,3.6059659126962647
P09,S2,lv2,107,5.368760964880935,3.5224363686880458,0.2612580407894644
P09,S2,lv2,108,24.40825907547779,4.780557405543549,2.1045891897078484
P09,S2,lv2,109,173.4184345110613,19.262374805711083,2.969425150691835
P09,S2,lv2,110,18.092700723275296,3.9648473581756267,1.9333216135929372
P09,S2,lv2,111,11.496411335590675,1.941194712534577,2.330815324986812
P09,S2,lv2,112,13.107192976778606,3.3492905311834194,1.6990725689935773
P09,S2,lv2,113,4.176784372449954,1.5862838759575204,1.0948575503636861
P09,S2,lv2,114,60.9955529499109,9.35456346448312,2.4775068297528664
P09,S2,lv2,115,13.74629367472228,2.6986222649135554,2.101026486526827
P09,S2,lv2,116,111.94181886823839,9.607836341163399,3.3625830916509107
P09,S2,lv2,117,58.409427174334255,8.599341593398744,2.539801503006901
P09,S2,lv2,118,90.5666132996217,7.224947851349094,3.4741133809386904
P09,S2,lv2,119,6.277412527681016,3.2567404698382707,0.6192550505199055
P09,S2,lv2,120,24.45706718742037,4.948543601313514,2.054975299817594
P09,S2,lv2,121,4.816682496852486,1.7864551297588753,1.1310016763499777
P09,S2,lv2,122,4.096461719070578,2.16907149135589,0.5881395412732704
P09,S2,lv2,123,3.6785436952687496,2.5174913880703524,0.19692742893062914
P09,S2,lv2,124,4.891196173876268,3.6682493667656284,0.05736224784575133
P09,S2,lv2,125,5.966388453429549,2.0622994821926333,1.2384495933902484
P09,S2,lv2,126,23.535257239878266,4.367918736267641,2.1866961252607995
P09,S2,lv2,127,138.80271213066004,11.541801844445066,3.41088489482476
P09,S2,lv2,128,81.11995731676723,8.566389285237822,3.0464705343262524
P09,S2,lv2,129,15.758390497169808,3.6646147432019736,1.8427629687051692
P09,S2,lv2,130,6.798481697320724,1.6447819321376838,1.782445548113864
P09,S2,lv2,131,50.51051104769364,15.456650766712173,1.4242005592363962
P09,S2,lv2,132,30.6690111554469,4.432116508469326,2.5681376754443326
P09,S2,lv2,133,86.48760491937195,13.455343206349138,2.455684483719141
P09,S2,lv2,134,151.38086141047245,12.35688059902177,3.439104942728706
P09,S2,lv2,135,20.951867435793048,2.4768623583567146,2.8744035095523146
P09,S2,lv2,136,5.906791097017325,2.8239083840091626,0.743905106116235
P09,S2,lv2,137,3.5644021601505833,2.9043190536576544,0.0
P09,S2,lv2,138,21.61001235751084,4.925477364313866,1.8733892994099661
P09,S2,lv2,139,192.26791316999729,4.38978265642852,5.381705070959751
P09,S2,lv2,140,73.12989672552925,6.663965869648531,3.271283034812222
P09,S2,lv2,141,3.2704551122334484,1.3814418990128479,0.9327034998502514
P09,S2,lv2,142,9.107524876118207,7.236149165942571,0.0
P09,S2,lv2,143,162.34657375547906,10.916861041355801,3.7346658427444326
P09,S2,lv2,144,81.09818956298444,8.99656417416457,2.9713528044343707
P09,S2,lv2,145,4.727517090020359,2.4163687060692816,0.641979106120826
P09,S2,lv2,146,4.321839799561766,3.593206326653198,0.0
P09,S2,lv2,147,2.913128983980834,5.2341335048840145,0.0
P09,S2,lv2,148,111.21057724784934,7.99419746446379,3.6329399028981526
P10,S1,lv0,0,3.844254839867309,2.381029955310349,1.6587115437785733
P10,S1,lv0,1,1.4679502630795198,2.5521564397722014,0.28483276912021405
P10,S1,lv0,2,4.654078791172351,4.572254098122498,1.0446514865016203
P10,S1,lv0,3,3.144469580415357,1.950300874718615,1.6568678415223512
P10,S1,lv0,4,1.9282425412696913,2.620517121272753,0.6127008317351995
P10,S1,lv0,5,2.0025330842891753,2.310319130139424,0.8307257737152236
P10,S1,lv0,6,2.6302503039970673,2.4659966228809735,1.1068753484523435
P10,S1,lv0,7,1.6787267739522878,3.171727387449629,0.17412426113314647
P10,S1,lv0,8,3.0838299523963957,3.5862570376883225,0.8201247047727757
P10,S1,lv0,9,2.0250027983085173,2.5469053605848657,0.7158027860591942
P10,S1,lv0,10,1.6839293861718656,4.503925906144922,0.0
P10,S1,lv0,11,2.481848367418698,2.6115360581142943,0.9532395710993494
P10,S1,lv0,12,1.7501498009206184,2.110993559136683,0.7715112110707795
P10,S1,lv0,13,2.226484266761235,2.2038134615738736,1.034663859804593
P10,S1,lv0,14,1.2977989152493186,1.0942386563149888,1.2481448577249499
P10,S1,lv0,15,1.410129304814412,3.7786920189457627,0.0
P10,S1,lv0,16,5.353746063967468,1.6561012176803134,2.5828901846667702
P10,S1,lv0,17,2.5696200857546434,1.8210147127685532,1.4794323132583853
P10,S1,lv0,18,3.3879131946890677,2.8640508587449074,1.2446390611825033
P10,S1,lv0,19,2.6933979364182656,1.9419450275507975,1.456469504123203
P10,S1,lv0,20,3.6115001289263793,2.549771632800431,1.4844310265412965
P10,S1,lv0,21,1.8272900345430714,1.8383568939746,1.013002863686067
P10,S1,lv0,22,1.8751874273445628,2.276149596494483,0.76309943957097
P10,S1,lv0,23,2.432643980222682,3.153159871577132,0.675711413946441
P10,S1,lv0,24,2.522820398570312,3.8089936223733023,0.47263337046807835
P10,S1,lv0,25,1.4716176888234729,7.006824816853861,0.0
P10,S1,lv0,26,3.3630987914318564,6.113593515832464,0.22549078384008278
P10,S1,lv0,27,2.057092083416513,2.452163892367287,0.787191671281413
P10,S1,lv0,28,2.8028446940420015,2.3046494238236357,1.281550028285042
P10,S1,lv0,29,2.045010073279543,3.878699160674834,0.16899092123048712
P10,S1,lv0,30,3.7707050169974905,2.597109075710104,1.5173678916619824
P10,S1,lv0,31,3.7963236618657454,2.912665166256642,1.3737415365310206
P10,S1,lv0,32,2.011168818024964,4.170587450997325,0.05019632594107109
P10,S1,lv0,33,3.7048757394146823,4.396575205239972,0.7931834987762985
P10,S1,lv0,34,1.5371608638183762,3.367531653282844,0.0
P10,S1,lv0,35,1.8095220723888996,1.3611556265388145,1.4000500090268289
P10,S1,lv0,36,1.169451894901749,1.2472361993031964,0.9353227496973078
P10,S1,lv0,37,1.9621526984985553,1.3206467093352674,1.5480604203464479
P10,S1,lv0,38,3.114227650574856,2.9900523773368564,1.0752042722033592
P10,S1,lv0,39,2.1452345236944463,1.515330773065947,1.4837597393053437
P10,S1,lv0,40,2.8678796681439787,2.910894755228617,1.0012232317102747
P10,S1,lv0,41,2.77717989727988,2.303007739419718,1.270253717107138
P10,S1,lv0,42,1.3880863297262835,2.6388912105258573,0.1658818632501365
P10,S1,lv0,43,1.5321329009879492,1.8538824709174029,0.7672996336758152
P10,S1,lv0,44,2.0729085247434607,3.183134206608693,0.4501026444529193
P10,S1,lv0,45,2.6047932428049574,1.3106000080931561,1.9353481621481217
P10,S1,lv0,46,2.388197908273974,2.8104680196623297,0.8043172969065423
P10,S1,lv0,47,2.200510257941824,2.2545346090358023,0.9887549050987009
P10,S1,lv0,48,2.645689943622537,2.5906240170884534,1.0490381122852945
P10,S1,lv0,49,2.197187510828329,1.3169601295390512,1.7023795819391472
P10,S1,lv0,50,2.2389064751273335,2.2767854367591185,0.998708148560789
P10,S1,lv0,51,3.0937617920604588,4.275864714401345,0.5902901246932293
P10,S1,lv0,52,3.621982440362151,2.649787123023578,1.4370732746042887
P10,S1,lv0,53,1.7190537999027995,1.0070865604470496,1.7328097260186082
P10,S1,lv0,54,1.5318742490023185,1.4272365185213094,1.1152200881051342
P10,S1,lv0,55,1.9367076746219254,2.985302758984745,0.44504688853627544
P10,S1,lv0,56,1.29590495468647,1.3718319157122882,0.9452491326015099
P10,S1,lv0,57,2.7944451315599386,4.437411870695963,0.4054778331041893
P10,S1,lv0,58,3.353138108929954,2.311802136879234,1.5160450610838747
P10,S1,lv0,59,2.219623979878872,3.411744010762945,0.44880853493453193
P10,S1,lv0,60,3.3300795397913796,6.6437766554962785,0.10165292156591824
P10,S1,lv0,61,2.431235683887701,7.147846779314908,0.0
P10,S1,lv0,62,1.4393453035458859,2.2170322969090024,0.4460193734966876
P10,S1,lv0,63,2.8346275027042993,6.041687959513787,0.013680824185246314
P10,S1,lv0,64,3.621201645182541,5.782923598561892,0.3979360477153152
P10,S1,lv0,65,1.9578467984620436,1.5432499697357234,1.337788000629079
P10,S1,lv0,66,3.3833892243305863,4.319422706633537,0.6959212724517256
P10,S1,lv0,67,3.473825657016511,4.582902355965444,0.6522175069244367
P10,S1,lv0,68,3.185186229065996,2.781706719350307,1.2013361459021699
P10,S1,lv0,69,4.589089866147075,1.776701961219464,2.2841757571266177
P10,S1,lv0,70,2.4140626043482625,2.0637019710138786,1.2297736718135608
P10,S1,lv0,71,3.015961225651721,3.468366244607387,0.8349955964186108
P10,S1,lv0,72,2.3626987854964376,2.181277726472105,1.127388950823532
P10,S1,lv0,73,1.5096749407231866,2.5441106609547592,0.3263436855079399
P10,S1,lv0,74,2.613155735393472,6.517835861432084,0.0
P10,S1,lv0,75,2.712881500701861,3.130500780014922,0.8304477206343489
P10,S1,lv0,76,1.107602943683005,1.2331037909147298,0.8781624451980434
P10,S1,lv0,77,2.089810906011133,3.3391112574536828,0.3972336874861597
P10,S1,lv0,78,1.939946134436598,1.3427999795759726,1.510765745961788
P10,S1,lv0,79,2.449268582045023,2.433541641860321,1.029615236744629
P10,S1,lv0,80,3.549218092609296,2.257114674723527,1.623561025814096
P10,S1,lv0,81,2.239365216798853,2.2768407924789953,0.9989484987100503
P10,S1,lv0,82,2.0152780846066842,1.6449426106297473,1.2913276820209654
P10,S1,lv0,83,2.4378285373038238,4.1422940741982135,0.3153548829642553
P10,S1,lv0,84,3.4749626625512975,1.381237096992766,2.249142250151078
P10,S1,lv0,85,1.9755555164048673,2.8728946609817925,0.5225732675876185
P10,S1,lv0,86,1.9256292231114298,2.342298866073274,0.7602994722367253
P10,S1,lv0,87,1.84978056810586,4.748506214330763,0.0
P10,S1,lv0,88,4.011970384030055,1.9812703581364761,1.9602082664010292
P10,S1,lv0,89,3.698855070503665,2.479515158788216,1.5534377043817544
P10,S1,lv0,90,2.672401984993962,2.393172037760189,1.1679407379882452
P10,S1,lv0,91,2.0735537254088117,1.7540303640951282,1.2438011943675733
P10,S1,lv0,92,1.3812720881131866,4.371956341454825,0.0
P10,S1,lv0,93,2.7744838842542543,3.225380869908265,0.820591177640333
P10,S1,lv0,94,3.2327293015727916,3.075223383496076,1.0875290956894108
P10,S1,lv0,95,3.8679640977919765,9.034324166802486,0.0
P10,S1,lv0,96,3.6948791222166677,1.566666110132355,2.163143279899624
P10,S1,lv0,97,3.8104332769533613,9.725362229248928,0.0
P10,S1,lv0,98,2.3529164471073716,5.999626854144336,0.0
P10,S1,lv0,99,2.995219757521552,1.1875012339015079,2.252552750385187
P10,S1,lv0,100,1.2634093038323233,2.580938504560265,0.07016535762697229
P10,S1,lv0,101,2.011544270128101,2.834209756933494,0.5646502052180749
P10,S1,lv0,102,3.007687202862545,1.760865503983048,1.7336796245949604
P10,S1,lv0,103,2.5230571824801578,1.2222279518820558,1.985834687473336
P10,S1,lv0,104,2.2028188507602184,2.1138377157632777,1.075926336405509
P10,S1,lv0,105,1.7378173422597238,1.5551241285901063,1.1688945791356953
P10,S1,lv0,106,1.703878290659544,0.8719329884245268,1.9128274611900586
P10,S1,lv0,107,1.7372418504571658,1.0057767546185699,1.748551780394631
P10,S1,lv0,108,2.8448884897771936,6.524017101212443,0.0
P10,S1,lv0,109,2.7886717496937767,3.284887227588205,0.8030461274439781
P10,S1,lv0,110,2.4706965594829717,3.245459451131791,0.6579669160118712
P10,S1,lv0,111,2.2856084768992475,4.1909196193391764,0.21399521207108124
P10,S1,lv0,112,1.7363177887003336,2.5970062833506757,0.4851390762452367
P10,S1,lv0,113,3.2975749596855604,2.226779542059611,1.5436814296852317
P10,S1,lv0,114,2.5072727546026803,2.916928993377752,0.8195935823149562
P10,S1,lv0,115,3.9224209557190313,2.1380946808380332,1.828759242574993
P10,S1,lv0,116,4.43759717206611,5.476549939498422,0.7410218591418125
P10,S1,lv0,117,5.013875194352837,6.1294898377159,0.7536141219640528
P10,S1,lv0,118,3.6882594131381654,2.995260593691515,1.2980787624333878
P10,S1,lv0,119,2.2464301084672886,2.1885221069865453,1.0558039017985434
P10,S1,lv0,120,2.342878070579515,2.9407148897389397,0.7185121085448672
P10,S1,lv0,121,2.1308958010160475,3.731711452089149,0.2751782606446103
P10,S1,lv0,122,1.5533041015583322,4.2263009108997,0.0
P10,S1,lv0,123,3.2208939237742906,1.6064478382266831,1.9470158198133805
P10,S1,lv0,124,1.704568024763384,1.9622544821050907,0.8336414810597498
P10,S1,lv0,125,2.697549023210754,4.813632872555455,0.25017443544751433
P10,S1,lv0,126,2.6005903677111166,2.7087384800582797,0.9668043334568616
P10,S1,lv0,127,1.4510198154944496,1.094793752677961,1.3960192826006819
P10,S1,lv0,128,3.295420982200537,2.4726443086961525,1.403400555046458
P10,S1,lv0,129,1.2739157789756486,2.3016643522775353,0.233630460355528
P10,S1,lv0,130,2.219663140796947,1.7599904028777063,1.3299241850979477
P10,S1,lv0,131,1.6060105291002205,2.0464304560672453,0.6984503594226471
P10,S1,lv0,132,3.4977945560086616,2.6954363216442614,1.3678951501546739
P10,S1,lv0,133,1.8800184723199114,2.3665001212033268,0.7147078510254482
P10,S1,lv0,134,3.0788205508804265,3.49884706917123,0.8508068984828421
P10,S1,lv0,135,2.5289922652248036,1.5053626251976309,1.7116110738690455
P10,S1,lv0,136,4.121647219361272,5.7545500665344,0.5767933543080654
P10,S1,lv0,137,3.206905166986716,4.242680085135863,0.648473321063321
P10,S1,lv0,138,5.606236010157112,5.165122675467224,1.1301270718729186
P10,S1,lv0,139,2.925364691233997,2.258036065658889,1.3657003431982935
P10,S1,lv0,140,3.1167403994514125,2.3221140151601576,1.4128035610583225
P10,S1,lv0,141,1.8447778545409028,1.965155009404496,0.9368969764076085
P10,S1,lv0,142,4.024676377071109,2.897613046579497,1.4583912314404361
P10,S1,lv0,143,1.68466008785441,1.1706057926942535,1.5056265276188645
P10,S1,lv0,144,3.3684738904440192,1.5971035069909043,2.0144168230808255
P10,S1,lv0,145,4.3031929795777994,2.6976917809337895,1.6426237665367875
P10,S1,lv0,146,2.6152462441429587,2.4924233304384904,1.0850712726139347
P10,S1,lv0,147,3.1886680146536794,3.600736685532917,0.8592618602971629
P10,S1,lv0,148,1.430894478686416,6.400094822986121,0.0
P10,S1,lv1,0,5.594275935686301,4.733425728992674,1.2434644448981151
P10,S1,lv1,1,2.776472001297989,4.39252902970802,0.4104211493134302
P10,S1,lv1,2,3.6534885472044696,2.879863111816965,1.337768007956217
P10,S1,lv1,3,3.443764665245408,3.5891931666367576,0.9659821733171181
P10,S1,lv1,4,3.4569792621925353,2.2611774448774717,1.5861157675311568
P10,S1,lv1,5,2.541146583087276,2.0653124625615003,1.2970277799133572
P10,S1,lv1,6,2.4775006994272664,2.8619306196129664,0.8290306865646513
P10,S1,lv1,7,2.326341344929294,3.327609112291282,0.544554426298612
P10,S1,lv1,8,5.984772707032626,3.200621178652657,1.8541564412959752
P10,S1,lv1,9,2.4633105098568615,2.851505272621609,0.8262424177741012
P10,S1,lv1,10,3.4443344007514236,3.064974984571428,1.1763711293617463
P10,S1,lv1,11,2.6643254367406395,2.9269921303196798,0.8958821400224674
P10,S1,lv1,12,2.820433759023705,2.8462426487234316,1.0089151097370217
P10,S1,lv1,13,2.949131900535412,2.7778909024674348,1.1006668539156517
P10,S1,lv1,14,6.988983175396233,3.413320774427664,1.974990641616803
P10,S1,lv1,15,3.1096909354346702,2.135686329645695,1.521191181856868
P10,S1,lv1,16,3.0403232856273963,4.598954907322514,0.4701339187501168
P10,S1,lv1,17,2.018536145125349,4.533070431568043,0.0
P10,S1,lv1,18,4.543666891128612,3.273574424229944,1.4574523801679906
P10,S1,lv1,19,3.400599734962631,1.5554380891515367,2.0622394497473158
P10,S1,lv1,20,3.7264905064479743,1.6317284252082747,2.120319773888652
P10,S1,lv1,21,3.1576391035020612,1.909468380867911,1.6905961551892186
P10,S1,lv1,22,4.501852045084144,4.178856270676134,1.1201444173486135
P10,S1,lv1,23,2.846165823493686,3.476186813689511,0.7548643524736193
P10,S1,lv1,24,3.890414215658799,2.9781857370999596,1.3767188882586585
P10,S1,lv1,25,5.21249901550098,3.0283219778583885,1.7439090225891964
P10,S1,lv1,26,3.3135904582408267,3.0488369633844066,1.1318860739406655
P10,S1,lv1,27,8.092333616314528,4.39740864966749,1.8328960669373626
P10,S1,lv1,28,3.17369557204315,2.3351349522617775,1.429465645687618
P10,S1,lv1,29,5.049682786180365,7.394506904876259,0.5133332522995457
P10,S1,lv1,30,8.058312542353233,3.9107624488851624,1.983406538290696
P10,S1,lv1,31,9.495940625550496,6.557306447678909,1.513935491600757
P10,S1,lv1,32,4.309440697889936,2.4550344303889053,1.770021185097816
P10,S1,lv1,33,4.254433500586201,3.471435837691533,1.2917824273094731
P10,S1,lv1,34,3.765465326994192,3.7376423923872766,1.0309125916829789
P10,S1,lv1,35,3.890410128083091,2.7371478505782374,1.4890616134270864
P10,S1,lv1,36,2.8238475146871695,2.760435574656135,1.051272723216307
P10,S1,lv1,37,3.7192595152443375,3.226337460072027,1.210295846871905
P10,S1,lv1,38,5.029669533498336,3.036105796839244,1.6929639822012648
P10,S1,lv1,39,2.6026466261017873,1.8730948869804218,1.4588965053974154
P10,S1,lv1,40,4.975495379174907,2.5823605442480386,1.8940204073426514
P10,S1,lv1,41,2.7894057732618993,1.9387518994099266,1.5052827573155598
P10,S1,lv1,42,1.9030803964108531,2.074689428866656,0.9061142049488854
P10,S1,lv1,43,1.9693674002014319,3.136029901035272,0.4017406543471313
P10,S1,lv1,44,3.112944891950954,2.7887919459156847,1.1674118706541956
P10,S1,lv1,45,9.139535252463228,4.44913903577281,1.9793161448337686
P10,S1,lv1,46,8.419733038988683,2.4121554580228795,2.685023512494626
P10,S1,lv1,47,6.4790226997849665,2.4507805046837685,2.315111417399168
P10,S1,lv1,48,4.225858823155726,2.8081631771121165,1.5650605920001441
P10,S1,lv1,49,3.7908300699363586,4.048847497012488,0.9333894612933743
P10,S1,lv1,50,3.3044885987889643,2.3346694990714205,1.4834885258334556
P10,S1,lv1,51,3.585773952580109,4.789532501523806,0.6357349103241263
P10,S1,lv1,52,2.381465244810485,1.151315734022943,1.98851636181758
P10,S1,lv1,53,3.3942226903436254,1.4100166320884058,2.190398473963558
P10,S1,lv1,54,11.343203166642695,5.186011172970895,2.062850848472432
P10,S1,lv1,55,3.8035120017150508,3.2223056350230412,1.2417778919788158
P10,S1,lv1,56,4.272321900779649,3.070641930046429,1.460672273017112
P10,S1,lv1,57,6.834888738994088,2.6633286293591083,2.275577464374358
P10,S1,lv1,58,3.111721177814054,2.231176431178788,1.4638352928922127
P10,S1,lv1,59,3.038518547475124,3.823596163130516,0.715119451062632
P10,S1,lv1,60,6.4193252446635265,3.034030262009658,2.0186139214420575
P10,S1,lv1,61,3.912746706649356,4.3251386167982355,0.8876555627521902
P10,S1,lv1,62,2.9196011838667073,3.988453316628791,0.605787226761415
P10,S1,lv1,63,5.156406002550568,2.61663025039871,1.9240126324748577
P10,S1,lv1,64,4.432916585527734,2.9798315923923626,1.5497513680755362
P10,S1,lv1,65,6.021447835928065,4.359305407932293,1.4510138770223893
P10,S1,lv1,66,2.1771597717092734,1.9472595083420259,1.169591569236105
P10,S1,lv1,67,3.2761045924281436,2.535802010493105,1.362001697868712
P10,S1,lv1,68,2.8258817199653317,4.55867170764972,0.3844818193399773
P10,S1,lv1,69,4.2863569292407435,2.6934345334399947,1.6395079015294447
P10,S1,lv1,70,1.8126185557615282,2.3338336666696415,0.684612130096515
P10,S1,lv1,71,3.4468983916935736,3.6613595180145175,0.9406940641122546
P10,S1,lv1,72,3.1880288149501315,2.0712770918597974,1.5950714972096445
P10,S1,lv1,73,4.097769111522026,2.761809231159324,1.5462448782623883
P10,S1,lv1,74,2.522035957893323,2.784061779831197,0.8894660822283929
P10,S1,lv1,75,2.5330107926952143,4.476196771589724,0.2631440734176708
P10,S1,lv1,76,6.69688774366759,2.409219674602966,2.3819031081601345
P10,S1,lv1,77,2.6966081666504835,3.950311901369944,0.5128170395672124
P10,S1,lv1,78,5.2217033776212975,3.8413180283009645,1.429706715617587
P10,S1,lv1,79,2.4951249175708465,3.4112731291848744,0.6047352537692267
P10,S1,lv1,80,4.159410376365477,1.9067940190656572,2.059251667905343
P10,S1,lv1,81,2.5212685538257196,3.644277003549649,0.5306593983669633
P10,S1,lv1,82,4.462772947285778,2.0766621836908574,2.0393625311925594
P10,S1,lv1,83,2.2137502323686458,3.3286071717694963,0.47811973273899677
P10,S1,lv1,84,2.3552849643074385,1.9058883618792033,1.302857618106519
P10,S1,lv1,85,3.3978343833021705,4.449598670756147,0.6620683602924701
P10,S1,lv1,86,2.50709448009776,1.845861498345424,1.4286022512612133
P10,S1,lv1,87,4.642283241534754,2.661968500185839,1.7613330562020555
P10,S1,lv1,88,4.770514277946693,3.1811200870433076,1.5604400360486907
P10,S1,lv1,89,3.710690893345588,2.568244231875019,1.510888689638947
P10,S1,lv1,90,2.33936027808967,2.1634776333964902,1.1250819287486473
P10,S1,lv1,91,5.086213568373576,3.167067305199811,1.6516312909086566
P10,S1,lv1,92,4.163006852005184,2.329962149691996,1.7936063969104574
P10,S1,lv1,93,3.7817259547930706,5.258538498349019,0.582204824700297
P10,S1,lv1,94,3.534836698616734,2.9634441766744284,1.2557377040788298
P10,S1,lv1,95,6.790815236298528,4.932414762144685,1.4466575304498894
P10,S1,lv1,96,4.5121321864654345,2.302186308385251,1.916768742026841
P10,S1,lv1,97,3.0188930331424872,2.680794411206355,1.1791475579224984
P10,S1,lv1,98,4.046666254618718,2.691927391407707,1.563654976584688
P10,S1,lv1,99,4.440383549216793,2.0259107965647773,2.0656029489551817
P10,S1,lv1,100,4.505892718776913,3.2895382843289718,1.4398641277562532
P10,S1,lv1,101,2.5007524597570474,3.476593778013136,0.5824860706710875
P10,S1,lv1,102,3.0478640510671693,4.6683507927484555,0.45349538965778935
P10,S1,lv1,103,3.320204859609793,3.1876447342096794,1.0752760171444689
P10,S1,lv1,104,3.674923801436572,2.9955172219233512,1.2931430570499118
P10,S1,lv1,105,4.52596090767858,2.747047585073314,1.6856755436133657
P10,S1,lv1,106,3.245538204552367,2.1703133811152626,1.5566980693807013
P10,S1,lv1,107,3.7378415854111293,2.36517703441621,1.6302371983675867
P10,S1,lv1,108,1.917931036143281,1.5527502823147468,1.3021997664870255
P10,S1,lv1,109,4.701262036495543,6.532535600205139,0.5831478629474012
P10,S1,lv1,110,4.696614398781819,3.630805177814644,1.3636554112237116
P10,S1,lv1,111,5.498632490819415,4.552397362646215,1.2724173684946274
P10,S1,lv1,112,0.9589580363527701,2.0589378133439595,0.00392994785246299
P10,S1,lv1,113,3.4866319594499653,3.1741044051811214,1.1460473342871789
P10,S1,lv1,114,4.3730370690963705,2.6821415788036975,1.6717506370756687
P10,S1,lv1,115,2.3756906319814823,3.96139852372822,0.34042412835663954
P10,S1,lv1,116,2.949227446540366,2.1331742026744704,1.4522347145931163
P10,S1,lv1,117,5.551580239230471,4.515402651080199,1.2960352796632546
P10,S1,lv1,118,5.073092802909098,3.095052940094124,1.6788102120295254
P10,S1,lv1,119,2.1247250912398035,1.878492267695169,1.1849990640967831
P10,S1,lv1,120,2.3229644720550935,2.932389327515359,0.7109236185895531
P10,S1,lv1,121,2.9552095269682535,1.4896116733611777,1.9329332894756848
P10,S1,lv1,122,4.588344791773033,1.8748289321134264,2.2124001799899897
P10,S1,lv1,123,2.644983432100961,2.701230718487173,0.9930299626929611
P10,S1,lv1,124,2.8512404629970853,2.734226203495581,1.0768221301912893
P10,S1,lv1,125,1.8439366579397676,4.604178403790086,0.0
P10,S1,lv1,126,2.9925938465835014,1.6266864688289362,1.8324883322840493
P10,S1,lv1,127,1.853489888810209,1.7678208327448133,1.0840328237115602
P10,S1,lv1,128,6.242839576354338,3.164357651997038,1.9255202092041213
P10,S1,lv1,129,10.889757360863006,2.608430435354992,2.9233170313822314
P10,S1,lv1,130,2.6560768802192007,3.9823034616772057,0.4819210282733212
P10,S1,lv1,131,2.9330855964530573,1.7112713698246307,1.7382752385618896
P10,S1,lv1,132,3.3467605886766187,3.777431810667384,0.8599057336911302
P10,S1,lv1,133,5.328098095837193,3.93016097475776,1.4261204468517574
P10,S1,lv1,134,2.6907711182327074,4.341595648986566,0.3842112437999866
P10,S1,lv1,135,2.2912940115036657,1.438227548202551,1.6409524764250538
P10,S1,lv1,136,4.71036252134832,3.1559007836887307,1.5541440229144876
P10,S1,lv1,137,5.670580862042095,3.3441653187016023,1.7239736780291686
P10,S1,lv1,138,2.8874606436399803,4.075719907274235,0.5622415108428621
P10,S1,lv1,139,4.6157165094164485,2.4465698951250907,1.8660123221028835
P10,S1,lv1,140,2.241418235410386,2.508324738945045,0.8712804457258287
P10,S1,lv1,141,5.146182631826684,5.560771719150836,0.9179025729284669
P10,S1,lv1,142,5.258195563449191,3.4163957978289905,1.5950240481914308
P10,S1,lv1,143,3.283109293881217,1.9236843984552003,1.7325916474293606
P10,S1,lv1,144,3.184925751595325,4.00515200930864,0.7160096400455557
P10,S1,lv1,145,6.2372885182319,2.1168849834729264,2.4594543394495583
P10,S1,lv1,146,6.688747575158573,2.903134530735989,2.1320450594644176
P10,S1,lv1,147,2.8206282230541264,1.6608392024799172,1.7260531488807618
P10,S1,lv1,148,2.329040728340049,2.572908894374162,0.8884860971057883
P10,S1,lv2,0,2.89181352481343,4.085610545027599,0.5610203295034416
P10,S1,lv2,1,4.145578560585837,4.7670138067769985,0.835111874242492
P10,S1,lv2,2,1.482871705046071,2.5043204306779048,0.3234816636901967
P10,S1,lv2,3,3.8563897935873253,3.2897564790511535,1.2325800870975818
P10,S1,lv2,4,4.138668762444047,3.0686144921263403,1.4192439438068936
P10,S1,lv2,5,1.5979125050332896,1.8091376906304433,0.8557782458388663
P10,S1,lv2,6,1.8832256799731664,1.5621807247417117,1.2698322059142426
P10,S1,lv2,7,2.6659229654091514,2.5194824477276763,1.096244774484732
P10,S1,lv2,8,2.7546176122530324,4.067380151393065,0.5022736348313551
P10,S1,lv2,9,3.3836249945422274,2.112378597852887,1.6481775132450418
P10,S1,lv2,10,3.2585852853612494,2.57643727961723,1.3337025904605768
P10,S1,lv2,11,3.9519509067690195,4.021777229412584,0.9977263659752426
P10,S1,lv2,12,3.5472501826925686,2.442162234977281,1.5179347373594987
P10,S1,lv2,13,3.519279161423808,7.93202009094458,0.0
P10,S1,lv2,14,3.0419659478866374,2.335919579819319,1.3725884459281843
P10,S1,lv2,15,2.7407192232017286,4.33057155103781,0.4120783171160566
P10,S1,lv2,16,3.806474056324303,4.255963384824058,0.8724630928391945
P10,S1,lv2,17,4.775308392632157,3.168502467391892,1.5670673596637654
P10,S1,lv2,18,3.4212612491201093,3.424148659816271,1.0199174761312493
P10,S1,lv2,19,4.89561266849067,3.0335768118566424,1.6581130764435759
P10,S1,lv2,20,2.438109287948486,2.752537161439957,0.8595746035460036
P10,S1,lv2,21,3.3634723110256566,3.434226238286128,0.9933293507317124
P10,S1,lv2,22,4.116929026398653,4.3444466508010695,0.9494379971384612
P10,S1,lv2,23,4.11277786240078,2.2460379692790298,1.8262793029894837
P10,S1,lv2,24,3.7499544019758924,4.248428363628622,0.8549087379500779
P10,S1,lv2,25,1.8921697117310858,1.9263513932609637,0.9972085139046029
P10,S1,lv2,26,4.766565131862261,3.1665628522680067,1.5654430316806422
P10,S1,lv2,27,4.415271432798247,2.766757586634256,1.6431993910774496
P10,S1,lv2,28,2.8028567648236784,1.4410994730553661,1.9065487008254658
P10,S1,lv2,29,3.927264556550964,3.3039002462341567,1.2511114324381263
P10,S1,lv2,30,3.8819183479360757,5.90341451233143,0.46303072304535603
P10,S1,lv2,31,6.004658871572353,3.540546623045256,1.7242134032153626
P10,S1,lv2,32,4.588842985558077,2.7192763781643756,1.7175678849425084
P10,S1,lv2,33,7.761466635349266,7.341281714591133,1.0951280192003792
P10,S1,lv2,34,6.292622835882542,5.5735068718405145,1.1825771582802198
P10,S1,lv2,35,5.302267531047222,2.307624207690255,2.128424969768816
P10,S1,lv2,36,3.324077600113393,6.8458189273385175,0.05937440682440307
P10,S1,lv2,37,5.337473943283421,4.213877473001764,1.3356775326086854
P10,S1,lv2,38,4.672028519634528,7.168913088448831,0.4511048538089917
P10,S1,lv2,39,7.354304515137922,4.517769658768569,1.6696543531213746
P10,S1,lv2,40,12.70820687450658,5.892221558545175,2.04416319442013
P10,S1,lv2,41,3.346369177902563,2.9967951439453797,1.167906806097657
P10,S1,lv2,42,1.9416410971764857,2.924944244774696,0.4756226183135068
P10,S1,lv2,43,3.7697833134337477,3.671821087327976,1.0560886514414796
P10,S1,lv2,44,8.037969322853295,4.865148247656806,1.6893708962550684
P10,S1,lv2,45,3.874117436464266,3.90763355780738,1.0095739943753688
P10,S1,lv2,46,2.6086747478657797,3.96515399716714,0.46369509153045235
P10,S1,lv2,47,5.7742623041219865,4.588784485698294,1.3269268206033062
P10,S1,lv2,48,2.5834734997221513,2.9030743332192785,0.8657839763680756
P10,S1,lv2,49,6.386079005268179,3.439304575438218,1.8448089080878487
P10,S1,lv2,50,6.410384709875666,6.708933704281031,0.9604466079953919
P10,S1,lv2,51,3.5748621359530355,3.5304668763308142,1.037674815107022
P10,S1,lv2,52,6.432991757212775,3.6459898164458635,1.7768691414464308
P10,S1,lv2,53,2.305050259115909,2.263191607058179,1.0454352197465113
P10,S1,lv2,54,1.9118025829050007,2.265929942127586,0.7948307242887156
P10,S1,lv2,55,7.5616192969228715,4.3148743071478055,1.7678245935351529
P10,S1,lv2,56,4.738264454074367,3.396820676665474,1.4640802308415861
P10,S1,lv2,57,2.3636362842317977,4.433726777322764,0.1837103144015019
P10,S1,lv2,58,6.582088584784928,9.771119049525117,0.4951408924252443
P10,S1,lv2,59,3.2001619985870584,5.438795859175047,0.31506976304801115
P10,S1,lv2,60,4.094471960245571,4.054203355728245,1.0341966681265509
P10,S1,lv2,61,7.242306912333022,4.36694489977157,1.6944249674249257
P10,S1,lv2,62,4.157706395767656,3.2484533678404808,1.34954163029707
P10,S1,lv2,63,1.5605172867445507,2.896035024230402,0.19797205757624056
P10,S1,lv2,64,3.5983997417599802,3.1211372746862343,1.2104486215744612
P10,S1,lv2,65,5.062178691398279,2.3118923548977977,2.064284055943752
P10,S1,lv2,66,5.0381862755667965,2.8937768512929183,1.759127643883563
P10,S1,lv2,67,5.8259730651669415,7.309829596455258,0.7190161606063165
P10,S1,lv2,68,4.4254280267524155,3.9297402777747443,1.1791696814777302
P10,S1,lv2,69,3.775522766471972,3.377842327678088,1.1691969526931363
P10,S1,lv2,70,3.7843667939662335,2.3469652158352337,1.6569928576739659
P10,S1,lv2,71,3.921235704296223,4.602450559712536,0.8078180222246494
P10,S1,lv2,72,6.884753595738871,4.130001494977526,1.7012875057832033
P10,S1,lv2,73,5.217477807569621,3.294948115625813,1.6328571613116873
P10,S1,lv2,74,2.2070051810272164,4.878968187481763,0.0
P10,S1,lv2,75,5.308041051476853,3.0244661865917415,1.7697827807891402
P10,S1,lv2,76,4.0780176372448045,2.2489107332531986,1.8132796645559353
P10,S1,lv2,77,3.307140083428575,2.419705065714168,1.4369347419134058
P10,S1,lv2,78,4.455433258995341,3.673420400774078,1.2779490661687838
P10,S1,lv2,79,1.6677967275176395,3.6667960038369687,0.0
P10,S1,lv2,80,4.6793847031736115,3.885881912029346,1.2683856945758407
P10,S1,lv2,81,5.053625505045989,2.7834940773833865,1.8149221267377453
P10,S1,lv2,82,13.018709003704952,4.2664152533899085,2.506061865574417
P10,S1,lv2,83,3.626055976835608,5.028523586762927,0.5857878936652582
P10,S1,lv2,84,4.808915327966068,6.6120820819392305,0.5971741147912049
P10,S1,lv2,85,3.0095659315794054,4.9089268417993,0.36977470412665026
P10,S1,lv2,86,3.325243834584486,3.497387527097523,0.9538541788197883
P10,S1,lv2,87,5.834700890975064,3.3985227479122746,1.7404899167855787
P10,S1,lv2,88,4.785874537802527,2.499017679401662,1.8859671378276799
P10,S1,lv2,89,6.567066666644745,4.126666713595551,1.6394776249459664
P10,S1,lv2,90,4.011978937611899,3.7002940656132552,1.1286916245233631
P10,S1,lv2,91,4.130573839144966,2.842546590299803,1.5185032692152838
P10,S1,lv2,92,3.292319857804947,3.215170974400266,1.052603936396649
P10,S1,lv2,93,3.532890747145048,2.260230739873196,1.61558694651795
P10,S1,lv2,94,6.662541929294883,3.615355609559057,1.8347718079479496
P10,S1,lv2,95,5.96214559275521,7.092697273277482,0.7899100874754476
P10,S1,lv2,96,3.6518843639746885,3.489742760860011,1.0814938407982224
P10,S1,lv2,97,4.394572801939894,5.285188684789766,0.7753972156710603
P10,S1,lv2,98,4.587995239603951,4.02557093400479,1.1951202205686102
P10,S1,lv2,99,4.012315059160828,3.4202022407275137,1.2335794913578637
P10,S1,lv2,100,2.9812884411891645,2.6902642348489056,1.157768495147635
P10,S1,lv2,101,5.708684705589916,2.400974441728708,2.1739466937368506
P10,S1,lv2,102,5.913897657494073,3.173080060447557,1.8498022240361505
P10,S1,lv2,103,3.372584678093905,2.771364343266447,1.2823931405229736
P10,S1,lv2,104,3.0160421305701766,4.117006991583173,0.6068194715907658
P10,S1,lv2,105,4.1855591933439715,1.827313776669332,2.1242682051110156
P10,S1,lv2,106,5.92534124903683,3.936108013585788,1.5655317344014492
P10,S1,lv2,107,4.398090048489319,4.6161454411563865,0.9566277034420052
P10,S1,lv2,108,3.00430755586869,3.6230400185698617,0.771765437631832
P10,S1,lv2,109,4.109313669327749,2.7680752879297947,1.5469730895220666
P10,S1,lv2,110,2.7755575177754874,3.2407186717757823,0.8147912209607753
P10,S1,lv2,111,3.4281218944969862,3.0739162712273584,1.1662131531261588
P10,S1,lv2,112,6.71465600702118,2.1291674494080417,2.5499198439020994
P10,S1,lv2,113,4.029092324340361,2.5580736700217868,1.6257528564219397
P10,S1,lv2,114,2.937237062940634,3.457606393104974,0.8039243027312726
P10,S1,lv2,115,2.0190805584104994,2.742539155736698,0.6133939931327416
P10,S1,lv2,116,2.0314099508907355,3.8956071067020805,0.15431884214089042
P10,S1,lv2,117,3.2336393116211997,4.245050448418759,0.6587806724789199
P10,S1,lv2,118,5.679798104244299,3.4992790423627245,1.6657826037265624
P10,S1,lv2,119,4.471091777834623,3.2103191567512144,1.4619920222762681
P10,S1,lv2,120,3.6397635885550126,2.768824438651909,1.385097736043644
P10,S1,lv2,121,5.814504297991018,3.5396773640979555,1.6817044953859837
P10,S1,lv2,122,4.267232636057051,3.310350452005906,1.3590284052469719
P10,S1,lv2,123,3.5701349744947684,2.609329710908909,1.4383615708527138
P10,S1,lv2,124,4.598702996916008,5.570431306131461,0.7658661144904821
P10,S1,lv2,125,4.383481423201279,1.8788617359130966,2.1487393655947358
P10,S1,lv2,126,3.9891704302984157,1.6256954389371827,2.2159219147239075
P10,S1,lv2,127,4.377947648553321,2.316752643194857,1.868186644847861
P10,S1,lv2,128,4.8460721319845375,5.770628627598152,0.7886092738993462
P10,S1,lv2,129,5.4764415317392885,2.187985991968549,2.2423133940621027
P10,S1,lv2,130,1.8175438892190723,4.400290031389221,0.0
P10,S1,lv2,131,5.269413354596654,5.13686793126751,1.0549514995518323
P10,S1,lv2,132,2.4390880540432422,2.1749248176799316,1.17362748431
P10,S1,lv2,133,5.657721351136201,4.681272448205515,1.2732237951209464
P10,S1,lv2,134,4.463217034387348,2.8203872415409594,1.6320211265876818
P10,S1,lv2,135,3.681987603218409,3.217069697452095,1.2007181200220067
P10,S1,lv2,136,3.358540085757303,3.06160581958152,1.1442584683381145
P10,S1,lv2,137,3.5897054117634557,3.0743300080361604,1.2273424169789082
P10,S1,lv2,138,3.781896386888168,3.646438082150181,1.0695928849897374
P10,S1,lv2,139,4.557679035821554,2.9219078495533193,1.6128277839142624
P10,S1,lv2,140,2.6805478919972363,2.8694502856308635,0.9303917652309948
P10,S1,lv2,141,3.4077561733484116,2.6526545341172088,1.354478285211627
P10,S1,lv2,142,2.3398332077909054,2.4001901512863872,0.9871388991397154
P10,S1,lv2,143,13.975445493263111,4.2424974070618875,2.6079412325234164
P10,S1,lv2,144,2.3511688781083318,2.9794022610224804,0.7058164949488416
P10,S1,lv2,145,5.220311116899723,4.357216611612365,1.261606105714912
P10,S1,lv2,146,2.8095454801770328,2.024276466045751,1.4573971333148366
P10,S1,lv2,147,8.05923695964136,2.707187965740478,2.4731763010617063
P10,S1,lv2,148,1.882512701793848,3.593865494692373,0.16030689838829246
P10,S2,lv0,0,3.7444351387686603,2.390164206684484,1.9856385681843032
P10,S2,lv0,1,3.22333098550928,2.1747502489628254,1.9161384130114152
P10,S2,lv0,2,11.288228745820387,2.8647019711254154,3.1426366000707247
P10,S2,lv0,3,1.9908982292222495,2.6743885536890026,1.052346438611347
P10,S2,lv0,4,4.551436851267868,4.190985842922402,1.5260420397518502
P10,S2,lv0,5,3.140935299341706,2.5974904742633447,1.6608445065533333
P10,S2,lv0,6,2.078355828621808,2.774691277351254,1.0600889132433644
P10,S2,lv0,7,3.008293950415628,2.442855802176627,1.6837119776732496
P10,S2,lv0,8,2.2263174227161624,2.3184229472838838,1.3716999480749377
P10,S2,lv0,9,1.8032836404523724,1.7292728684764733,1.4751169405430375
P10,S2,lv0,10,4.8983438845313865,2.6307319538516447,2.202298105466942
P10,S2,lv0,11,1.9731537686481306,2.3608822788921118,1.1975158326478397
P10,S2,lv0,12,2.066130258147723,1.4557578324662352,1.8617614533242712
P10,S2,lv0,13,2.705806321625906,1.6159733692154556,2.0691203824324793
P10,S2,lv0,14,2.244490363581835,3.875887988640656,0.7373017224590125
P10,S2,lv0,15,3.3018023612894543,2.2499243749921645,1.9036832330215199
P10,S2,lv0,16,2.8081922416521428,4.712516568860537,0.7731952226367631
P10,S2,lv0,17,1.9384450860254543,1.7009321210537767,1.5865052396920225
P10,S2,lv0,18,4.640991717912463,3.1045355979451745,1.9268787657054673
P10,S2,lv0,19,1.4132710681324872,2.081566186797428,0.9368472718231832
P10,S2,lv0,20,2.327003957247357,1.5661420779138953,1.9192301413055302
P10,S2,lv0,21,2.1553965589654753,2.406304244587942,1.2844234449035634
P10,S2,lv0,22,1.541110725929002,1.8286697169972759,1.20794811157977
P10,S2,lv0,23,1.9953045694999756,1.6999997699200369,1.623456986965223
P10,S2,lv0,24,3.7765830509956637,2.360654831459908,2.011944687448104
P10,S2,lv0,25,3.2224321200485355,3.1354712937553315,1.456864447154156
P10,S2,lv0,26,1.832211641229516,3.815698429823803,0.5023571447788655
P10,S2,lv0,27,1.4587717238158247,2.449486294986858,0.772439591653128
P10,S2,lv0,28,4.920645757643984,3.381594258014012,1.8930471057920613
P10,S2,lv0,29,1.4882580756261294,5.0939540080033,0.0
P10,S2,lv0,30,1.8881751610257975,3.5255569310273422,0.6392976512346826
P10,S2,lv0,31,2.5478061026636833,2.0121505755006965,1.7186120365017123
P10,S2,lv0,32,2.512335004296679,1.6678264771307028,1.9364462007313712
P10,S2,lv0,33,0.9270099534445015,6.250144759661283,0.0
P10,S2,lv0,34,1.5931969559769246,1.8693981973084643,1.2220112315041383
P10,S2,lv0,35,2.952117806184151,2.247380920532403,1.7646828114765896
P10,S2,lv0,36,2.374112115007216,2.037497106007835,1.6143413467555123
P10,S2,lv0,37,2.509258094811849,3.459912173664473,1.0195812637656771
P10,S2,lv0,38,2.3626528472202337,1.5547511412597026,1.9474572077845038
P10,S2,lv0,39,2.8834143284658467,2.864034896997788,1.4310082417646541
P10,S2,lv0,40,3.74531013124623,1.5718037790721155,2.5116782612225927
P10,S2,lv0,41,1.7971985365569902,2.0798242491054095,1.2393458505995094
P10,S2,lv0,42,1.310355796773832,2.585306531575238,0.5701605569454886
P10,S2,lv0,43,4.966101041162288,4.358829177296876,1.5861562880697777
P10,S2,lv0,44,4.692934939109547,3.6351998107629764,1.742903237660047
P10,S2,lv0,45,4.056539370492842,4.265877113173842,1.3594333627668682
P10,S2,lv0,46,3.9320065973604295,3.3884797134264737,1.6091572953180864
P10,S2,lv0,47,4.2641916170088745,4.704485943362122,1.2992918394287614
P10,S2,lv0,48,1.835081995315171,4.177688292046287,0.3906333783512451
P10,S2,lv0,49,1.6236554264593357,6.9159407598509715,0.0
P10,S2,lv0,50,3.397123390926919,3.5502658052177374,1.3672405864067583
P10,S2,lv0,51,2.5818513954740814,1.8880824007062387,1.81509233003164
P10,S2,lv0,52,3.084121294476705,2.324795371052285,1.7770726078354733
P10,S2,lv0,53,5.395251434690504,2.3988919871787493,2.439216488369906
P10,S2,lv0,54,3.6962090120574427,3.6630969585158524,1.4338368807402915
P10,S2,lv0,55,2.702696095286903,2.7778334519826813,1.3881531360766595
P10,S2,lv0,56,4.158932251530699,2.2629700877900207,2.1859227657443703
P10,S2,lv0,57,3.122740207666015,4.035611294143646,1.1008747466720048
P10,S2,lv0,58,1.8186674295166578,1.3425631119059909,1.8032744187595247
P10,S2,lv0,59,2.8438847082939853,3.1796928846060797,1.2825465524198765
P10,S2,lv0,60,2.577944735235668,2.779856587521291,1.3279625672105868
P10,S2,lv0,61,1.0820794118894472,4.642818529291815,0.0
P10,S2,lv0,62,2.830022449609859,4.087505491025627,0.9613866828332999
P10,S2,lv0,63,1.5788721841481583,1.8274910890915963,1.2391213952387947
P10,S2,lv0,64,0.9779952510268477,2.896978203783542,0.060425648282995896
P10,S2,lv0,65,3.3902402808505796,2.2312416586198327,1.947297892108506
P10,S2,lv0,66,2.609140583164794,3.53375214350827,1.0420551370548565
P10,S2,lv0,67,1.509221576196481,2.0311709706359715,1.0499837593799215
P10,S2,lv0,68,1.219533413481939,3.9891357999899877,0.0
P10,S2,lv0,69,2.210773852822675,2.3698638169283344,1.3353845565851363
P10,S2,lv0,70,6.1630637242853,5.163521546883441,1.6445132895596435
P10,S2,lv0,71,3.326206903749369,2.8786601434309125,1.6038126385855414
P10,S2,lv0,72,3.697355661522987,5.936386682568356,0.8286354931687686
P10,S2,lv0,73,1.5566001228638455,2.3787521496306994,0.8906139497338557
P10,S2,lv0,74,1.9926324589731033,2.0044606402754184,1.4151255209723668
P10,S2,lv0,75,1.5157915678033118,2.343931569650378,0.8757876673234257
P10,S2,lv0,76,2.0586308141549248,2.493135210293251,1.1823410716503706
P10,S2,lv0,77,2.9435551490508454,3.2652039000961537,1.2924678659333144
P10,S2,lv0,78,1.2435794373219513,2.1239026434985395,0.7511433744235549
P10,S2,lv0,79,2.7826784388720145,2.0747140339081214,1.790815080826337
P10,S2,lv0,80,4.774098134530454,2.1034631192128663,2.450640806332503
P10,S2,lv0,81,3.6484099308895988,1.8924460703361923,2.245932200008282
P10,S2,lv0,82,1.990927337997916,1.8359531085971974,1.5241978843100343
P10,S2,lv0,83,1.9451546966757423,2.5892634340439846,1.0637647124916847
P10,S2,lv0,84,6.086082596470023,4.5069977047134815,1.799323079000467
P10,S2,lv0,85,2.1054791399913597,2.1663566071417097,1.3867956130138503
P10,S2,lv0,86,1.9839678202877877,2.240699513548949,1.269908123204764
P10,S2,lv0,87,1.8635874395643512,1.9390623583505944,1.3727500599931948
P10,S2,lv0,88,3.487443024561687,4.169917609154121,1.1983622289176143
P10,S2,lv0,89,4.4135404011587145,2.273306683539808,2.2547383632665223
P10,S2,lv0,90,4.608059206532148,2.51776987241578,2.180720984242009
P10,S2,lv0,91,2.5195045669021625,5.361290039879439,0.47533539789399176
P10,S2,lv0,92,2.25405681698495,2.804169360003997,1.148629355902267
P10,S2,lv0,93,4.8333091642781545,3.1558132439855844,1.9572606585272958
P10,S2,lv0,94,2.068673733693707,1.874923858580771,1.5459017597915858
P10,S2,lv0,95,1.7631100368674186,1.56772491638705,1.5698776863099337
P10,S2,lv0,96,3.290849510638799,2.431402603531588,1.802213178649136
P10,S2,lv0,97,1.6720709497514774,2.4912389250859963,0.9224177917947329
P10,S2,lv0,98,1.4372815210632024,2.4571549652291904,0.7499024896971473
P10,S2,lv0,99,2.6218313737225127,2.530796405024944,1.466876853320508
P10,S2,lv0,100,3.196115955208424,3.70802024932239,1.2362005775617466
P10,S2,lv0,101,2.5255232273695634,3.830913262003128,0.899917530175202
P10,S2,lv0,102,1.430226635065427,2.1363381480916015,0.9192278498379793
P10,S2,lv0,103,2.240739511530109,2.5078653378910407,1.2812767280144401
P10,S2,lv0,104,3.292494297085079,7.409765544131062,0.40507787865983597
P10,S2,lv0,105,1.612878000630582,1.6999270733116068,1.356614062791881
P10,S2,lv0,106,4.558318621381115,2.617173400224191,2.11853741225564
P10,S2,lv0,107,3.31655116826743,2.9941102059653932,1.550842274149719
P10,S2,lv0,108,2.9040214058791594,3.930391673727525,1.0429290846497776
P10,S2,lv0,109,3.977662891592371,2.403582147318521,2.0544090660902836
P10,S2,lv0,110,3.6756595543362693,4.202890939010949,1.25441599310618
P10,S2,lv0,111,2.3096018835280807,2.444808679980761,1.3511870929584544
P10,S2,lv0,112,2.550951078158185,1.4882441637280863,2.0984807069205362
P10,S2,lv0,113,2.266831287971227,1.2415810531194544,2.1776655147497674
P10,S2,lv0,114,1.4149850331150728,0.9899101167724041,1.8706789886361848
P10,S2,lv0,115,2.202274941825665,2.4719502355309144,1.277650975325664
P10,S2,lv0,116,2.2825026254392022,3.5426546207722867,0.871131555767432
P10,S2,lv0,117,4.492148985621107,2.447549525439688,2.184246513784194
P10,S2,lv0,118,3.5551669437911246,5.790561071015556,0.8106425739641324
P10,S2,lv0,119,1.9236636334537995,1.6386933194433448,1.623662390862062
P10,S2,lv0,120,2.4583643296170674,3.22909661312515,1.0804798834085882
P10,S2,lv0,121,1.7690140501511242,2.562626538594551,0.9576736378117742
P10,S2,lv0,122,1.5812332017591668,2.457199554460061,0.8696095211020437
P10,S2,lv0,123,3.6002219282723305,2.4742788459130494,1.8929894193553227
P10,S2,lv0,124,4.105646192648205,3.243042744838542,1.718389501785557
P10,S2,lv0,125,2.439852667023202,3.5080236606740214,0.9670752558050716
P10,S2,lv0,126,4.280070450334458,3.449894389226493,1.6930198831538947
P10,S2,lv0,127,3.189850302423627,2.821103667237307,1.576641103308756
P10,S2,lv0,128,2.680943537227347,2.9902274485428193,1.2855983729863907
P10,S2,lv0,129,2.007846003508134,2.5472657302808956,1.1240663078502968
P10,S2,lv0,130,2.2424254960441,2.4385524875109588,1.3173762703638905
P10,S2,lv0,131,2.2131788287405434,4.8124147620976006,0.4482078175259935
P10,S2,lv0,132,1.5355200875800268,3.284372377196631,0.46885781397344767
P10,S2,lv0,133,1.0855526133279239,3.5421826713800164,0.0
P10,S2,lv0,134,2.0904545446535643,5.178605492566382,0.284659003108085
P10,S2,lv0,135,1.0266065689597965,2.1126841814086474,0.5172832311995708
P10,S2,lv0,136,4.660249853866898,2.1721680757665673,2.380050032043406
P10,S2,lv0,137,2.1380547920984374,2.1172977873927166,1.4347864787573033
P10,S2,lv0,138,2.3614570020490886,3.2959898573446913,1.0043137285344526
P10,S2,lv0,139,1.6197248619501967,4.7126159695059355,0.082918421124828
P10,S2,lv0,140,5.204749088015747,3.521939388019245,1.9124484021170995
P10,S2,lv0,141,2.821044655977967,2.388486082708726,1.6313329910735443
P10,S2,lv0,142,2.3773575832748786,2.5386516645578054,1.3402092824336718
P10,S2,lv0,143,1.607810503518485,1.3850891840269757,1.6095841083608473
P10,S2,lv0,144,3.1230954994706788,1.6828715915194536,2.1981436859505505
P10,S2,lv0,145,1.3373009692596785,1.8218618103897335,1.0346968326652604
P10,S2,lv0,146,3.1640882801555756,2.1554797390689155,1.904034138479459
P10,S2,lv0,147,4.584364200934835,3.0396475854784883,1.9379746412403367
P10,S2,lv0,148,2.981583306246921,3.484900929554694,1.2268890930226348
P10,S2,lv1,0,2.1110031037125645,3.9933089519212905,0.6229542292153819
P10,S2,lv1,1,4.504956399261021,5.171235879734755,1.2495322066786105
P10,S2,lv1,2,2.801361798112414,2.306949650014579,1.666118623439864
P10,S2,lv1,3,2.920874817431528,2.7959166740960084,1.4773934749575905
P10,S2,lv1,4,4.367969208767805,2.6549929298451893,2.0470359252587595
P10,S2,lv1,5,2.8584293041463336,1.518024237974851,2.216381443414415
P10,S2,lv1,6,4.066458747766655,1.599189957129463,2.593204517186294
P10,S2,lv1,7,2.1040104872535683,1.5482185415261376,1.807309470539859
P10,S2,lv1,8,3.8083708782650256,2.2671132114637347,2.0731741007578095
P10,S2,lv1,9,2.8615630048677114,2.9060499555341988,1.4031986886660823
P10,S2,lv1,10,5.981620384688866,1.7093296439936305,2.9937376428356455
P10,S2,lv1,11,3.0905959836287695,3.186485720476794,1.3842229447053491
P10,S2,lv1,12,3.6393732663018223,1.8716145085804259,2.256705608034166
P10,S2,lv1,13,3.8070969371796903,5.574140553320456,0.9443012001870706
P10,S2,lv1,14,2.8251536024532182,2.515962423454758,1.5679378148829308
P10,S2,lv1,15,4.5288325125954865,2.8888514346319085,1.9865122008951979
P10,S2,lv1,16,4.369096566423511,3.3835674325360783,1.7431936837097775
P10,S2,lv1,17,2.0868709102571477,2.7344028368951947,1.0835641965639098
P10,S2,lv1,18,3.6031186119502445,2.1874107659679947,2.0485725163452617
P10,S2,lv1,19,3.0131914080972146,2.6226103325041468,1.5966904621324831
P10,S2,lv1,20,2.1292824174369107,2.3639502317663883,1.291408075461554
P10,S2,lv1,21,2.6749316647654293,3.6585976905762876,1.0297414860096312
P10,S2,lv1,22,4.992076765002639,2.94988585457381,2.0824454322208554
P10,S2,lv1,23,2.4483220915106045,1.8868441823149733,1.7493043754036124
P10,S2,lv1,24,3.357110559438695,3.374637882730317,1.416017409834879
P10,S2,lv1,25,2.2866088156892928,1.5986022349785802,1.8715321035895072
P10,S2,lv1,26,4.056104103741673,3.7993097429618814,1.5045882966572135
P10,S2,lv1,27,3.114707335688252,3.5611551219822695,1.254529198428629
P10,S2,lv1,28,4.85555531093601,2.1945786199227304,2.418671685568764
P10,S2,lv1,29,3.732370110513819,3.1329152148111103,1.642160509971101
P10,S2,lv1,30,3.2852790732371164,1.4665795385551563,2.434207252382767
P10,S2,lv1,31,6.809632560334677,4.579330506231999,1.9202575658184866
P10,S2,lv1,32,3.709778171083848,2.475925931621161,1.9297558784305853
P10,S2,lv1,33,3.3781775162550245,3.327035900627042,1.441683890275425
P10,S2,lv1,34,4.461787134161096,1.9724154602126933,2.4464644206002992
P10,S2,lv1,35,4.088458563328914,4.0425791600673735,1.4367047991296322
P10,S2,lv1,36,3.51435694189203,3.519094776544988,1.4208593870541586
P10,S2,lv1,37,10.801735915234069,3.314073192962976,2.904601702529297
P10,S2,lv1,38,4.170693211785105,3.4584660872853434,1.6574354948645942
P10,S2,lv1,39,3.4589063700813205,2.470837056383913,1.844507439738126
P10,S2,lv1,40,3.0325385241289267,2.645477804728279,1.593828933215667
P10,S2,lv1,41,2.557933330897523,2.4941168217819687,1.4542404154764754
P10,S2,lv1,42,2.023970767153565,2.4591678490604356,1.1782496516809031
P10,S2,lv1,43,4.746001779619216,4.629120182448865,1.4538274275255691
P10,S2,lv1,44,2.523763209681609,2.161941418846331,1.61665327480989
P10,S2,lv1,45,4.494812750727898,2.6278031500189662,2.0958548060710056
P10,S2,lv1,46,3.2474663658592102,2.0820986387689,1.980106954913165
P10,S2,lv1,47,2.023174992970571,2.3160877166930662,1.2529466999338323
P10,S2,lv1,48,1.9433935534434654,3.194269796311714,0.7992334338025692
P10,S2,lv1,49,2.230476285497792,3.9937753757096788,0.691862163668828
P10,S2,lv1,50,1.4448632618340096,1.8531194711104446,1.1103967405462567
P10,S2,lv1,51,3.2360313371681024,1.3658632795991865,2.5045039394334134
P10,S2,lv1,52,2.3576210986102097,2.5390952937453712,1.329533190205494
P10,S2,lv1,53,2.0976081055988223,1.815710307042608,1.603578481836017
P10,S2,lv1,54,6.861677798298466,2.5306413755501818,2.673738772020312
P10,S2,lv1,55,3.905326358258472,1.809161829264366,2.387744741344811
P10,S2,lv1,56,2.397278771775203,3.6122358944822186,0.9082743598617948
P10,S2,lv1,57,2.434245135192449,1.1190918431490686,2.39732987585659
P10,S2,lv1,58,1.439593858453584,2.6943434289137227,0.6363299322826174
P10,S2,lv1,59,3.154643572499225,3.823174448190867,1.1814559548514676
P10,S2,lv1,60,5.098968209723819,1.5762474700031126,2.8951468464779024
P10,S2,lv1,61,5.601650766713275,3.976435749316135,1.8523847388805386
P10,S2,lv1,62,4.565277324901047,2.886767939699843,1.9974709162838478
P10,S2,lv1,63,8.254889806106533,3.260895501951278,2.5875957688961813
P10,S2,lv1,64,7.066292404011801,2.60012761058806,2.676619007508099
P10,S2,lv1,65,4.729029589586116,3.0345517170727554,1.9790502201915547
P10,S2,lv1,66,4.06151489006188,4.471308959223969,1.3019745424604778
P10,S2,lv1,67,3.577839578213734,2.2449350959980348,2.0071805899526236
P10,S2,lv1,68,1.471322959218186,2.222709057429577,0.9050480591347605
P10,S2,lv1,69,1.5160287136604007,2.6628612902072497,0.7159643499503274
P10,S2,lv1,70,4.21027738949687,2.879269501444651,1.899192695241792
P10,S2,lv1,71,3.945178853192197,4.496549172883796,1.2584600949233127
P10,S2,lv1,72,6.526007821406444,3.0501557864066187,2.376612417268021
P10,S2,lv1,73,2.2187062452668282,3.2536927002410816,0.9423003735083287
P10,S2,lv1,74,3.4262341407352985,2.565563118349775,1.7854127699666598
P10,S2,lv1,75,2.4435049477543394,2.073095963269077,1.6287525437202026
P10,S2,lv1,76,3.6552930741287466,2.646466999987554,1.8276430017566956
P10,S2,lv1,77,5.288428450354098,2.3723689192044803,2.4280776951385312
P10,S2,lv1,78,7.274220322900521,3.9526620510061106,2.1876376196025795
P10,S2,lv1,79,4.511408376891081,3.1162974500355403,1.8866139134040194
P10,S2,lv1,80,2.065082642323749,1.8013000181477359,1.5939709729423162
P10,S2,lv1,81,3.550759050744784,3.0318302178030145,1.6207304520448622
P10,S2,lv1,82,4.2067247012704545,4.647042232648325,1.297682897094985
P10,S2,lv1,83,2.927528682148695,5.496091964505951,0.6324600625794253
P10,S2,lv1,84,3.6863543957925717,4.446742333660597,1.1873160344078157
P10,S2,lv1,85,5.39393379757638,3.107758513001821,2.114165080163105
P10,S2,lv1,86,3.1277336811942966,4.481857134180812,0.9713229206782878
P10,S2,lv1,87,3.836143066215253,5.431142275769335,0.9864338378141212
P10,S2,lv1,88,4.557933359961477,2.456100445184664,2.198107762108554
P10,S2,lv1,89,4.142565855231283,2.9834268043473147,1.8342811073184804
P10,S2,lv1,90,1.5211155212358594,2.001791020384386,1.0781064759440442
P10,S2,lv1,91,2.010717710756847,2.4289134153433656,1.1855367273100565
P10,S2,lv1,92,2.177002686016471,1.821804050453218,1.6459765842382044
P10,S2,lv1,93,5.041857974887017,2.8906251303488544,2.120347342936908
P10,S2,lv1,94,3.94390126647117,4.06266992294135,1.3853327143795926
P10,S2,lv1,95,2.239898571134875,3.766310866028332,0.77070625648958
P10,S2,lv1,96,2.3346390061621998,1.9585163703556419,1.642901260487693
P10,S2,lv1,97,2.1021786114247396,2.660754497909353,1.126979572210905
P10,S2,lv1,98,2.417101126913494,2.146922476686177,1.5712319903970378
P10,S2,lv1,99,3.4094980272360895,2.240358062051869,1.9492882995683503
P10,S2,lv1,100,2.9541073055325615,2.6801532166591246,1.544625961363901
P10,S2,lv1,101,5.608671867584568,2.225554974086391,2.5819559033363637
P10,S2,lv1,102,3.256922607281945,3.7822604032117106,1.2349747537636693
P10,S2,lv1,103,1.996984552965634,1.9620427522746073,1.4446913084860586
P10,S2,lv1,104,4.212064379467118,2.956138229148829,1.866676390634366
P10,S2,lv1,105,4.322285522849786,3.324875999585034,1.7516308183629943
P10,S2,lv1,106,3.6399476946244387,2.397501061563623,1.9462941240837242
P10,S2,lv1,107,1.909673452398313,5.264197196239979,0.1506414455170183
P10,S2,lv1,108,3.8183418223894923,4.48923112575518,1.2195134447647118
P10,S2,lv1,109,2.349323081860525,3.556793068513832,0.9023295041484445
P10,S2,lv1,110,4.385446345296792,2.6847185257781008,2.0380790055092244
P10,S2,lv1,111,3.18756410463862,3.8856367190570236,1.1741502696861217
P10,S2,lv1,112,3.025777501197418,2.5287672455213923,1.6476252849250688
P10,S2,lv1,113,2.6414825494548206,1.2784864870288117,2.3327861996577517
P10,S2,lv1,114,5.175696467165317,3.1225639611305005,2.0563974874396242
P10,S2,lv1,115,2.5638340459193927,2.9079264555083286,1.2645807097029305
P10,S2,lv1,116,3.201274937846432,3.6046821271972243,1.2736772837830823
P10,S2,lv1,117,2.700086593438525,2.0313900123921305,1.7794919855751041
P10,S2,lv1,118,2.8475783896053266,2.4188805564685962,1.627214400067201
P10,S2,lv1,119,3.7545120739045967,2.2247311298675037,2.0789793283857603
P10,S2,lv1,120,3.878358435789976,4.448485591246011,1.2505128014516187
P10,S2,lv1,121,4.3014194770631375,3.4129433689713213,1.7127685817549874
P10,S2,lv1,122,3.434511889694437,2.5953633266203524,1.7739537093516213
P10,S2,lv1,123,4.5329058278618,2.4786107775845245,2.1797573043442733
P10,S2,lv1,124,3.1775972031459245,1.1942842717120186,2.65003031859683
P10,S2,lv1,125,2.0049818693628176,3.02609772006509,0.906209449882852
P10,S2,lv1,126,3.106174280038635,2.4180955336554475,1.7366534038237011
P10,S2,lv1,127,2.456021358572149,1.892966965811543,1.7491789963649342
P10,S2,lv1,128,7.652928120992903,2.8389696352532274,2.6664233236012156
P10,S2,lv1,129,4.378673137678645,2.320893546117836,2.2188034047003176
P10,S2,lv1,130,4.225396876577122,2.5246969376855857,2.068530445703481
P10,S2,lv1,131,2.4569387116654813,2.3006100739159407,1.505012621975524
P10,S2,lv1,132,1.5474075185821705,2.2366869420409827,0.9604276934548457
P10,S2,lv1,133,2.254227609130559,6.854581470023399,0.027572671205204444
P10,S2,lv1,134,4.923374442919119,11.020213616644506,0.41187187957802046
P10,S2,lv1,135,4.193391384380706,2.8309836328170856,1.915365881706089
P10,S2,lv1,136,1.7663034325456892,2.138326213254442,1.1827994836925244
P10,S2,lv1,137,4.166302498063429,2.173880773617597,2.2385237221745484
P10,S2,lv1,138,2.610302696517365,2.144050550342048,1.6693672286458812
P10,S2,lv1,139,1.386909548056467,1.7192166885143323,1.1531260753412595
P10,S2,lv1,140,6.338232354232533,4.1730139575405,1.9468197392117332
P10,S2,lv1,141,3.927802868447697,3.6827820011503567,1.5033442671812074
P10,S2,lv1,142,2.64094827584728,2.62501555154214,1.430139651919231
P10,S2,lv1,143,2.971597636448761,2.673630888452893,1.5550869454855654
P10,S2,lv1,144,3.958616593414309,3.249972656519894,1.6699676445784746
P10,S2,lv1,145,3.9618288111091227,1.9824400798983064,2.2910337384894435
P10,S2,lv1,146,1.9532893146041157,3.5133628382290087,0.6861711416521155
P10,S2,lv1,147,1.7926498278862326,4.759292204054934,0.1977954137105426
P10,S2,lv1,148,2.181523521675014,2.700139340922558,1.155021356166188
P10,S2,lv2,0,3.0695940154032533,3.972601955499453,1.0990821856550879
P10,S2,lv2,1,4.599805166810071,3.828017292449392,1.652932197803833
P10,S2,lv2,2,3.9551449676282022,2.863877002327275,1.8275053006371982
P10,S2,lv2,3,2.2557067356024607,1.6725053475677385,1.7977767562345852
P10,S2,lv2,4,1.6218635253045388,3.0755813457506336,0.6198670606144171
P10,S2,lv2,5,4.486969047093433,2.383109160241733,2.2162670339190615
P10,S2,lv2,6,2.557961937888847,2.0940314252970396,1.6735697249278465
P10,S2,lv2,7,2.5738724686117678,2.3401211792654095,1.5419746415361886
P10,S2,lv2,8,4.896317397966522,3.226441856135411,1.9457435794955447
P10,S2,lv2,9,4.699516174180689,4.5877998372982,1.452727715721931
P10,S2,lv2,10,5.108808430780191,1.5725633038052624,2.9005004478224974
P10,S2,lv2,11,4.944585736788169,6.895606929387023,1.0053628529781267
P10,S2,lv2,12,3.428241960021145,2.934015617963642,1.617821172755487
P10,S2,lv2,13,3.1733413516685567,3.0402238399662274,1.4763031905808923
P10,S2,lv2,14,6.325331417401298,2.533343214737103,2.5703091691479756
P10,S2,lv2,15,3.5489837501464327,3.2833271904555392,1.5201428446366716
P10,S2,lv2,16,4.432361079498759,2.679948806381271,2.053657053815275
P10,S2,lv2,17,4.555700438475065,2.8309569076301604,2.019325182804539
P10,S2,lv2,18,4.99514928014808,7.007703796248447,0.9978976504557742
P10,S2,lv2,19,4.610131421391943,3.9114201583905466,1.6287092765603532
P10,S2,lv2,20,5.103192126244117,6.328235519231364,1.1526690536474582
P10,S2,lv2,21,4.821446905637602,2.662820275338468,2.167243006074838
P10,S2,lv2,22,4.136801471196201,3.4133333780444426,1.6636777212052383
P10,S2,lv2,23,5.228873085572396,2.723949134110743,2.2405282543875025
P10,S2,lv2,24,8.90704460402135,2.4493416985101994,3.0419460969866825
P10,S2,lv2,25,2.7708992583753855,2.88371448979663,1.372491497689597
P10,S2,lv2,26,4.718411447113171,2.614034550191663,2.1633408401027423
P10,S2,lv2,27,9.600219725597581,4.621215293974236,2.3396410799562815
P10,S2,lv2,28,5.021702562245589,3.336008114741947,1.9355716440633617
P10,S2,lv2,29,5.839932754119924,3.2346646664100267,2.1636126139339327
P10,S2,lv2,30,2.0809212231085503,3.0418830344686767,0.9463146263772433
P10,S2,lv2,31,5.7949913710912595,4.598963598853672,1.712508946216608
P10,S2,lv2,32,4.185346285319718,4.574194013797981,1.311111365947354
P10,S2,lv2,33,1.893387127948702,2.529577388695099,1.0591826230634194
P10,S2,lv2,34,2.7346842587726723,2.9707673618322694,1.3186835852271601
P10,S2,lv2,35,5.056690780902587,3.646448726286088,1.8326701911193581
P10,S2,lv2,36,3.680596312148446,9.479224866607371,0.23589799097740094
P10,S2,lv2,37,3.3094978413404874,4.987312175019122,0.9081389387665191
P10,S2,lv2,38,4.573204930928511,1.5514459488635217,2.778536925566004
P10,S2,lv2,39,2.7730249385305608,3.367594153428778,1.1788791897717292
P10,S2,lv2,40,3.2812833119145464,6.359984143229335,0.5924304331848752
P10,S2,lv2,41,4.269798441368961,2.0958658915488177,2.3151455733631576
P10,S2,lv2,42,6.503467168592558,2.780947936814053,2.4881755150142366
P10,S2,lv2,43,5.732182780456905,2.779649506429919,2.330413179033004
P10,S2,lv2,44,2.359586890276264,2.4728369152330747,1.3637459386492312
P10,S2,lv2,45,5.412713682850402,3.901717504842827,1.8331408222677879
P10,S2,lv2,46,6.121930870542902,3.155804507218057,2.253725313341367
P10,S2,lv2,47,4.325600601431169,2.695462052464279,2.015834137595075
P10,S2,lv2,48,3.2026764522353974,2.4187395090260875,1.7746963000619413
P10,S2,lv2,49,2.203929712001597,2.7368244353424678,1.1509115993039707
P10,S2,lv2,50,4.7744420035350235,3.782745886276216,1.7145960918137866
P10,S2,lv2,51,5.2381986476516955,3.3841682337064776,1.9705371918652455
P10,S2,lv2,52,3.2031879689776277,3.4420912599109537,1.3323204538801512
P10,S2,lv2,53,6.333565046559567,4.245129081802868,1.9244040701376388
P10,S2,lv2,54,3.288559571704135,2.3614484465478616,1.8379584593236393
P10,S2,lv2,55,6.394523855810844,7.852636629384184,1.1648962483971608
P10,S2,lv2,56,2.5135823520365057,3.3206706803249704,1.0732653336630198
P10,S2,lv2,57,2.2541474126183396,3.7183142577861625,0.794748150946421
P10,S2,lv2,58,6.343688870132117,2.861207772088003,2.421284734626551
P10,S2,lv2,59,2.5723681995020353,3.1603028664240163,1.164352438622805
P10,S2,lv2,60,3.0838082356982777,2.575739186986341,1.6483685673887087
P10,S2,lv2,61,3.056278319844771,2.261866957172585,1.8001183282820852
P10,S2,lv2,62,4.241319545046147,2.904294579692029,1.8975519860602257
P10,S2,lv2,63,5.178684207768235,3.0925247896272903,2.0692466903152256
P10,S2,lv2,64,1.076186002624093,1.7315034626929915,0.8260214180282976
P10,S2,lv2,65,3.3371200577503766,4.476532205266665,1.054095455213053
P10,S2,lv2,66,3.4641666659425376,3.185078352044471,1.5279088039335507
P10,S2,lv2,67,12.156939824695929,5.986422149987127,2.3111396948554264
P10,S2,lv2,68,2.825271625475281,3.49616784735383,1.1552934579252834
P10,S2,lv2,69,4.3817299191099215,3.683593779310909,1.6402479481371708
P10,S2,lv2,70,5.83760437519017,2.8476313379428277,2.32296409943998
P10,S2,lv2,71,7.938445949935781,3.835917494403923,2.334850232898812
P10,S2,lv2,72,1.962248848353714,2.72909658588296,1.008764526329769
P10,S2,lv2,73,3.256373528204221,3.443341890022586,1.352520954658122
P10,S2,lv2,74,3.1313120185712187,3.822603027514143,1.172331862881063
P10,S2,lv2,75,4.677644628634341,1.848887632964233,2.586851490635558
P10,S2,lv2,76,4.708007765959039,3.4004047669163033,1.8306780729024172
P10,S2,lv2,77,5.951486653594269,5.49656580261014,1.5222922373559917
P10,S2,lv2,78,4.161960625168431,3.1832178605936234,1.7588329755158658
P10,S2,lv2,79,3.999453465506857,5.623163942692907,0.9951456312328454
P10,S2,lv2,80,8.575153603426807,5.605052107518918,1.9559002125402447
P10,S2,lv2,81,3.4971209807648784,3.3792703568654527,1.4655487513257177
P10,S2,lv2,82,2.370702769419885,1.8357373005247246,1.7433374234300452
P10,S2,lv2,83,1.911716285869052,2.96603506369106,0.8716072149906402
P10,S2,lv2,84,1.7225546093316908,3.603162568117061,0.4968335007619689
P10,S2,lv2,85,4.529392593038874,1.9228632277397828,2.497243114008069
P10,S2,lv2,86,3.1332787398077397,3.1205769789936015,1.4276445405151728
P10,S2,lv2,87,2.814358980321383,2.70376741665243,1.4728342031361563
P10,S2,lv2,88,5.062551837673101,3.054103813826106,2.056479028557304
P10,S2,lv2,89,2.4866770133774376,2.693171793992514,1.3224867634187178
P10,S2,lv2,90,9.728014441412945,2.872835954681955,2.9524944474089674
P10,S2,lv2,91,3.6505616805708683,6.884325967773072,0.6268311428522172
P10,S2,lv2,92,3.7344929375287204,1.6911241947063562,2.4162697517352334
P10,S2,lv2,93,3.3211497016930274,6.339280719171344,0.6116684118926865
P10,S2,lv2,94,2.0857369498943767,3.3839148683108164,0.8155547767702986
P10,S2,lv2,95,3.4234234597141135,1.995103951988848,2.0998299585553304
P10,S2,lv2,96,5.126116657233278,3.133647208729613,2.039879373158918
P10,S2,lv2,97,4.410775819721927,3.955028522188123,1.559352346195062
P10,S2,lv2,98,3.925676391037019,3.609328484949779,1.5279360375385491
P10,S2,lv2,99,2.182634647622316,2.2125596491596355,1.405468334949787
P10,S2,lv2,100,6.275200304007188,3.7717563378394083,2.0610952518723544
P10,S2,lv2,101,5.238117985110055,3.0598291384458314,2.0968926269875223
P10,S2,lv2,102,5.46210116017,5.210128202716591,1.481791151803285
P10,S2,lv2,103,3.3638559611319696,5.5724862540785125,0.7894111352527611
P10,S2,lv2,104,4.999125684522523,6.134904931759528,1.1657439732776114
P10,S2,lv2,105,3.9513214830790364,2.8116817735972317,1.8493640335638761
P10,S2,lv2,106,5.722324105953697,3.206584041988742,2.1490305381759325
P10,S2,lv2,107,4.28176501910502,4.124563696858433,1.4694683874296077
P10,S2,lv2,108,3.6621124783366708,2.186002928770988,2.0697512688417583
P10,S2,lv2,109,3.1283397352110147,2.228774190011058,1.8478380004450863
P10,S2,lv2,110,2.941084573960428,2.30207410758053,1.7298251415746562
P10,S2,lv2,111,2.3771884101220375,3.604509369004401,0.9004039040831109
P10,S2,lv2,112,5.705159599101451,4.224031117800962,1.7995835531635507
P10,S2,lv2,113,2.531653078080055,3.222815599373781,1.1197702877903088
P10,S2,lv2,114,7.680314348670824,5.090936432302403,1.9383369540464985
P10,S2,lv2,115,5.935561987074955,6.436989604349608,1.3208223067783815
P10,S2,lv2,116,3.051138065179455,2.103232982693096,1.8892169179511014
P10,S2,lv2,117,2.5449805977573337,3.648957344065439,0.9705833291155508
P10,S2,lv2,118,10.921534823199265,3.306868467602691,2.9211666719231366
P10,S2,lv2,119,5.66872870690063,4.455937213993568,1.7245061304934497
P10,S2,lv2,120,2.9192493445001393,3.830773381667751,1.081691573020749
P10,S2,lv2,121,3.719733163306064,2.268957588303497,2.0426146176303455
P10,S2,lv2,122,4.255615316705343,3.3847505452141373,1.709744528885767
P10,S2,lv2,123,3.5485063929341605,3.5859261937010283,1.4093911233499827
P10,S2,lv2,124,2.13477175859031,3.2211330320769718,0.9065424245757084
P10,S2,lv2,125,2.921334511381307,3.928099464555801,1.0511167878686256
P10,S2,lv2,126,3.152987210800948,2.0071147661226787,1.9890797154659892
P10,S2,lv2,127,6.424866686138311,7.308419450807104,1.2609246578356312
P10,S2,lv2,128,2.0701152178400437,3.8365127509637333,0.6486651845770289
P10,S2,lv2,129,3.097215271176724,2.464225031210884,1.709326687719368
P10,S2,lv2,130,9.243688606103037,4.599479372680091,2.298083944275519
P10,S2,lv2,131,2.46558640208411,2.9832646106081064,1.1834842791034885
P10,S2,lv2,132,5.52357902297158,3.805030613735069,1.8900485608397766
P10,S2,lv2,133,5.78886482886842,7.538350799455081,1.0913161923816836
P10,S2,lv2,134,2.027482865483405,1.4086366202004417,1.8793499068353263
P10,S2,lv2,135,4.754046559124614,2.0367852790640693,2.485766972161503
P10,S2,lv2,136,4.350289288822983,3.3107872021350992,1.7650579243118893
P10,S2,lv2,137,2.5346974601345127,2.3593467145637375,1.5124731385784413
P10,S2,lv2,138,3.0437129559311047,2.1602170568137495,1.8526280516277296
P10,S2,lv2,139,4.3365740929246686,4.986090997283856,1.2474824922199088
P10,S2,lv2,140,5.892704057253799,2.5052438332328424,2.4954323465442343
P10,S2,lv2,141,4.365692074351135,3.503566902002176,1.6985005360650078
P10,S2,lv2,142,4.078964335061557,3.9908376498747944,1.4499467930953067
P10,S2,lv2,143,4.245360202852314,2.398344984756234,2.1388438671445162
P10,S2,lv2,144,1.8303850520424623,3.4734546860810327,0.6189824878909327
P10,S2,lv2,145,1.626359922084085,2.569377709638848,0.8489100462763719
P10,S2,lv2,146,3.1556759378160644,1.95047478552802,2.02605526208599
P10,S2,lv2,147,3.9291426829620852,5.564782471782813,0.9859890242231367
P10,S2,lv2,148,4.341247477350572,2.596718016800639,2.0671772974355576
P11,S1,lv0,0,7.330573244299279,5.966741683543085,1.663564400836907
P11,S1,lv0,1,8.536269571511744,9.797598053424602,1.2392557738320717
P11,S1,lv0,2,22.640176891134278,13.284833170851613,2.0676054799924595
P11,S1,lv0,3,7.669660129071496,8.644782508537396,1.2616394508165942
P11,S1,lv0,4,13.353747210641773,5.9536771923288185,2.4067464799909914
P11,S1,lv0,5,19.175978565085515,6.438982902529679,2.756770772502603
P11,S1,lv0,6,5.487357884489857,11.421137393680118,0.50438232550274
P11,S1,lv0,7,4.416303580522392,7.543870193826562,0.7483335432341832
P11,S1,lv0,8,4.256157090434055,4.6768499583659136,1.2930311858940835
P11,S1,lv0,9,5.212541160065155,3.9597500341394114,1.7487973675310604
P11,S1,lv0,10,8.44943117052367,5.705100973983986,1.8943036906894115
P11,S1,lv0,11,5.5200664855381705,11.477945668911316,0.5055940085111109
P11,S1,lv0,12,3.646508814602476,5.426440254934944,0.9186160501026451
P11,S1,lv0,13,6.709164798857582,6.839020610461771,1.3857390107320677
P11,S1,lv0,14,9.274121158644949,13.631425098305211,0.9338803084606427
P11,S1,lv0,15,1.0509869282199498,3.153756354507338,0.05268933452759931
P11,S1,lv0,16,2.5828377862827407,6.437575290009826,0.2818428506681759
P11,S1,lv0,17,5.985990761197451,3.975734959513312,1.9146431415766298
P11,S1,lv0,18,3.1054151622691712,8.24116513884411,0.20439165347895924
P11,S1,lv0,19,7.043943279987425,12.116010640073707,0.7397806637590729
P11,S1,lv0,20,3.8734026450420544,5.7376553067478175,0.9242903266654094
P11,S1,lv0,21,2.3610099461799123,7.4029032193857045,0.0
P11,S1,lv0,22,8.821188748546405,9.277371487862558,1.3471541339449546
P11,S1,lv0,23,8.549347991928032,13.375240306060235,0.8568375087083494
P11,S1,lv0,24,6.745361119058112,5.856981503234647,1.58376613412
P11,S1,lv0,25,6.09719165092693,14.241578963741569,0.3620037161914529
P11,S1,lv0,26,5.77321427634151,6.141983515253643,1.3329591588137497
P11,S1,lv0,27,6.233321015320479,5.654692055926069,1.5296919077655535
P11,S1,lv0,28,8.83677284915549,13.075963312757997,0.9256031978306343
P11,S1,lv0,29,5.809794691648669,3.449150197998342,2.053177686503375
P11,S1,lv0,30,5.822378555169026,5.7943798095954335,1.4153589630856265
P11,S1,lv0,31,8.463354802858394,6.466770728584914,1.7416143842706078
P11,S1,lv0,32,3.6263217562069276,8.443434914832814,0.3659140398535807
P11,S1,lv0,33,4.047495585146707,10.213634719882906,0.26658005286693415
P11,S1,lv0,34,2.1599319401021684,5.547781741455968,0.2447313595185314
P11,S1,lv0,35,1.6941952581164292,6.532754698745985,0.0
P11,S1,lv0,36,5.924581202784005,6.997254772076727,1.2039511619345298
P11,S1,lv0,37,22.942604171382246,8.254207257633759,2.6715608454580915
P11,S1,lv0,38,3.8782723171412536,5.735207678404602,0.9263683730756478
P11,S1,lv0,39,6.490483240330057,6.548043690452562,1.3985062257862535
P11,S1,lv0,40,8.864331383162169,5.49560058944657,1.99968045764433
P11,S1,lv0,41,3.5206474508784487,7.611340591237169,0.45749571080094753
P11,S1,lv0,42,4.203308066006138,7.913692736916165,0.6282135388674591
P11,S1,lv0,43,2.3595004420322314,6.5101449378854515,0.1563420121489631
P11,S1,lv0,44,3.207880669343657,6.88677124221484,0.4661414305404302
P11,S1,lv0,45,3.0167709063335995,3.357748926366783,1.2771959664909212
P11,S1,lv0,46,9.390428675439955,3.6047471769593313,2.591514148396773
P11,S1,lv0,47,7.754853330275598,7.974418099674591,1.374936113323866
P11,S1,lv0,48,6.3650858173430676,6.112274103594782,1.459446501277331
P11,S1,lv0,49,8.100124165855478,7.638101813467152,1.4819190094584902
P11,S1,lv0,50,4.571061451772381,7.414567683033493,0.8122035267064303
P11,S1,lv0,51,3.4443769900434438,16.60912380821547,0.0
P11,S1,lv0,52,9.541879186058077,10.154382681346828,1.3325934391906133
P11,S1,lv0,53,2.457741149280972,8.102544901916872,0.0
P11,S1,lv0,54,2.4802852387594254,8.949486393594883,0.0
P11,S1,lv0,55,26.210739793109738,11.647667977681536,2.410790300534747
P11,S1,lv0,56,6.0174956783707945,9.633982301916491,0.8283475342530555
P11,S1,lv0,57,4.948741402651306,7.129825813232124,0.9585689832071836
P11,S1,lv0,58,5.669445508027757,15.035067811674514,0.20525629737478665
P11,S1,lv0,59,6.965022051138499,10.996120586005858,0.845612615709098
P11,S1,lv0,60,3.512857564403774,10.456870467910868,0.06261001205076813
P11,S1,lv0,61,4.726162600695928,5.389367664760266,1.2472794069555815
P11,S1,lv0,62,3.901814390388892,12.78414287195246,0.0
P11,S1,lv0,63,3.5590260799562397,5.581584679845572,0.8538304375302745
P11,S1,lv0,64,3.3135054317428154,10.235450134858686,0.01690170790856001
P11,S1,lv0,65,6.235328384079453,14.513973595987364,0.3662717512971154
P11,S1,lv0,66,2.7602900937713577,5.10909098808208,0.6492482830880846
P11,S1,lv0,67,7.881553654147573,6.624368512513876,1.6239533254192258
P11,S1,lv0,68,12.693801613574179,4.403888589081352,2.7164446179857533
P11,S1,lv0,69,6.591524497792112,5.711503589427475,1.586336294812794
P11,S1,lv0,70,5.600733498972541,8.356467385004958,0.9153749872506497
P11,S1,lv0,71,3.0369480020617945,5.043258025169686,0.7831915976523456
P11,S1,lv0,72,4.815644610611547,5.884135429055437,1.1619951186248436
P11,S1,lv0,73,1.3586630172317464,3.559000957024362,0.22046140431623887
P11,S1,lv0,74,2.4048018354416807,10.784541245337337,0.0
P11,S1,lv0,75,3.3121636990610006,5.143719512300486,0.8659436296260837
P11,S1,lv0,76,3.0192903812298613,10.029277371917008,0.0
P11,S1,lv0,77,5.60522813888109,9.525586223859175,0.7546927298521618
P11,S1,lv0,78,4.3108502225421335,6.918164813147917,0.82539685411273
P11,S1,lv0,79,7.46115339992541,7.738744598245543,1.3643061488786985
P11,S1,lv0,80,2.8206888266029666,5.386305337458606,0.6107358972613088
P11,S1,lv0,81,7.992047978970977,10.625400625861136,1.0577773556974894
P11,S1,lv0,82,13.092447464199527,4.161112873080308,2.8246337936260137
P11,S1,lv0,83,4.498746571644677,5.971338577176792,1.0597874647425214
P11,S1,lv0,84,2.7723141926961365,7.613038297810081,0.16218424588030864
P11,S1,lv0,85,2.0426661009976357,10.882663491788986,0.0
P11,S1,lv0,86,3.2861769744503215,6.357166223404797,0.5947109752608454
P11,S1,lv0,87,2.723906709074976,5.203113532505001,0.6103513037894298
P11,S1,lv0,88,2.8825219631583314,4.78452748920796,0.7837812233054092
P11,S1,lv0,89,3.987912268091591,4.911966463003241,1.1520973835369805
P11,S1,lv0,90,4.067127180302617,5.3908929843509705,1.061513701172323
P11,S1,lv0,91,6.685470897309376,3.8875788837247764,2.078775442224609
P11,S1,lv0,92,6.466156984074262,3.3189247006563276,2.2328492495691883
P11,S1,lv0,93,7.5381091451023865,6.94129268251421,1.5112458552744423
P11,S1,lv0,94,2.4776820154732597,6.858560040013742,0.15231424729031898
P11,S1,lv0,95,12.540341804882257,6.842290516707203,2.157395974738874
P11,S1,lv0,96,11.282757775644916,7.278192806219516,1.9506714333024535
P11,S1,lv0,97,2.97294143557357,6.288812552202343,0.48437906039868395
P11,S1,lv0,98,4.140074959990211,8.137703664588152,0.5750351501110763
P11,S1,lv0,99,4.136593273625171,3.952690557274547,1.4655546463865414
P11,S1,lv0,100,11.53486282753022,6.379292774622227,2.1407139571290315
P11,S1,lv0,101,4.924469333479204,5.352129392785604,1.3065878847054213
P11,S1,lv0,102,6.368828979683348,9.432083993465662,0.9245568110746762
P11,S1,lv0,103,3.4787031540157196,5.254991901811807,0.9000891118879943
P11,S1,lv0,104,6.412018642188302,7.529586309122448,1.2110404691116123
P11,S1,lv0,105,2.3234688301012616,6.614542866443928,0.11770024698273827
P11,S1,lv0,106,12.61757644688005,4.580664244912761,2.6604170930008118
P11,S1,lv0,107,6.008967787685051,5.642586342500802,1.4870800884094142
P11,S1,lv0,108,4.168759872899425,14.533308055784834,0.0
P11,S1,lv0,109,4.4342450468377805,12.505044765204428,0.1293487998464613
P11,S1,lv0,110,8.15953469270038,4.656307481468173,2.102004622166504
P11,S1,lv0,111,6.451163355757954,5.689903229836705,1.564439570036447
P11,S1,lv0,112,3.5510064534109467,6.448760219358821,0.6727423898280572
P11,S1,lv0,113,6.017637955192588,6.707949818826057,1.2753257328289822
P11,S1,lv0,114,5.90351541325149,8.561886646603126,0.950396755264894
P11,S1,lv0,115,4.52216831774666,3.2666629145183035,1.810945014350108
P11,S1,lv0,116,3.5509630941637615,4.339945551407755,1.161682708707528
P11,S1,lv0,117,4.0757352616844695,3.767452019809303,1.5065157645450933
P11,S1,lv0,118,12.194423474361386,2.808584690548685,3.2222482062230675
P11,S1,lv0,119,11.17961377936181,6.228079598304525,2.131709780001828
P11,S1,lv0,120,5.9759027247052305,7.904919490819856,1.0640126810765373
P11,S1,lv0,121,3.763932043472838,3.3231204957241154,1.5631958760782079
P11,S1,lv0,122,4.05330923241675,5.484592120565515,1.036036681736703
P11,S1,lv0,123,9.068277897866373,5.775240648672259,1.966486545445306
P11,S1,lv0,124,3.909541424720854,5.417052756953138,1.0067473130035742
P11,S1,lv0,125,3.92318536938613,3.024937407643398,1.7304342718395196
P11,S1,lv0,126,4.210290209152028,4.3194295380661005,1.377810430160515
P11,S1,lv0,127,7.52207292979582,3.6468184282148797,2.3032807556585797
P11,S1,lv0,128,3.9661526337316797,4.183722903566502,1.343470715315439
P11,S1,lv0,129,4.789835942521274,4.59999010325409,1.4593393232103211
P11,S1,lv0,130,1.9074990104986254,5.206618488193534,0.16964438115241495
P11,S1,lv0,131,9.682306584966001,2.854653289519352,2.9173523722076857
P11,S1,lv0,132,1.7103187918666851,5.7647471158786034,0.0
P11,S1,lv0,133,5.148451539424747,4.255548257191996,1.644575010391958
P11,S1,lv0,134,2.442262820878891,6.216299170447482,0.25593177928445643
P11,S1,lv0,135,3.5082114629061283,4.622589558465994,1.0688295748013472
P11,S1,lv0,136,9.215823319075296,3.052323055311844,2.773724045808962
P11,S1,lv0,137,6.35900917309167,3.4968549469567023,2.1477414104457404
P11,S1,lv0,138,2.6695608206047075,2.603896653554822,1.4401564069042923
P11,S1,lv0,139,4.704932202330089,8.378132819735917,0.6969948490758363
P11,S1,lv0,140,7.9570470674960845,5.496887642519601,1.8660763668798441
P11,S1,lv0,141,4.483151442949019,2.941690392057349,1.929619040251519
P11,S1,lv0,142,4.402277626021192,3.820407019697454,1.584438310524104
P11,S1,lv0,143,2.4884731090089396,3.516852172141244,0.9823441254788663
P11,S1,lv0,144,8.993370644536954,4.3797453018695895,2.2977377828344894
P11,S1,lv0,145,2.3307229322465535,5.492736556953103,0.3510022032382304
P11,S1,lv0,146,5.2253047379741,5.092737756059548,1.441135027939694
P11,S1,lv0,147,2.3682490779428753,5.67281367678981,0.33089433033713833
P11,S1,lv0,148,3.078403000176301,5.34367235635596,0.7284927922823872
P11,S1,lv1,0,12.358435213492816,9.04575741363061,1.7946726913915094
P11,S1,lv1,1,8.168020798737778,12.745452756011524,0.8600504543475426
P11,S1,lv1,2,57.322946965489734,31.85215678486013,2.1348853491495112
P11,S1,lv1,3,43.03575052410329,13.836795702936614,2.810369583876547
P11,S1,lv1,4,8.08038512438188,10.464329010005043,1.0902088575873978
P11,S1,lv1,5,16.705176886631687,11.746111251466491,1.8442483242986916
P11,S1,lv1,6,81.16801608416033,19.494488675634045,3.170505587630875
P11,S1,lv1,7,5.831276822437843,4.372054599612791,1.7649915201227075
P11,S1,lv1,8,11.659792978872881,4.0965117736300805,2.700869093342731
P11,S1,lv1,9,5.037636968504103,8.757656649927913,0.7266542941570038
P11,S1,lv1,10,8.808206569062614,10.533758119493553,1.1885261147315704
P11,S1,lv1,11,9.259663198931284,12.194320750674764,1.0695037590540546
P11,S1,lv1,12,8.876148264026144,12.034676110333345,1.0335484043404162
P11,S1,lv1,13,12.198542147950832,16.912443937609105,1.0060047686141618
P11,S1,lv1,14,2.0703356831070465,15.01608141707395,0.0
P11,S1,lv1,15,4.5389050558994954,12.548247284619354,0.15389320950244975
P11,S1,lv1,16,19.659245087605992,22.760445665667714,1.228559579842201
P11,S1,lv1,17,56.81481230466871,15.816058130880094,2.988248146236451
P11,S1,lv1,18,12.91649852007715,19.43361246546737,0.9050526413537889
P11,S1,lv1,19,6.931705107888489,16.64292702707898,0.32799887392278587
P11,S1,lv1,20,6.721856493821206,13.978809600166214,0.5054203158915921
P11,S1,lv1,21,12.23550771247238,14.633648463216039,1.1884272606867412
P11,S1,lv1,22,5.123347632289205,5.7608523386530175,1.2646103735840701
P11,S1,lv1,23,3.4572603158634183,6.694674984953869,0.5935033197039641
P11,S1,lv1,24,12.927730331065403,9.293640647079595,1.8168980622520206
P11,S1,lv1,25,19.85695366990818,26.84014912639023,1.0373509402676637
P11,S1,lv1,26,29.583620539698764,9.603276604228647,2.798537539416124
P11,S1,lv1,27,7.160272201446362,10.317693028987401,0.9583730777368878
P11,S1,lv1,28,13.068546541066453,14.471961272490427,1.283466786097746
P11,S1,lv1,29,24.35264448153507,10.864929349331799,2.4058974627503655
P11,S1,lv1,30,5.016969230342803,15.266263472916771,0.03545998050135259
P11,S1,lv1,31,7.264217266541037,19.34361142852258,0.20018477184095212
P11,S1,lv1,32,13.913618101825321,28.78237039579016,0.5119432696676723
P11,S1,lv1,33,10.053836562123488,18.314301452158595,0.6689506194201189
P11,S1,lv1,34,20.63118942583748,19.915177033179305,1.4530177264805169
P11,S1,lv1,35,25.369646516022865,17.76830242531335,1.8491139704774922
P11,S1,lv1,36,14.107332447122092,18.44129418047958,1.0786463133448172
P11,S1,lv1,37,6.39349369492192,8.694912413080557,1.029803991514953
P11,S1,lv1,38,6.714541634032736,13.756726843444119,0.523848572154066
P11,S1,lv1,39,11.82962639583148,19.981473293653483,0.7622034960330869
P11,S1,lv1,40,8.364334596403452,3.954691662221101,2.334255170838957
P11,S1,lv1,41,9.304588880420146,31.352063433175516,0.0
P11,S1,lv1,42,6.151730746824192,11.051911912951397,0.6860604282744539
P11,S1,lv1,43,11.10260843695074,11.556518548887968,1.3599353300990156
P11,S1,lv1,44,5.120155415611443,10.886710886597271,0.47803584630685314
P11,S1,lv1,45,15.900926562788648,13.693260638743823,1.5939556589581048
P11,S1,lv1,46,8.336861237404227,13.918474529514736,0.7766096261628104
P11,S1,lv1,47,5.324393599829789,9.654810323584709,0.6745936108008415
P11,S1,lv1,48,6.833750453234158,8.01419965786948,1.2126759802883844
P11,S1,lv1,49,4.588419050543295,4.158250540070782,1.5309481472211213
P11,S1,lv1,50,46.35222218276087,21.161538091752952,2.3774801686368545
P11,S1,lv1,51,22.571491487632073,21.178284918203744,1.4880688714301975
P11,S1,lv1,52,14.178130107991535,10.348057456611103,1.7982023684846509
P11,S1,lv1,53,17.144403901344226,6.582940048463022,2.591206779137678
P11,S1,lv1,54,11.86746635884697,17.011478831721558,0.9648236402976758
P11,S1,lv1,55,14.911981626258292,16.55203327766205,1.2805787208594344
P11,S1,lv1,56,10.915936596345595,16.087578896096364,0.9305791676259847
P11,S1,lv1,57,5.761564851175821,6.875621496582579,1.191153930764829
P11,S1,lv1,58,5.254928409544186,9.446529817542979,0.6853059238350879
P11,S1,lv1,59,1.821064007854987,9.572861150244968,0.0
P11,S1,lv1,60,21.283405796380706,17.28017075955404,1.6666699666899676
P11,S1,lv1,61,19.114737963624933,17.97556755913502,1.4852722180714744
P11,S1,lv1,62,5.763463319306526,17.770775809855145,0.0191658066720654
P11,S1,lv1,63,56.59468933121931,18.617479816211546,2.782113848702922
P11,S1,lv1,64,10.274749500679215,14.605550179608844,0.9751643403926353
P11,S1,lv1,65,19.1889715482667,13.886103361606558,1.808752869076856
P11,S1,lv1,66,3.7617809498689123,10.476127081592933,0.14486620142796583
P11,S1,lv1,67,6.437799370630385,5.418690728528651,1.6221785659153132
P11,S1,lv1,68,5.598171763692517,12.326255684092898,0.434905099964184
P11,S1,lv1,69,10.413038016397719,6.779486018207585,1.9392685058698464
P11,S1,lv1,70,13.566441717140632,33.33245026769468,0.29953676729968143
P11,S1,lv1,71,10.395215583982743,21.749118131541078,0.49795146113542593
P11,S1,lv1,72,11.318571127531513,7.317128178081408,1.9479969301613795
P11,S1,lv1,73,11.210616173844423,5.51723257796779,2.2847586919105005
P11,S1,lv1,74,35.849709474389506,23.40042066928154,1.9360881318842478
P11,S1,lv1,75,6.875906050050538,4.668707810371522,1.8873928987432647
P11,S1,lv1,76,16.732982005973106,17.17744108347678,1.3770406819257859
P11,S1,lv1,77,38.151998207343205,25.201992561941108,1.9213631599369008
P11,S1,lv1,78,4.510271084028214,21.07933683273754,0.0
P11,S1,lv1,79,9.388621054332294,15.491900611361975,0.7910690958424906
P11,S1,lv1,80,5.190525727550356,5.99840055569371,1.2308049264718988
P11,S1,lv1,81,18.89952474149505,6.975128231838767,2.6400937974462995
P11,S1,lv1,82,5.267417089110501,5.289369735702775,1.4042725251719197
P11,S1,lv1,83,3.478484754974998,12.599285658684764,0.0
P11,S1,lv1,84,5.264318167612976,9.101015322555552,0.7335151455663489
P11,S1,lv1,85,30.87000744778172,11.275530321297259,2.652889875746283
P11,S1,lv1,86,2.982083136877947,2.984061203382897,1.408588719910343
P11,S1,lv1,87,14.580044958152564,5.842049780108798,2.5385879401932265
P11,S1,lv1,88,8.447741453656672,6.076537544790155,1.816181707890683
P11,S1,lv1,89,5.646319781193638,8.865727856508864,0.8523448032089436
P11,S1,lv1,90,19.57931129942936,7.827950469326595,2.5413049894248867
P11,S1,lv1,91,12.411330448499061,13.782216203435723,1.2800535558737889
P11,S1,lv1,92,36.267920365093,11.572120368781986,2.819796228244922
P11,S1,lv1,93,8.680811732885727,7.289564934498302,1.6250659679339308
P11,S1,lv1,94,12.254430334366418,29.77554191757782,0.3132814329599485
P11,S1,lv1,95,10.866250730749679,12.625738703373916,1.2241157035474628
P11,S1,lv1,96,44.00199617857398,7.141631115618128,3.654372009782675
P11,S1,lv1,97,9.447954243232536,14.871593651117507,0.8493006178945562
P11,S1,lv1,98,26.07165614095142,8.723929486149858,2.7610811994424944
P11,S1,lv1,99,9.677639677930685,7.138830041174032,1.78507466528513
P11,S1,lv1,100,10.922212927248223,7.701465027472964,1.8407809066059868
P11,S1,lv1,101,12.02315083588782,11.496532753678357,1.4647057840841557
P11,S1,lv1,102,4.241764582867209,9.451331320476998,0.4202315622626892
P11,S1,lv1,103,11.197786791337055,13.970763119021168,1.13623931332501
P11,S1,lv1,104,30.994429697884524,13.329677192402075,2.4512268741406285
P11,S1,lv1,105,32.20365243461541,11.690378216694432,2.660499775559742
P11,S1,lv1,106,36.25306529607818,16.414552865594377,2.3876928416154803
P11,S1,lv1,107,18.32320059314663,9.782232054141028,2.1842770189213256
P11,S1,lv1,108,9.659790276190972,10.383177278224231,1.3202468551126796
P11,S1,lv1,109,4.0700955497293805,17.39074781881221,0.0
P11,S1,lv1,110,16.06175462276856,7.452595037751636,2.3574722426184875
P11,S1,lv1,111,7.545762480061082,7.234928449466709,1.4613439890079063
P11,S1,lv1,112,46.69436215954933,12.165821480182817,3.070008966446564
P11,S1,lv1,113,4.309141112404276,5.753324021816909,1.0525439062562827
P11,S1,lv1,114,4.285292049811755,4.784260348582549,1.2734192006683906
P11,S1,lv1,115,12.871421119350115,6.449288763057089,2.2626025321981698
P11,S1,lv1,116,9.977141490163138,9.015986851292022,1.5344745900251937
P11,S1,lv1,117,41.619267441227784,9.060695034901045,3.2917831077878934
P11,S1,lv1,118,4.1882605399190345,14.316423071467302,0.0
P11,S1,lv1,119,6.325812384425808,6.91805948041899,1.2989097388413076
P11,S1,lv1,120,7.6321043760839435,6.95531209258279,1.524054853859497
P11,S1,lv1,121,5.166915712752699,3.0749422911804145,2.0501805018591206
P11,S1,lv1,122,3.0073551931774225,8.926416246172147,0.06616015886592244
P11,S1,lv1,123,5.662392675572203,7.305925112031603,1.0947691279619562
P11,S1,lv1,124,2.6974808795902785,8.111018637017741,0.050169958625820896
P11,S1,lv1,125,5.8294701806712474,5.090405393154124,1.5767878518691827
P11,S1,lv1,126,5.295767088491584,20.050061875740756,0.0
P11,S1,lv1,127,60.1798970849325,26.88169371955493,2.4044066193578004
P11,S1,lv1,128,9.244249701275166,8.571294221483553,1.502726262798819
P11,S1,lv1,129,26.48382977320185,11.833565523128685,2.4040380542589013
P11,S1,lv1,130,5.742440327813338,9.103870995045506,0.8404595635238739
P11,S1,lv1,131,17.025946608651886,23.61270195862031,1.0056181931947954
P11,S1,lv1,132,28.122664910689654,9.892511003510087,2.699371733783537
P11,S1,lv1,133,15.39774105830967,9.29653275950742,2.032388516491812
P11,S1,lv1,134,16.515140959117982,16.111525462567503,1.439956114673365
P11,S1,lv1,135,8.311878837800146,8.11404602124714,1.4391490573440557
P11,S1,lv1,136,12.666259692836887,12.541629775349989,1.4216159856283264
P11,S1,lv1,137,30.94774450649509,27.65390045319866,1.5483472057448562
P11,S1,lv1,138,6.732642344434447,13.388387390548267,0.5606811940835634
P11,S1,lv1,139,9.073025416951404,8.67674179045821,1.4645466937051945
P11,S1,lv1,140,28.228165741104206,9.029384739190526,2.816711085307304
P11,S1,lv1,141,5.235210236715301,8.09159179678499,0.8718160507428518
P11,S1,lv1,142,16.325265094124546,14.24653683460028,1.577567437180706
P11,S1,lv1,143,8.868654710334123,7.515546745353331,1.6138036541619813
P11,S1,lv1,144,34.83471245704264,10.1636155956296,2.9302549671070715
P11,S1,lv1,145,7.781753000105863,4.522539217602113,2.0794643105584893
P11,S1,lv1,146,19.607943413120843,10.307517769959462,2.2033658714723448
P11,S1,lv1,147,5.267266011632467,5.563665567426504,1.3418153656880796
P11,S1,lv1,148,8.97640858527704,9.654392245028951,1.3195083963995389
P11,S1,lv2,0,9.94374573077532,10.542560332347566,1.3372089630996713
P11,S1,lv2,1,10.337976138082446,25.769037428033695,0.28173629613220297
P11,S1,lv2,2,6.157873606956877,9.749040003018333,0.8421611004817873
P11,S1,lv2,3,6.7502454215244825,23.384893463489284,0.0
P11,S1,lv2,4,6.474741888707585,21.576696750573838,0.0
P11,S1,lv2,5,10.867473977817836,10.753422214729667,1.4224333167475347
P11,S1,lv2,6,19.477947497842703,28.470654188723188,0.9407437464292264
P11,S1,lv2,7,14.85433909809736,29.173972826331998,0.5760342185341891
P11,S1,lv2,8,3.72258328568765,18.75830728113922,0.0
P11,S1,lv2,9,15.237890660386903,28.353212040227223,0.6427423061727219
P11,S1,lv2,10,7.8681692085754795,15.061088394566049,0.607759737638335
P11,S1,lv2,11,23.188116409279377,33.96754118908302,0.9380589619987468
P11,S1,lv2,12,20.92319410072423,17.681197908640414,1.6172695222537292
P11,S1,lv2,13,17.325751510266603,27.12930535679055,0.8557629110015686
P11,S1,lv2,14,39.38904371133585,26.088292943649257,1.9180863363938834
P11,S1,lv2,15,7.470486978601808,32.382068750180316,0.0
P11,S1,lv2,16,6.288871554229889,10.456651829457156,0.7816391174612739
P11,S1,lv2,17,15.189297841775934,9.526061156084063,1.985447524945616
P11,S1,lv2,18,13.397339875773927,20.572791732828126,0.8798477581781962
P11,S1,lv2,19,11.02104150942827,24.99341643903483,0.39846474761409917
P11,S1,lv2,20,29.14134818259818,36.50412002546866,1.1312804226739852
P11,S1,lv2,21,20.83988576280211,26.598650400898,1.1081619172394892
P11,S1,lv2,22,21.070906399534064,21.61402696543514,1.3779863788709403
P11,S1,lv2,23,6.052665901326192,13.737499520533955,0.3974469881680545
P11,S1,lv2,24,10.965004699584751,10.497683345238267,1.4631818181261507
P11,S1,lv2,25,18.61403236116425,25.550045814152234,1.0183634681776768
P11,S1,lv2,26,4.037317951944879,8.706029557327978,0.46065540225357154
P11,S1,lv2,27,24.027639432648616,14.769629996367613,2.010229506384477
P11,S1,lv2,28,22.693564352811237,17.610770788867523,1.7224795974979379
P11,S1,lv2,29,18.458314229077263,17.361901032232844,1.4850135757225404
P11,S1,lv2,30,8.907505594782902,8.650170829437615,1.4456015301618588
P11,S1,lv2,31,4.280699238173533,6.181424029259931,0.9557554786590651
P11,S1,lv2,32,3.36929008628511,5.133473139529577,0.8895186246642125
P11,S1,lv2,33,26.89757984402095,25.081104498693648,1.4957363833695156
P11,S1,lv2,34,29.29730439234399,17.0284471827273,2.0793435342505875
P11,S1,lv2,35,43.18327727287843,15.971819983374372,2.637428595735231
P11,S1,lv2,36,4.332663587414449,14.705891332984107,0.0
P11,S1,lv2,37,20.69075984948306,20.349247613569396,1.4299561130766134
P11,S1,lv2,38,15.948717379063421,12.888468528145543,1.6724448884577356
P11,S1,lv2,39,6.610055670073159,8.917905420661313,1.0396666419400862
P11,S1,lv2,40,3.594890726501106,8.150504920827462,0.39876088392142467
P11,S1,lv2,41,8.512234891697766,6.508784636329932,1.7407291445388353
P11,S1,lv2,42,5.481624504080304,13.01455324279633,0.34184278374686666
P11,S1,lv2,43,32.09433669441645,5.996691911293733,3.480505268811109
P11,S1,lv2,44,35.699871856321046,21.979289364199616,2.008272228818526
P11,S1,lv2,45,21.42645880214373,6.455959564531543,2.890527185819726
P11,S1,lv2,46,25.338287023756717,19.63794873390531,1.7240624672940934
P11,S1,lv2,47,10.220398131703403,11.97975819311267,1.2133037031614828
P11,S1,lv2,48,11.801981671233964,16.960389988983664,0.9617054410862748
P11,S1,lv2,49,11.571947084434205,17.46875688002392,0.9009394752478104
P11,S1,lv2,50,7.013362643395246,15.801751737839629,0.40649322748962524
P11,S1,lv2,51,28.097675520600074,9.618978983538922,2.732893716466628
P11,S1,lv2,52,37.28028760430198,11.992351623944222,2.8097471251743613
P11,S1,lv2,53,7.003046614477696,15.064676775664475,0.4636529061843578
P11,S1,lv2,54,10.335566803585623,15.729565483083167,0.8909129589593937
P11,S1,lv2,55,51.82971555946995,18.08313769949262,2.709478533775506
P11,S1,lv2,56,8.891105977650524,12.856324057114435,0.9540861204085777
P11,S1,lv2,57,4.912254946262575,8.772798189589867,0.6934032212885127
P11,S1,lv2,58,19.621456075421975,17.120434525545374,1.577753682488493
P11,S1,lv2,59,7.404093499667234,18.128263871525643,0.303849347623492
P11,S1,lv2,60,8.727452926022057,11.22888661733451,1.098254665016829
P11,S1,lv2,61,6.712391989324294,29.00335245809342,0.0
P11,S1,lv2,62,15.580949890222236,39.62640440761252,0.2569233043236651
P11,S1,lv2,63,13.740063069586343,9.534002370542877,1.860613466327395
P11,S1,lv2,64,24.823127570051106,60.4436225866165,0.3106448200899386
P11,S1,lv2,65,25.648401344756028,18.102982072197527,1.8395666722360198
P11,S1,lv2,66,26.73893592209507,22.233534580954878,1.637224702208464
P11,S1,lv2,67,39.170573542013614,11.060506149350939,2.9706836065012685
P11,S1,lv2,68,38.48163186581463,17.29766229568982,2.3966490766957627
P11,S1,lv2,69,17.11879489438379,12.208567601629252,1.8267687932832855
P11,S1,lv2,70,9.363263581293372,4.5025060364989224,2.3133717504642113
P11,S1,lv2,71,106.88978610690299,33.1713198837055,2.8540922114403533
P11,S1,lv2,72,27.527707363473855,8.511833795678253,2.8585653743103414
P11,S1,lv2,73,19.994335645720426,23.05307404149854,1.233654215736615
P11,S1,lv2,74,31.912154898989993,29.136037035799053,1.5217747701920834
P11,S1,lv2,75,4.671378168997206,16.593933603212303,0.0
P11,S1,lv2,76,31.832590221411433,25.438923089258783,1.6862295547348687
P11,S1,lv2,77,33.44705894269503,27.637631860238493,1.6449616397382711
P11,S1,lv2,78,7.1505174333056445,10.759730853980722,0.9048957173191307
P11,S1,lv2,79,8.031416273047135,10.72913956347133,1.0518484175432425
P11,S1,lv2,80,32.130843680429116,4.961230344221187,3.7159428276362747
P11,S1,lv2,81,8.200819919350407,16.36364847691802,0.5564733080321635
P11,S1,lv2,82,18.467850233130168,13.289374708781585,1.8156909353979722
P11,S1,lv2,83,50.71193702562049,32.60099517048076,1.9549006227310755
P11,S1,lv2,84,15.153829247240036,10.129441961879715,1.9067349166389118
P11,S1,lv2,85,7.3795406550837965,17.089632467405476,0.3725932312320747
P11,S1,lv2,86,22.11927680955818,25.788878323489286,1.2198955530981985
P11,S1,lv2,87,10.65400839617819,17.230197957221776,0.8158752468582826
P11,S1,lv2,88,42.63743009047824,18.926248807068003,2.4121724562879545
P11,S1,lv2,89,11.358397931717805,9.124693657416316,1.679763472354322
P11,S1,lv2,90,37.76391097961745,15.77381091771325,2.487264338015345
P11,S1,lv2,91,28.284394716826256,11.800531754739714,2.4886999350678263
P11,S1,lv2,92,4.300744469401606,12.48422214372241,0.09366394017504041
P11,S1,lv2,93,27.831168617568537,58.44166486330433,0.4934511971421015
P11,S1,lv2,94,14.285396874648958,12.523995478423714,1.5718772973391344
P11,S1,lv2,95,23.55682035139226,16.4756837593462,1.850833195426479
P11,S1,lv2,96,9.676935044724642,7.640013831849145,1.7012128293698359
P11,S1,lv2,97,5.208058363108622,9.212130567940802,0.7052666245808692
P11,S1,lv2,98,5.3959839200542845,11.524656145661956,0.47250986984511306
P11,S1,lv2,99,14.94774404701657,7.605583196742557,2.2436360153517367
P11,S1,lv2,100,6.912605660134557,7.2523447621424255,1.3501709408190246
P11,S1,lv2,101,38.70466839410586,3.85414398708892,4.257522319345225
P11,S1,lv2,102,3.228645502051285,7.40856302757668,0.3839357542210492
P11,S1,lv2,103,57.89297621975507,20.77822849423142,2.6745459333388193
P11,S1,lv2,104,6.919969056618065,10.756408009393922,0.8648132097365264
P11,S1,lv2,105,25.930316986195677,19.666216854923977,1.7508023946114086
P11,S1,lv2,106,5.079166444357711,14.096408617218414,0.14910558587285436
P11,S1,lv2,107,22.334662463268188,27.89155822902408,1.135086662249355
P11,S1,lv2,108,43.95822352765862,17.848612839497346,2.522218692722428
P11,S1,lv2,109,4.235459814031642,11.929225312421629,0.1309234387522179
P11,S1,lv2,110,26.588317587084685,14.89591029837798,2.124747989768932
P11,S1,lv2,111,12.342064304075073,12.00588186735399,1.4435043805977084
P11,S1,lv2,112,5.9733790552751085,6.325125548604723,1.3387640534160012
P11,S1,lv2,113,19.233734660753104,22.99477092123115,1.1888967819241139
P11,S1,lv2,114,11.722623057714564,9.250446303565745,1.7018338114176166
P11,S1,lv2,115,3.0255531561032076,10.933905648351624,0.0
P11,S1,lv2,116,15.606400155149514,13.429595851575417,1.594877433540878
P11,S1,lv2,117,28.50813200178966,47.002702966091825,0.7920607533903167
P11,S1,lv2,118,9.509662870057388,4.332599870380871,2.380019471022922
P11,S1,lv2,119,4.083131008266139,13.825478495230417,0.0
P11,S1,lv2,120,3.330422361356894,19.015812678992678,0.0
P11,S1,lv2,121,5.112011003726256,15.432303154003122,0.04527465557146155
P11,S1,lv2,122,7.818683294683353,12.318357718915692,0.848164992144864
P11,S1,lv2,123,12.602326807515581,7.755369018258241,2.0088273322261427
P11,S1,lv2,124,8.363765279102566,4.513818224677367,2.170899469865678
P11,S1,lv2,125,6.607423849154604,6.49175447378645,1.4312126650984087
P11,S1,lv2,126,52.055971461864054,6.041997493430582,4.068340599091377
P11,S1,lv2,127,10.476153457722639,5.804044412588888,2.1385284077127142
P11,S1,lv2,128,9.151602226135289,10.72667542702503,1.2133384823548907
P11,S1,lv2,129,4.610590933975292,11.276698229066364,0.3051541036993203
P11,S1,lv2,130,83.30858956129747,14.419693836753533,3.574937991621284
P11,S1,lv2,131,8.06053423862157,11.97991748042278,0.9201732713201276
P11,S1,lv2,132,33.737369069170605,13.597646163790435,2.5313495446603826
P11,S1,lv2,133,6.311706225179121,12.651125372323254,0.5509026033621495
P11,S1,lv2,134,3.0287932617483486,11.650128879989424,0.0
P11,S1,lv2,135,9.627682924681894,6.131832585549614,1.9664204618261514
P11,S1,lv2,136,9.90879783316635,7.786230943493496,1.707040784338077
P11,S1,lv2,137,5.376313768926515,9.95228095566053,0.6491086665286314
P11,S1,lv2,138,10.179345257827029,6.402842198328161,1.9818163308261532
P11,S1,lv2,139,9.154190338376278,13.332607437356366,0.9451761119393004
P11,S1,lv2,140,13.825551178989134,16.922019132030858,1.1598871201272551
P11,S1,lv2,141,6.970396783410506,5.13547282328102,1.786594647563493
P11,S1,lv2,142,4.260028743619215,4.309387689822287,1.395184295980721
P11,S1,lv2,143,1.2165204633004836,22.659898288406758,0.0
P11,S1,lv2,144,10.373493838087782,12.65800016938253,1.1636672738792042
P11,S1,lv2,145,9.840866166793107,7.746596046158352,1.704848140261359
P11,S1,lv2,146,9.146514338221854,11.450927501689476,1.1319831819069324
P11,S1,lv2,147,6.372102688482515,13.171671816465517,0.5128767167654364
P11,S1,lv2,148,13.040071329711957,10.87011752062803,1.6341262780774515
P11,S2,lv0,0,11.046420730070933,10.60097268384575,0.07025425393798831
P11,S2,lv0,1,7.218854325386807,5.75483250118976,0.2078616891923468
P11,S2,lv0,2,4.33050572718147,3.564513391852,0.1841232603662449
P11,S2,lv0,3,5.173857005094443,4.506244631902327,0.1422076641574266
P11,S2,lv0,4,3.803518540702891,3.5213022317665232,0.09691214829355801
P11,S2,lv0,5,2.608630310231671,4.938477480738116,0.0
P11,S2,lv0,6,4.007793841834068,3.4610081405901996,0.14853307728575837
P11,S2,lv0,7,10.827668014316162,3.849433201652475,0.8069113843411778
P11,S2,lv0,8,5.7260066057442724,3.689385603213605,0.3658002488392073
P11,S2,lv0,9,6.0185732684880024,4.26948383925763,0.294434736217257
P11,S2,lv0,10,9.056672482411754,4.048369472991816,0.6370373260297322
P11,S2,lv0,11,6.433557177183856,5.467614544621556,0.1604055546685301
P11,S2,lv0,12,6.532944905299838,3.748046948443347,0.45190114804182346
P11,S2,lv0,13,6.500361870108174,11.7873213404287,0.0
P11,S2,lv0,14,2.8928961165777904,3.165728473193221,0.0
P11,S2,lv0,15,6.9233535773051145,4.660129646895653,0.333380941274842
P11,S2,lv0,16,5.0566617774204055,4.113664452641702,0.1928291052228673
P11,S2,lv0,17,10.318230484766268,4.892257180938912,0.5933215771549933
P11,S2,lv0,18,8.813607742601228,5.9301064533007,0.33367596430648755
P11,S2,lv0,19,5.55379239799633,5.530048414925449,0.0428980950394587
P11,S2,lv0,20,9.646481781879094,3.4695274103233014,0.7983031727611284
P11,S2,lv0,21,2.153775048398651,4.246275676800343,0.0
P11,S2,lv0,22,6.6860972725316925,13.579828645126417,0.0
P11,S2,lv0,23,11.16779261129257,6.041545848623855,0.49548488410278313
P11,S2,lv0,24,6.965038093009606,4.507358625188168,0.36256090512950534
P11,S2,lv0,25,2.813024822789249,7.406092334320237,0.0
P11,S2,lv0,26,9.688453602445554,4.80225848591196,0.5603766217112177
P11,S2,lv0,27,1.3386982749668574,4.524065743309163,0.0
P11,S2,lv0,28,5.046936134544969,4.49242228396708,0.12606158934321507
P11,S2,lv0,29,4.3441368591085,6.670331143289166,0.0
P11,S2,lv0,30,4.221666844134933,4.789503036948846,0.0
P11,S2,lv0,31,2.680556013301878,4.139050176326767,0.0
P11,S2,lv0,32,18.001449943985907,13.826232988033198,0.23547897030501122
P11,S2,lv0,33,74.60744460786269,9.777487061599253,1.547248694108505
P11,S2,lv0,34,5.509649758678553,7.082946576004887,0.0
P11,S2,lv0,35,3.2077701752837107,5.979129604971149,0.0
P11,S2,lv0,36,14.286043289560402,5.959169776007969,0.6883459465746686
P11,S2,lv0,37,11.265379904782863,5.754999136606042,0.5379856978349541
P11,S2,lv0,38,5.496536663779541,4.308996835233803,0.22029245860761132
P11,S2,lv0,39,30.175073307886937,7.081671560317864,1.115016454931617
P11,S2,lv0,40,72.29143763913902,10.73885116204506,1.4542815780958958
P11,S2,lv0,41,12.164136339416533,9.520910317883176,0.2214708215583469
P11,S2,lv0,42,4.976212879620373,2.706110045537935,0.49161463232198394
P11,S2,lv0,43,3.1049244141980608,5.332532836766512,0.0
P11,S2,lv0,44,11.425379817236356,10.354975001405787,0.11269427849191427
P11,S2,lv0,45,16.90340184504395,6.428692981391254,0.756885525359197
P11,S2,lv0,46,6.130824616581801,6.079629993687554,0.045940356131481945
P11,S2,lv0,47,13.26252355600976,3.832526809187946,0.9606489697734522
P11,S2,lv0,48,33.04125226804234,11.96911941396227,0.7930005426153317
P11,S2,lv0,49,5.468846676530851,2.797726623814957,0.5369435481135482
P11,S2,lv0,50,9.202236838874764,8.094101531596676,0.13490553196042046
P11,S2,lv0,51,11.402841946832048,6.814482847878205,0.42162643295346436
P11,S2,lv0,52,9.402518050139077,8.282836101043108,0.13377875515556906
P11,S2,lv0,53,5.106148981539185,11.074139598453147,0.0
P11,S2,lv0,54,4.87428745162631,3.827253220333852,0.2191155250504921
P11,S2,lv0,55,3.9047550694933504,6.109395815161602,0.0
P11,S2,lv0,56,3.8344805368023005,7.57745393571487,0.0
P11,S2,lv0,57,3.8517885679083776,8.21864504401983,0.0
P11,S2,lv0,58,2.2654903904048656,8.235809657320244,0.0
P11,S2,lv0,59,6.395136317473918,14.00735977572663,0.0
P11,S2,lv0,60,6.567412487207111,3.574443974936358,0.4909865528019994
P11,S2,lv0,61,5.184419282443529,7.127422763757004,0.0
P11,S2,lv0,62,4.035391013815734,12.727595158557046,0.0
P11,S2,lv0,63,4.745838449938166,13.677942795003117,0.0
P11,S2,lv0,64,2.5841534632428798,4.492576528554618,0.0
P11,S2,lv0,65,19.028051531710865,11.212193793910192,0.43208627588267073
P11,S2,lv0,66,20.5321319815314,9.929432229553798,0.5786549349986623
P11,S2,lv0,67,8.622626156379617,6.7660757798026845,0.2195916858002375
P11,S2,lv0,68,8.46924065713407,7.670176409657214,0.11323666396335426
P11,S2,lv0,69,7.89160543650356,5.861582511389244,0.26032707753563483
P11,S2,lv0,70,13.443794950220509,14.607867212293526,0.0
P11,S2,lv0,71,4.177704201164155,6.131997910362929,0.0
P11,S2,lv0,72,8.992777822580202,7.735174312970339,0.15147279947332354
P11,S2,lv0,73,20.7056623985914,16.122880969355617,0.22530333846302303
P11,S2,lv0,74,8.070618895734874,19.546219326045758,0.0
P11,S2,lv0,75,2.2442952688765083,10.40375093785734,0.0
P11,S2,lv0,76,9.599474203623723,9.708402289149767,0.03134930335686735
P11,S2,lv0,77,6.666316556715152,9.048228711902512,0.0
P11,S2,lv0,78,3.5522619844026284,4.123563719428819,0.0
P11,S2,lv0,79,4.2411926768673585,12.134346174254,0.0
P11,S2,lv0,80,3.5348675379141987,10.59696036409059,0.0
P11,S2,lv0,81,2.9348436690720425,5.8480050117818765,0.0
P11,S2,lv0,82,3.625460703920254,6.3434067911165615,0.0
P11,S2,lv0,83,7.30682108442197,13.337249469950903,0.0
P11,S2,lv0,84,4.748896091200811,3.6503497594020202,0.2348889308721735
P11,S2,lv0,85,4.430818829541206,10.207580419633882,0.0
P11,S2,lv0,86,4.058328556606795,15.59191326237747,0.0
P11,S2,lv0,87,7.267787214378211,12.63450966527531,0.0
P11,S2,lv0,88,10.121269099889094,12.018734084996606,0.0
P11,S2,lv0,89,59.23720584797251,13.322237226986728,1.1466253617753814
P11,S2,lv0,90,8.486460406668655,8.409731127006436,0.04645747020273214
P11,S2,lv0,91,11.294558696135702,13.805579629850264,0.0
P11,S2,lv0,92,9.457116685484573,11.173692256738102,0.0
P11,S2,lv0,93,7.28431939846251,3.77712124953933,0.526929706507994
P11,S2,lv0,94,5.110706980933846,5.794570992389469,0.0
P11,S2,lv0,95,4.264476529808499,8.171405115782123,0.0
P11,S2,lv0,96,10.25579750219116,8.624051314610576,0.16827125792913883
P11,S2,lv0,97,16.634198861352733,10.904056649457882,0.35301650537484297
P11,S2,lv0,98,9.00795646651819,11.674946536157927,0.0
P11,S2,lv0,99,16.411929390006435,8.089533609473984,0.5645226661536161
P11,S2,lv0,100,3.505713996024355,6.524282410241045,0.0
P11,S2,lv0,101,14.065237741308602,18.283323217022954,0.0
P11,S2,lv0,102,8.54722025552334,6.286793087618791,0.26757856317396134
P11,S2,lv0,103,8.681689279434183,8.079364198112588,0.09305997604362641
P11,S2,lv0,104,4.918545515846646,7.539897063464469,0.0
P11,S2,lv0,105,3.6704112151403536,14.919656922317486,0.0
P11,S2,lv0,106,4.802559759732323,3.352267204551051,0.30641901035005287
P11,S2,lv0,107,5.904411650274162,4.520115078979352,0.2379105451942522
P11,S2,lv0,108,3.6423548697374137,4.8469224561309785,0.0
P11,S2,lv0,109,10.83180202332727,11.034643183877352,0.025956251067258452
P11,S2,lv0,110,3.7671806962175203,4.8996377451566095,0.0
P11,S2,lv0,111,10.14220659262601,7.060085698248982,0.3084488476929431
P11,S2,lv0,112,18.228287441036045,8.127548291741554,0.6389125044439674
P11,S2,lv0,113,4.393675007170334,2.8156271435313225,0.36982290651281285
P11,S2,lv0,114,5.721028412359242,3.8700102196564488,0.3296972995649962
P11,S2,lv0,115,14.545490964501978,21.851795789920285,0.0
P11,S2,lv0,116,5.456804316621329,11.560577208603927,0.0
P11,S2,lv0,117,4.392711610664301,3.866374852544241,0.13439988073682346
P11,S2,lv0,118,3.604679627463034,3.415614388204104,0.07968656651099622
P11,S2,lv0,119,7.280770608408239,3.6689175279852995,0.5481300434334393
P11,S2,lv0,120,7.113667666248521,6.78475071473303,0.07483858497327257
P11,S2,lv0,121,9.01676962304704,4.217150024516833,0.6034610677306139
P11,S2,lv0,122,16.19589182369562,4.516539665503409,0.9870535487174042
P11,S2,lv0,123,5.743501860155512,5.650446111635599,0.051837348564770284
P11,S2,lv0,124,8.342871212152222,9.361733360517604,0.0
P11,S2,lv0,125,15.52388361226136,6.54718872721362,0.6801798584591817
P11,S2,lv0,126,4.419214107000287,3.0323643709492765,0.3191096649081019
P11,S2,lv0,127,5.003355934462157,3.200195460703784,0.371244265013936
P11,S2,lv0,128,9.561856311793166,5.51243322461896,0.448305335557946
P11,S2,lv0,129,4.725741785451122,6.194350251778834,0.0
P11,S2,lv0,130,15.7099268531318,9.224674599129314,0.43468159969037684
P11,S2,lv0,131,7.783190418864718,4.259752175162887,0.4868656990125075
P11,S2,lv0,132,10.779637259343144,4.3810927121840155,0.707640262234707
P11,S2,lv0,133,3.953469479814338,5.330571200649246,0.0
P11,S2,lv0,134,4.076308760437504,3.889985721533119,0.0744275861946087
P11,S2,lv0,135,17.384709703173726,7.513374131358449,0.6620511952054849
P11,S2,lv0,136,9.126690837252667,9.282876043861261,0.02713208241372015
P11,S2,lv0,137,6.394801228638638,12.159316792848696,0.0
P11,S2,lv0,138,4.578834777094353,6.116490992105708,0.0
P11,S2,lv0,139,17.153741305884697,3.2953024067851273,1.2635411408870099
P11,S2,lv0,140,11.345631115534685,2.493819750873822,1.1636148759669518
P11,S2,lv0,141,5.981139875923589,4.9861257309912155,0.17469836048973544
P11,S2,lv0,142,7.424947774575656,4.113746995579464,0.47778265959694094
P11,S2,lv0,143,2.557075630796216,4.821795905654066,0.0
P11,S2,lv0,144,2.87490817424584,3.059300926593992,0.0
P11,S2,lv0,145,6.614364740564758,5.541515227902302,0.1710068531647097
P11,S2,lv0,146,5.699799393331265,4.657223739210468,0.1895792389537628
P11,S2,lv0,147,7.019169913783914,4.6454321761357145,0.3459206140497221
P11,S2,lv0,148,6.046349627051284,3.8718303887023255,0.3703765935765802
P11,S2,lv1,0,23.18982606855847,8.937880367429674,0.7469979861943848
P11,S2,lv1,1,7.275940425043693,5.720015274772642,0.2182068034512742
P11,S2,lv1,2,18.165538253832377,40.43908723641351,0.0
P11,S2,lv1,3,20.479213950184075,15.313758983778742,0.2553410030107454
P11,S2,lv1,4,41.64324514838226,58.565969136061135,0.0
P11,S2,lv1,5,7.852906289903136,18.876394899971398,0.0
P11,S2,lv1,6,10.253321107662703,20.787211202954342,0.0
P11,S2,lv1,7,9.639117371243037,22.563610492223493,0.0
P11,S2,lv1,8,97.37224633856897,10.46230260112284,1.6945810446150296
P11,S2,lv1,9,105.09900783870832,23.04334410676995,1.1654759171339448
P11,S2,lv1,10,5.189847899533377,24.984072383004467,0.0
P11,S2,lv1,11,13.476771839323545,18.449106757773798,0.0
P11,S2,lv1,12,18.81516166844155,11.92708594500775,0.3778867350897819
P11,S2,lv1,13,41.69117326557835,10.736146667669608,1.046149520614472
P11,S2,lv1,14,24.416009431347764,11.339978112404967,0.6086376688851549
P11,S2,lv1,15,42.34295669022484,15.624354872402284,0.779309422142057
P11,S2,lv1,16,3.525432822131011,9.787534382479398,0.0
P11,S2,lv1,17,8.089331003080764,9.288600622408078,0.0
P11,S2,lv1,18,18.370785257187077,8.290238724313589,0.6299863946480284
P11,S2,lv1,19,22.22070777952152,12.870435432021745,0.4448305931202074
P11,S2,lv1,20,7.773696893010776,10.024327489582575,0.0
P11,S2,lv1,21,10.941092188818288,11.061608963428602,0.03159304448904578
P11,S2,lv1,22,6.268163105871376,12.366867462919556,0.0
P11,S2,lv1,23,141.41151601696635,16.122398137559298,1.6505916517036037
P11,S2,lv1,24,15.339688437930462,8.347365797468543,0.49112541330805287
P11,S2,lv1,25,102.11266555897656,23.4312142090924,1.1317088707169662
P11,S2,lv1,26,10.587023912006346,3.6069174023770074,0.8385112446059036
P11,S2,lv1,27,11.695576393360115,28.38419735222149,0.0
P11,S2,lv1,28,163.70551934091998,21.635562421473082,1.540997266480866
P11,S2,lv1,29,9.87044475908348,11.912582422993882,0.0
P11,S2,lv1,30,31.59021568898483,16.74606319578201,0.5105517208004732
P11,S2,lv1,31,14.596457294027369,8.819213582743552,0.41349123439477325
P11,S2,lv1,32,10.883465744170675,15.934449705207017,0.0
P11,S2,lv1,33,19.04898525980812,9.917213345784068,0.5239475227118026
P11,S2,lv1,34,62.15301820959479,12.107465469758196,1.2531990313463526
P11,S2,lv1,35,2.4640817685568543,7.593865198938801,0.0
P11,S2,lv1,36,20.254818934504236,7.798579830552674,0.7477664605883175
P11,S2,lv1,37,9.783636313112892,16.77126145408338,0.0
P11,S2,lv1,38,9.452434195813042,9.148455238893359,0.06396834364529605
P11,S2,lv1,39,4.994931620931322,12.990857122956408,0.0
P11,S2,lv1,40,13.908251507689412,32.232365522788825,0.0
P11,S2,lv1,41,4.633576178145282,17.201925757407533,0.0
P11,S2,lv1,42,5.537045946134793,11.581027334423771,0.0
P11,S2,lv1,43,55.932994461770036,28.69004686790036,0.5349729346791954
P11,S2,lv1,44,25.711948341285392,12.888568152402229,0.5520432526547643
P11,S2,lv1,45,16.991203252737552,9.69226046852279,0.45616310685698697
P11,S2,lv1,46,87.17431014028699,13.669271444494125,1.4141643526832686
P11,S2,lv1,47,15.793247302902316,13.797347949470419,0.13994636180531678
P11,S2,lv1,48,108.78843280671559,10.028858578128252,1.8082122767275761
P11,S2,lv1,49,8.681156156415874,14.013504028730937,0.0
P11,S2,lv1,50,6.757967692899551,21.92920374190915,0.0
P11,S2,lv1,51,16.508402549158973,10.490166160549741,0.37609161038212857
P11,S2,lv1,52,6.916265721534149,9.375467878100077,0.0
P11,S2,lv1,53,62.54168707287157,22.295136121038233,0.8048980323494983
P11,S2,lv1,54,21.12593195274241,27.693882846726517,0.0
P11,S2,lv1,55,22.488831796952073,35.12998106145068,0.0
P11,S2,lv1,56,13.484056905060507,9.179427328931226,0.3249879456245965
P11,S2,lv1,57,16.52033365801044,16.411699435620175,0.044614011589831006
P11,S2,lv1,58,9.311884152122396,18.742161637509692,0.0
P11,S2,lv1,59,69.30486758478405,23.38051517621052,0.8458083665194682
P11,S2,lv1,60,19.17238207195808,5.565886815666558,0.9572339464310466
P11,S2,lv1,61,13.021368698488962,9.508151828198839,0.2729844895100163
P11,S2,lv1,62,61.09366884525975,16.026452038920997,1.0324214188525838
P11,S2,lv1,63,4.91055651556977,14.54122571003864,0.0
P11,S2,lv1,64,5.265741058214327,13.814598371892224,0.0
P11,S2,lv1,65,5.3171354441746415,11.693218590097773,0.0
P11,S2,lv1,66,3.1656514975372114,9.201664563963222,0.0
P11,S2,lv1,67,13.399741670188867,6.107840296859121,0.6225526791739168
P11,S2,lv1,68,6.1854040774965595,8.033329261883347,0.0
P11,S2,lv1,69,7.448663556831533,7.1258022335995665,0.07259223630571383
P11,S2,lv1,70,4.362359850222892,4.763456634597307,0.0
P11,S2,lv1,71,17.922091230263494,7.464188696010294,0.6895072619848617
P11,S2,lv1,72,7.594833770654676,13.675405122490877,0.0
P11,S2,lv1,73,7.216462400593311,9.758385407753257,0.0
P11,S2,lv1,74,15.769929146432421,7.288600690187071,0.6122642529862136
P11,S2,lv1,75,10.829131171755554,6.26796945153607,0.4453466146232339
P11,S2,lv1,76,7.719799439743797,15.1915959470835,0.0
P11,S2,lv1,77,48.094234017979296,20.922773928528404,0.657168167657795
P11,S2,lv1,78,16.309014363975077,8.142932934700534,0.5549753511199668
P11,S2,lv1,79,99.86640356366188,25.115290455060073,1.0637186537585495
P11,S2,lv1,80,6.871546964546893,2.810451884555912,0.7029542510544552
P11,S2,lv1,81,13.815525055011303,16.95456982861168,0.0
P11,S2,lv1,82,115.79702009809468,14.863133321644375,1.5626767929537733
P11,S2,lv1,83,17.130727692715293,16.697871271268625,0.0587052305961262
P11,S2,lv1,84,14.29184691151803,21.99147810805394,0.0
P11,S2,lv1,85,7.995958336735858,6.393412691968048,0.20564485149447134
P11,S2,lv1,86,44.41066543772445,10.413032286001268,1.115695462824527
P11,S2,lv1,87,22.068264037730938,12.193097902459597,0.47982950101419786
P11,S2,lv1,88,10.778389670515995,16.864103109088298,0.0
P11,S2,lv1,89,122.27866510643842,22.979347396450933,1.2798529002646897
P11,S2,lv1,90,18.539218301360556,10.640920393734048,0.4515736131940232
P11,S2,lv1,91,36.47210028452437,8.956146579809745,1.0814122280378797
P11,S2,lv1,92,6.110961894031352,4.768160934635613,0.223786832093381
P11,S2,lv1,93,6.504307240621354,2.572136402200055,0.7279421233500365
P11,S2,lv1,94,8.488175524437727,8.10817454866223,0.07369683834005006
P11,S2,lv1,95,6.032362856037504,7.446287481852107,0.0
P11,S2,lv1,96,50.79342973079865,3.571588245367627,2.009115274401541
P11,S2,lv1,97,30.237554633629234,11.553436549572398,0.7534419999671415
P11,S2,lv1,98,12.135811797152822,23.407682169879678,0.0
P11,S2,lv1,99,8.749998937816157,11.211661786012069,0.0
P11,S2,lv1,100,13.019239978599053,30.99500217045314,0.0
P11,S2,lv1,101,36.92519919836271,12.989001792220163,0.8147840843880441
P11,S2,lv1,102,41.64772584343823,13.093972642518104,0.89809493071335
P11,S2,lv1,103,5.135256698014074,6.9798171479353535,0.0
P11,S2,lv1,104,10.831720381207406,9.235297542464144,0.15800266590913759
P11,S2,lv1,105,5.839600700840953,4.068164256790916,0.30787182424070514
P11,S2,lv1,106,4.477961874446564,5.944588675648141,0.0
P11,S2,lv1,107,3.840620962592846,8.30731294061538,0.0
P11,S2,lv1,108,14.094687979906555,6.010777990094229,0.6719453519159231
P11,S2,lv1,109,3.3008546482785115,4.135487697382079,0.0
P11,S2,lv1,110,3.730334690245909,5.342858272589876,0.0
P11,S2,lv1,111,1.8286358939225384,3.404537360195345,0.0
P11,S2,lv1,112,10.420825740734024,9.873426609192009,0.0797487318608724
P11,S2,lv1,113,3.066909523594411,9.390911874630298,0.0
P11,S2,lv1,114,6.284469542417502,11.29392313662113,0.0
P11,S2,lv1,115,18.81477967674405,10.964621184036195,0.4402884002704757
P11,S2,lv1,116,11.839895216692003,14.068957378051214,0.0
P11,S2,lv1,117,27.186676491245457,10.845918792027728,0.7214216663241703
P11,S2,lv1,118,91.78549780649848,9.29589086265195,1.7384378235090021
P11,S2,lv1,119,9.982438739071105,8.065791746734792,0.19787599253141286
P11,S2,lv1,120,15.261722402813156,10.278402657125872,0.33296997958330676
P11,S2,lv1,121,3.4972936187833294,3.543786904651615,0.029922688273690073
P11,S2,lv1,122,14.671345324912968,5.218112888259025,0.806601058298044
P11,S2,lv1,123,89.18609885873859,9.721495731355489,1.6839156900872676
P11,S2,lv1,124,18.102732947811653,9.46352636657679,0.5208881701755695
P11,S2,lv1,125,4.322158525208006,6.403398309076402,0.0
P11,S2,lv1,126,12.32161981889364,7.948268392056884,0.36494188186346666
P11,S2,lv1,127,9.432104570365832,5.145235339765159,0.4893084112647434
P11,S2,lv1,128,10.013316426870846,5.755557061389118,0.4505117506979555
P11,S2,lv1,129,100.82422317987624,22.49213872079348,1.152632433399245
P11,S2,lv1,130,12.116514936828036,4.946168007851574,0.7043728514827146
P11,S2,lv1,131,10.368665486319934,8.953437348702366,0.1485848539212642
P11,S2,lv1,132,66.01859969257792,8.928962348749211,1.5238649184825317
P11,S2,lv1,133,10.674255359504762,9.655643315821953,0.1141202049876793
P11,S2,lv1,134,4.647611386047697,6.251510645983973,0.0
P11,S2,lv1,135,23.159640777370164,18.720073438208143,0.1975935029817292
P11,S2,lv1,136,35.363505522736844,18.104182315508062,0.5364070597555671
P11,S2,lv1,137,6.894505382953761,7.47237774087669,0.0
P11,S2,lv1,138,2.4610355913265174,3.0645425502853016,0.0
P11,S2,lv1,139,2.7586552237536797,4.465597027690723,0.0
P11,S2,lv1,140,2.462760090599984,5.121848773777224,0.0
P11,S2,lv1,141,4.613061830915937,4.517541938853074,0.055241767417875974
P11,S2,lv1,142,20.12920305465081,9.787611034188473,0.5746241434519767
P11,S2,lv1,143,102.24917228805478,16.020186530047955,1.4147606328348241
P11,S2,lv1,144,10.120734460455536,6.257729713581502,0.3963716031129476
P11,S2,lv1,145,17.509057449391392,10.384619900262381,0.4272495687348143
P11,S2,lv1,146,42.864006057028014,3.803321109464019,1.836564954870257
P11,S2,lv1,147,6.210103158398361,2.978703025376708,0.5847392963272882
P11,S2,lv1,148,94.12188960507416,8.268002462650927,1.844012925450623
P11,S2,lv2,0,15.292784345506997,20.02442247291245,0.0
P11,S2,lv2,1,12.933426026405185,13.142924518700033,0.02779959310232859
P11,S2,lv2,2,20.5651564856652,7.493600352860809,0.7886399844478283
P11,S2,lv2,3,17.45593356477497,17.79385483371921,0.025496108275950065
P11,S2,lv2,4,10.714722737310193,11.69236890656362,0.0
P11,S2,lv2,5,5.559193858069052,8.832374310660379,0.0
P11,S2,lv2,6,13.301579102405764,15.830263664692255,0.0
P11,S2,lv2,7,43.10994857945884,32.99925879645061,0.2379894321861708
P11,S2,lv2,8,8.15829275875515,11.776783890926701,0.0
P11,S2,lv2,9,13.052411507754627,9.72871948344106,0.2577385521630357
P11,S2,lv2,10,16.832559071687022,15.32841885090078,0.10916046891986386
P11,S2,lv2,11,2.3835992601867133,8.56500216336242,0.0
P11,S2,lv2,12,74.39225633042889,27.964702870417927,0.7655391276187956
P11,S2,lv2,13,30.997847973092256,21.497930779613128,0.31120306206115617
P11,S2,lv2,14,4.658693737823988,9.44715986078106,0.0
P11,S2,lv2,15,52.68553386445114,20.6781332941545,0.7335328762801389
P11,S2,lv2,16,15.851490536390676,31.495388512445018,0.0
P11,S2,lv2,17,20.737213204333287,23.826587697964513,0.0
P11,S2,lv2,18,66.73964976215986,13.7723380830914,1.2104395681116378
P11,S2,lv2,19,14.229716070634336,7.989844180805304,0.4678790236869633
P11,S2,lv2,20,13.888061937758836,14.891384343441723,0.0
P11,S2,lv2,21,23.59981717608325,15.812492800132627,0.33677977661865677
P11,S2,lv2,22,45.04190747943734,25.87169311935262,0.451026493421098
P11,S2,lv2,23,22.30452464108779,12.913798789182485,0.4451283370168611
P11,S2,lv2,24,11.438473430237488,11.974852268399587,0.005724138272103126
P11,S2,lv2,25,5.151852187276541,9.170394431353452,0.0
P11,S2,lv2,26,80.95201168393508,36.33169278256532,0.6340540413153339
P11,S2,lv2,27,108.9333526369843,16.596633353425794,1.4355122288063793
P11,S2,lv2,28,9.268082427982621,11.145951529599097,0.0
P11,S2,lv2,29,21.795805408693166,8.775527789405835,0.7146060183899258
P11,S2,lv2,30,3.056292965912822,13.912929469225826,0.0
P11,S2,lv2,31,5.208100387699262,17.39142344655093,0.0
P11,S2,lv2,32,20.474689946049867,3.4302138330661327,1.3650603802336116
P11,S2,lv2,33,61.07209147721381,11.921806672651218,1.2516475843609685
P11,S2,lv2,34,30.196153974290972,41.20559146837316,0.0
P11,S2,lv2,35,19.422134368571353,14.594742315310208,0.25170103371397934
P11,S2,lv2,36,9.334517297720657,8.211352221464528,0.13482426670123204
P11,S2,lv2,37,8.268140046163337,13.534302940305425,0.0
P11,S2,lv2,38,11.593824271165655,15.372909188221229,0.0
P11,S2,lv2,39,5.260464887564292,11.921601502437829,0.0
P11,S2,lv2,40,14.931099819382007,18.74891567185527,0.0
P11,S2,lv2,41,65.00462819672772,22.11389296850481,0.8396068101260946
P11,S2,lv2,42,18.42685635562131,17.247717851118576,0.0887769104367202
P11,S2,lv2,43,12.979048771248097,8.015545549328015,0.39725052515130654
P11,S2,lv2,44,11.221451257271129,9.628609621438478,0.1532863155231503
P11,S2,lv2,45,14.358327180654987,5.579942534200864,0.7408677471806656
P11,S2,lv2,46,12.843556077194785,17.873100221415346,0.0
P11,S2,lv2,47,11.219904806123836,8.246822184146122,0.26810264351988733
P11,S2,lv2,48,10.364170448389435,15.603914032620287,0.0
P11,S2,lv2,49,80.23246681980264,19.246991846051028,1.0987459426660655
P11,S2,lv2,50,7.163065060131347,13.298210154959204,0.0
P11,S2,lv2,51,5.09354193864321,9.718918467874287,0.0
P11,S2,lv2,52,80.12166800345148,14.138447468661946,1.3265454029614667
P11,S2,lv2,53,36.34059702444575,14.022500895739356,0.7461501116249474
P11,S2,lv2,54,6.738003717297193,17.600459334916,0.0
P11,S2,lv2,55,8.784248063914879,17.545032931637596,0.0
P11,S2,lv2,56,82.38029050185776,20.69154995781927,1.0646565775657635
P11,S2,lv2,57,7.0210500643240925,5.11291096418496,0.2749886723691685
P11,S2,lv2,58,10.997644670273523,12.192263389637654,0.0
P11,S2,lv2,59,6.214179370591012,16.410117699945953,0.0
P11,S2,lv2,60,24.33455887723937,24.177810261945165,0.044513663685683685
P11,S2,lv2,61,13.500042086664475,21.871855671502455,0.0
P11,S2,lv2,62,5.920529976564046,21.820658410918792,0.0
P11,S2,lv2,63,7.1843988939139045,16.5495396594596,0.0
P11,S2,lv2,64,11.156386874669332,56.160641193686665,0.0
P11,S2,lv2,65,14.964693232037556,43.76011280103451,0.0
P11,S2,lv2,66,4.126876866806828,12.146149959311321,0.0
P11,S2,lv2,67,5.912007914578759,10.695260390486089,0.0
P11,S2,lv2,68,23.486912632301884,7.557139758279821,0.8809257407947478
P11,S2,lv2,69,52.95734194307258,21.675154589650823,0.7024172291994797
P11,S2,lv2,70,11.843426183884663,18.75247472223056,0.0
P11,S2,lv2,71,10.361544597666695,8.208969667781515,0.2124741151508837
P11,S2,lv2,72,17.239831037923334,8.44458687363834,0.5691661491754262
P11,S2,lv2,73,13.647988033367843,6.917987490448351,0.5437733629182316
P11,S2,lv2,74,16.10075397884678,9.73796620179435,0.4127402508317754
P11,S2,lv2,75,8.206077001060507,7.95020381914258,0.06321920370638677
P11,S2,lv2,76,41.22800294317611,13.796941614752615,0.8517865386203489
P11,S2,lv2,77,5.912322175330779,7.511370913823295,0.0
P11,S2,lv2,78,4.433343036390271,17.82014494426665,0.0
P11,S2,lv2,79,8.40422632220186,4.49203533350481,0.5044275374208259
P11,S2,lv2,80,9.101208645357328,17.50068980029485,0.0
P11,S2,lv2,81,16.488052247499112,27.981125197788653,0.0
P11,S2,lv2,82,22.161660064644988,7.0686752258094785,0.8874094754769122
P11,S2,lv2,83,12.693179835767816,7.207897588202985,0.45951579199414416
P11,S2,lv2,84,43.67167415504693,16.56984180073651,0.7586449937925539
P11,S2,lv2,85,28.08661783299945,21.442323762583293,0.23996109945686311
P11,S2,lv2,86,20.013930742623877,30.270034583430604,0.0
P11,S2,lv2,87,6.176282287246462,8.098593827854524,0.0
P11,S2,lv2,88,7.3128118783493115,19.884468851811064,0.0
P11,S2,lv2,89,3.5083031658018817,17.781591637569615,0.0
P11,S2,lv2,90,12.019386894012516,17.00623981613948,0.0
P11,S2,lv2,91,21.545490526254643,18.078753808658412,0.16985947137357602
P11,S2,lv2,92,6.196332511603189,8.975143954218796,0.0
P11,S2,lv2,93,9.000414519708423,17.46224298132523,0.0
P11,S2,lv2,94,13.741224310883117,14.236099233051654,0.01347315614799951
P11,S2,lv2,95,31.818967583637995,30.99605654202397,0.05915778003167886
P11,S2,lv2,96,22.524013612231418,14.12097177943937,0.3860987813409776
P11,S2,lv2,97,2.941382135045657,12.083104120669118,0.0
P11,S2,lv2,98,4.494020405391325,16.90383233461072,0.0
P11,S2,lv2,99,5.332183448876514,16.88323660460185,0.0
P11,S2,lv2,100,10.23659530831313,16.397880453053936,0.0
P11,S2,lv2,101,4.599870442856517,29.2341468641003,0.0
P11,S2,lv2,102,3.4233941853060625,18.011002599096955,0.0
P11,S2,lv2,103,13.871512810401928,6.509685842903303,0.6009533017432352
P11,S2,lv2,104,14.092383119436716,10.399035272780827,0.2651797541214101
P11,S2,lv2,105,4.837091492118628,6.088792514773469,0.0
P11,S2,lv2,106,16.224872564593966,26.210224184602982,0.0
P11,S2,lv2,107,16.959091397264583,7.546887543459678,0.6403616790236834
P11,S2,lv2,108,11.329953482624331,8.590095496193335,0.24508986209799444
P11,S2,lv2,109,6.881792787142076,15.356542227486775,0.0
P11,S2,lv2,110,7.2819882226432355,8.026445363199992,0.0
P11,S2,lv2,111,15.016819109077112,29.1030259576348,0.0
P11,S2,lv2,112,14.327159757696188,20.124653753976,0.0
P11,S2,lv2,113,9.400434064161036,22.852422603766332,0.0
P11,S2,lv2,114,4.37023319539787,4.173250193054202,0.07393414558772493
P11,S2,lv2,115,9.152874137155242,4.9998142250162205,0.48828396933231416
P11,S2,lv2,116,26.880169881537622,14.751389667413079,0.4848599158324721
P11,S2,lv2,117,12.238119252971545,15.610779091111244,0.0
P11,S2,lv2,118,12.293296360586778,11.683725783801057,0.07744746288200292
P11,S2,lv2,119,19.309158839126003,19.5841157565219,0.029230704877587048
P11,S2,lv2,120,16.632032276062198,14.574965100779261,0.1376608276799912
P11,S2,lv2,121,13.575999752863563,11.346053017085497,0.1728301305395985
P11,S2,lv2,122,25.722258054723824,15.5399736267128,0.4135616319720845
P11,S2,lv2,123,57.19899070181913,10.637016945397193,1.2876343680540023
P11,S2,lv2,124,7.811776088856195,6.642455382841043,0.1600090362435546
P11,S2,lv2,125,9.123482587937158,7.41253333828235,0.1937838635742813
P11,S2,lv2,126,17.67737534841927,10.055494910914582,0.4582389683998321
P11,S2,lv2,127,13.06063244326533,7.805295296687781,0.421617323993777
P11,S2,lv2,128,11.28824193967481,5.828197627636967,0.5301136578753098
P11,S2,lv2,129,18.965674109134515,5.251240723585424,0.9923612879979625
P11,S2,lv2,130,10.20718833899767,7.811821565874947,0.23812692713435687
P11,S2,lv2,131,9.070348511486866,9.004480280499479,0.045126562217312205
P11,S2,lv2,132,73.4702611385558,36.67136259805407,0.5552105261404973
P11,S2,lv2,133,16.682465848804465,6.170953087412309,0.7774798548965559
P11,S2,lv2,134,73.28269660882624,21.000029961396184,0.966867563742932
P11,S2,lv2,135,5.310847106348785,8.812750721910461,0.0
P11,S2,lv2,136,5.757614292198029,3.820558744089647,0.34396659240103916
P11,S2,lv2,137,10.928909172167414,5.343304176955818,0.5705537095221386
P11,S2,lv2,138,7.050429294961377,5.855543416525607,0.17747857092651206
P11,S2,lv2,139,43.93867197739427,10.051977689245314,1.133947547129577
P11,S2,lv2,140,5.752132656024877,11.8764609858145,0.0
P11,S2,lv2,141,7.968659965662875,19.691113530293446,0.0
P11,S2,lv2,142,6.93185674915091,6.050980324058207,0.1405408279878599
P11,S2,lv2,143,17.26320355100543,10.182659386556429,0.43132863183667614
P11,S2,lv2,144,12.533018544920692,10.453075453345699,0.1743411257805689
P11,S2,lv2,145,9.013577099680704,9.497353438617049,0.0009356602250977161
P11,S2,lv2,146,74.81644598858462,15.730641664275685,1.1965598702432447
P11,S2,lv2,147,19.02287814008807,9.555525578031842,0.5504911188285228
P11,S2,lv2,148,50.639415170880426,12.86517233490092,1.0561889395219715
P12,S1,lv0,0,14.783740987614204,3.960847134192779,1.5844314662619379
P12,S1,lv0,1,3.5717694208599315,2.0408110849726455,0.849749337253007
P12,S1,lv0,2,15.624144688945766,2.3011095548401808,2.1648735171586013
P12,S1,lv0,3,10.811235274732665,4.366821974799348,1.1862021506702165
P12,S1,lv0,4,15.020349222212554,4.0403421084322995,1.5805574851781294
P12,S1,lv0,5,24.048188081267764,6.38373121822887,1.5933917564138202
P12,S1,lv0,6,8.492751543985573,3.393340086626559,1.1967253176750883
P12,S1,lv0,7,4.812516327252552,2.077943397327995,1.1214903701515238
P12,S1,lv0,8,7.145549232313168,3.262774062796821,1.067235285334125
P12,S1,lv0,9,3.205137918218813,2.701493071038545,0.47262506989568454
P12,S1,lv0,10,19.3968347257132,5.0649803150453465,1.6093519308672894
P12,S1,lv0,11,9.466636680044738,5.712189731598671,0.7968397205297367
P12,S1,lv0,12,7.093412565229518,4.241415383895029,0.8056655986442809
P12,S1,lv0,13,4.651329890750261,3.17351811232405,0.6776590785033396
P12,S1,lv0,14,3.7002497533033956,4.377085382649409,0.1438389821871975
P12,S1,lv0,15,15.24482211663386,3.491618400074282,1.7365414553371752
P12,S1,lv0,16,7.853100797014745,4.007693620275563,0.9593456682925037
P12,S1,lv0,17,8.792340614336153,3.024690007491045,1.3419183148895435
P12,S1,lv0,18,17.155002366031695,5.7695876987424475,1.3638580432197254
P12,S1,lv0,19,16.8596731443211,8.456390727011147,0.9761370151795747
P12,S1,lv0,20,5.2069567712760225,2.312427952547093,1.0941890566801868
P12,S1,lv0,21,8.032589514582101,4.29346131833088,0.9144523626896145
P12,S1,lv0,22,3.930463835338131,3.9914970157305456,0.2918449798482485
P12,S1,lv0,23,16.720944862385014,4.999304068425073,1.478009255936356
P12,S1,lv0,24,4.0194952310178,3.365210490241057,0.4791393275578034
P12,S1,lv0,25,17.666016976683846,9.636834013127018,0.8946985185845131
P12,S1,lv0,26,7.395858713915236,3.583311500258772,1.0097309473621712
P12,S1,lv0,27,4.782914120238562,4.216176543024498,0.4291380031382127
P12,S1,lv0,28,6.6454540642401705,2.705600446512785,1.1784986680526675
P12,S1,lv0,29,12.346802403836499,3.563988124743892,1.5121103466537817
P12,S1,lv0,30,6.554532962324826,5.353857811861814,0.5030742956840424
P12,S1,lv0,31,4.121908002213211,2.4731997467206357,0.8023032609449338
P12,S1,lv0,32,11.381311856690115,3.84449464150092,1.3596298805049905
P12,S1,lv0,33,13.972074469067593,4.472864677701454,1.41172319701583
P12,S1,lv0,34,9.118012447726995,4.544436645792373,0.9822929921312697
P12,S1,lv0,35,9.71722709789369,3.5031924801422223,1.296474099926536
P12,S1,lv0,36,3.124744486093553,2.8792550601169222,0.38616388326902606
P12,S1,lv0,37,7.310108737210534,3.207892922821776,1.105777701419183
P12,S1,lv0,38,7.295442617939121,5.365991881485564,0.604765000013538
P12,S1,lv0,39,10.308117142658459,3.0751998590613736,1.4801418026179303
P12,S1,lv0,40,19.349342853085144,6.39909648280144,1.3801671621953504
P12,S1,lv0,41,6.51509230086713,4.921540443535611,0.5788946087087796
P12,S1,lv0,42,7.459733170838468,4.285544991722366,0.8444703851911487
P12,S1,lv0,43,16.424883806737096,4.206374972677013,1.6282066484846718
P12,S1,lv0,44,4.682164594528445,1.8999992158710506,1.1816978263024385
P12,S1,lv0,45,10.611007331141934,6.383027627109574,0.7998256736567274
P12,S1,lv0,46,6.668627828425462,5.142863120959636,0.5588185719908234
P12,S1,lv0,47,7.332470943725612,6.1536977577584,0.47680495255459093
P12,S1,lv0,48,4.395831923723638,5.792030620760843,0.039224264301243685
P12,S1,lv0,49,9.410462500675454,2.9764035592092095,1.423436498849896
P12,S1,lv0,50,5.6476238803913,4.528288919980485,0.5210701772534496
P12,S1,lv0,51,5.236314914041056,2.8929461741938582,0.8823713205990854
P12,S1,lv0,52,8.388061464980225,3.711817632195963,1.0976717891736854
P12,S1,lv0,53,9.791029793054113,3.2356600902570443,1.3808772798683664
P12,S1,lv0,54,6.241728586139554,2.6945161720801023,1.1216815321846274
P12,S1,lv0,55,9.93288204247898,3.901365089670844,1.2133384245416996
P12,S1,lv0,56,8.275839057208682,8.199463961517324,0.3157865236204317
P12,S1,lv0,57,8.393173455720436,4.99285752099905,0.8106524721784025
P12,S1,lv0,58,6.381504965450311,2.669604886208043,1.1521753924297622
P12,S1,lv0,59,6.4415731947188695,3.0683866621947398,1.0262104012243474
P12,S1,lv0,60,4.319642690431069,6.369897488355471,0.0
P12,S1,lv0,61,7.324693513438077,5.3126503520159325,0.6183379661181427
P12,S1,lv0,62,5.401203628665634,4.720473857134411,0.4374721022097937
P12,S1,lv0,63,28.185469545661256,3.6146319687395567,2.2991208103238185
P12,S1,lv0,64,2.850494533471737,2.795228242213175,0.32578514522869734
P12,S1,lv0,65,8.209890380024804,5.07828216795541,0.7727776129012444
P12,S1,lv0,66,13.52486639571496,5.802911571045725,1.1276296181767176
P12,S1,lv0,67,7.013269884889724,4.106128441579474,0.8260892118422853
P12,S1,lv0,68,3.4863393921288885,2.865497826821629,0.49703151726345146
P12,S1,lv0,69,10.01432939960747,7.747843503398724,0.5557127225482928
P12,S1,lv0,70,6.147866189064566,3.5107326584408103,0.8502988970483801
P12,S1,lv0,71,5.291240436752277,3.595775488297867,0.6815205389990395
P12,S1,lv0,72,5.384477730876443,5.457919905423158,0.29365073157647537
P12,S1,lv0,73,5.804731591776302,3.670939295826239,0.7512997594003964
P12,S1,lv0,74,21.13843966845563,4.061946110957067,1.9068419637820615
P12,S1,lv0,75,10.455746384100166,3.266344692574248,1.4354398470109158
P12,S1,lv0,76,10.16323268029515,3.856936986889225,1.2466882349489297
P12,S1,lv0,77,2.981482180640851,2.4437528646282836,0.4997238564434323
P12,S1,lv0,78,8.335224555586247,5.1087533293655785,0.7816716471265768
P12,S1,lv0,79,13.896133442381133,3.3546507980149882,1.6855049632256438
P12,S1,lv0,80,18.894025438090065,4.848320799325126,1.6262830890309128
P12,S1,lv0,81,3.994325587554366,7.706968702959441,0.0
P12,S1,lv0,82,6.499529721038719,3.2996839998834138,0.964400247596625
P12,S1,lv0,83,5.9357699632688545,4.1369596086846006,0.6570193126398882
P12,S1,lv0,84,4.0073054090635125,3.8560711120815285,0.3441110547983169
P12,S1,lv0,85,10.394336261546133,3.426987143724823,1.3831529377674443
P12,S1,lv0,86,10.039371729293,3.8044932543861485,1.24807397256541
P12,S1,lv0,87,10.940060944117752,12.269962976925578,0.19550433189995894
P12,S1,lv0,88,17.82767465505712,3.802975849380822,1.8055065856679153
P12,S1,lv0,89,1.837569362725782,2.428465399757619,0.03632407605037332
P12,S1,lv0,90,5.432767592196386,3.1417495768256853,0.8380650103530406
P12,S1,lv0,91,4.9653455653456815,2.7119980031628246,0.8934830753097619
P12,S1,lv0,92,21.648228066231187,6.540575500609719,1.4678576088891615
P12,S1,lv0,93,5.9892511446854675,3.1857087625943463,0.919184202890813
P12,S1,lv0,94,3.996727318355724,3.5713608002272856,0.41595276468412373
P12,S1,lv0,95,6.0830058236490325,3.7509915629990482,0.775796645889671
P12,S1,lv0,96,27.571362193176945,4.440924471794432,2.0780423768122724
P12,S1,lv0,97,5.287995472751634,3.96853691519637,0.5852407087077653
P12,S1,lv0,98,10.537503162347482,7.563609543962907,0.6284572754308627
P12,S1,lv0,99,14.345712068003538,2.8279258017265447,1.88208270176218
P12,S1,lv0,100,2.394315443692333,3.6466291945092046,0.0
P12,S1,lv0,101,22.906202974081815,6.7639728836582504,1.4900709257264677
P12,S1,lv0,102,11.85247984939677,8.150624547538458,0.6700248599770318
P12,S1,lv0,103,3.1165411770258347,6.286333455070007,0.0
P12,S1,lv0,104,4.767927231270608,4.9292045409928775,0.2745225467023275
P12,S1,lv0,105,15.586325244049226,5.087627106273814,1.3928562997111074
P12,S1,lv0,106,11.823195108726063,6.231600642515924,0.9280490836379132
P12,S1,lv0,107,8.232722374720929,3.3471609841186556,1.1798519719246892
P12,S1,lv0,108,5.885971929924659,4.269464188160775,0.6182633362745059
P12,S1,lv0,109,7.793362717483444,3.68173457596145,1.0342304381580998
P12,S1,lv0,110,13.079450258818465,2.7249620446129086,1.8284191356094355
P12,S1,lv0,111,4.952427974891036,2.8665694071004806,0.8371852764438075
P12,S1,lv0,112,5.520403843140923,5.398998275605008,0.3283643932870788
P12,S1,lv0,113,18.81125981281697,5.032664355070905,1.5858244844227982
P12,S1,lv0,114,7.946917728959379,5.489383751583818,0.6656844041492317
P12,S1,lv0,115,3.476954594398773,2.4411651828226058,0.6498851960804797
P12,S1,lv0,116,2.768200167245173,2.1790570513850147,0.5389332317796452
P12,S1,lv0,117,2.5260609069215176,3.1516977643266837,0.09213723123064022
P12,S1,lv0,118,2.315068517214784,2.2889470016887508,0.317800240970262
P12,S1,lv0,119,8.955049791661944,3.6861481557531808,1.1678535879199168
P12,S1,lv0,120,5.98573876057154,5.154539156497171,0.45181874424183693
P12,S1,lv0,121,13.317456003171108,3.939079065691604,1.4884522577184252
P12,S1,lv0,122,5.162915510487012,4.956126672045171,0.34644569144412285
P12,S1,lv0,123,31.068792687324315,4.986920098658681,2.081408778244334
P12,S1,lv0,124,10.221499377007289,4.199897595329941,1.169597368516468
P12,S1,lv0,125,4.633744743043213,5.674476221943351,0.11024558398098391
P12,S1,lv0,126,3.9112890773076847,4.796448201741049,0.10889161425593963
P12,S1,lv0,127,5.944824397940749,5.588700266685558,0.3667173794736721
P12,S1,lv0,128,2.987768823649828,4.732797814294147,0.0
P12,S1,lv0,129,4.979963032053805,5.31247518799695,0.2440922628884584
P12,S1,lv0,130,5.4209554781169,3.8221222458846746,0.6457963118618142
P12,S1,lv0,131,14.232340211683717,4.929203904255356,1.335386902084039
P12,S1,lv0,132,9.226065174745328,8.91577586020511,0.3399787327998932
P12,S1,lv0,133,31.431613808996698,6.5803034436540875,1.8237099904817782
P12,S1,lv0,134,3.748977213246587,2.647047385672721,0.6444110424067588
P12,S1,lv0,135,5.315704706332985,2.873694896529194,0.9034453226256771
P12,S1,lv0,136,3.0257412306926494,3.700821808090577,0.11142334872823498
P12,S1,lv0,137,7.240546954502976,5.40022153503773,0.5912696572426628
P12,S1,lv0,138,6.612395892662317,3.7776290296172537,0.8498809663060454
P12,S1,lv0,139,19.88256895770805,4.268892322861928,1.7992214647933524
P12,S1,lv0,140,9.96873581566028,4.865655211465747,1.0025714617719896
P12,S1,lv0,141,6.156968312534929,2.538781530819046,1.166170242814149
P12,S1,lv0,142,7.668378251798475,3.7581618000303103,0.998616332839726
P12,S1,lv0,143,4.615934458520031,2.898648661364128,0.758132748423204
P12,S1,lv0,144,6.305223199723786,3.8872851146937326,0.7759796366659795
P12,S1,lv0,145,9.571243506997655,7.436621523796482,0.5515841656244134
P12,S1,lv0,146,4.009426029426929,5.166509184268849,0.06083430554093664
P12,S1,lv0,147,11.416279495911185,4.128517134367892,1.2934634732146642
P12,S1,lv0,148,5.543864601703418,6.052216021658691,0.22168650683351812
P12,S1,lv1,0,4.4215577460221915,3.699709952421602,0.47969403151313356
P12,S1,lv1,1,3.6320685873658825,3.622461385428048,0.30936188238165435
P12,S1,lv1,2,5.678752859704896,1.8343896165093898,1.4029812589622794
P12,S1,lv1,3,13.74458637929659,4.665096524244528,1.3549793726659536
P12,S1,lv1,4,5.792073241623787,4.141954500450403,0.6320760198540516
P12,S1,lv1,5,26.04053386750411,4.48532937396774,2.0129777596080265
P12,S1,lv1,6,4.806276975190392,4.20152628464945,0.4372414909435237
P12,S1,lv1,7,6.678124413024257,4.4469421806436324,0.7012394024436226
P12,S1,lv1,8,15.083623788193645,2.6003706247260294,2.0121175750808686
P12,S1,lv1,9,27.709700624775483,7.401228341760311,1.5874061660696719
P12,S1,lv1,10,7.573283255581555,5.313349592550737,0.6505864662911232
P12,S1,lv1,11,3.0497199520801272,2.6291946745912838,0.45072269591219843
P12,S1,lv1,12,12.573287493959926,4.009173058642018,1.415562639215461
P12,S1,lv1,13,14.629920433273783,3.3823433426666,1.7274475678442849
P12,S1,lv1,14,11.451028820439868,5.495253656744485,1.019006668852391
P12,S1,lv1,15,27.46224290139137,5.101394074082782,1.9396952809932997
P12,S1,lv1,16,8.943661148314307,3.4395380813802667,1.2337908985067485
P12,S1,lv1,17,4.577303845409752,2.730800405694515,0.8078442348750059
P12,S1,lv1,18,5.716156862737471,3.538539899699902,0.7720170800779665
P12,S1,lv1,19,10.661241637874625,5.134829674899558,1.0154886282978643
P12,S1,lv1,20,1.1974611132599438,2.2407657862145824,0.0
P12,S1,lv1,21,23.01286994293933,5.703237244871746,1.6600473690349562
P12,S1,lv1,22,11.114649547664786,4.845260499227286,1.112198702298351
P12,S1,lv1,23,22.618365274736497,5.080441181540959,1.7554475029151566
P12,S1,lv1,24,9.496939052259007,5.456780663506254,0.8443138484827609
P12,S1,lv1,25,5.368528130164109,4.836761300414581,0.40797816082287247
P12,S1,lv1,26,10.994971571366337,5.790935547479458,0.9287418195962466
P12,S1,lv1,27,7.841889045435613,8.831846237923813,0.1914674686225863
P12,S1,lv1,28,5.639806603384165,3.3129967159555953,0.8228620016228966
P12,S1,lv1,29,6.1791230036636575,5.025675334459951,0.5072232820083403
P12,S1,lv1,30,7.76827249712146,3.4968211378702287,1.0810893105322623
P12,S1,lv1,31,20.74401188177006,7.803538115644651,1.2552026181369873
P12,S1,lv1,32,9.789040046665901,6.724226359465197,0.6710957671782662
P12,S1,lv1,33,3.9443706001985874,2.286586796132947,0.8356983703283898
P12,S1,lv1,34,7.084155875074559,2.4449979363673813,1.3387598881575404
P12,S1,lv1,35,10.064657300515794,4.5967253758868525,1.0670159833950499
P12,S1,lv1,36,16.24174969980115,2.725096062699159,2.038431203927735
P12,S1,lv1,37,17.702167986850704,6.307090317701847,1.3079082719754576
P12,S1,lv1,38,4.700468348471724,4.329469549392572,0.3865482307125768
P12,S1,lv1,39,21.833277555035938,5.215684336621113,1.6956925910892449
P12,S1,lv1,40,6.346453652916677,10.047978078982299,0.0
P12,S1,lv1,41,4.971283537626988,3.136278311686348,0.753642855045097
P12,S1,lv1,42,19.600653599933867,5.085026419795935,1.6156602835588345
P12,S1,lv1,43,3.4166407249726936,2.5194007186565437,0.602308945838689
P12,S1,lv1,44,4.8886611608620445,3.584694119543679,0.6077495991428548
P12,S1,lv1,45,15.441021792002541,3.1858663327113783,1.8378439112134668
P12,S1,lv1,46,9.69337369224909,8.372621132705719,0.4488828371739835
P12,S1,lv1,47,14.874482268879397,5.3784705149231264,1.2935808845600576
P12,S1,lv1,48,5.6133411157425535,6.806371725801002,0.11984903421598649
P12,S1,lv1,49,7.799775815026906,2.6455453772552833,1.3556402292677958
P12,S1,lv1,50,9.278418703777424,6.132884366445777,0.7084231922647422
P12,S1,lv1,51,46.62344896925684,6.597836582918449,2.2036136719137462
P12,S1,lv1,52,5.48853315813851,4.569913282488856,0.4844756256903279
P12,S1,lv1,53,9.431129311454807,3.573819865502646,1.248121603280526
P12,S1,lv1,54,15.165622770597318,2.8694837142083123,1.9218469826001658
P12,S1,lv1,55,3.3970633674540287,3.3093365152653695,0.33217288989262755
P12,S1,lv1,56,21.238816164201037,5.9940991981598835,1.53397359451058
P12,S1,lv1,57,18.91182659758863,6.593434609660873,1.328958998295841
P12,S1,lv1,58,14.96640633485201,5.483437006070398,1.2808080021125154
P12,S1,lv1,59,3.8686144457607856,5.175035923259043,0.02455332433417352
P12,S1,lv1,60,4.9813074543603895,2.6174768710935354,0.9310092316679234
P12,S1,lv1,61,10.662106712093204,12.63139774901378,0.14237726901306735
P12,S1,lv1,62,23.713133669903772,9.65570111347014,1.1783738897492695
P12,S1,lv1,63,5.039519586654908,5.357385535997421,0.24745844450076723
P12,S1,lv1,64,10.173786414034836,4.048822972971929,1.2005957759347496
P12,S1,lv1,65,20.572048244640612,5.6015265424563365,1.568739796730731
P12,S1,lv1,66,4.440563975444329,3.5218454618962514,0.5316491827754786
P12,S1,lv1,67,5.583664370979443,4.1759386182705,0.588601342568689
P12,S1,lv1,68,7.573932186544181,4.432825937146983,0.8264303179044977
P12,S1,lv1,69,3.5760335186058114,4.752705554893372,0.030849068057247516
P12,S1,lv1,70,10.932763193244101,3.722169549154353,1.351992422034696
P12,S1,lv1,71,7.946503295600375,3.7178031237218976,1.0436503310880714
P12,S1,lv1,72,13.37809025691761,4.1521215860708995,1.441763379127505
P12,S1,lv1,73,9.146983056884483,6.684267949412209,0.6110692266217794
P12,S1,lv1,74,5.524045548654067,3.9832153447910006,0.6240231421246136
P12,S1,lv1,75,14.328880132969799,2.925668293710654,1.8479817272046124
P12,S1,lv1,76,4.2920521722264695,3.0530751762348616,0.6372106723626002
P12,S1,lv1,77,14.560129436989586,2.623038464951887,1.9694328461603172
P12,S1,lv1,78,9.48026249131463,5.256243966492625,0.8789302585039924
P12,S1,lv1,79,13.109727566225295,1.9260045753672417,2.1672800412693403
P12,S1,lv1,80,5.055138227469251,5.151683490428762,0.28844060106795155
P12,S1,lv1,81,4.471671688727695,3.3729519898582048,0.580324671198903
P12,S1,lv1,82,1.8609557207683136,2.7718702716668875,0.0
P12,S1,lv1,83,7.597446076624926,3.906481491220012,0.9520532437759415
P12,S1,lv1,84,14.629432034480034,3.6145608765199064,1.6630015416179924
P12,S1,lv1,85,7.89356355840476,5.990957745204973,0.5743320214874224
P12,S1,lv1,86,6.388034026978294,2.694571937882322,1.1441371937863405
P12,S1,lv1,87,14.608498696938911,4.396793998100855,1.4715723383244095
P12,S1,lv1,88,6.0811961775726,7.359263888650494,0.12174510578923821
P12,S1,lv1,89,8.69908992965347,4.253160474191387,1.0009259222155038
P12,S1,lv1,90,6.492065763047605,4.046956803201409,0.765258729220907
P12,S1,lv1,91,12.407180171496059,6.891122035727202,0.8772288885757076
P12,S1,lv1,92,7.457710677253558,5.384866039888301,0.6226989512437003
P12,S1,lv1,93,12.662283768904846,5.1776832981351815,1.1742894929549734
P12,S1,lv1,94,4.569014819968065,6.018928474746174,0.03943233939852745
P12,S1,lv1,95,4.405714709493056,5.3964853008033975,0.1100200901065989
P12,S1,lv1,96,6.9304206634476895,5.722440771975056,0.4925836749746195
P12,S1,lv1,97,3.004357784448964,2.733442635354887,0.39846529238312167
P12,S1,lv1,98,12.215754066003685,4.464118493236849,1.2833094511666778
P12,S1,lv1,99,4.352237843170255,4.153515982482329,0.35212835089071337
P12,S1,lv1,100,5.770091721552941,5.207523052531046,0.40630501818654535
P12,S1,lv1,101,3.8136061492807727,2.750716239392951,0.6237251358752378
P12,S1,lv1,102,13.464686866869569,3.096701605432977,1.732523815354866
P12,S1,lv1,103,6.618248420831923,3.3613317566640277,0.9640028880638506
P12,S1,lv1,104,5.451270401934378,7.582362927046567,0.0
P12,S1,lv1,105,6.766930387857361,2.349515619810377,1.3329608006052915
P12,S1,lv1,106,7.931528672391961,4.63042152817912,0.828877583937553
P12,S1,lv1,107,8.22911588325401,3.1345978079956383,1.2430742524992464
P12,S1,lv1,108,4.091667198128103,2.9972393905836463,0.6087347221156787
P12,S1,lv1,109,6.973029746068641,3.3879707390511054,1.0070010359883061
P12,S1,lv1,110,15.471760665867594,14.052736737885805,0.40011180791138784
P12,S1,lv1,111,3.0315115460686513,3.3859307115381547,0.19953533353326158
P12,S1,lv1,112,8.319432266581444,5.880560525567748,0.6433475597356738
P12,S1,lv1,113,12.661184178890696,4.347598201068074,1.3437081229520158
P12,S1,lv1,114,5.864578783502644,3.1330114712515327,0.9149589997898758
P12,S1,lv1,115,12.598183418483218,5.225745994035709,1.1604030559131073
P12,S1,lv1,116,5.549624296800056,5.868214947853628,0.2526434875302018
P12,S1,lv1,117,3.7817100057170667,4.485881615347459,0.14114608261307932
P12,S1,lv1,118,8.969874574080508,3.1714573672684345,1.3153465132104503
P12,S1,lv1,119,13.929013112660595,3.5936993058559463,1.6210238816722609
P12,S1,lv1,120,10.969295804921492,5.498706248133116,0.9767046283115084
P12,S1,lv1,121,12.5050169324665,5.199056180704522,1.1581697263128277
P12,S1,lv1,122,11.14951120109849,5.351784791597754,1.0187842494627477
P12,S1,lv1,123,7.265110206963527,3.814064224961156,0.9318886409016128
P12,S1,lv1,124,4.5431953636508515,3.2720049746859226,0.6251935577034353
P12,S1,lv1,125,4.374722422906504,2.860901523733814,0.7187837555615079
P12,S1,lv1,126,6.263794121084044,3.479147197763465,0.8771876183213149
P12,S1,lv1,127,14.840889323056043,5.122260780490493,1.338734490489127
P12,S1,lv1,128,14.913246441090646,4.823679491720897,1.401713363895917
P12,S1,lv1,129,9.127382296260327,2.253735920936439,1.6636075135045767
P12,S1,lv1,130,29.208977419994508,6.402119372212428,1.7791974455176618
P12,S1,lv1,131,5.559735275292605,5.425476043589747,0.33050557447925627
P12,S1,lv1,132,5.0751126598377425,3.886131784451549,0.5657353978094487
P12,S1,lv1,133,6.443430039085705,3.3972751240449064,0.9277166168451579
P12,S1,lv1,134,6.712659202225425,5.0043152941959645,0.5916943557400048
P12,S1,lv1,135,3.5443026620574773,3.1866725880619593,0.40997231418689956
P12,S1,lv1,136,2.8023461204181994,5.891179392829259,0.0
P12,S1,lv1,137,14.168770630981923,2.9285267107872732,1.8361340413880392
P12,S1,lv1,138,8.869111058448214,9.539736456643803,0.23608354077525245
P12,S1,lv1,139,7.891349651304302,3.7167055343383804,1.0371804603476797
P12,S1,lv1,140,3.3909468157606826,3.6912814260236795,0.22446880005699593
P12,S1,lv1,141,12.242267944268646,3.211977223548925,1.6047423942535186
P12,S1,lv1,142,16.962525138882135,3.7525268603950486,1.7702050188101168
P12,S1,lv1,143,8.864593443126088,5.836223615237727,0.712259949508608
P12,S1,lv1,144,9.897220416272411,4.928819864758102,0.9830751461626124
P12,S1,lv1,145,10.11814416440914,6.695700579183497,0.7072966467406461
P12,S1,lv1,146,2.7540943130026823,3.119898922040485,0.185814305307005
P12,S1,lv1,147,5.901154078033221,6.431241725392404,0.22334817815473113
P12,S1,lv1,148,10.495789577847718,4.386792766838852,1.153050700534459
P12,S1,lv2,0,2.877462921936322,3.465720408217023,0.1263499401553849
P12,S1,lv2,1,7.02603233044173,5.955506826028869,0.4671493976637963
P12,S1,lv2,2,2.6148045798517554,6.883040012225664,0.0
P12,S1,lv2,3,17.592411279130165,5.580958885583852,1.4205269323047953
P12,S1,lv2,4,3.5867436120034255,4.3996173964613225,0.10863533982242952
P12,S1,lv2,5,5.016794417121026,3.354748993459632,0.6971590847611386
P12,S1,lv2,6,19.938313071892022,4.569765079809532,1.7358690122664897
P12,S1,lv2,7,2.679339133608013,2.2789117428902417,0.46381849965358923
P12,S1,lv2,8,4.798261578125583,3.7073099346569993,0.5570171566217115
P12,S1,lv2,9,18.535621721097858,6.332163072150764,1.3486894751421534
P12,S1,lv2,10,5.921457810891059,2.4340647759784777,1.1691966575416108
P12,S1,lv2,11,9.921387384359353,8.234014303849577,0.4876305585964731
P12,S1,lv2,12,3.394887055727032,3.516812455748589,0.27256440220164024
P12,S1,lv2,13,6.71835178421115,4.371386507040789,0.7236887147057968
P12,S1,lv2,14,3.8745358522970856,4.413108554292345,0.18053572158100453
P12,S1,lv2,15,4.7388634064722,3.731438481003083,0.5386406576848293
P12,S1,lv2,16,41.36453504418799,6.010563525078264,2.177949296566969
P12,S1,lv2,17,4.44518856073483,2.67607527054743,0.7990706396747471
P12,S1,lv2,18,5.036708880938089,4.392613543070479,0.4395246009127683
P12,S1,lv2,19,3.3922093207668333,2.343541759884684,0.6655388192767021
P12,S1,lv2,20,20.309328653003814,6.497158742453886,1.4123864952513132
P12,S1,lv2,21,8.07742825185198,3.755209967785269,1.0497910882889139
P12,S1,lv2,22,6.924829288121647,3.9991393152217976,0.8393895115842043
P12,S1,lv2,23,11.785792723731678,5.882409812082154,0.9809157108451639
P12,S1,lv2,24,7.1027131649544355,3.1959606462815735,1.081473098087065
P12,S1,lv2,25,8.420420869080118,4.967670311184196,0.8187025613110616
P12,S1,lv2,26,11.619948233328344,5.219465709559118,1.0831601530227362
P12,S1,lv2,27,8.386620014791195,10.480819782724724,0.09055683229732749
P12,S1,lv2,28,9.274136042265791,4.937827447429188,0.9182261872229126
P12,S1,lv2,29,5.077995282005008,8.294046771621137,0.0
P12,S1,lv2,30,29.530052933370534,5.104253567899871,2.0095746638759744
P12,S1,lv2,31,5.358973942172131,10.922858966868239,0.0
P12,S1,lv2,32,4.980500036496534,2.3537620193038356,1.0338685499533553
P12,S1,lv2,33,12.18237290502777,3.194443739337156,1.6052946011918507
P12,S1,lv2,34,9.561729024320718,5.360187179197309,0.8682347170556265
P12,S1,lv2,35,5.665763825946333,6.918356219963147,0.1130359068918922
P12,S1,lv2,36,12.378346839837015,6.293163977623049,0.9630243559408131
P12,S1,lv2,37,9.360096368223598,7.315792648409108,0.5458353027494425
P12,S1,lv2,38,5.4564970148405125,3.9909840515444586,0.6101978934577953
P12,S1,lv2,39,25.5176339003561,6.197381898927661,1.679665056830777
P12,S1,lv2,40,4.522868346774307,3.450834226413503,0.5692236566463611
P12,S1,lv2,41,14.283332150305135,5.316014768973798,1.2655715747659555
P12,S1,lv2,42,8.495572977367727,5.363029899693888,0.7530364585049694
P12,S1,lv2,43,6.138103516712639,4.264655153463113,0.6600448081550216
P12,S1,lv2,44,12.414921551356295,7.374835930112418,0.8120252533036538
P12,S1,lv2,45,15.030898865193022,3.922768036663272,1.6098862671367622
P12,S1,lv2,46,8.809164439790433,4.486078106902002,0.9614033675055123
P12,S1,lv2,47,5.284261222777564,3.8218749618986743,0.6210844182689825
P12,S1,lv2,48,15.2897844474677,8.4840111595376,0.8781602840526336
P12,S1,lv2,49,8.57999351868903,3.9301493381585955,1.0641736051041677
P12,S1,lv2,50,9.603784523409168,5.502723455061402,0.8470334650093914
P12,S1,lv2,51,5.822261188817407,2.9376204424995134,0.9704007653941441
P12,S1,lv2,52,2.8523311541564906,3.5715514704777824,0.08866117766687986
P12,S1,lv2,53,43.86009977392409,4.920976788912865,2.42880001715585
P12,S1,lv2,54,23.954253548243926,5.219460614542123,1.784925486468077
P12,S1,lv2,55,7.087151151406329,15.478355093188872,0.0
P12,S1,lv2,56,7.037448378434665,6.508358286812004,0.38261103584518424
P12,S1,lv2,57,2.379649491366533,3.354478731639715,0.0
P12,S1,lv2,58,10.259091191034642,9.235615539116353,0.4087431104089154
P12,S1,lv2,59,8.305681449710177,9.587399475513978,0.16757915806275103
P12,S1,lv2,60,5.737154893274437,5.106790555251446,0.4197002406955138
P12,S1,lv2,61,2.9326695838186216,3.814111146692754,0.051865736796514184
P12,S1,lv2,62,8.809492259251103,8.761927020037866,0.31204442872233024
P12,S1,lv2,63,5.982730150664132,3.8856032493530632,0.7254698886137912
P12,S1,lv2,64,7.511141786174187,3.406316485932718,1.07387447004912
P12,S1,lv2,65,17.288120587000364,10.927054451092893,0.7518352451498329
P12,S1,lv2,66,42.787641565805906,3.8518325966927374,2.642409784296171
P12,S1,lv2,67,5.5321174830375455,10.815812954714096,0.0
P12,S1,lv2,68,6.037999740401557,2.0566699737605525,1.3515338381679143
P12,S1,lv2,69,36.4572056123948,5.67010886595173,2.1120097987925104
P12,S1,lv2,70,2.2827641432795343,2.8107990836588974,0.10494047344065949
P12,S1,lv2,71,1.9880853043541893,3.5621584211812998,0.0
P12,S1,lv2,72,9.660571990930615,4.246766404715357,1.1040812326211535
P12,S1,lv2,73,7.330814333670463,5.713876323883133,0.5485211587192006
P12,S1,lv2,74,7.650086285398078,3.6952536997933145,1.012674964736256
P12,S1,lv2,75,26.267894623549157,4.172101803965259,2.091635319150856
P12,S1,lv2,76,6.076899919041057,2.4723341677965402,1.1791998432608282
P12,S1,lv2,77,6.097788242463121,2.808318457772664,1.0589202355876808
P12,S1,lv2,78,12.726684858278398,4.486079127941127,1.3182968684091423
P12,S1,lv2,79,9.088190878212341,3.414436487400569,1.2564472177279211
P12,S1,lv2,80,8.721773964016323,5.2332318352672615,0.802293771131462
P12,S1,lv2,81,40.489564340230146,4.978124962278741,2.3400325956766292
P12,S1,lv2,82,3.910395856864629,2.793046183788314,0.6332238609130315
P12,S1,lv2,83,4.232471100121258,4.57218280132863,0.2318992452990777
P12,S1,lv2,84,11.6030858603298,8.364437885044325,0.624276172027942
P12,S1,lv2,85,19.932383540016005,6.129773260712021,1.450677349126504
P12,S1,lv2,86,30.27408354481185,6.195323926954411,1.8457923533360014
P12,S1,lv2,87,3.5099662218403602,6.850299493336817,0.0
P12,S1,lv2,88,5.975244579826384,4.637395949097027,0.5526760225559341
P12,S1,lv2,89,5.372270258325234,4.66265344799631,0.4442171874515787
P12,S1,lv2,90,18.529412601235112,2.681095725000436,2.1820511168078265
P12,S1,lv2,91,8.869333098870781,5.5240782842598355,0.7661003669804538
P12,S1,lv2,92,15.761158527586632,3.2383448101901147,1.8419014740742248
P12,S1,lv2,93,5.4841187639025115,3.3118617129849577,0.7960391166784667
P12,S1,lv2,94,4.202834172749557,4.2949337607201565,0.28576451549649196
P12,S1,lv2,95,22.716046190910017,6.195141045734291,1.567199491760167
P12,S1,lv2,96,7.6972577875304244,5.841106635562185,0.5744750713486394
P12,S1,lv2,97,9.244985087133536,6.393434051518485,0.6645606568374626
P12,S1,lv2,98,5.729222319553934,8.629803501240005,0.0
P12,S1,lv2,99,5.572025368662428,2.970683167767728,0.9169288765470334
P12,S1,lv2,100,22.405691559019417,3.425847530687854,2.1285350990409464
P12,S1,lv2,101,3.5460961243438893,2.046626298173908,0.8399912915012302
P12,S1,lv2,102,10.643670228929809,6.476397248289386,0.7887200609122862
P12,S1,lv2,103,14.73109741368437,4.644400786380311,1.4265329132654565
P12,S1,lv2,104,16.03569738171173,2.6144305305446798,2.0662619086530616
P12,S1,lv2,105,5.594097172861394,5.273317357304899,0.3640769490685957
P12,S1,lv2,106,7.859003058854092,3.5268716089779995,1.0840528603682895
P12,S1,lv2,107,12.021628764929686,5.4300349829476575,1.0777603969264433
P12,S1,lv2,108,21.917398810333683,4.297326391917046,1.8873017791589553
P12,S1,lv2,109,2.7802062238010143,2.7299222217371812,0.3244981181615351
P12,S1,lv2,110,4.439182618299976,5.71293320306399,0.06208261456358412
P12,S1,lv2,111,3.834389927277629,4.583093613898794,0.13376863572363526
P12,S1,lv2,112,6.054363297939371,3.767118466459174,0.76705649972821
P12,S1,lv2,113,8.721296101481917,5.326003166411854,0.7851946492857419
P12,S1,lv2,114,3.215364814978853,4.6983723871677,0.0
P12,S1,lv2,115,13.2994521539182,6.749535642869133,0.9647359050350945
P12,S1,lv2,116,3.722456794847511,2.7285847646262646,0.6080944354411193
P12,S1,lv2,117,9.779324567957294,2.5854677446221976,1.5973273777612735
P12,S1,lv2,118,5.522139682713561,12.056723833514349,0.0
P12,S1,lv2,119,5.772821867096705,3.101290125399334,0.9095332885073986
P12,S1,lv2,120,5.007605345464769,5.362984166470798,0.2402824961967025
P12,S1,lv2,121,8.052254471136491,7.802150351392009,0.337400654590376
P12,S1,lv2,122,7.598068479552253,5.3764823136575615,0.6422977803995557
P12,S1,lv2,123,39.415543312628806,5.408434589509967,2.233529141094974
P12,S1,lv2,124,4.649316402905358,4.780873176139316,0.27972494024882677
P12,S1,lv2,125,16.367661657311018,6.985868894313225,1.132720499640271
P12,S1,lv2,126,3.895794487607729,5.478827854836214,0.0
P12,S1,lv2,127,5.708805208039359,2.8164056109868634,0.9921878254974269
P12,S1,lv2,128,4.73761911855252,3.769258253180775,0.5286034060250167
P12,S1,lv2,129,24.608064787406338,4.188412624820143,2.024531215991271
P12,S1,lv2,130,16.276280226476384,7.46899181429757,1.0624207897466493
P12,S1,lv2,131,3.0944061445311375,3.291537070468023,0.24688289456719095
P12,S1,lv2,132,2.3315822511052082,5.655209802938636,0.0
P12,S1,lv2,133,6.151312606364652,4.311435333015807,0.6515471864161327
P12,S1,lv2,134,6.626480729458552,11.96959551168927,0.0
P12,S1,lv2,135,8.958205310742137,5.472130382290043,0.7849376985549674
P12,S1,lv2,136,36.66734296708518,5.935912878064634,2.07314417708432
P12,S1,lv2,137,6.218379040994977,3.2761041487392837,0.9284606293661641
P12,S1,lv2,138,45.115044841499696,12.339649692640876,1.5643784331119879
P12,S1,lv2,139,4.952273407360839,4.792970507654496,0.3385100648244383
P12,S1,lv2,140,13.275970805948495,5.082818332130594,1.238138666604066
P12,S1,lv2,141,12.496710435153956,2.8125622262521306,1.7535126744571443
P12,S1,lv2,142,5.315638398776212,4.499402131140373,0.46851014376285627
P12,S1,lv2,143,37.486006600417554,4.649777776795739,2.331454646642431
P12,S1,lv2,144,9.573213720087518,8.348842580773468,0.43954164093205145
P12,S1,lv2,145,9.773908507673466,3.570943861019199,1.2835343343506036
P12,S1,lv2,146,7.384415924529544,4.25129833018676,0.8424094721717742
P12,S1,lv2,147,38.38113597884662,7.330460251524594,1.9127562465016488
P12,S1,lv2,148,24.838666860126732,4.960365152566357,1.8694861170377943
P12,S2,lv0,0,8.324424164360657,5.340473534324559,0.2260398904075572
P12,S2,lv0,1,10.732483912370135,3.654782619666535,1.1141675035851926
P12,S2,lv0,2,9.29706468989543,4.362031280945488,0.6647778311471731
P12,S2,lv0,3,10.846234569805473,6.292185063657732,0.36714838653983295
P12,S2,lv0,4,3.98851775916587,2.2120536785945175,0.4302338634093456
P12,S2,lv0,5,4.1853437075624536,3.943015441081616,0.0
P12,S2,lv0,6,7.931287010910808,7.6327270432528715,0.0
P12,S2,lv0,7,7.381165197008097,3.600693494137663,0.610151997419417
P12,S2,lv0,8,5.464032868486844,2.5688770704031425,0.6619135741904325
P12,S2,lv0,9,4.821498434224141,2.621415539647416,0.4580993538320587
P12,S2,lv0,10,5.442872488737567,2.7095953239534087,0.5816899749365476
P12,S2,lv0,11,8.968356436772346,7.340480132709886,0.0
P12,S2,lv0,12,18.086304403317925,6.052208502757223,1.1386975383835776
P12,S2,lv0,13,7.502872817851173,5.715895022818741,0.0
P12,S2,lv0,14,3.502411299751279,3.5332788388778233,0.0
P12,S2,lv0,15,19.309442742857417,4.674176472569451,1.5927594877835616
P12,S2,lv0,16,6.023966823369107,3.145376596522111,0.514809229620131
P12,S2,lv0,17,6.003929217028001,3.2849211872505792,0.44926680461986795
P12,S2,lv0,18,10.41724185965152,4.366068344783687,0.8230056514390405
P12,S2,lv0,19,4.820351758283344,2.7992434184863018,0.3657295240166041
P12,S2,lv0,20,12.895858432232286,3.426640998948478,1.4620480059788912
P12,S2,lv0,21,5.958770849921335,4.854607045674275,0.0
P12,S2,lv0,22,4.332791450378356,4.246891113411168,0.0
P12,S2,lv0,23,6.888479452758644,3.679521756614983,0.4829153705334394
P12,S2,lv0,24,8.376954554334253,6.729435206651213,0.0
P12,S2,lv0,25,14.613944952747318,22.472409803043004,0.0
P12,S2,lv0,26,11.584818421192956,4.2396820709426235,1.013161730965524
P12,S2,lv0,27,8.393789600170889,4.166114899145127,0.585897455742449
P12,S2,lv0,28,7.386351714884809,6.265645771880527,0.0
P12,S2,lv0,29,3.431914951886741,3.79441399495035,0.0
P12,S2,lv0,30,7.995382482376001,5.062971611053325,0.24431269910721448
P12,S2,lv0,31,24.708970875348385,3.4135518709971002,2.3792420546172424
P12,S2,lv0,32,6.197875285489719,4.578200512941382,0.028352027381831655
P12,S2,lv0,33,21.033425904641422,3.4707760537708534,2.130092547305301
P12,S2,lv0,34,8.385254389563169,3.9578124610189036,0.656395716458607
P12,S2,lv0,35,9.906741728995232,4.194299153499754,0.8088287006010402
P12,S2,lv0,36,8.541858768008128,2.4850129257608127,1.3349691497439697
P12,S2,lv0,37,4.664754681288772,3.971300367335634,0.0
P12,S2,lv0,38,5.452648309245635,3.8045801205376253,0.10827365117506553
P12,S2,lv0,39,23.4374715909174,4.412700932071538,1.9451560290733367
P12,S2,lv0,40,10.224886158357195,2.205005695386389,1.7547940309804557
P12,S2,lv0,41,18.000561492387803,4.863344167836182,1.43870183329548
P12,S2,lv0,42,6.161982079004231,2.6607919584264166,0.7811839479930874
P12,S2,lv0,43,10.28613641843938,6.120257498269681,0.3316479837385411
P12,S2,lv0,44,17.301122356463345,6.299020089931688,1.0204114971218092
P12,S2,lv0,45,9.300637697727659,3.767144721628057,0.870915253079647
P12,S2,lv0,46,6.880991128922783,2.953394904509916,0.7896432925348802
P12,S2,lv0,47,5.172466899574567,3.607642834367672,0.10883363079019193
P12,S2,lv0,48,14.574035997933992,3.2264773030547524,1.7179936412217727
P12,S2,lv0,49,11.648423050874996,4.852229934746895,0.831605705516149
P12,S2,lv0,50,22.40878284151268,5.029164179386196,1.6988508286657018
P12,S2,lv0,51,7.56703328552777,2.6492509672054023,1.0753051690425064
P12,S2,lv0,52,10.8323770437746,6.207378253172415,0.3843838932345804
P12,S2,lv0,53,8.24135464718257,7.791898822333606,0.0
P12,S2,lv0,54,8.492273750729174,3.3964270405181076,0.8886777666894082
P12,S2,lv0,55,4.935659906442696,4.388967106273213,0.0
P12,S2,lv0,56,2.4410708737036084,3.694123330236451,0.0
P12,S2,lv0,57,5.49827860275134,5.227756072274071,0.0
P12,S2,lv0,58,7.360934063281303,4.36451059999542,0.3365389375914269
P12,S2,lv0,59,18.944022549009762,14.950455987137838,0.0
P12,S2,lv0,60,12.90008167306761,3.6040554740320645,1.3917226098289441
P12,S2,lv0,61,11.175424295632903,7.810608635870031,0.1059437195967782
P12,S2,lv0,62,7.095393176530633,2.974965708076813,0.8224641307279187
P12,S2,lv0,63,10.356967086561323,2.9447235442935686,1.3671419925678818
P12,S2,lv0,64,5.236657764461574,3.535193438188931,0.15457547930644527
P12,S2,lv0,65,3.4925342481101325,2.543730995433621,0.04811702694111366
P12,S2,lv0,66,6.755689108020005,4.024872086815589,0.3298236712679368
P12,S2,lv0,67,4.720248043237226,3.942206140308872,0.0
P12,S2,lv0,68,36.77823374351312,5.098221130158916,2.374476503751021
P12,S2,lv0,69,8.086701608648909,4.802097773584737,0.3344177615120089
P12,S2,lv0,70,13.83931556757531,5.237097590308542,0.9662408187201035
P12,S2,lv0,71,10.005831947796336,3.510384836965728,1.0723861129343202
P12,S2,lv0,72,5.245288732866082,3.443031008292841,0.19392634224468772
P12,S2,lv0,73,14.938029564277782,6.43129074477991,0.7853350859785148
P12,S2,lv0,74,7.825707922855419,5.196664899151129,0.17768695032645831
P12,S2,lv0,75,7.311785859003312,6.111893491040636,0.0
P12,S2,lv0,76,4.582385467606762,5.227538053491369,0.0
P12,S2,lv0,77,13.211539584546514,10.347411257798557,0.0
P12,S2,lv0,78,26.080598571735965,10.178853554963348,0.9229579185331395
P12,S2,lv0,79,17.586775793989208,4.784976954630227,1.4288711979415116
P12,S2,lv0,80,10.692535218173122,6.048860717875077,0.4024378832070645
P12,S2,lv0,81,16.34030475259771,3.88395305660999,1.6183365739762197
P12,S2,lv0,82,8.84441955296374,6.096429939900528,0.12536367943184973
P12,S2,lv0,83,12.50620625466519,3.857447537059421,1.2529635082008073
P12,S2,lv0,84,22.446471814501674,3.8752184757537362,2.066706260030897
P12,S2,lv0,85,4.334046142503131,5.297487860485042,0.0
P12,S2,lv0,86,8.17950721516615,3.501934076191149,0.7931617063900259
P12,S2,lv0,87,6.9171870037480225,3.0248079102869654,0.7634972414804935
P12,S2,lv0,88,9.65141964938435,3.8315052021956517,0.8990747766178403
P12,S2,lv0,89,8.187870027903543,2.158077471659632,1.47342067728841
P12,S2,lv0,90,6.310416430556138,3.7202960812844714,0.34455650132980653
P12,S2,lv0,91,6.416516463606705,6.096882600671885,0.0
P12,S2,lv0,92,11.298169256735807,5.897962377020762,0.5151197059261066
P12,S2,lv0,93,6.778865441807433,3.8535298218646843,0.3956289378830449
P12,S2,lv0,94,9.853751264949754,4.000366870064306,0.8676908153192406
P12,S2,lv0,95,9.353650695138231,4.552795795435294,0.6132652217986789
P12,S2,lv0,96,5.049099890947688,3.461024741639816,0.13316287964164245
P12,S2,lv0,97,8.895667049177598,5.1026627019457145,0.38298291812775054
P12,S2,lv0,98,8.0723680459129,3.195555633691674,0.9030552155148502
P12,S2,lv0,99,10.898024315519958,3.8701357933537777,1.055348038010336
P12,S2,lv0,100,7.924187302991746,2.9926360913103247,0.9690720814588255
P12,S2,lv0,101,9.940151851498312,3.59685843053467,1.0290271967690696
P12,S2,lv0,102,3.9509130279141895,2.00041469189549,0.5579702642277077
P12,S2,lv0,103,4.4145929262325,3.962306618172508,0.0
P12,S2,lv0,104,6.422755574685275,3.287222468719141,0.5428428948016927
P12,S2,lv0,105,8.038930117754306,5.739646865562957,0.07602545006890556
P12,S2,lv0,106,6.950027725767776,2.8407649787070626,0.8581641053197337
P12,S2,lv0,107,13.408541745015938,8.581724507624749,0.22937377469348846
P12,S2,lv0,108,7.215010907747699,2.971434242244713,0.8475724657904654
P12,S2,lv0,109,9.204232622011013,7.428775154096089,0.0
P12,S2,lv0,110,8.037278728944301,6.4824627150700485,0.0
P12,S2,lv0,111,23.35358816625123,4.128799219202651,2.0333784461999844
P12,S2,lv0,112,7.359320226418443,4.856171159165897,0.18654934059827566
P12,S2,lv0,113,6.4848014148438455,3.6131079771837964,0.42377584911211597
P12,S2,lv0,114,9.76195180307525,3.73998772944057,0.9489426373507285
P12,S2,lv0,115,21.833216559511722,11.51698594896215,0.5005023023998353
P12,S2,lv0,116,5.932601802206897,3.5911806507316717,0.3075138684412134
P12,S2,lv0,117,7.089699114792756,4.7644196443038105,0.16095813332273415
P12,S2,lv0,118,6.531436848592995,2.207157331090207,1.1249411878168476
P12,S2,lv0,119,4.779077675175749,5.1092220659619505,0.0
P12,S2,lv0,120,6.96943077334936,4.831483819431492,0.11736603896804645
P12,S2,lv0,121,6.987178451574722,5.032529272673446,0.06376390330336898
P12,S2,lv0,122,3.0917339386042024,2.8199249935542703,0.0
P12,S2,lv0,123,4.070793825061312,4.335130963470711,0.0
P12,S2,lv0,124,4.76918390181526,3.6920694945529,0.0
P12,S2,lv0,125,5.091601148540708,3.697716639703329,0.052157084629781955
P12,S2,lv0,126,8.227159718447748,3.2523047361845974,0.9050058155481908
P12,S2,lv0,127,3.253731565610088,4.4368758182364845,0.0
P12,S2,lv0,128,7.327047287846318,4.691128637143574,0.22887225334181052
P12,S2,lv0,129,3.801342431893673,1.7519054292510468,0.6898632140042976
P12,S2,lv0,130,7.097174353413111,5.642243965084291,0.0
P12,S2,lv0,131,5.6220133732231465,4.080874939656019,0.05286044766048645
P12,S2,lv0,132,7.556954480733229,3.4785471597562454,0.6915505069184774
P12,S2,lv0,133,8.670953896624773,4.825698717799909,0.4253609717274254
P12,S2,lv0,134,4.661151076433439,2.282294741837719,0.6049299887783556
P12,S2,lv0,135,7.278911657019502,2.3584994762185976,1.183883663408527
P12,S2,lv0,136,16.847603018948774,3.1140515732354794,1.9710059850172386
P12,S2,lv0,137,8.632856877900123,2.1027674811377404,1.5840373783869754
P12,S2,lv0,138,5.47455584206286,3.424671543156861,0.26141311374277254
P12,S2,lv0,139,2.335792255823071,2.7745031612859905,0.0
P12,S2,lv0,140,5.442135133067587,4.740474429597365,0.0
P12,S2,lv0,141,4.46861885241248,6.655726771709168,0.0
P12,S2,lv0,142,9.28599948808703,3.4866000600636333,0.9772270594736746
P12,S2,lv0,143,2.1148729526135206,2.0855458220947702,0.0
P12,S2,lv0,144,2.921015012403955,5.708714208328382,0.0
P12,S2,lv0,145,8.434839523860791,2.8648671439891573,1.1178278089435494
P12,S2,lv0,146,7.406838865148345,3.2574323495214395,0.7555084625181165
P12,S2,lv0,147,4.63076197487728,3.4891277819226083,0.0005441779136751824
P12,S2,lv0,148,7.689785682202393,2.7522313376804517,1.0443950798265473
P12,S2,lv1,0,9.060228004689739,2.8454136034377195,1.2276760753475546
P12,S2,lv1,1,5.564169094067417,3.4678108005336883,0.26662749664057644
P12,S2,lv1,2,28.79644734295128,4.226825112942471,2.2942486664053217
P12,S2,lv1,3,8.415024808847148,4.55834723714809,0.463271360182406
P12,S2,lv1,4,11.13003162280793,3.4886402677538975,1.2304092076511313
P12,S2,lv1,5,14.297923804394568,6.189129585291828,0.7777416943747412
P12,S2,lv1,6,9.78951171277128,4.44852366365074,0.7096195671002176
P12,S2,lv1,7,16.340855648115397,5.339470610665162,1.1720853966220786
P12,S2,lv1,8,17.691644232615687,3.4848605636702095,1.8817957516770507
P12,S2,lv1,9,7.472668462137439,2.5609564569414984,1.105239304889405
P12,S2,lv1,10,19.399108104520046,2.564936667431401,2.440773195924005
P12,S2,lv1,11,4.37573062385319,3.4796829232795035,0.0
P12,S2,lv1,12,4.185562577206692,5.393669504414146,0.0
P12,S2,lv1,13,6.40193114365593,6.336571067374064,0.0
P12,S2,lv1,14,28.275690050064956,4.538257788514901,2.168969330110345
P12,S2,lv1,15,16.550859670811015,6.059760430065513,1.0125455500191671
P12,S2,lv1,16,14.34627958355188,5.6589935955195525,0.9080453785232839
P12,S2,lv1,17,2.991681457117748,3.1358527761568618,0.0
P12,S2,lv1,18,8.125743680470835,3.132503276734413,0.9402413527123323
P12,S2,lv1,19,14.444663841096284,3.7838361404711773,1.4820454791744013
P12,S2,lv1,20,23.411799785508084,4.2954307574521495,1.9813890292774494
P12,S2,lv1,21,21.721151488701715,4.781658180252899,1.7259141918509056
P12,S2,lv1,22,6.963191936441359,4.400630875056236,0.24708841125438133
P12,S2,lv1,23,7.670989902269521,4.855768230312897,0.24482836964304083
P12,S2,lv1,24,5.524969018362223,3.2108088487114506,0.36468768764443343
P12,S2,lv1,25,40.83075268998477,6.195917801243577,2.247615443340494
P12,S2,lv1,26,8.366033364183876,6.027291142811,0.06338257089883689
P12,S2,lv1,27,5.670872532599875,5.015863951975609,0.0
P12,S2,lv1,28,22.270247161640828,4.031101689102563,2.0003524339449905
P12,S2,lv1,29,24.721165534385065,6.398908901454587,1.4987961633118883
P12,S2,lv1,30,46.13473605860472,8.778661806298285,1.9302824232219646
P12,S2,lv1,31,9.343029490717086,4.0063400555512505,0.7909685014636573
P12,S2,lv1,32,11.7484822604114,3.734523865558539,1.210733922431413
P12,S2,lv1,33,10.668185417992811,5.77112799806155,0.4651500472785524
P12,S2,lv1,34,8.014191369541116,4.276043451947776,0.4844832980628777
P12,S2,lv1,35,34.552540113496086,7.609832835954381,1.7252701935165897
P12,S2,lv1,36,3.987581102955911,4.2958035914392765,0.0
P12,S2,lv1,37,5.362049369570284,4.232331036010888,0.0
P12,S2,lv1,38,3.3580557154212016,2.725933940406651,0.0
P12,S2,lv1,39,13.186263802175743,4.073503897265873,1.2507939644238066
P12,S2,lv1,40,4.538645019423549,3.5326664647703714,0.0
P12,S2,lv1,41,5.47493449907236,3.865796845746664,0.0916102888709434
P12,S2,lv1,42,8.944320414339108,6.66250620698542,0.01660467829248255
P12,S2,lv1,43,4.16845043417288,3.088289014877477,0.02418261854359157
P12,S2,lv1,44,27.061672236493695,5.414833271012301,1.859797124737672
P12,S2,lv1,45,5.881398664274766,4.8315159127854805,0.0
P12,S2,lv1,46,13.13454720035455,4.934032623668513,0.9765379260886321
P12,S2,lv1,47,4.6637155453436705,3.88288452327695,0.0
P12,S2,lv1,48,6.4293445303424495,4.746667207915621,0.029094301251477803
P12,S2,lv1,49,9.975321550209681,4.745883989689423,0.6452523344291893
P12,S2,lv1,50,17.787424370839155,4.780263468050759,1.4461609603216716
P12,S2,lv1,51,8.411103878132117,8.86387798980628,0.0
P12,S2,lv1,52,4.182123729990654,3.0430326134715577,0.049475638158862106
P12,S2,lv1,53,3.552938402306152,3.9122904951244926,0.0
P12,S2,lv1,54,2.969724764210149,5.479567362903313,0.0
P12,S2,lv1,55,10.318817257173457,6.142172434819272,0.33108401414537164
P12,S2,lv1,56,17.934310786738497,8.26934941431184,0.6891755231400001
P12,S2,lv1,57,11.746381824883489,4.355778587525225,0.9947006691613672
P12,S2,lv1,58,8.516047355522703,4.790558574795808,0.4103316809492339
P12,S2,lv1,59,10.545028750175026,4.053408614654002,0.9442960712213428
P12,S2,lv1,60,5.406972360483635,5.712543635147682,0.0
P12,S2,lv1,61,14.59415143733412,4.00031159683036,1.418470103842216
P12,S2,lv1,62,5.0856000268660395,4.451940689778333,0.0
P12,S2,lv1,63,44.2578365055998,8.070396586627156,1.9900009646206163
P12,S2,lv1,64,10.144950798803022,4.816623921406827,0.6481499276133164
P12,S2,lv1,65,7.131097721093816,4.152540953930253,0.3618691633801879
P12,S2,lv1,66,46.395885070272634,11.111351534300738,1.6077667609547137
P12,S2,lv1,67,4.984882867685514,4.210019619793827,0.0
P12,S2,lv1,68,4.578112436445116,4.045250721838298,0.0
P12,S2,lv1,69,6.202682934347923,7.647070166360156,0.0
P12,S2,lv1,70,13.124809269316383,4.939741694483219,0.973876336750129
P12,S2,lv1,71,7.770063213077976,2.5918227002725707,1.1431639641318634
P12,S2,lv1,72,3.644864821186183,3.12240841240597,0.0
P12,S2,lv1,73,14.853354167277864,4.946555570437062,1.1454318138574995
P12,S2,lv1,74,3.512847580441113,3.875038438097447,0.0
P12,S2,lv1,75,11.92611819673484,2.7635837988096554,1.6539834717509083
P12,S2,lv1,76,5.174019107062257,3.1364684848420943,0.30550927779859466
P12,S2,lv1,77,14.667148544911086,6.4105668215494305,0.7641996418290543
P12,S2,lv1,78,25.519042560764646,12.673792933903878,0.5850286933408582
P12,S2,lv1,79,9.169742462154883,5.882842696522365,0.22602525936580234
P12,S2,lv1,80,34.464027565256124,4.043601390244051,2.6083239650119534
P12,S2,lv1,81,26.787268359343855,10.727570821241295,0.8868223130138461
P12,S2,lv1,82,11.699868255086903,6.326318981375852,0.4657959266649776
P12,S2,lv1,83,10.062845903451205,7.6243763839849406,0.0
P12,S2,lv1,84,5.42085556691199,4.581639610648918,0.0
P12,S2,lv1,85,20.956707427065083,4.299118273203796,1.8248425061553293
P12,S2,lv1,86,7.090348863258339,7.652644644504204,0.0
P12,S2,lv1,87,7.104083442795592,3.510457452973527,0.5920886956264292
P12,S2,lv1,88,30.71057918371287,7.286862132188269,1.6207945773722268
P12,S2,lv1,89,5.208400491893067,6.10107165414726,0.0
P12,S2,lv1,90,20.792405005710233,4.197405736713498,1.8473799114611598
P12,S2,lv1,91,3.280628526981234,3.172778013597651,0.0
P12,S2,lv1,92,8.706293637991594,3.925107080286866,0.7207159086877004
P12,S2,lv1,93,5.984328897208834,2.0144007490553704,1.1304112266411404
P12,S2,lv1,94,18.99278971081381,7.61597085221271,0.8850027169670889
P12,S2,lv1,95,8.35466311309854,2.952140867335258,1.0623554926103942
P12,S2,lv1,96,2.760969389386002,2.9533660303477376,0.0
P12,S2,lv1,97,14.20920474458371,10.070133964179789,0.08642684929216923
P12,S2,lv1,98,8.382090070385694,3.5821984105941795,0.7956915129411912
P12,S2,lv1,99,3.9149782570479887,3.6214342503191164,0.0
P12,S2,lv1,100,3.9919013772383174,3.4473836317725035,0.0
P12,S2,lv1,101,10.224631219566007,5.500143190920082,0.473040616135036
P12,S2,lv1,102,6.431345468102169,3.2564044757251778,0.5579252607546215
P12,S2,lv1,103,16.704229015792606,5.420293889900565,1.1818590004754712
P12,S2,lv1,104,18.178279739226692,2.640673471846903,2.308821687044995
P12,S2,lv1,105,23.245733964471334,8.771693260500966,0.9702312330553726
P12,S2,lv1,106,6.525736205811772,5.7637997788490205,0.0
P12,S2,lv1,107,7.262250495459352,4.332706368680413,0.3278682925053695
P12,S2,lv1,108,4.708681762900339,3.264267152659644,0.11735591824332339
P12,S2,lv1,109,14.935036790776765,9.428309861740303,0.2486350862050208
P12,S2,lv1,110,1.913544598142951,3.154018406957182,0.0
P12,S2,lv1,111,4.155906253476968,2.972199967648192,0.0736833976794162
P12,S2,lv1,112,3.5765611613109627,3.3508613909610165,0.0
P12,S2,lv1,113,6.020947505941213,2.6248271181763108,0.7677993590692797
P12,S2,lv1,114,21.236333630496873,6.718704832025719,1.2173447343743014
P12,S2,lv1,115,69.94333418276776,9.121141245204303,2.4601202750138706
P12,S2,lv1,116,6.507129472207749,5.063668896181173,0.0
P12,S2,lv1,117,11.994652706157412,3.5698705364920076,1.3030410822065706
P12,S2,lv1,118,6.602280466041867,2.6746540072470677,0.8706761194959749
P12,S2,lv1,119,4.606647029396178,3.7387328604568744,0.0
P12,S2,lv1,120,9.288583546206922,3.5932081978769914,0.9353837033283213
P12,S2,lv1,121,66.99676632019634,4.551509145602243,3.3745206712248343
P12,S2,lv1,122,6.3501770005475535,2.837476334513672,0.7332171177515729
P12,S2,lv1,123,8.569972002826423,4.2194998123191505,0.597171121475245
P12,S2,lv1,124,8.183660556017893,3.0481268493798397,0.9884892729845557
P12,S2,lv1,125,5.169997485242447,3.2150930238639526,0.2697008755025574
P12,S2,lv1,126,3.5775543224051995,3.0901816851336394,0.0
P12,S2,lv1,127,3.811501533784344,3.1838937794277062,0.0
P12,S2,lv1,128,5.9477375745429635,2.2944346504372546,0.9392873094618842
P12,S2,lv1,129,15.3904886666463,7.540283285282147,0.6041011467883783
P12,S2,lv1,130,3.4060369785266182,2.53626077823388,0.01707521469458069
P12,S2,lv1,131,3.841377418180375,1.7675455732233905,0.6920911637009414
P12,S2,lv1,132,10.132802093405012,3.0722534921972025,1.2770082404781633
P12,S2,lv1,133,2.8583218595187683,3.7966805293281745,0.0
P12,S2,lv1,134,6.361070254931092,6.7790024314462345,0.0
P12,S2,lv1,135,7.9048537323865595,3.7741340105838637,0.6403017294745561
P12,S2,lv1,136,11.318784667631432,4.9822808293505405,0.7542624780040144
P12,S2,lv1,137,24.8284499635376,4.687943770087987,1.9411553818085308
P12,S2,lv1,138,13.417003673465173,3.955021997950437,1.3165097773891874
P12,S2,lv1,139,7.263935610201241,4.297994620820481,0.3394730883757873
P12,S2,lv1,140,4.459692145940533,4.844361663476957,0.0
P12,S2,lv1,141,8.175204358561437,4.199641782133159,0.5376576731368442
P12,S2,lv1,142,5.557706732503491,4.439247711462238,0.0
P12,S2,lv1,143,21.83703348502596,5.281174291099748,1.5940461781132047
P12,S2,lv1,144,5.161075805911098,4.156813982100288,0.0
P12,S2,lv1,145,27.479802574824884,3.850352545560854,2.3594332386245194
P12,S2,lv1,146,11.658425677435254,4.535540888965569,0.9274528394694989
P12,S2,lv1,147,3.99408881098331,3.146426364006261,0.0
P12,S2,lv1,148,6.164844054018467,3.2194578595344914,0.5145813731821757
P12,S2,lv2,0,7.060993069970629,4.703441573593455,0.1733316525560823
P12,S2,lv2,1,18.7616237278768,4.499179968194642,1.6059085223013172
P12,S2,lv2,2,11.308742455095981,3.5791350345380746,1.2168353976206976
P12,S2,lv2,3,28.676199499866332,4.731479224397595,2.130225677625096
P12,S2,lv2,4,5.428894575925958,2.5625556407404377,0.6563216898338577
P12,S2,lv2,5,14.398356798333733,7.129274958203419,0.5892577689866859
P12,S2,lv2,6,17.64818794069525,5.123232314133953,1.3379794770278628
P12,S2,lv2,7,25.680389690297353,3.2018176903750812,2.5231072615288808
P12,S2,lv2,8,6.402236430986311,5.547704324564784,0.0
P12,S2,lv2,9,5.443294448532656,3.791458324859259,0.1107107119032609
P12,S2,lv2,10,9.955316641408798,9.12108998074,0.0
P12,S2,lv2,11,28.976433262387584,4.249983974237978,2.295323862610667
P12,S2,lv2,12,6.276835649566714,4.009313128418657,0.23216281728425378
P12,S2,lv2,13,7.349241441870449,6.6813839619342135,0.0
P12,S2,lv2,14,4.0607026392933285,3.7104893783015784,0.0
P12,S2,lv2,15,18.122753662668135,5.5964589715517885,1.2513016585949608
P12,S2,lv2,16,8.224089634014305,4.104944619683857,0.5779988318416833
P12,S2,lv2,17,14.766930443262174,5.627269751026969,0.9564528700535637
P12,S2,lv2,18,4.751287838994849,2.188812299706302,0.6904330519047753
P12,S2,lv2,19,15.373797579781558,4.454865454202885,1.3405318310157308
P12,S2,lv2,20,26.378208262065773,16.487537528478764,0.26257396670366745
P12,S2,lv2,21,4.202161959091125,3.451722203389392,0.0
P12,S2,lv2,22,5.0130002788511545,3.2746912334395564,0.20070329155802188
P12,S2,lv2,23,13.269347560446848,5.571438048408282,0.8204873361209237
P12,S2,lv2,24,19.38544926337284,4.988481131989358,1.5070119142397562
P12,S2,lv2,25,6.4555683926668435,6.101266656764858,0.0
P12,S2,lv2,26,18.95049199097856,3.9373891315586236,1.806982377822713
P12,S2,lv2,27,9.823588604364115,4.611135562159591,0.6641488585530424
P12,S2,lv2,28,34.50152164052369,6.076729970086474,2.038668699917858
P12,S2,lv2,29,3.5077825004499936,4.17457664738285,0.0
P12,S2,lv2,30,3.4565975196577057,5.646891017650266,0.0
P12,S2,lv2,31,10.829502357145236,13.41362551853016,0.0
P12,S2,lv2,32,5.7340658849724795,4.927649698320645,0.0
P12,S2,lv2,33,9.810005522304213,4.9666605175210625,0.558058545425589
P12,S2,lv2,34,11.41054438584462,4.203934411964926,1.0037804266577133
P12,S2,lv2,35,3.86671399244478,5.012458920111214,0.0
P12,S2,lv2,36,69.00830921439061,9.762408222116834,2.3459733725545306
P12,S2,lv2,37,7.068535976153616,5.0368283612965135,0.07879976667273654
P12,S2,lv2,38,5.493425379109038,3.788826428044838,0.12453959517330579
P12,S2,lv2,39,12.784772700535722,3.030421394904718,1.622223429217781
P12,S2,lv2,40,16.105972534151906,6.029195148880409,0.9814280227596822
P12,S2,lv2,41,4.503551245233548,4.301148540634594,0.0
P12,S2,lv2,42,6.341668753945326,2.3925931877763316,0.970472956866677
P12,S2,lv2,43,4.422578815949981,6.75037807117008,0.0
P12,S2,lv2,44,7.151333324888684,5.665021384748546,0.0
P12,S2,lv2,45,23.105310516953683,5.095745163541679,1.7233304770175353
P12,S2,lv2,46,25.17167974213646,3.996871147032971,2.184041368586756
P12,S2,lv2,47,6.09844334347359,5.893958736739328,0.0
P12,S2,lv2,48,23.30714190787092,3.3267979280343654,2.333439735251994
P12,S2,lv2,49,21.28503225190801,4.0138003856565065,1.9429355119170284
P12,S2,lv2,50,12.010420478039286,3.8552188899582496,1.1970523470247745
P12,S2,lv2,51,53.704499946185386,5.028938437632063,2.9245419178338192
P12,S2,lv2,52,3.1859908739967833,2.9491830493254727,0.0
P12,S2,lv2,53,13.989319553042092,5.9488819539845705,0.802661050434502
P12,S2,lv2,54,17.1797316665057,4.789175504721702,1.3948049222904362
P12,S2,lv2,55,9.359074934722283,7.41694695719945,0.0
P12,S2,lv2,56,13.26449315177489,6.9299910380692875,0.5139957868716944
P12,S2,lv2,57,4.915496026949012,3.6579406254762312,0.017963924283534327
P12,S2,lv2,58,8.147413900032118,3.4519844227144776,0.807793915800076
P12,S2,lv2,59,7.811828318148452,3.2524238933323475,0.8323153473747875
P12,S2,lv2,60,37.84235043716999,6.275333290959475,2.1231760788104546
P12,S2,lv2,61,9.549063149095506,6.09200159249257,0.23387400372036443
P12,S2,lv2,62,34.90263020317564,3.7581950988475556,2.728697334319655
P12,S2,lv2,63,8.11523752990262,4.597699638573471,0.40035057702106425
P12,S2,lv2,64,11.681901157886736,6.3231312334629,0.46434763595449036
P12,S2,lv2,65,29.335500978258665,3.179328890550085,2.7195895945249746
P12,S2,lv2,66,13.779635759409867,6.023602848764637,0.7639805643430285
P12,S2,lv2,67,7.151456642643125,3.782915026501479,0.4965923490071443
P12,S2,lv2,68,9.958829921951542,3.764253274662602,0.9678730842008465
P12,S2,lv2,69,22.52216760930775,6.840384890851582,1.274609672014783
P12,S2,lv2,70,12.225116464259068,4.5627310828521255,0.9856271387626012
P12,S2,lv2,71,5.796088456441438,6.663562173678747,0.0
P12,S2,lv2,72,8.528463357939021,4.666184726835447,0.4492611569397525
P12,S2,lv2,73,5.334972816734366,3.691225654093038,0.12009384632283379
P12,S2,lv2,74,16.535165387138168,10.599927148443678,0.22710936165919302
P12,S2,lv2,75,2.2456024885121786,3.256479015451255,0.0
P12,S2,lv2,76,4.951698471573544,5.199715253460151,0.0
P12,S2,lv2,77,9.388502331224974,3.5342746308206743,0.9735769103246279
P12,S2,lv2,78,99.155227977759,10.955316307446136,2.6925730695264205
P12,S2,lv2,79,4.172194166639663,7.262587967818055,0.0
P12,S2,lv2,80,4.746796237114747,4.529628338234206,0.0
P12,S2,lv2,81,3.197862463340158,3.6561033749416763,0.0
P12,S2,lv2,82,25.30979602284971,2.5482565009608136,2.8228706925584115
P12,S2,lv2,83,18.98912631695928,4.578764399555602,1.59822278132605
P12,S2,lv2,84,6.652784510989762,2.9430604427880445,0.7472646354623351
P12,S2,lv2,85,4.372166628811745,2.586622247775034,0.33965899705642216
P12,S2,lv2,86,4.375449017071937,5.002479717427506,0.0
P12,S2,lv2,87,18.362938810302953,4.979205991842912,1.4336359934577074
P12,S2,lv2,88,12.512047398963636,15.299930299442652,0.0
P12,S2,lv2,89,23.611482837791787,5.190988275236045,1.7277510465895112
P12,S2,lv2,90,8.484786441437823,3.8464760800094533,0.7129541253332795
P12,S2,lv2,91,5.015707889645609,6.1592614123131995,0.0
P12,S2,lv2,92,11.878087881596977,3.9871866279276,1.1343193345632434
P12,S2,lv2,93,6.038075132209607,2.913336610744773,0.6255503885726242
P12,S2,lv2,94,33.33035881783821,8.01947879232061,1.6012486835289963
P12,S2,lv2,95,23.41191104373254,2.778491024879391,2.592277392548513
P12,S2,lv2,96,10.717843950513846,5.1283716705930615,0.6372389396408715
P12,S2,lv2,97,28.41748865508744,5.768902178040825,1.8395298782218474
P12,S2,lv2,98,7.7137783441801675,2.124533851999941,1.411749267046327
P12,S2,lv2,99,7.63771640888173,6.252919767269239,0.0
P12,S2,lv2,100,4.137867635850679,5.563491532037075,0.0
P12,S2,lv2,101,22.4538687033488,5.0017941029467705,1.7093215517150875
P12,S2,lv2,102,23.963933539416068,4.929974445961073,1.8208703749740247
P12,S2,lv2,103,24.263002278489935,4.214523680180088,2.058131035274577
P12,S2,lv2,104,7.952986583652507,3.0004552257501222,0.9705001034136419
P12,S2,lv2,105,13.872972662693087,4.0233180041839285,1.3393649528854323
P12,S2,lv2,106,4.864314343075228,2.6624280030384413,0.44872808114257007
P12,S2,lv2,107,55.62658499052592,5.73267292000381,2.7901943626769334
P12,S2,lv2,108,3.4828888418736614,4.130305904462186,0.0
P12,S2,lv2,109,5.185871965125363,3.771010918092836,0.050359457136154154
P12,S2,lv2,110,5.025368654537984,3.3247496296532013,0.18288550695499048
P12,S2,lv2,111,12.391605924812037,5.589088817463445,0.7200855858083772
P12,S2,lv2,112,6.777586691448266,3.2544850427496144,0.6322822928725942
P12,S2,lv2,113,4.835854158415656,3.5329412023130455,0.04381398348419155
P12,S2,lv2,114,14.795173222412314,4.60730981219823,1.2395545543446678
P12,S2,lv2,115,7.193686042791641,7.265351846839407,0.0
P12,S2,lv2,116,13.254167778784952,8.892831220365494,0.16320091125156438
P12,S2,lv2,117,9.851903421150162,5.340517998541509,0.46226645091748847
P12,S2,lv2,118,7.033663038236671,5.64423203226944,0.0
P12,S2,lv2,119,4.994102783542045,5.373174985950743,0.0
P12,S2,lv2,120,3.354640297313961,5.290873563277822,0.0
P12,S2,lv2,121,20.78200265576906,3.0326120346635155,2.3024688997429026
P12,S2,lv2,122,13.387350040462538,8.662751942195545,0.21397808142906116
P12,S2,lv2,123,8.977760521165145,3.8195230499491104,0.8020076759548918
P12,S2,lv2,124,5.860931128181632,4.605965659281964,0.0
P12,S2,lv2,125,3.3894241302920753,1.5799986923509413,0.6738575806567793
P12,S2,lv2,126,19.288746956084463,2.7879798855190665,2.315848524896818
P12,S2,lv2,127,2.952023974488864,2.944960504576823,0.0
P12,S2,lv2,128,11.19819816049838,4.9152630336359255,0.7582332253495874
P12,S2,lv2,129,8.03282638167557,5.384223590292529,0.16459859389164339
P12,S2,lv2,130,7.713694048895367,3.5086859882616763,0.7082401638980514
P12,S2,lv2,131,6.038597968877785,2.8813891552074664,0.6411337197709661
P12,S2,lv2,132,11.782174759462155,5.102017176703514,0.7772255424505362
P12,S2,lv2,133,4.559872413529129,2.661689954618567,0.3584878411017801
P12,S2,lv2,134,16.726693736325835,3.497103158296274,1.798230747409376
P12,S2,lv2,135,5.075978825239929,5.735101115448054,0.0
P12,S2,lv2,136,7.190825104749506,4.972951048025708,0.12074905516141585
P12,S2,lv2,137,6.778747443020372,7.243624445667106,0.0
P12,S2,lv2,138,3.8184277438170136,2.1109330921967993,0.43473558637340715
P12,S2,lv2,139,4.865753026722213,5.141301482327023,0.0
P12,S2,lv2,140,10.182725624832496,3.201724204630473,1.226017760218757
P12,S2,lv2,141,18.800539242433366,4.466685459400081,1.618978315138553
P12,S2,lv2,142,10.9735337500946,9.088289449989801,0.0
P12,S2,lv2,143,13.814537594072954,2.7883909481917466,1.847570133398903
P12,S2,lv2,144,20.185599193175456,3.830266787974631,1.9341986317916913
P12,S2,lv2,145,30.269562468301345,6.62508169985066,1.7340203787896655
P12,S2,lv2,146,5.417628570997852,3.5211974891320974,0.2077791163210862
P12,S2,lv2,147,5.067145766162805,2.3647742721304956,0.6722577633953106
P12,S2,lv2,148,5.943398207522514,4.781087852139055,0.0
P13,S1,lv0,0,5.561552868109912,1.827107987559964,0.8812768316034876
P13,S1,lv0,1,3.812996330327392,2.671681533203761,0.2426452004801033
P13,S1,lv0,2,3.562976580194121,3.0470794202443927,0.0746101149551992
P13,S1,lv0,3,2.8328535735788933,3.3650925670824194,0.0
P13,S1,lv0,4,3.169402738080104,1.8943857272040385,0.37665647070328684
P13,S1,lv0,5,1.7616941622436917,1.1188151608191526,0.3255254984830477
P13,S1,lv0,6,1.3983998392603232,2.352975402710055,0.0
P13,S1,lv0,7,23.18490144426044,6.664832241516135,0.9938486896129008
P13,S1,lv0,8,1.645357924941783,1.8886760908726457,0.0
P13,S1,lv0,9,2.0069974586041734,1.9371175796846414,0.0
P13,S1,lv0,10,2.9706032772149222,1.4829441800893293,0.5284968424175058
P13,S1,lv0,11,10.049511314507184,3.672004188891858,0.7916023184671729
P13,S1,lv0,12,2.8251419536484828,2.0335899439734755,0.21992120511007285
P13,S1,lv0,13,11.879736945361692,2.171140706796166,1.3757322131816703
P13,S1,lv0,14,2.770384408494743,2.2723448203540992,0.10982095181931957
P13,S1,lv0,15,1.838560101525205,0.9885626700371389,0.4658932521522679
P13,S1,lv0,16,6.050927825401158,2.7766115050348072,0.5995277156806803
P13,S1,lv0,17,3.228586442761521,2.2803815032915775,0.23589527869800972
P13,S1,lv0,18,3.3579596130515266,1.1784703700865722,0.8256064038519934
P13,S1,lv0,19,2.7692006428546896,3.551190508890534,0.0
P13,S1,lv0,20,3.423279194248611,2.7201684420757544,0.13657517431299088
P13,S1,lv0,21,4.63614889821423,3.6330278477434153,0.14830550125319852
P13,S1,lv0,22,4.955059296537728,1.9822021782375259,0.7152250233466865
P13,S1,lv0,23,3.3575407076410877,4.140694839388558,0.0
P13,S1,lv0,24,1.0299795371328566,1.3080757111717882,0.0
P13,S1,lv0,25,3.815437565507251,1.3329321766144677,0.8294494494910901
P13,S1,lv0,26,2.4222990498916768,1.5257185296376272,0.3324780584504604
P13,S1,lv0,27,4.325101597223767,4.021042697811072,0.0041916388290902
P13,S1,lv0,28,2.3613842455348006,2.2435441896677526,0.0
P13,S1,lv0,29,1.6213244068175843,1.8201636087150135,0.0
P13,S1,lv0,30,4.121833874127986,2.712977799734564,0.29537921019166113
P13,S1,lv0,31,5.67341587715793,3.857631315211657,0.26796564165315634
P13,S1,lv0,32,4.7423946351542,3.2520683945562103,0.26080978443206815
P13,S1,lv0,33,2.631825001533176,2.037731629103702,0.1584423984523529
P13,S1,lv0,34,1.9202623797305876,2.134609215753413,0.0
P13,S1,lv0,35,5.095735531117164,3.4893133886609866,0.262030713172963
P13,S1,lv0,36,1.6738932040943373,1.2968333894798392,0.1579250879637501
P13,S1,lv0,37,4.365292826393748,2.283960435835012,0.4889014151943197
P13,S1,lv0,38,2.034509275640482,2.962101573122179,0.0
P13,S1,lv0,39,3.4554035797674696,2.5107381471314425,0.2120011066162793
P13,S1,lv0,40,21.638392513174082,2.6374145409392225,1.7172825072498186
P13,S1,lv0,41,1.423210658985639,1.6533546869162827,0.0
P13,S1,lv0,42,2.4710965115320365,2.383015445623818,0.0
P13,S1,lv0,43,2.007620079988592,1.5352744129352118,0.16889793012643844
P13,S1,lv0,44,6.586452851582799,4.0223177850588305,0.3585355950260981
P13,S1,lv0,45,3.0323534273524055,3.781880159746922,0.0
P13,S1,lv0,46,1.7820237519778954,1.9843071543584714,0.0
P13,S1,lv0,47,31.24663903041514,6.2794398204360276,1.2956747982836194
P13,S1,lv0,48,3.4124183661020475,1.7391366119400857,0.5110409600903343
P13,S1,lv0,49,2.8163827563621053,1.9119476422517767,0.2693086802960387
P13,S1,lv0,50,3.514007243980697,3.807707745062238,0.0
P13,S1,lv0,51,1.6131586147511732,1.50634438690881,0.0004935555893150638
P13,S1,lv0,52,1.9761990775848426,2.4271167400371505,0.0
P13,S1,lv0,53,4.687798460212561,4.242321541875608,0.026921285856530173
P13,S1,lv0,54,6.476032845373173,4.41387395310121,0.2659566849363711
P13,S1,lv0,55,1.400488097133595,1.6014168481454703,0.0
P13,S1,lv0,56,3.7691010761714505,5.216757706431641,0.0
P13,S1,lv0,57,4.938875756167622,5.932345000566622,0.0
P13,S1,lv0,58,8.724981482818603,7.5925842695890715,0.05994401661849907
P13,S1,lv0,59,1.625282760634006,1.5374455593878107,0.0
P13,S1,lv0,60,13.294910678857791,1.5471887430398013,1.7562964432604906
P13,S1,lv0,61,1.1483839215051406,1.9444671091390513,0.0
P13,S1,lv0,62,8.121480249444515,3.977315007464976,0.5446598775627212
P13,S1,lv0,63,1.5525536481521056,0.9341386815794465,0.371077292995677
P13,S1,lv0,64,4.218650039802727,2.3454172646455804,0.43770330899947263
P13,S1,lv0,65,2.1828679575805614,1.1731063111743902,0.46631351217425954
P13,S1,lv0,66,1.5753201398675876,1.5508505153283894,0.0
P13,S1,lv0,67,1.2778002622018898,3.484758523006504,0.0
P13,S1,lv0,68,2.6863848353675226,3.768197232355847,0.0
P13,S1,lv0,69,4.001314480381053,3.840181208752246,0.0
P13,S1,lv0,70,2.3950706234473356,2.740633644545136,0.0
P13,S1,lv0,71,2.592138434487664,3.323996233716443,0.0
P13,S1,lv0,72,3.170625166047321,3.8124594178248707,0.0
P13,S1,lv0,73,2.614418749596584,2.031911200749446,0.15525924661838109
P13,S1,lv0,74,2.5573621773036397,3.511452472610601,0.0
P13,S1,lv0,75,1.1855645689844023,2.6137614443163004,0.0
P13,S1,lv0,76,2.3207902305718675,3.6211845502690854,0.0
P13,S1,lv0,77,2.889667060396488,1.5156287715396655,0.4868244047548722
P13,S1,lv0,78,2.681993796366465,2.056706721564659,0.16654857980651594
P13,S1,lv0,79,7.362494978921775,2.9663730209770303,0.7092033910951898
P13,S1,lv0,80,9.197682951855821,1.532666414537201,1.4536064852571324
P13,S1,lv0,81,10.338168598442524,4.5862856841112505,0.6280193759164814
P13,S1,lv0,82,3.189063303876815,3.035382056362325,0.0
P13,S1,lv0,83,18.553039810418763,5.241016365251103,1.0085715325318976
P13,S1,lv0,84,3.2631432449717943,3.148628969838794,0.0
P13,S1,lv0,85,1.9966389030452167,2.007643613412233,0.0
P13,S1,lv0,86,1.9177897261810073,2.2773804968624902,0.0
P13,S1,lv0,87,10.52350732527136,2.9498469379582066,1.0150975607827368
P13,S1,lv0,88,3.1798388676863087,2.2284311243055197,0.2424980390242319
P13,S1,lv0,89,1.2632500929343138,1.1490541885606398,0.022618079260309672
P13,S1,lv0,90,3.754108723696785,2.5996054467892917,0.25258084253837015
P13,S1,lv0,91,2.4356258083637226,2.8771028095274787,0.0
P13,S1,lv0,92,2.743957365262049,2.5700085870658085,0.0
P13,S1,lv0,93,1.6298784833670725,2.7930245751656995,0.0
P13,S1,lv0,94,1.7356738276290207,3.520101654613461,0.0
P13,S1,lv0,95,1.4820556866439285,1.1111614234709777,0.18557834721556524
P13,S1,lv0,96,1.6092399949389071,2.1963481646860727,0.0
P13,S1,lv0,97,1.733133342842825,2.0366776827225865,0.0
P13,S1,lv0,98,2.814588549432008,4.161873938906228,0.0
P13,S1,lv0,99,10.380117839729921,4.921948103725251,0.5718787351168588
P13,S1,lv0,100,2.2771212096764666,1.7777212955984283,0.15147744720117684
P13,S1,lv0,101,6.1335776241698055,6.312049222012552,0.0
P13,S1,lv0,102,2.103939500038902,1.629328392777291,0.15827660065480942
P13,S1,lv0,103,2.0267309014226047,2.4698916247810065,0.0
P13,S1,lv0,104,2.8927482768569215,2.083088277515825,0.21958355220506526
P13,S1,lv0,105,5.88583392080083,3.8486492747063497,0.3009227972260013
P13,S1,lv0,106,3.5567030977687284,3.273423066600617,0.012710306991405115
P13,S1,lv0,107,2.5899524802949787,1.5027271005198433,0.40170600346607016
P13,S1,lv0,108,2.777690091581797,2.5521885765107193,0.014118915501791663
P13,S1,lv0,109,2.2462643918559086,3.227261149016242,0.0
P13,S1,lv0,110,2.4439580929775926,0.9216758026560606,0.7649539353818606
P13,S1,lv0,111,5.7704526264818,4.370695759732643,0.17698160000306734
P13,S1,lv0,112,3.358831937348916,1.6553381374049856,0.5393332895083
P13,S1,lv0,113,3.3064195935277203,2.7084682380447163,0.11092449428889657
P13,S1,lv0,114,1.6567980292863678,2.3793084553809845,0.0
P13,S1,lv0,115,2.145532268157063,3.0472810277458686,0.0
P13,S1,lv0,116,2.072781724264585,1.0616767049723268,0.5068333312508355
P13,S1,lv0,117,2.337967396764594,3.1041993253299975,0.0
P13,S1,lv0,118,3.1782470616743317,1.0689903625008341,0.861439384599561
P13,S1,lv0,119,2.108156966408664,2.425276082559647,0.0
P13,S1,lv0,120,7.602229897059766,2.1029326281925136,1.0262697040770732
P13,S1,lv0,121,2.8204178409798817,2.1076519516626564,0.18834913079452828
P13,S1,lv0,122,2.102490334887876,3.135637702750135,0.0
P13,S1,lv0,123,2.0912557813170083,1.6095688323153876,0.16346598575463392
P13,S1,lv0,124,1.5229152059130004,1.5777066993301323,0.0
P13,S1,lv0,125,3.5809289998299394,2.2871789072894093,0.3207173695395372
P13,S1,lv0,126,1.5142669528916954,2.7698433224934838,0.0
P13,S1,lv0,127,4.748508553013717,3.454504120845357,0.21098021242926324
P13,S1,lv0,128,2.2611399842893984,3.2621076664174673,0.0
P13,S1,lv0,129,4.420480460000086,4.662991481863534,0.0
P13,S1,lv0,130,2.166660006250244,2.999719319728658,0.0
P13,S1,lv0,131,1.8460412838605493,1.4503377433810762,0.14613811744930388
P13,S1,lv0,132,2.2986944851837534,1.7637436357735221,0.16608340044177297
P13,S1,lv0,133,9.987482531661705,3.4558709242811445,0.8375300819357794
P13,S1,lv0,134,1.9627725149631903,3.1582259364040666,0.0
P13,S1,lv0,135,3.453879492348081,4.179361566127339,0.0
P13,S1,lv0,136,3.6743164611889942,3.360629203497168,0.017972510019911774
P13,S1,lv0,137,3.4737707593086697,3.7544719104367497,0.0
P13,S1,lv0,138,4.180332267461933,4.389857877359255,0.0
P13,S1,lv0,139,3.1029801500765206,2.7904741803682267,0.032232320634928584
P13,S1,lv0,140,5.4325971258757875,2.5021343212415337,0.5964020731077905
P13,S1,lv0,141,1.8237360172922803,1.13942345548993,0.3393186293465927
P13,S1,lv0,142,2.1502139061682217,2.2621574825991098,0.0
P13,S1,lv0,143,10.155524306467392,3.0658291122484878,0.952570865496709
P13,S1,lv0,144,2.4415825499947,1.9490526585636854,0.13269488341170083
P13,S1,lv0,145,3.0185363128121914,2.6241651314321524,0.060779510542655776
P13,S1,lv0,146,20.486443707667508,3.920629752724868,1.336887992556878
P13,S1,lv0,147,3.929633336278278,2.1720945364811923,0.4425955493921421
P13,S1,lv0,148,2.787147259966961,3.4590401496957908,0.0
P13,S1,lv1,0,2.587368076064221,1.260768757941367,0.5488874701886782
P13,S1,lv1,1,11.047949198689833,3.936575436882162,0.812805217927673
P13,S1,lv1,2,4.852963103571834,2.6579914584572872,0.45032261431835424
P13,S1,lv1,3,2.7571589921870014,1.3357578315460248,0.553762976138956
P13,S1,lv1,4,3.5751545217018816,2.571019779954468,0.22072206267852212
P13,S1,lv1,5,5.0819969000834,1.9500028576269464,0.750361377676613
P13,S1,lv1,6,2.9571582696562677,1.891450913649513,0.31952129895588854
P13,S1,lv1,7,5.53429446775042,2.3636463757353625,0.6600475363866196
P13,S1,lv1,8,11.945250677301223,2.466624120393982,1.272785192169649
P13,S1,lv1,9,1.8587279432108101,1.0597375159437301,0.416472164740964
P13,S1,lv1,10,1.8707966061673036,2.69341507417529,0.0
P13,S1,lv1,11,1.9855483762264328,2.624721531128365,0.0
P13,S1,lv1,12,12.931567718308296,1.9877959025528846,1.5216506546850312
P13,S1,lv1,13,13.61816670050813,3.8600718848939355,1.005705395016119
P13,S1,lv1,14,11.450058574774278,5.762434055427919,0.5216666965110153
P13,S1,lv1,15,16.470522917806758,3.288303443296883,1.3012138602727152
P13,S1,lv1,16,5.348014980343781,5.73319468686379,0.0
P13,S1,lv1,17,2.2528835749700997,1.652170170589054,0.20420942420007782
P13,S1,lv1,18,3.6473556181065168,1.8454276163453127,0.5171613389453666
P13,S1,lv1,19,6.24756073199563,3.9837066764794318,0.3221298719910102
P13,S1,lv1,20,1.776754220391183,1.4146172622282092,0.1349091990725757
P13,S1,lv1,21,1.4730924837772919,1.9062384160133687,0.0
P13,S1,lv1,22,6.360325857901028,3.605528120604174,0.42131205728407395
P13,S1,lv1,23,4.137797340969356,4.079361414140608,0.0
P13,S1,lv1,24,1.7417324869318473,1.6461952667187063,0.0
P13,S1,lv1,25,10.19016038675167,4.028024112608032,0.7252972285100021
P13,S1,lv1,26,2.805713643902567,1.811014612891712,0.3118369412598103
P13,S1,lv1,27,20.9107597421647,3.640597951855952,1.4166540035452715
P13,S1,lv1,28,2.785487696377824,3.4332769485203225,0.0
P13,S1,lv1,29,3.5312542495502215,3.109362133775941,0.050009342497198184
P13,S1,lv1,30,2.5533015753593107,2.062419303454828,0.12274956921933934
P13,S1,lv1,31,2.134907879206709,2.051554049688042,0.0
P13,S1,lv1,32,5.450327850933929,2.872593177144843,0.4827348654695116
P13,S1,lv1,33,7.476734529817677,2.228363651385694,0.9633874862689707
P13,S1,lv1,34,6.485672279351409,3.6525706908316247,0.4268371372370223
P13,S1,lv1,35,2.7179378243924415,2.1089346891231666,0.1566298180640225
P13,S1,lv1,36,20.660900350352136,5.517152948147058,1.0560095581957876
P13,S1,lv1,37,9.613774433651965,4.608491285401527,0.5626956145124163
P13,S1,lv1,38,9.724364800144839,2.3575030948800078,1.1375003365975898
P13,S1,lv1,39,4.212494307904483,2.9878119235608303,0.2323641432110109
P13,S1,lv1,40,2.9990316160704023,5.671701594157956,0.0
P13,S1,lv1,41,2.644995652479176,2.900896771435393,0.0
P13,S1,lv1,42,1.6606855101822149,3.12943232040357,0.0
P13,S1,lv1,43,7.443534053339537,3.5992877353697312,0.5553715070894648
P13,S1,lv1,44,6.89768378543532,3.6594660724535215,0.47717667311820294
P13,S1,lv1,45,5.23474268713752,4.59851470370943,0.05198974409335345
P13,S1,lv1,46,7.41533747404394,2.8258618093798,0.7561484755140894
P13,S1,lv1,47,1.3006039702014063,1.6383837478370422,0.0
P13,S1,lv1,48,12.571034966807732,4.893530362843881,0.7382267010953977
P13,S1,lv1,49,2.566278056071978,2.0595739749213893,0.12818782058703396
P13,S1,lv1,50,4.183193165937182,3.7099603089565925,0.04395399057971954
P13,S1,lv1,51,4.0275466651332374,2.451970020443895,0.36115693855659614
P13,S1,lv1,52,3.3447055824775123,1.334356800565115,0.7175256390463367
P13,S1,lv1,53,2.343602867631378,2.650180145928459,0.0
P13,S1,lv1,54,8.05565610324399,2.681817503606639,0.8700939264400048
P13,S1,lv1,55,3.611028747121527,3.8850383365799113,0.0
P13,S1,lv1,56,3.306704864423133,2.6489944489394084,0.1297178004218359
P13,S1,lv1,57,2.558844237959278,2.422097168246278,0.0
P13,S1,lv1,58,16.439600535540873,4.696433121700075,0.9991042914684036
P13,S1,lv1,59,4.66907074190117,4.873300391205757,0.0
P13,S1,lv1,60,1.9662330309278715,2.185490562655641,0.0
P13,S1,lv1,61,3.9254386862838397,2.5606113230632452,0.3029513306077512
P13,S1,lv1,62,7.397462983263406,2.3463295762213146,0.9109067079213794
P13,S1,lv1,63,3.082322024848981,1.484771627513221,0.5585859932387583
P13,S1,lv1,64,22.02739402125207,3.6152337056613306,1.4664120163809111
P13,S1,lv1,65,10.927544259410604,3.277649450741609,0.9580178495798274
P13,S1,lv1,66,8.759538028428173,4.482608534738361,0.5075887512485884
P13,S1,lv1,67,2.7867529362505894,1.9075814216419236,0.2623189760537996
P13,S1,lv1,68,1.7209003451052733,2.7876104351555626,0.0
P13,S1,lv1,69,14.733136600817259,3.086465939985058,1.2606346611780124
P13,S1,lv1,70,12.981281689145478,4.256984783889488,0.882798174806639
P13,S1,lv1,71,11.557728725337428,3.4597425214759325,0.95970426088519
P13,S1,lv1,72,1.8769416586612142,2.3077770967385125,0.0
P13,S1,lv1,73,4.309975253747812,2.0242627049286988,0.5799213726863264
P13,S1,lv1,74,4.014949912932803,2.332926956563335,0.400477690356052
P13,S1,lv1,75,7.80223614380015,3.4154285358923406,0.6392629009286867
P13,S1,lv1,76,12.520169183173804,4.4271376975221255,0.8192586600148265
P13,S1,lv1,77,7.254956285271128,7.190161153393492,0.0
P13,S1,lv1,78,1.8476292836100106,3.9203907337677046,0.0
P13,S1,lv1,79,5.555973013901259,3.424615419400941,0.3507176988034129
P13,S1,lv1,80,1.4896633193107947,3.647570703803544,0.0
P13,S1,lv1,81,3.245990912271461,3.523770670057224,0.0
P13,S1,lv1,82,1.2937605814299429,2.960600876919726,0.0
P13,S1,lv1,83,8.701430113450034,7.661170334153982,0.05008279763936043
P13,S1,lv1,84,1.7890224561254444,2.253396585116106,0.0
P13,S1,lv1,85,2.0838071532880185,2.7639680774465103,0.0
P13,S1,lv1,86,9.764353543249362,7.667915760905614,0.14651456469035906
P13,S1,lv1,87,3.2930615649481867,4.35280711173584,0.0
P13,S1,lv1,88,10.029065839761664,6.064692085449124,0.3668381293370369
P13,S1,lv1,89,7.155775061729298,2.8732567782592926,0.7120825056514851
P13,S1,lv1,90,2.006778730482446,2.3293257899434825,0.0
P13,S1,lv1,91,9.802051631567153,3.017820536801996,0.9360089098973482
P13,S1,lv1,92,7.538463414796133,1.9433253223282794,1.0857193641425846
P13,S1,lv1,93,9.234119736097911,3.1588116779136275,0.8471852622296626
P13,S1,lv1,94,20.720588852326312,6.3195571040627945,0.943952972427997
P13,S1,lv1,95,12.672469513290366,3.4945002810142243,1.0289110807229536
P13,S1,lv1,96,3.9680574558572,6.4747537854354364,0.0
P13,S1,lv1,97,2.282097267244711,2.1164973613791758,0.006247200210779084
P13,S1,lv1,98,2.7441448378737254,2.449445904990145,0.03851901633029754
P13,S1,lv1,99,1.8188017218457175,2.2676962490808954,0.0
P13,S1,lv1,100,12.804688626885948,7.68990678628284,0.37265506213587213
P13,S1,lv1,101,2.410355461985765,1.4765955008422713,0.3559036944007134
P13,S1,lv1,102,3.0356839741041974,2.801541123039279,0.010407936507003992
P13,S1,lv1,103,6.06781795874575,7.801220970708064,0.0
P13,S1,lv1,104,8.12965268629934,2.6250899439152926,0.8958296468038142
P13,S1,lv1,105,7.8830942725144775,2.305699102929598,0.9792454129109224
P13,S1,lv1,106,2.2729531773076355,2.2878172729327715,0.0
P13,S1,lv1,107,6.673364014408065,2.1727721280392025,0.8888460151056269
P13,S1,lv1,108,4.407965345104161,4.0494053400940055,0.014266252215914852
P13,S1,lv1,109,11.44335937634411,2.061587250263776,1.3878330359474271
P13,S1,lv1,110,2.663003573249271,6.1610100693216365,0.0
P13,S1,lv1,111,3.026148296238198,2.780761126628802,0.014032510452517973
P13,S1,lv1,112,2.4024235705830117,2.427814559413909,0.0
P13,S1,lv1,113,3.7550448671994037,3.0240126055820324,0.12528581608364933
P13,S1,lv1,114,2.5610725064889426,2.641309152488491,0.0
P13,S1,lv1,115,4.192750074987859,3.3237854083853215,0.13855440870206412
P13,S1,lv1,116,6.00838435399247,2.281151804904802,0.7593004128821601
P13,S1,lv1,117,2.532689120479518,2.8161477065496614,0.0
P13,S1,lv1,118,3.171483101364141,3.0450777902832855,0.0
P13,S1,lv1,119,3.717674028644848,3.169471969847646,0.0772411294070332
P13,S1,lv1,120,7.058227939223997,3.7279072441463676,0.480952792136791
P13,S1,lv1,121,2.5010789523707895,2.638626417321948,0.0
P13,S1,lv1,122,3.0603072432116125,3.3026978511167364,0.0
P13,S1,lv1,123,2.3794302445767213,4.651154974981542,0.0
P13,S1,lv1,124,1.0104046222830367,1.6932205189061502,0.0
P13,S1,lv1,125,2.5459479767898325,1.3711886039459305,0.4644929137030589
P13,S1,lv1,126,2.297734070975029,1.766412540939459,0.16445615811174022
P13,S1,lv1,127,9.736353208684344,7.405384251310903,0.17346649533090575
P13,S1,lv1,128,4.0809551995214,3.673008202969505,0.031531350059092376
P13,S1,lv1,129,2.122342228008372,2.0487229334536523,0.0
P13,S1,lv1,130,7.059969164030878,3.039836919416436,0.6531996652084588
P13,S1,lv1,131,10.717996192799777,2.607474278452527,1.1345582921643345
P13,S1,lv1,132,2.9009653470352244,4.3626552818056705,0.0
P13,S1,lv1,133,14.428554439841003,3.9352639313454025,1.0381770728715576
P13,S1,lv1,134,1.402317224390563,1.649869971403471,0.0
P13,S1,lv1,135,4.0792014132870875,2.2177010481577697,0.45657155098599367
P13,S1,lv1,136,7.5756832294412115,6.938873574197037,0.016762751767201677
P13,S1,lv1,137,3.0437655412795306,2.944595969775147,0.0
P13,S1,lv1,138,18.771051544626296,4.777034445584819,1.096577567714096
P13,S1,lv1,139,2.924229324088078,6.206669757113421,0.0
P13,S1,lv1,140,9.137331394426548,9.03929401897815,0.0
P13,S1,lv1,141,2.9762698324640153,4.520797822481373,0.0
P13,S1,lv1,142,1.7317950104309892,2.735712572144537,0.0
P13,S1,lv1,143,15.160995800570268,5.883279987754608,0.7408659952705758
P13,S1,lv1,144,9.357227669055469,4.3746083715804,0.5838044409400276
P13,S1,lv1,145,3.968563983300164,4.422540252695107,0.0
P13,S1,lv1,146,3.4440243074867656,2.159726373810631,0.3361942115441531
P13,S1,lv1,147,3.4474382629949396,2.880191530991244,0.09430767333022205
P13,S1,lv1,148,6.039245710382089,2.52535559165794,0.6778705816908712
P13,S1,lv2,0,3.2266287709575825,2.602871070312081,0.12385850497851932
P13,S1,lv2,1,6.331562013654196,4.142967531380381,0.3003397245392078
P13,S1,lv2,2,4.02179255246228,3.4207875503222662,0.07920035678303182
P13,S1,lv2,3,6.482251728152096,4.067097674428674,0.33575508773146623
P13,S1,lv2,4,4.823271366429457,4.668519892497301,0.0
P13,S1,lv2,5,4.839766985811,2.9263708700099706,0.36692231169988604
P13,S1,lv2,6,17.856627318757152,6.190834791589128,0.8358831735193858
P13,S1,lv2,7,3.9170919691675805,2.928381034420114,0.18800282880910993
P13,S1,lv2,8,6.054087129866414,3.210203980754602,0.47762413685586386
P13,S1,lv2,9,5.63695699639836,3.8148378933989155,0.27193533394038616
P13,S1,lv2,10,1.1960791020383172,1.4059328074965214,0.0
P13,S1,lv2,11,31.874585257686174,3.0763030210448457,1.914082362093647
P13,S1,lv2,12,2.305199399150618,1.7251920542020145,0.18709980572953508
P13,S1,lv2,13,3.210830384036772,3.0979555477326683,0.0
P13,S1,lv2,14,1.7991768458054678,1.4183718439314899,0.14324829250975027
P13,S1,lv2,15,5.441696799164647,4.574324440843912,0.0891284348216254
P13,S1,lv2,16,2.6213430827242035,2.6270200623261637,0.0
P13,S1,lv2,17,3.1253005630185986,4.040759290388376,0.0
P13,S1,lv2,18,2.3037137367350673,1.9600715066362984,0.07893444760933266
P13,S1,lv2,19,2.4462707960492236,4.729233375225875,0.0
P13,S1,lv2,20,8.891274336420954,3.4164490860118795,0.7491769333728956
P13,S1,lv2,21,3.4958029237729367,2.849966201325134,0.11494909051840231
P13,S1,lv2,22,2.8337470330678363,1.1104546522811887,0.7326189053548823
P13,S1,lv2,23,1.623804498817414,3.3635242095762177,0.0
P13,S1,lv2,24,9.56273241205648,6.473060483241314,0.2717483837372673
P13,S1,lv2,25,23.716989545759855,6.721541820158485,1.005836253696559
P13,S1,lv2,26,2.0634839400442666,1.702533680756985,0.10485009419208831
P13,S1,lv2,27,4.60969531780898,1.3962703038880175,0.9497525271991801
P13,S1,lv2,28,6.814569866798937,4.2139926144482684,0.34799263596942437
P13,S1,lv2,29,3.6881993891183695,3.3134321137927354,0.03307747190570339
P13,S1,lv2,30,8.382601523732506,3.6446310574001886,0.6449927457756088
P13,S1,lv2,31,7.485995349286664,3.7144544577160237,0.5336118399593909
P13,S1,lv2,32,2.216354252012036,3.8116530673169025,0.0
P13,S1,lv2,33,4.119210391026885,2.39777063905559,0.39897764160887855
P13,S1,lv2,34,8.990463258576451,5.268723585416824,0.39328989029676603
P13,S1,lv2,35,1.6475768733483962,2.0189060449545364,0.0
P13,S1,lv2,36,1.269154778576982,1.2555628560398333,0.0
P13,S1,lv2,37,12.987016975059314,5.883725877877066,0.6103028570143417
P13,S1,lv2,38,8.27183157726483,4.754416717538229,0.4096517879767852
P13,S1,lv2,39,5.834851559342007,2.427398819860436,0.6821970737311077
P13,S1,lv2,40,4.530922164071764,2.7413381182228678,0.36639600908070796
P13,S1,lv2,41,9.413387740929952,9.122167643527055,0.0
P13,S1,lv2,42,7.3192345551241145,4.663521737982294,0.3227676809414804
P13,S1,lv2,43,5.2726051124247135,3.857668330522946,0.20618266552089415
P13,S1,lv2,44,1.272425672726518,2.001873672093752,0.0
P13,S1,lv2,45,8.642092543251769,4.949430018539147,0.41267902231055376
P13,S1,lv2,46,8.950788374690212,5.031178965173119,0.42845852314723215
P13,S1,lv2,47,14.405219774724506,3.1100389870294705,1.23524147672362
P13,S1,lv2,48,8.70024662790637,3.1228689725671677,0.806621221920133
P13,S1,lv2,49,5.613496045528465,2.1497052627110147,0.7520219810040577
P13,S1,lv2,50,2.228381372162172,1.7287736639798674,0.1567754138099155
P13,S1,lv2,51,4.92609259046343,1.742727832220549,0.8188428769534679
P13,S1,lv2,52,38.72920925651694,5.898286604480047,1.529481136850209
P13,S1,lv2,53,19.965631327389133,3.7108026625352633,1.3615527024863652
P13,S1,lv2,54,25.91792013796098,2.628094356926618,1.8724267148234044
P13,S1,lv2,55,8.289173961016974,2.0555910429570825,1.118407533962334
P13,S1,lv2,56,2.1192643850818857,1.3304110784726948,0.3352852580592028
P13,S1,lv2,57,43.45888002315145,6.823723134625624,1.5037463503698503
P13,S1,lv2,58,4.9451515384592275,9.638942307172337,0.0
P13,S1,lv2,59,5.222591686869763,3.2783206788107453,0.33535389299892904
P13,S1,lv2,60,1.8965961522755004,1.7520895262471414,0.009551798721167019
P13,S1,lv2,61,4.193368685649447,2.001919976234627,0.5661536337127336
P13,S1,lv2,62,1.929383334660673,2.7166757583303993,0.0
P13,S1,lv2,63,3.6106182243751466,3.39772618925853,0.0
P13,S1,lv2,64,15.916954800263627,4.86980236373068,0.9412994268174338
P13,S1,lv2,65,2.587418922748703,1.7699932895233603,0.2628620831843025
P13,S1,lv2,66,24.250457018301947,4.189792672216267,1.4231195328334643
P13,S1,lv2,67,6.2356314069618115,2.506567806085261,0.7111481723094661
P13,S1,lv2,68,11.627505342496763,2.938316812635463,1.1025138555409064
P13,S1,lv2,69,2.2206253264891194,1.2836838652839042,0.4048230153967811
P13,S1,lv2,70,19.717756504479976,6.6776141706920935,0.855658431973663
P13,S1,lv2,71,7.31309657894469,3.7950658095178795,0.4958074327649272
P13,S1,lv2,72,2.982489940485213,4.288822120352278,0.0
P13,S1,lv2,73,7.922388596525211,2.5160651425468776,0.9098204313803399
P13,S1,lv2,74,3.696144278551776,3.310504761886773,0.03563701413509864
P13,S1,lv2,75,2.124057140301438,3.7721945886566797,0.0
P13,S1,lv2,76,6.797055355705093,3.703041570260441,0.45480499464241547
P13,S1,lv2,77,2.4133596114719658,1.9972220970778654,0.10230740577308699
P13,S1,lv2,78,5.742466687682431,2.3015098316125475,0.7136422642778265
P13,S1,lv2,79,3.583722021312213,2.991322234276608,0.0950764534314798
P13,S1,lv2,80,2.2612840175403814,2.101485024793201,0.004523981080058957
P13,S1,lv2,81,18.57472713858804,4.576893200500271,1.1237991137358159
P13,S1,lv2,82,17.480838874633406,4.5231358273709645,1.0825845832122538
P13,S1,lv2,83,6.144768941954003,3.0053125986040254,0.5457678509317357
P13,S1,lv2,84,72.08758119323726,6.433485356567785,1.9800882564683844
P13,S1,lv2,85,15.800401560057027,2.6621004887921704,1.4443126665282693
P13,S1,lv2,86,21.913002730362045,5.077989759625947,1.1755543789406522
P13,S1,lv2,87,4.365471541505552,2.9008743663303718,0.28733782717637385
P13,S1,lv2,88,15.684582403116645,5.052912440208132,0.897777639933009
P13,S1,lv2,89,2.3882197647005796,1.8663130679371092,0.15063742749685338
P13,S1,lv2,90,13.983267579898278,5.040572370467976,0.8030315540051021
P13,S1,lv2,91,1.0374004295487291,0.9670249636238235,0.0019611549205882746
P13,S1,lv2,92,2.387042254456613,1.866647938045217,0.1500703389419829
P13,S1,lv2,93,14.341862036259132,4.292956355752935,0.9597437680818947
P13,S1,lv2,94,28.4474822810053,6.252308192223999,1.2201942839667546
P13,S1,lv2,95,6.429727360061084,3.2974439269293248,0.5057730348912413
P13,S1,lv2,96,11.509091620610805,3.9246747743965447,0.8498364834892483
P13,S1,lv2,97,2.603381599863237,2.705241815984452,0.0
P13,S1,lv2,98,5.463592606841247,3.03143644819263,0.43940488648593823
P13,S1,lv2,99,3.5865840118048737,2.0724002611515817,0.40519220370188314
P13,S1,lv2,100,3.055370817616895,4.888624784249552,0.0
P13,S1,lv2,101,5.3702385345127,3.0479533826896965,0.4202923767746137
P13,S1,lv2,102,1.7427065594801476,2.236261919837653,0.0
P13,S1,lv2,103,10.85654804729128,4.285261148408341,0.7265116033851174
P13,S1,lv2,104,21.179839565798606,4.677120279111358,1.2161962504296724
P13,S1,lv2,105,4.1422157756927644,1.8839463522197344,0.6070164332308174
P13,S1,lv2,106,16.271814846925732,4.1986599037763535,1.0849194479096054
P13,S1,lv2,107,15.048366071252206,3.81110151857652,1.1006712548357285
P13,S1,lv2,108,5.596263145806699,3.1984311658233953,0.4144212450061166
P13,S1,lv2,109,1.6489799830917986,2.0012912813773207,0.0
P13,S1,lv2,110,3.745723129545772,1.654527682384108,0.6316675599748245
P13,S1,lv2,111,12.928969772605694,2.491286056708232,1.3311211475582154
P13,S1,lv2,112,3.340009487168975,2.378886392727626,0.2288461423051388
P13,S1,lv2,113,4.225892635773007,2.1652289599108325,0.5065486202558451
P13,S1,lv2,114,1.2860692909278697,1.2503299029918498,0.0
P13,S1,lv2,115,6.58408188908985,2.74915926573846,0.6791037022635353
P13,S1,lv2,116,3.290233774047713,1.8578973286711797,0.4246019288470126
P13,S1,lv2,117,13.676248996404558,5.742755127040295,0.6743498885890519
P13,S1,lv2,118,6.891595232238786,3.260404149478202,0.5737872926558744
P13,S1,lv2,119,13.96990726430341,3.129210682737137,1.2041877516611401
P13,S1,lv2,120,2.7621901003310407,1.8207271602827582,0.29414533753812006
P13,S1,lv2,121,7.420674995450503,1.9839003356138014,1.05501815259978
P13,S1,lv2,122,2.8129242949232487,2.321430140987086,0.10465021325654571
P13,S1,lv2,123,2.6625289105424828,4.569548336771494,0.0
P13,S1,lv2,124,45.07604611730897,4.601444442153706,1.8667819054398345
P13,S1,lv2,125,9.682852131606426,2.959658699655966,0.9421012749188643
P13,S1,lv2,126,3.4246389186822257,2.8818024042895423,0.08824161724430675
P13,S1,lv2,127,3.5903240866935646,2.269486341662695,0.3294741734482777
P13,S1,lv2,128,7.769902306182784,4.510654248604905,0.40124849207754043
P13,S1,lv2,129,18.231743688643448,7.65111492514323,0.6748484079516045
P13,S1,lv2,130,6.413198320477715,2.8208544563181754,0.6352249398399603
P13,S1,lv2,131,9.350343633752292,3.888255209839646,0.6825545555600067
P13,S1,lv2,132,2.494937756331016,3.7051718507801126,0.0
P13,S1,lv2,133,2.1382607442299206,2.0812560732633374,0.0
P13,S1,lv2,134,2.2360974062796966,3.3082555058379537,0.0
P13,S1,lv2,135,30.14574121631108,4.848694004620798,1.4834469347499446
P13,S1,lv2,136,9.168668151795053,2.997391076322691,0.8854139870962823
P13,S1,lv2,137,1.8138656932359594,4.916068221838668,0.0
P13,S1,lv2,138,13.251974966181804,5.890545931281361,0.6263547087719074
P13,S1,lv2,139,18.02808092930392,5.274795770112082,0.9789537335721521
P13,S1,lv2,140,5.471679063384374,4.524671243576035,0.10296343008850618
P13,S1,lv2,141,3.4880933704477943,3.183437953075805,0.019789198601066416
P13,S1,lv2,142,6.309814037633773,4.512270975627379,0.22544358216549237
P13,S1,lv2,143,1.8291538384045112,2.1812214465556714,0.0
P13,S1,lv2,144,12.497051470514494,8.576747513686982,0.260124293453329
P13,S1,lv2,145,3.588494571712692,5.1852274343295335,0.0
P13,S1,lv2,146,4.836095029496684,1.8005584453233472,0.7757716150220232
P13,S1,lv2,147,2.8399559310266986,4.039709040535595,0.0
P13,S1,lv2,148,4.318505537879403,2.128583706388957,0.5392191227243958
P13,S2,lv0,0,4.706848577665061,5.598225485089919,0.0
P13,S2,lv0,1,4.72532730033403,2.882393436306243,0.2329068374805228
P13,S2,lv0,2,1.8565927070150012,1.2596211724895092,0.06966773347567866
P13,S2,lv0,3,8.085446756545204,3.2315788468023454,0.8816334962862502
P13,S2,lv0,4,3.81400139084434,2.2706301438763545,0.27020226641506634
P13,S2,lv0,5,8.477611603516156,3.2047341582762714,0.9671086781108252
P13,S2,lv0,6,3.063085084511341,4.1271177725137225,0.0
P13,S2,lv0,7,6.3404530737695,2.8873503665999523,0.6814144779016343
P13,S2,lv0,8,2.7339423746734366,2.2541814024820797,0.0
P13,S2,lv0,9,2.9783265434030395,4.706123936368033,0.0
P13,S2,lv0,10,3.1472055459772585,5.452985796745522,0.0
P13,S2,lv0,11,1.120885961037443,1.1989863605887898,0.0
P13,S2,lv0,12,4.5147868744739155,2.036873232273315,0.6957324417614388
P13,S2,lv0,13,12.378664836380702,4.023335269416233,1.1989057635651732
P13,S2,lv0,14,3.3536013279189185,3.7540930340843666,0.0
P13,S2,lv0,15,2.8024932653381454,2.3429989808345373,0.0
P13,S2,lv0,16,2.9437090446698053,2.4678735786141996,0.0
P13,S2,lv0,17,5.986288611929846,4.652838549404722,0.0
P13,S2,lv0,18,2.7731556105758326,1.6695060429536812,0.25307276331718304
P13,S2,lv0,19,2.2839945300910913,2.100962889461091,0.0
P13,S2,lv0,20,2.9260505505562584,2.921323024844971,0.0
P13,S2,lv0,21,9.684117735654842,2.85823733337828,1.3468542000702541
P13,S2,lv0,22,2.250347844935674,1.4508599000885738,0.147918464317083
P13,S2,lv0,23,3.906114869309898,2.4578563159846594,0.18524403348903834
P13,S2,lv0,24,3.215357191103204,2.362704879616147,0.0
P13,S2,lv0,25,3.2652123642853574,4.18754632592986,0.0
P13,S2,lv0,26,2.891748896856102,3.856019535501707,0.0
P13,S2,lv0,27,3.605270348804235,2.4202234391850834,0.08594038187579084
P13,S2,lv0,28,3.624467489212062,2.316048849915647,0.16159999926174706
P13,S2,lv0,29,1.9057417417551923,0.9920905730228494,0.4761090324302844
P13,S2,lv0,30,2.376027335174874,1.262161492505151,0.4451012095247321
P13,S2,lv0,31,3.4208205017348297,1.9790088091164064,0.31418349692358355
P13,S2,lv0,32,6.24689614823039,2.808043106379099,0.7013405032068787
P13,S2,lv0,33,2.6649073742001423,2.287161203400211,0.0
P13,S2,lv0,34,2.4708284517974146,4.353703181408067,0.0
P13,S2,lv0,35,3.5625027156298925,2.6347308167990513,0.0
P13,S2,lv0,36,3.827632679473054,2.6806407472521667,0.020962879431844158
P13,S2,lv0,37,1.972260829909823,2.0807318502902703,0.0
P13,S2,lv0,38,3.904225159141498,1.6234577060890905,0.8208793519810081
P13,S2,lv0,39,3.1202120488501626,3.1307810657277275,0.0
P13,S2,lv0,40,5.014547954775697,2.2409621543750777,0.7103032632407253
P13,S2,lv0,41,3.880282465595985,4.984341123739173,0.0
P13,S2,lv0,42,4.007003495977456,1.9872688791606397,0.5504834507396179
P13,S2,lv0,43,18.812589941820143,1.6408497835502411,3.21737534328789
P13,S2,lv0,44,2.7452405646744023,2.724520096687174,0.0
P13,S2,lv0,45,5.12379296279855,2.8063540055030254,0.39815467590055326
P13,S2,lv0,46,2.8113498061832494,1.493715133820372,0.4447853406878708
P13,S2,lv0,47,3.404317013351086,1.9351891486047383,0.34112040427635637
P13,S2,lv0,48,27.040110950090977,3.3151363275304053,2.6949167294946665
P13,S2,lv0,49,5.373895072399006,2.604115251827179,0.5860479064068299
P13,S2,lv0,50,2.611462554651522,2.1826570546545967,0.0
P13,S2,lv0,51,2.8610357620691245,3.8662291501754935,0.0
P13,S2,lv0,52,13.998025166171002,1.7613500421050001,2.6550414962689928
P13,S2,lv0,53,5.812692430154584,1.9145879762187854,1.1784644129736208
P13,S2,lv0,54,4.60336626205201,3.025757658086562,0.11830069419477494
P13,S2,lv0,55,2.6910422011733997,2.0302617637687006,0.0
P13,S2,lv0,56,2.041409427063939,2.335402167994914,0.0
P13,S2,lv0,57,3.4492505860361415,3.978042334244284,0.0
P13,S2,lv0,58,3.271072727524786,1.8462306201065202,0.352065002905675
P13,S2,lv0,59,2.7767154173475523,1.5017090855164439,0.4175745210173369
P13,S2,lv0,60,2.231292371330448,2.728051338461063,0.0
P13,S2,lv0,61,1.6683003036308295,1.7528642162710657,0.0
P13,S2,lv0,62,3.844384877031194,3.2873028680943315,0.0
P13,S2,lv0,63,3.654464652587657,4.753236298842787,0.0
P13,S2,lv0,64,7.275404475299349,4.947284206627721,0.06618260060173814
P13,S2,lv0,65,1.6205711842017152,1.6494032960202227,0.0
P13,S2,lv0,66,15.018076695664806,3.305681238758897,1.7969496481251006
P13,S2,lv0,67,2.643744935500815,2.045191088753008,0.0
P13,S2,lv0,68,10.791273889839763,4.3947141524896765,0.8528481581521552
P13,S2,lv0,69,4.1068419128109115,2.761808403840719,0.08322713973985449
P13,S2,lv0,70,3.466860690480343,2.271550528849945,0.12315031498519564
P13,S2,lv0,71,4.054583254022502,6.646853066280069,0.0
P13,S2,lv0,72,3.0279260934829693,2.7117856932988533,0.0
P13,S2,lv0,73,1.9988804745231543,3.1290740231081373,0.0
P13,S2,lv0,74,2.192402508741133,3.3417893812570325,0.0
P13,S2,lv0,75,1.817099652671252,1.595458875647962,0.0
P13,S2,lv0,76,10.088539862234905,4.883689350784646,0.5876424315823133
P13,S2,lv0,77,5.295651357293544,2.5283140583526063,0.608869978109508
P13,S2,lv0,78,1.7292775916488565,2.486230328871479,0.0
P13,S2,lv0,79,6.943062486550919,2.833798173454037,0.849456583868268
P13,S2,lv0,80,2.527293743583097,2.9686393010429146,0.0
P13,S2,lv0,81,3.0294957746830646,1.5917242496530812,0.46194031563715665
P13,S2,lv0,82,3.2926180480465725,2.6731847764119743,0.0
P13,S2,lv0,83,4.914902803073304,3.6260656890376453,0.0
P13,S2,lv0,84,3.807639888523892,3.608724713638769,0.0
P13,S2,lv0,85,1.578465689729939,1.3921129835494952,0.0
P13,S2,lv0,86,1.982459989061702,1.8654790303781386,0.0
P13,S2,lv0,87,9.6856317782255,4.135372326636397,0.7803167106009227
P13,S2,lv0,88,3.7012269646590075,2.4670683731071685,0.09683015313987707
P13,S2,lv0,89,3.4057166525448177,2.2998280031050635,0.07686290723474014
P13,S2,lv0,90,1.9867143804503424,3.60413275973324,0.0
P13,S2,lv0,91,2.716439901548433,1.3815225893436165,0.5118978288811864
P13,S2,lv0,92,22.09698587204668,5.116945819704737,1.719110045898179
P13,S2,lv0,93,2.5410251210380292,2.454498066244164,0.0
P13,S2,lv0,94,4.678067148825493,2.6128230905406857,0.3681486603701128
P13,S2,lv0,95,2.8652201554071746,2.845664009718006,0.0
P13,S2,lv0,96,4.491163782587401,1.4666300699756898,1.191665348382412
P13,S2,lv0,97,2.4306417259262134,1.321520072484851,0.4094539710623252
P13,S2,lv0,98,2.997275228251069,1.7083246255104019,0.33705602061434214
P13,S2,lv0,99,9.138012987914047,2.15272729872853,1.6927545190686006
P13,S2,lv0,100,4.631282448058207,3.732792233792126,0.0
P13,S2,lv0,101,2.436584262445816,2.8301656692919694,0.0
P13,S2,lv0,102,11.808213126021329,1.791125410056757,2.3682795472960376
P13,S2,lv0,103,2.9198376990931587,2.493042078186953,0.0
P13,S2,lv0,104,4.883147736266862,2.9559718152483785,0.24464026577049117
P13,S2,lv0,105,3.052785546777555,1.333975488740258,0.7447557933983983
P13,S2,lv0,106,4.021541687884415,2.2818066390480563,0.34397223550006883
P13,S2,lv0,107,3.7840261798508297,4.562519365451103,0.0
P13,S2,lv0,108,4.235340680114268,1.9474586732936006,0.6665726879365135
P13,S2,lv0,109,2.696092321873431,1.539533022846719,0.334192487865639
P13,S2,lv0,110,1.734171151729808,2.350972012408419,0.0
P13,S2,lv0,111,3.4819617461763808,3.653906152858362,0.0
P13,S2,lv0,112,1.6221201563031442,1.1956827276378723,0.0
P13,S2,lv0,113,6.130152086238239,8.481643423311127,0.0
P13,S2,lv0,114,1.8833299650219364,1.3595812907143119,0.0
P13,S2,lv0,115,2.9185232017740708,1.243339480231214,0.7837088631941972
P13,S2,lv0,116,1.2455860864231643,1.398049619496725,0.0
P13,S2,lv0,117,1.130770816438902,3.1429193078299007,0.0
P13,S2,lv0,118,3.958082755841486,3.8622542470814545,0.0
P13,S2,lv0,119,1.6050128697612667,1.8871500433996244,0.0
P13,S2,lv0,120,12.371674019481203,3.7428031236988795,1.3089423208049291
P13,S2,lv0,121,2.128886154684272,1.2094101008065703,0.3420823824691163
P13,S2,lv0,122,1.8815544351776097,2.2246325362867587,0.0
P13,S2,lv0,123,1.997599983295097,0.9557798959749255,0.605556818473071
P13,S2,lv0,124,6.542970129170259,2.7884460402390787,0.7831409661631356
P13,S2,lv0,125,2.6230325102070773,3.4173917691324114,0.0
P13,S2,lv0,126,2.3067098729663007,1.9241634108703287,0.0
P13,S2,lv0,127,2.4545815994362528,1.1767133215971544,0.602575426591371
P13,S2,lv0,128,3.776858045533029,3.6251873785273814,0.0
P13,S2,lv0,129,2.5631478108582546,2.1582576678832845,0.0
P13,S2,lv0,130,4.832625905687815,2.1797626380824586,0.6960883036021531
P13,S2,lv0,131,2.6681447184153932,3.6039500061173517,0.0
P13,S2,lv0,132,2.6563810122841796,1.6506349027790497,0.2045026920442032
P13,S2,lv0,133,6.6946719075012275,1.757586927481954,1.5265181546048976
P13,S2,lv0,134,2.757996260162299,3.513509894139929,0.0
P13,S2,lv0,135,4.904347727597484,3.686466800103959,0.0
P13,S2,lv0,136,1.5047700049830988,0.9258071806250586,0.21973147297566042
P13,S2,lv0,137,1.7270665023521024,1.1233604747580603,0.1343714094145281
P13,S2,lv0,138,1.290967102319504,1.7886767968157353,0.0
P13,S2,lv0,139,1.1637689630500363,1.8186746835590586,0.0
P13,S2,lv0,140,16.227757731945804,3.0441983320550916,2.042265164873462
P13,S2,lv0,141,2.18212063080671,1.2437535978431546,0.3370142664364701
P13,S2,lv0,142,2.5884493586285324,2.009701267258996,0.0
P13,S2,lv0,143,5.339543646516278,4.022090891089889,0.0
P13,S2,lv0,144,1.71784823071424,1.6993287458434392,0.0
P13,S2,lv0,145,2.7151166168408314,4.694863600054366,0.0
P13,S2,lv0,146,3.313472654564085,1.3302346651791814,0.8747998772665466
P13,S2,lv0,147,1.6451605848824922,1.8833638814016926,0.0
P13,S2,lv0,148,4.807525729845456,1.6483520125979152,1.1168800679618134
P13,S2,lv1,0,5.177848137886059,3.4617232537483424,0.09221029858506453
P13,S2,lv1,1,5.26087445116495,1.2389957537872887,1.6931974606816513
P13,S2,lv1,2,29.24723819725227,4.328626902038018,2.406001454242807
P13,S2,lv1,3,16.348005864157443,3.712252464752221,1.7491598303167364
P13,S2,lv1,4,3.2589228404666994,3.305123558326396,0.0
P13,S2,lv1,5,2.94669018261745,1.681507329069289,0.33521696763307085
P13,S2,lv1,6,16.49038521973665,2.10496573575726,2.63301106136543
P13,S2,lv1,7,2.544412421126241,1.5898101238258886,0.19603336188023926
P13,S2,lv1,8,14.948285539760816,3.9944646496744345,1.4993845733642077
P13,S2,lv1,9,3.5968299761175904,4.214690777241969,0.0
P13,S2,lv1,10,2.249250916664612,1.968718654256801,0.0
P13,S2,lv1,11,18.356393865206115,6.374530903837472,1.0973327691312373
P13,S2,lv1,12,2.71671241198322,2.538370140679184,0.0
P13,S2,lv1,13,9.79654366807225,1.451852190464051,2.4039372612946464
P13,S2,lv1,14,2.877780782158867,2.6271328515192094,0.0
P13,S2,lv1,15,2.541842798241585,3.4811648328562974,0.0
P13,S2,lv1,16,5.280506385666566,2.9414648994515677,0.3722310767963098
P13,S2,lv1,17,1.6198779146044944,1.3667539821909618,0.0
P13,S2,lv1,18,1.2792971533168866,1.6018941090717798,0.0
P13,S2,lv1,19,3.846305733441364,2.082937816841699,0.4155321186021638
P13,S2,lv1,20,23.077901925788165,2.131057397682103,3.1298284991402543
P13,S2,lv1,21,1.633215910740426,3.1484037355260424,0.0
P13,S2,lv1,22,9.216360509843424,2.762377515734391,1.3232337577059723
P13,S2,lv1,23,17.149383828492176,4.790482531266452,1.4313232958119324
P13,S2,lv1,24,3.5466779155790893,3.2432188919590423,0.0
P13,S2,lv1,25,3.755661582380623,2.416283679347855,0.1511490308468072
P13,S2,lv1,26,11.294042399682821,4.265757529043708,0.968422102115494
P13,S2,lv1,27,4.573759430386982,3.1223714817863835,0.060170790959766275
P13,S2,lv1,28,23.46230002888979,4.22567501026521,2.104763036103255
P13,S2,lv1,29,6.3118905410459725,2.278330836011159,1.0379880827668297
P13,S2,lv1,30,3.374257582802482,3.350441027163061,0.0
P13,S2,lv1,31,12.618728511237286,3.268944689100161,1.5469947545287666
P13,S2,lv1,32,3.963545336877709,2.730368747257151,0.04629880670804961
P13,S2,lv1,33,12.94548446193438,3.4105879522519764,1.5211356248439785
P13,S2,lv1,34,2.2752975354773004,2.4362413548050883,0.0
P13,S2,lv1,35,5.2598923178924695,2.6860740596365473,0.5055973470320752
P13,S2,lv1,36,9.269686874992702,2.513996256468522,1.4766579644459958
P13,S2,lv1,37,12.627064609721018,5.483053086389243,0.7544066504474809
P13,S2,lv1,38,4.560343871595335,4.655364188739019,0.0
P13,S2,lv1,39,1.722189969143217,1.6845210920716631,0.0
P13,S2,lv1,40,18.178311664895634,4.09280195718188,1.76225209367269
P13,S2,lv1,41,18.93650151940805,7.05686257561144,0.9890375516013304
P13,S2,lv1,42,2.9223775207522915,2.907765480212836,0.0
P13,S2,lv1,43,4.45546931928486,2.6058386514325886,0.29744822583577274
P13,S2,lv1,44,1.2292224263343419,2.44860226294444,0.0
P13,S2,lv1,45,22.38805354088066,4.300787094874489,2.0058128695292283
P13,S2,lv1,46,2.4110958155173328,3.3042210235303733,0.0
P13,S2,lv1,47,2.1542960367730646,1.5143336084182948,0.015282194794850545
P13,S2,lv1,48,9.882357450106737,2.892485048883218,1.3596713303228163
P13,S2,lv1,49,3.3167390318799272,1.9756282524211064,0.269395381500341
P13,S2,lv1,50,4.097463595365603,3.12326041366204,0.0
P13,S2,lv1,51,6.034876711688446,3.353046939034537,0.3761771530571806
P13,S2,lv1,52,17.892456455260078,4.0960909409440465,1.7366987040305035
P13,S2,lv1,53,12.21426214591255,4.225739327080442,1.103075564297662
P13,S2,lv1,54,4.072861042891014,5.529409139945952,0.0
P13,S2,lv1,55,2.78890704222345,2.465195513713896,0.0
P13,S2,lv1,56,18.123434572042484,3.9181110011699616,1.8245451646656206
P13,S2,lv1,57,9.44273442412955,5.936571312313543,0.1865639054180446
P13,S2,lv1,58,13.99177721111297,5.367946709623821,0.9444369913260815
P13,S2,lv1,59,15.532898455405723,3.2274229085146096,1.885431692635289
P13,S2,lv1,60,2.512357008953024,2.894682355308515,0.0
P13,S2,lv1,61,30.5147664557235,4.594447263009307,2.3796513624842404
P13,S2,lv1,62,20.980397061540916,3.405528945734156,2.2643018181406083
P13,S2,lv1,63,9.591929874683354,4.461564340882158,0.6489023945537858
P13,S2,lv1,64,3.1582888723187557,2.3005517188322147,0.0
P13,S2,lv1,65,8.434275029117506,4.2629977671127905,0.5214039605095234
P13,S2,lv1,66,2.9640948723090053,2.3682668562376286,0.0
P13,S2,lv1,67,3.9589944262905905,5.286883345036371,0.0
P13,S2,lv1,68,14.272065534745387,4.3930340351040496,1.2824110009558385
P13,S2,lv1,69,1.2357955387732886,2.003913498270086,0.0
P13,S2,lv1,70,3.1282774470469263,4.325093823239556,0.0
P13,S2,lv1,71,6.325170303415229,3.4173749043983546,0.4191080350234047
P13,S2,lv1,72,2.474568654242764,2.3776330391042864,0.0
P13,S2,lv1,73,8.655610991815204,4.679248622985499,0.4181965177474006
P13,S2,lv1,74,4.10582416923613,4.198217109661151,0.0
P13,S2,lv1,75,1.6962241918296181,1.6927186156081784,0.0
P13,S2,lv1,76,13.251205423782231,2.569560364937512,1.9914264181597088
P13,S2,lv1,77,2.8928439755669424,3.2127065632500087,0.0
P13,S2,lv1,78,11.093835310680278,3.763313921723459,1.1332725857723676
P13,S2,lv1,79,3.0436615872078074,2.4390195686645835,0.0
P13,S2,lv1,80,5.167656870331437,2.8662741487251644,0.37881703934428
P13,S2,lv1,81,1.2596517488072156,1.8775400436880814,0.0
P13,S2,lv1,82,7.115957941278202,4.147432404481836,0.3027766629563566
P13,S2,lv1,83,2.325114186075043,2.743625254884978,0.0
P13,S2,lv1,84,3.975972554959376,2.494441350300596,0.18977199960142205
P13,S2,lv1,85,1.5364439835172694,1.8058890326848023,0.0
P13,S2,lv1,86,1.2594708955758402,1.637180896944155,0.0
P13,S2,lv1,87,15.265260512723572,3.84811130513831,1.5888577097045413
P13,S2,lv1,88,4.768598442658621,5.353556739065221,0.0
P13,S2,lv1,89,3.920879187605684,3.6759871909258925,0.0
P13,S2,lv1,90,12.972938883618033,3.3886713563646156,1.5342785262092036
P13,S2,lv1,91,2.136387133055937,4.598069178412108,0.0
P13,S2,lv1,92,1.8377496675074512,1.6373485711004185,0.0
P13,S2,lv1,93,3.5509450378797465,2.797623700698466,0.0
P13,S2,lv1,94,4.901337666567978,2.3607909345915608,0.5953334641601047
P13,S2,lv1,95,4.323018348363726,3.1522355450076724,0.0
P13,S2,lv1,96,4.725717494123547,2.786662046217721,0.28486138606093314
P13,S2,lv1,97,24.428243157018635,2.993208017713583,2.6957938647434823
P13,S2,lv1,98,1.3657339316502062,2.0418081996705517,0.0
P13,S2,lv1,99,4.488773189924554,2.1233608428128714,0.6230573733092835
P13,S2,lv1,100,3.9331893406057805,3.669849416181517,0.0
P13,S2,lv1,101,9.550267301067963,4.087727392041447,0.7765018278086969
P13,S2,lv1,102,8.188685594564559,2.816654740581694,1.1119651764847065
P13,S2,lv1,103,7.118343978481166,6.114084191532289,0.0
P13,S2,lv1,104,13.834351761619734,3.4675994563858468,1.5975962622706674
P13,S2,lv1,105,3.4658748889596893,2.657759179777748,0.0
P13,S2,lv1,106,4.542388639952251,2.2267969448263956,0.5682926603915872
P13,S2,lv1,107,20.082360314947895,4.2458719857155485,1.8587606535489976
P13,S2,lv1,108,2.694121505811492,3.3023356439128397,0.0
P13,S2,lv1,109,8.688450866780876,3.5556007102425484,0.8453835774036612
P13,S2,lv1,110,3.247320370781093,2.0221792725206074,0.20120320766577937
P13,S2,lv1,111,7.680541834322735,7.356993452443968,0.0
P13,S2,lv1,112,4.265346655479282,3.5617921996418977,0.0
P13,S2,lv1,113,12.401204902513417,7.421037092565336,0.26230505236022894
P13,S2,lv1,114,5.183244572624386,3.2763401819861153,0.17826318337025213
P13,S2,lv1,115,5.239636631689395,6.069537183840535,0.0
P13,S2,lv1,116,3.5471346753638504,1.459163911625013,0.8374135785668492
P13,S2,lv1,117,7.273186551924902,3.96593485176609,0.40497379852100696
P13,S2,lv1,118,19.307513786203753,3.5353309013437335,2.0794012471427914
P13,S2,lv1,119,2.4939871813469776,6.219321563917124,0.0
P13,S2,lv1,120,2.9503354635122214,3.898937329314502,0.0
P13,S2,lv1,121,6.884948268079757,3.542501217980194,0.4940502664925673
P13,S2,lv1,122,9.14299390451379,3.861057498796166,0.7971657525985093
P13,S2,lv1,123,2.6517146346429143,1.5631934137858092,0.2853228733127228
P13,S2,lv1,124,6.986911036508688,2.8232745391066456,0.8648256541247451
P13,S2,lv1,125,1.7305916339619511,2.4780054315234032,0.0
P13,S2,lv1,126,1.6680747001534757,1.2142269420500755,0.0
P13,S2,lv1,127,11.705119389016843,5.4122122178463785,0.6580257183213701
P13,S2,lv1,128,6.769351273385507,3.1956632865046273,0.6261742612347924
P13,S2,lv1,129,1.8570290038026,2.551269401214343,0.0
P13,S2,lv1,130,11.50989630708882,3.252388781081839,1.4136563999608656
P13,S2,lv1,131,1.6576805393328888,3.1875594157881686,0.0
P13,S2,lv1,132,4.782453915520234,5.2429141489037425,0.0
P13,S2,lv1,133,19.89686112793685,9.077722173168226,0.6785415763754861
P13,S2,lv1,134,1.8991689219983474,1.7186629529556912,0.0
P13,S2,lv1,135,2.123849586662271,2.9434205901659896,0.0
P13,S2,lv1,136,18.914266104965662,6.674868075311153,1.072627718910694
P13,S2,lv1,137,7.136488322097006,2.527677761135901,1.0670313399177505
P13,S2,lv1,138,7.434546250038365,3.7255509333400223,0.5345872907799206
P13,S2,lv1,139,4.582321886012532,6.889636420163878,0.0
P13,S2,lv1,140,17.15507633536228,4.094000234640015,1.6729053350135137
P13,S2,lv1,141,1.658829945658698,2.3506369763734374,0.0
P13,S2,lv1,142,6.060461731164658,2.474545107457259,0.8488495175586065
P13,S2,lv1,143,5.1970552247197555,3.0196426013533824,0.30753842236222206
P13,S2,lv1,144,4.234059122539837,4.279036034734655,0.0
P13,S2,lv1,145,3.8923106232862983,6.1106787768339785,0.0
P13,S2,lv1,146,27.45163066285297,3.919591022411111,2.461092983940108
P13,S2,lv1,147,1.730038471673605,2.783575482376349,0.0
P13,S2,lv1,148,7.278019184882567,5.3928533111961645,0.0
P13,S2,lv2,0,2.0842182078022726,2.7618422143206858,0.0
P13,S2,lv2,1,9.249064454809972,5.061660372026847,0.3994113716372467
P13,S2,lv2,2,24.29721405973628,3.7416013589906836,2.3451047306297386
P13,S2,lv2,3,23.49344458641727,3.81623556127789,2.26317967076678
P13,S2,lv2,4,4.072904361473538,1.49164075025534,1.015719611079175
P13,S2,lv2,5,33.1724665959461,10.435113640264301,1.2490519844118422
P13,S2,lv2,6,4.712915917268437,4.11578354648973,0.0
P13,S2,lv2,7,7.350778065886459,3.30935963612925,0.6989691471444771
P13,S2,lv2,8,15.813197510866056,3.5087503357189185,1.784632622468805
P13,S2,lv2,9,4.924092123865905,3.2877900159017193,0.09420700956253876
P13,S2,lv2,10,14.096128745474074,5.978909628562351,0.7904375729794824
P13,S2,lv2,11,4.315293757398794,2.1571498882975773,0.5383539267320677
P13,S2,lv2,12,3.508607472212404,2.317522275423924,0.11077320648290548
P13,S2,lv2,13,4.002000209015484,2.648124205925119,0.10804521116620655
P13,S2,lv2,14,4.881599456712747,4.719004578836802,0.0
P13,S2,lv2,15,3.548809049941129,2.0746001439556054,0.2981629581965773
P13,S2,lv2,16,4.943265656248297,1.6518934471899813,1.156311128170761
P13,S2,lv2,17,1.4311270021629694,4.122801138275935,0.0
P13,S2,lv2,18,4.622336975072674,3.9360919342043963,0.0
P13,S2,lv2,19,2.989262821995258,1.7498545497312408,0.2960922458902223
P13,S2,lv2,20,5.089547388340725,2.4625490963380408,0.5883984620145337
P13,S2,lv2,21,6.067062807051906,1.1362782861441065,2.0447673932141526
P13,S2,lv2,22,2.1052074905503053,2.3842760834022503,0.0
P13,S2,lv2,23,2.2666929701347214,1.4850096542201596,0.12332496562450972
P13,S2,lv2,24,4.038603165673088,2.601722371301944,0.14914112916118757
P13,S2,lv2,25,6.395578628696096,2.4401209459012425,0.9529300279586088
P13,S2,lv2,26,1.99909694879891,1.7107223569293326,0.0
P13,S2,lv2,27,23.70884097118506,5.0063970770710355,1.860658572366984
P13,S2,lv2,28,16.61114265558155,4.9494953390829295,1.332286307265298
P13,S2,lv2,29,2.255103242059034,2.1626182815154826,0.0
P13,S2,lv2,30,2.6687945891707234,4.3866051515138365,0.0
P13,S2,lv2,31,2.5859484024513706,2.0128764652936617,0.0
P13,S2,lv2,32,6.487923973121597,4.98161843142487,0.0
P13,S2,lv2,33,0.9580354625297621,4.121593892115027,0.0
P13,S2,lv2,34,2.163717779989991,1.4571887789832134,0.08100250600608687
P13,S2,lv2,35,3.4829344384715037,6.16715389418202,0.0
P13,S2,lv2,36,4.921892852115355,2.05001114439948,0.8183427382319693
P13,S2,lv2,37,5.209759755663372,4.0480065557976115,0.0
P13,S2,lv2,38,13.568786620242532,5.89111503098289,0.7546312113963735
P13,S2,lv2,39,1.876995840620764,2.6877649747875374,0.0
P13,S2,lv2,40,4.706878498808336,1.2075050023371758,1.5619613293102113
P13,S2,lv2,41,5.078085304609787,2.3201572495945126,0.676332959146186
P13,S2,lv2,42,1.445276784957217,3.3847390493094354,0.0
P13,S2,lv2,43,1.0604105683238119,1.6618005065501296,0.0
P13,S2,lv2,44,13.04869465850259,4.750790799712423,1.0247687147331734
P13,S2,lv2,45,18.017074251356707,2.0462079444692063,2.8123147063526233
P13,S2,lv2,46,12.980558749390386,4.342332782183979,1.154680090879741
P13,S2,lv2,47,14.823526504098288,4.758090292417481,1.218095355206359
P13,S2,lv2,48,1.8591061026486952,1.6324037853035833,0.0
P13,S2,lv2,49,6.405689245271297,4.262111897948986,0.09957360992319118
P13,S2,lv2,50,5.611904208981543,5.031854448084151,0.0
P13,S2,lv2,51,4.225640136115902,2.0614440684031656,0.575773362630228
P13,S2,lv2,52,11.507516921228843,4.245023436417378,1.0046309740088362
P13,S2,lv2,53,2.235789803497325,2.6560483348164987,0.0
P13,S2,lv2,54,19.17459555537518,3.9118235518582645,1.9135215184922931
P13,S2,lv2,55,1.8233257420068352,2.7217586614663203,0.0
P13,S2,lv2,56,5.504702869514431,2.3506034838259704,0.7801088515597238
P13,S2,lv2,57,2.0563032302246858,3.578145980341275,0.0
P13,S2,lv2,58,1.6360661938233263,2.1114386956389875,0.0
P13,S2,lv2,59,4.582997558516335,1.772746082539003,0.9318532917144846
P13,S2,lv2,60,1.4799085057759724,3.4131545965217716,0.0
P13,S2,lv2,61,13.427833262266791,3.179817228568487,1.684773201422203
P13,S2,lv2,62,2.3389057665002166,4.3182079637915605,0.0
P13,S2,lv2,63,3.6109272289364225,2.2890325690107676,0.17386103902319644
P13,S2,lv2,64,3.1039013351020115,2.554975728312501,0.0
P13,S2,lv2,65,9.37856232736585,2.4504623750205328,1.5338521081705128
P13,S2,lv2,66,3.6183201328964247,2.314142388408449,0.1602588731543735
P13,S2,lv2,67,4.962298453357967,3.476784381431876,0.02030388752521499
P13,S2,lv2,68,1.5807386850288567,3.451601424501737,0.0
P13,S2,lv2,69,8.823916236276489,1.7919380234526854,1.9205575930073848
P13,S2,lv2,70,2.3794312981600148,2.117479048782006,0.0
P13,S2,lv2,71,2.0675233809172315,1.1929268501460364,0.3182609702620825
P13,S2,lv2,72,9.101039670487411,3.0781968088505933,1.1378068958726457
P13,S2,lv2,73,10.580805466711935,4.718815511132408,0.7134423557848721
P13,S2,lv2,74,4.888148759778868,2.4393503867292763,0.5409691241020328
P13,S2,lv2,75,11.261812305179205,4.1363509215018395,1.0113064601129775
P13,S2,lv2,76,4.4788185763141355,3.9410398334535772,0.0
P13,S2,lv2,77,14.609017375394679,2.7373156768171913,2.044069019560379
P13,S2,lv2,78,2.3870786536611255,2.025047295965499,0.0
P13,S2,lv2,79,1.8033067814381445,1.9027747982816758,0.0
P13,S2,lv2,80,11.236766839821103,2.9383016777897497,1.5326393705574375
P13,S2,lv2,81,2.89571753139249,2.1001920797554225,0.0
P13,S2,lv2,82,3.6643276924796955,3.718360397860027,0.0
P13,S2,lv2,83,7.491810182475255,2.575380348761278,1.1129007814410117
P13,S2,lv2,84,2.3845399121385515,2.4442255781754465,0.0
P13,S2,lv2,85,3.588397033010548,3.474732645387474,0.0
P13,S2,lv2,86,2.938998565342371,2.9596399117432304,0.0
P13,S2,lv2,87,3.0580023712207014,2.48791621860429,0.0
P13,S2,lv2,88,2.9544266147425384,1.1129079905837194,0.9725230415238264
P13,S2,lv2,89,4.483238859655704,4.651272706605431,0.0
P13,S2,lv2,90,3.613367908337151,1.4086894699890553,0.9198187072998026
P13,S2,lv2,91,2.9314494319679163,4.397683224901026,0.0
P13,S2,lv2,92,3.8242024172658198,4.1639085645026634,0.0
P13,S2,lv2,93,5.748598627860587,4.173308158611126,0.0
P13,S2,lv2,94,4.520401934773698,2.5487436017966494,0.3536431016263893
P13,S2,lv2,95,6.290517006060265,3.1039220863625667,0.5583003654586817
P13,S2,lv2,96,1.5015718634020425,1.5179713288432821,0.0
P13,S2,lv2,97,9.22004776256155,3.081321613822606,1.1561847129853196
P13,S2,lv2,98,3.459312658127495,5.34420010737928,0.0
P13,S2,lv2,99,3.090636965029199,4.339808485295481,0.0
P13,S2,lv2,100,18.70396481367265,5.9056873149806455,1.2433376038597463
P13,S2,lv2,101,7.869944227161056,4.828243218226999,0.2240876344735923
P13,S2,lv2,102,1.9907389093434957,2.1787047455090818,0.0
P13,S2,lv2,103,4.148305448340034,4.491749825366631,0.0
P13,S2,lv2,104,12.872952829610254,2.673107450004093,1.8863684611856668
P13,S2,lv2,105,2.1044891887315167,1.7591585326272061,0.0
P13,S2,lv2,106,4.4020494927373965,2.1520002154102817,0.5725640390217712
P13,S2,lv2,107,21.698149197817116,4.82302125049488,1.7819342999339025
P13,S2,lv2,108,9.957324296459786,4.506379329939753,0.6909331764469935
P13,S2,lv2,109,1.7668454212737719,2.0926850521624143,0.0
P13,S2,lv2,110,7.3985917451224985,4.111108859466487,0.376040482272437
P13,S2,lv2,111,20.418619380904946,6.220122340929261,1.2983285583045756
P13,S2,lv2,112,26.154612738622845,4.2845449292869064,2.250220266892995
P13,S2,lv2,113,2.411461457420665,1.7899667022118257,0.0
P13,S2,lv2,114,2.6110459896944156,2.5892488052929807,0.0
P13,S2,lv2,115,28.560461910388238,5.850293818102019,1.9073052459223072
P13,S2,lv2,116,2.500368728075596,2.2848589081424246,0.0
P13,S2,lv2,117,1.474091315026112,1.2048993352670323,0.0
P13,S2,lv2,118,0.7870664431011278,1.198209021827472,0.0
P13,S2,lv2,119,6.759904593372254,2.7221983387397763,0.8700854770406332
P13,S2,lv2,120,5.341970625208444,2.6403030444123923,0.55572889088438
P13,S2,lv2,121,1.0600321761862352,1.0873357529372463,0.0
P13,S2,lv2,122,3.980973149152345,3.508502718701473,0.0
P13,S2,lv2,123,2.4567371517033085,3.1319646742608755,0.0
P13,S2,lv2,124,7.324042841579545,1.8885143784018656,1.554140778376545
P13,S2,lv2,125,3.5663509095663186,2.170355465132143,0.23649147608890472
P13,S2,lv2,126,17.743890858522036,4.082577930929366,1.7289751882635453
P13,S2,lv2,127,2.6588163232768274,1.790297927669708,0.0812789122299893
P13,S2,lv2,128,9.159268903496438,3.531454292064927,0.9368143091992485
P13,S2,lv2,129,3.4816082271766304,2.9980866858784525,0.0
P13,S2,lv2,130,2.9542353131802916,1.0374596720216414,1.08014294812608
P13,S2,lv2,131,5.561852422492732,4.390533672742847,0.0
P13,S2,lv2,132,1.5681634727586837,3.171657103858937,0.0
P13,S2,lv2,133,2.1689854215659476,2.0866268422088945,0.0
P13,S2,lv2,134,6.269741390315751,3.567674125362898,0.3395582999762253
P13,S2,lv2,135,4.680731878156028,3.7226429810759867,0.0
P13,S2,lv2,136,1.9342008505362795,2.1872488084548842,0.0
P13,S2,lv2,137,2.487504504211468,2.3376591070982555,0.0
P13,S2,lv2,138,3.1714729172483427,1.4673629465780902,0.6570450124191913
P13,S2,lv2,139,1.4564748262269551,2.5532507712278165,0.0
P13,S2,lv2,140,5.4203697653446286,3.590869023264867,0.10624539470008726
P13,S2,lv2,141,1.9723076810667275,1.7408283603380512,0.0
P13,S2,lv2,142,12.958795283856144,6.267090579232523,0.5891206161104321
P13,S2,lv2,143,13.108973126903456,3.3345980772550616,1.5749673640613806
P13,S2,lv2,144,2.3636549945635017,1.9459206977879355,0.0
P13,S2,lv2,145,6.163317387185497,3.0223928724371985,0.5677978198743905
P13,S2,lv2,146,1.7041871047943944,2.4171854187302255,0.0
P13,S2,lv2,147,8.937848968680209,2.389629088317553,1.4985709296914471
P13,S2,lv2,148,2.7050831150478136,4.171673572024098,0.0
P14,S1,lv0,0,4.213823991861171,5.759016208044611,0.0
P14,S1,lv0,1,15.18584533509544,6.994657269351478,0.1761123056722585
P14,S1,lv0,2,7.355835757620912,7.784477440842212,0.0
P14,S1,lv0,3,25.535087857957347,9.773828392720901,0.3313095741781794
P14,S1,lv0,4,50.003639439482036,15.752907351409279,0.4945526422117128
P14,S1,lv0,5,8.096765177619744,4.164293262313865,0.08364595210825376
P14,S1,lv0,6,4.187232415017256,3.6933400887498604,0.0
P14,S1,lv0,7,13.226931697464392,5.429449140938467,0.2726873532509095
P14,S1,lv0,8,36.83193167541811,9.111098378903272,0.697260186431602
P14,S1,lv0,9,12.578182900035106,8.353637461600515,0.0
P14,S1,lv0,10,23.053255381444934,8.47276192608274,0.36534986732522434
P14,S1,lv0,11,7.217639227000313,5.187419921345497,0.0
P14,S1,lv0,12,6.93005179489472,10.246977572983287,0.0
P14,S1,lv0,13,9.48876544048895,6.671424741759287,0.0
P14,S1,lv0,14,52.46741882157883,10.006921380824332,0.9152607920387883
P14,S1,lv0,15,10.252543447191156,7.351514857814484,0.0
P14,S1,lv0,16,7.548399823173456,9.350321888795024,0.0
P14,S1,lv0,17,6.273818458130494,4.754762998601476,0.0
P14,S1,lv0,18,8.900458149181251,7.0467545565494945,0.0
P14,S1,lv0,19,17.68814175585646,9.034312345264434,0.0894694527840184
P14,S1,lv0,20,2.171521175025337,3.052312578376862,0.0
P14,S1,lv0,21,5.641293802289418,10.063066333767685,0.0
P14,S1,lv0,22,17.965392983559223,9.774112749009095,0.036525385828448595
P14,S1,lv0,23,9.816353944387878,6.192711762520995,0.0
P14,S1,lv0,24,10.272545154644977,6.292326210845585,0.0
P14,S1,lv0,25,8.15927156463822,7.102920269310033,0.0
P14,S1,lv0,26,7.03639846670578,3.7110924557471052,0.06256388717964438
P14,S1,lv0,27,13.045427866492393,10.168221012254971,0.0
P14,S1,lv0,28,13.241506534191776,7.282019408017048,0.027503476406271914
P14,S1,lv0,29,8.808723469202718,10.218408573962943,0.0
P14,S1,lv0,30,8.41413417890325,7.894276511866641,0.0
P14,S1,lv0,31,39.256622166572235,9.416102169475655,0.7231032082094838
P14,S1,lv0,32,10.633957714760056,9.551357691907002,0.0
P14,S1,lv0,33,6.697335755314912,5.550422906954232,0.0
P14,S1,lv0,34,3.9987217298531985,3.5364528548051917,0.0
P14,S1,lv0,35,4.492133948555589,7.397852012011944,0.0
P14,S1,lv0,36,18.195595387862223,18.468890323586333,0.0
P14,S1,lv0,37,6.502542931156699,4.1385464623900985,0.0
P14,S1,lv0,38,5.3482841537002965,4.442975264058957,0.0
P14,S1,lv0,39,4.324850726726943,7.787909856850909,0.0
P14,S1,lv0,40,35.47250054013346,8.413240693989998,0.7325361086211922
P14,S1,lv0,41,7.244573082772045,7.435246706898615,0.0
P14,S1,lv0,42,40.84405242422693,7.313363737765719,0.9681946435296473
P14,S1,lv0,43,5.015539308241533,9.962991817430208,0.0
P14,S1,lv0,44,57.840518872006776,6.13457464208106,1.407217124076017
P14,S1,lv0,45,4.020455926786037,5.855832686649956,0.0
P14,S1,lv0,46,7.347822985038277,5.684069803257185,0.0
P14,S1,lv0,47,38.08960849013718,10.465488998086833,0.6092248980674185
P14,S1,lv0,48,5.303719379158879,7.419317857044342,0.0
P14,S1,lv0,49,37.52447725443178,7.894152311903289,0.8330680064317519
P14,S1,lv0,50,15.202335419261864,6.770768159647382,0.2042945343119127
P14,S1,lv0,51,7.963128345395357,6.919288950562562,0.0
P14,S1,lv0,52,8.146113454372067,4.855979573103766,0.0
P14,S1,lv0,53,15.649295372724703,12.228520294116162,0.0
P14,S1,lv0,54,30.890686472023,5.959482097513595,0.9056668128302942
P14,S1,lv0,55,6.01727077726324,3.9163380639842647,0.0
P14,S1,lv0,56,35.042952249483484,13.05281781989684,0.35413312111935286
P14,S1,lv0,57,26.28287074853293,5.141467149834326,0.8940206524011134
P14,S1,lv0,58,10.962013255409799,5.685882245078155,0.07654669847207846
P14,S1,lv0,59,8.198710177713753,8.365844356968356,0.0
P14,S1,lv0,60,12.570248676596698,5.696802404456536,0.18970204712321434
P14,S1,lv0,61,8.222405083069914,7.786818268443926,0.0
P14,S1,lv0,62,14.234533465077655,5.730807655385379,0.28894842097185325
P14,S1,lv0,63,26.868573172798968,8.01511213380582,0.5402896476132917
P14,S1,lv0,64,3.5901505666270443,6.381072180006647,0.0
P14,S1,lv0,65,3.493829288362002,9.885867884336406,0.0
P14,S1,lv0,66,7.326453209609239,6.74643630180347,0.0
P14,S1,lv0,67,3.6386032569441933,3.44202394328198,0.0
P14,S1,lv0,68,9.147390535940222,9.953858555066489,0.0
P14,S1,lv0,69,4.52773935715513,5.001859435785294,0.0
P14,S1,lv0,70,4.360262458222377,4.125946197673219,0.0
P14,S1,lv0,71,4.570949920259138,5.990855371054019,0.0
P14,S1,lv0,72,37.40583490889804,6.230064399726612,1.0288743073014093
P14,S1,lv0,73,13.516368690490822,8.528192759177038,0.0
P14,S1,lv0,74,23.1738168313486,4.893889659539603,0.8298525847523334
P14,S1,lv0,75,9.911996992177674,6.286062280918308,0.0
P14,S1,lv0,76,8.756925431820695,7.582167149443605,0.0
P14,S1,lv0,77,8.5024430777986,5.145700762336493,0.0
P14,S1,lv0,78,4.665896064667483,9.181544463588535,0.0
P14,S1,lv0,79,8.84007042773577,6.525213170975585,0.0
P14,S1,lv0,80,4.365531570217559,6.296479174211412,0.0
P14,S1,lv0,81,10.269393031426532,9.713973483219691,0.0
P14,S1,lv0,82,3.5858226430005065,8.612862243714472,0.0
P14,S1,lv0,83,18.80602489665335,8.078900391575042,0.23454712190204083
P14,S1,lv0,84,6.899953914206013,5.576512579993892,0.0
P14,S1,lv0,85,6.000752235743512,10.419185012886464,0.0
P14,S1,lv0,86,35.09900285675706,9.517702770115568,0.6202578973803418
P14,S1,lv0,87,6.79914395709132,4.024931932804901,0.0
P14,S1,lv0,88,16.17617279180445,12.454844343949869,0.0
P14,S1,lv0,89,6.126497149255893,4.86477646078368,0.0
P14,S1,lv0,90,3.5637501429862057,4.796384136601446,0.0
P14,S1,lv0,91,7.277960235147295,6.238402426613379,0.0
P14,S1,lv0,92,22.688462728244367,5.497166595112978,0.7146569493208454
P14,S1,lv0,93,6.863944699641775,4.731059855502622,0.0
P14,S1,lv0,94,5.373828239708336,6.46660026519948,0.0
P14,S1,lv0,95,5.351390166805843,3.7085970178773184,0.0
P14,S1,lv0,96,4.241575883483796,6.022484925077404,0.0
P14,S1,lv0,97,11.225243911939392,8.508786395904256,0.0
P14,S1,lv0,98,49.20782645671297,11.995079766773783,0.70957032703135
P14,S1,lv0,99,5.626693368349472,6.269969341139223,0.0
P14,S1,lv0,100,6.270237446716883,4.330559991205137,0.0
P14,S1,lv0,101,8.207602292806682,3.3951589194716876,0.2662263209037391
P14,S1,lv0,102,40.41026818194455,8.706806660364256,0.8130384808852419
P14,S1,lv0,103,2.4834420710566643,3.140659811567771,0.0
P14,S1,lv0,104,3.99926808159699,8.100584203948957,0.0
P14,S1,lv0,105,4.493561547456516,5.292927055759621,0.0
P14,S1,lv0,106,21.712260066322035,6.058069810774868,0.596337704549654
P14,S1,lv0,107,9.144868700240371,5.477659741168511,0.0
P14,S1,lv0,108,5.059119549086642,3.877454180521062,0.0
P14,S1,lv0,109,2.5555853332575187,2.1393922560348657,0.0
P14,S1,lv0,110,44.045960956694024,12.32467396585912,0.5939439088149985
P14,S1,lv0,111,12.3860591413122,9.535423979364003,0.0
P14,S1,lv0,112,34.88948124981408,3.9844161369867246,1.3452195645269456
P14,S1,lv0,113,3.6926339038888787,3.8235850024581968,0.0
P14,S1,lv0,114,19.898188057973126,7.42034440209233,0.35315456510403437
P14,S1,lv0,115,4.3387793642645445,7.89916226363248,0.0
P14,S1,lv0,116,3.4780336665997384,6.117445801684646,0.0
P14,S1,lv0,117,36.68120174573618,12.024300521271297,0.461240941952789
P14,S1,lv0,118,7.44677635728786,6.722737170255657,0.0
P14,S1,lv0,119,2.2300454203852684,4.481592758250916,0.0
P14,S1,lv0,120,13.307210949310521,4.868531572197345,0.3691753449172705
P14,S1,lv0,121,8.826512752600783,4.688256164236659,0.05663622590121637
P14,S1,lv0,122,6.988927231226171,7.783226693379828,0.0
P14,S1,lv0,123,6.6554102541941,4.874232923125095,0.0
P14,S1,lv0,124,14.669630164584671,5.828446848360048,0.3000263230695514
P14,S1,lv0,125,18.15734453634969,8.825585197088547,0.1310130658967608
P14,S1,lv0,126,16.612027466831222,17.894423414383578,0.0
P14,S1,lv0,127,61.51198897379331,13.93229784707031,0.7711588042665106
P14,S1,lv0,128,44.855929689604544,10.644528279841586,0.7320823928265033
P14,S1,lv0,129,16.969102771009304,14.257520944787563,0.0
P14,S1,lv0,130,4.206738433009271,7.649185655853019,0.0
P14,S1,lv0,131,4.356916468756744,4.936568352922577,0.0
P14,S1,lv0,132,6.15259489443091,5.8916651394439725,0.0
P14,S1,lv0,133,6.8786709686257055,4.186144896081553,0.0
P14,S1,lv0,134,6.3179241884156,4.64685043941543,0.0
P14,S1,lv0,135,7.6704509259120695,7.7546200779353835,0.0
P14,S1,lv0,136,73.87069550879974,18.26290342148151,0.6977400720646368
P14,S1,lv0,137,15.806060533738652,9.287286100591878,0.0
P14,S1,lv0,138,9.229127604372897,8.76956150936198,0.0
P14,S1,lv0,139,6.238454006530129,7.815709856452092,0.0
P14,S1,lv0,140,9.962193613336138,6.094517424120547,0.0
P14,S1,lv0,141,13.50364501399981,3.8420736895037315,0.5799581691006533
P14,S1,lv0,142,6.311812599059493,5.87309762959985,0.0
P14,S1,lv0,143,5.812267169846724,5.139914721562643,0.0
P14,S1,lv0,144,5.230844253295019,7.0223060258511,0.0
P14,S1,lv0,145,9.685078121506562,5.681846328030486,0.0
P14,S1,lv0,146,35.98118742874223,7.457021106362869,0.845616903671716
P14,S1,lv0,147,4.192385789118802,5.850756587088618,0.0
P14,S1,lv0,148,8.693201273311644,4.866938185290575,0.012521049694808448
P14,S1,lv1,0,78.93817121316667,9.363628662447985,1.3133946270384553
P14,S1,lv1,1,51.32696830267965,7.643656309453969,1.1226829023991958
P14,S1,lv1,2,7.670251709869565,6.682088939431356,0.0
P14,S1,lv1,3,16.117073108367997,6.705118346057539,0.26144596533890146
P14,S1,lv1,4,7.85252825129146,3.864442871222252,0.12061600918372148
P14,S1,lv1,5,68.51184008367825,9.302627599884948,1.2001183818383394
P14,S1,lv1,6,29.024487067990933,10.425253938581744,0.38459633435691976
P14,S1,lv1,7,4.38276560878283,6.07903734237456,0.0
P14,S1,lv1,8,73.1704111789223,10.334036387651762,1.1671206961021252
P14,S1,lv1,9,12.531752605707378,7.145069555138863,0.0
P14,S1,lv1,10,8.650664407560763,8.91287789549387,0.0
P14,S1,lv1,11,101.47318012099451,21.31710982815511,0.8342528298707128
P14,S1,lv1,12,1.9373360875549925,6.5095472380982,0.0
P14,S1,lv1,13,49.88345681185069,9.604497517164408,0.9073323875159167
P14,S1,lv1,14,8.10006542557558,9.747778537704548,0.0
P14,S1,lv1,15,97.19958925716111,21.57772275630924,0.787994597928575
P14,S1,lv1,16,6.134536739349716,7.3724496461313125,0.0
P14,S1,lv1,17,6.108431166081783,7.472069957259746,0.0
P14,S1,lv1,18,10.572690357227886,8.676949956677042,0.0
P14,S1,lv1,19,4.0628177304427835,5.586514290769123,0.0
P14,S1,lv1,20,5.183129797192067,9.668473282079756,0.0
P14,S1,lv1,21,9.431116090911708,9.470018559857602,0.0
P14,S1,lv1,22,7.812482322523063,10.628026068155624,0.0
P14,S1,lv1,23,43.154761702018384,11.885468861085613,0.6072278382742791
P14,S1,lv1,24,12.697151708992976,4.786085885011779,0.3441522729175881
P14,S1,lv1,25,3.903696039322154,5.46885065010508,0.0
P14,S1,lv1,26,8.583320538242981,3.9658359151350253,0.17350263411455616
P14,S1,lv1,27,11.403423278752033,10.836011558512155,0.0
P14,S1,lv1,28,6.423251624141902,3.396298817808135,0.06044129797392054
P14,S1,lv1,29,4.0467137739908035,5.701316664502033,0.0
P14,S1,lv1,30,8.914703456417996,5.1254307087464905,0.0
P14,S1,lv1,31,27.926101925464376,6.943158774895599,0.6930124620859266
P14,S1,lv1,32,8.179898362533043,11.902470829064772,0.0
P14,S1,lv1,33,6.7701944451826686,5.7780745329056415,0.0
P14,S1,lv1,34,8.843035584354771,5.828804378833628,0.0
P14,S1,lv1,35,5.022727429553263,4.696888224122397,0.0
P14,S1,lv1,36,41.47235797588595,10.277090545211957,0.6957830839214157
P14,S1,lv1,37,29.714551115534846,10.319530664821638,0.412839334365119
P14,S1,lv1,38,3.712257673291372,4.686803363489045,0.0
P14,S1,lv1,39,6.397288286528305,5.4607064202726745,0.0
P14,S1,lv1,40,39.670451382433484,10.813462433483606,0.6158948637249226
P14,S1,lv1,41,8.370153292793269,4.938808536555237,0.0
P14,S1,lv1,42,35.97559739803488,8.836602968816615,0.7031841420923186
P14,S1,lv1,43,7.647566874774656,4.416424342924474,0.0
P14,S1,lv1,44,56.80958284277589,9.221249934421417,1.0504648227409388
P14,S1,lv1,45,10.388910488536043,10.710872087712772,0.0
P14,S1,lv1,46,72.82498795713109,25.73487864967256,0.3982636845138845
P14,S1,lv1,47,9.505152538355526,16.202778963232177,0.0
P14,S1,lv1,48,2.532425211118984,3.738822010485418,0.0
P14,S1,lv1,49,17.21626140183253,6.614889823300219,0.32811217931308695
P14,S1,lv1,50,9.271802090523364,8.10860831738864,0.0
P14,S1,lv1,51,26.956818272543533,5.692533864669614,0.8298904407316748
P14,S1,lv1,52,123.87652195977188,14.81012528103815,1.3068072316468644
P14,S1,lv1,53,3.307329900386319,2.0190125296352828,0.0
P14,S1,lv1,54,15.0782642619106,4.183035567518961,0.6011423167375505
P14,S1,lv1,55,3.911195767626075,4.1931305269045165,0.0
P14,S1,lv1,56,42.72384085472354,6.651036814960224,1.0854982980618069
P14,S1,lv1,57,69.68949561016775,8.007809148574138,1.3400536365046418
P14,S1,lv1,58,10.516812222452282,5.181137592830954,0.11972107383006302
P14,S1,lv1,59,82.5756778888119,27.17756552675809,0.457878073870041
P14,S1,lv1,60,30.6194497861944,7.07021546224989,0.7549976833535071
P14,S1,lv1,61,12.558716365434965,4.7949053098071035,0.33341857479686177
P14,S1,lv1,62,77.59263833421043,16.527879316043087,0.8226331992422977
P14,S1,lv1,63,5.380918810509271,8.128368011567431,0.0
P14,S1,lv1,64,9.036359573787957,4.39872749493555,0.12977307898080354
P14,S1,lv1,65,87.70948108527428,14.324232548554194,1.0453367025435916
P14,S1,lv1,66,72.07973475032996,8.02434470068839,1.3665954129215294
P14,S1,lv1,67,10.126809668607079,7.178649608297993,0.0
P14,S1,lv1,68,12.272398744938426,8.134538280584277,0.0
P14,S1,lv1,69,135.49178306693705,8.96079377815713,1.803160216402895
P14,S1,lv1,70,128.82700842097464,12.4423808943193,1.4856953001183384
P14,S1,lv1,71,86.71484694424005,8.687108794601912,1.4550318603397727
P14,S1,lv1,72,4.360046444669306,7.352685661755955,0.0
P14,S1,lv1,73,4.413468407029037,9.70248961808651,0.0
P14,S1,lv1,74,63.371351727650286,13.690564545076716,0.8107969681939236
P14,S1,lv1,75,30.07736989145529,6.060809884607229,0.8691649214840362
P14,S1,lv1,76,27.433552539854762,9.951682065541926,0.37631075536546577
P14,S1,lv1,77,9.025744911998506,7.720668504306945,0.0
P14,S1,lv1,78,21.086944690504144,9.07594856043978,0.23295824379775665
P14,S1,lv1,79,10.434852658834826,6.6849459781826495,0.0
P14,S1,lv1,80,9.47723898332786,3.9600839571964226,0.25777395379631746
P14,S1,lv1,81,48.62280621076484,5.221777392136274,1.3967431402505166
P14,S1,lv1,82,58.11471164458582,12.162123300604994,0.837445057124748
P14,S1,lv1,83,7.758426778477861,4.661197255810381,0.0
P14,S1,lv1,84,150.79622781269376,10.308497020651357,1.7754190384771362
P14,S1,lv1,85,111.06567871301839,10.207022813060185,1.5273463267295035
P14,S1,lv1,86,10.967779157319043,6.370477167355837,0.0
P14,S1,lv1,87,12.423459904070565,7.061399692802173,0.0
P14,S1,lv1,88,4.866863590832317,8.276633928087266,0.0
P14,S1,lv1,89,30.4621060644398,6.102958831276348,0.8740105633980806
P14,S1,lv1,90,7.7328060271842896,5.780336781996896,0.0
P14,S1,lv1,91,3.0158109960139234,4.429818781200598,0.0
P14,S1,lv1,92,51.01727153900039,16.419693738273782,0.47662251833899993
P14,S1,lv1,93,8.490039416992182,4.058534421693794,0.14497240374543116
P14,S1,lv1,94,5.9428791109859676,3.7248076426075323,0.0
P14,S1,lv1,95,19.288896846899544,4.371559368309178,0.7706453222910872
P14,S1,lv1,96,22.20098909756261,7.101748796992021,0.481747188952983
P14,S1,lv1,97,2.3272303475040266,13.442789275809575,0.0
P14,S1,lv1,98,7.879618734457967,4.061030111984713,0.08190627152138176
P14,S1,lv1,99,18.562760683402924,8.777804655461647,0.15407610264791613
P14,S1,lv1,100,14.377189767937248,5.022261602278256,0.40794685619361265
P14,S1,lv1,101,20.454880861233473,7.774996070332341,0.33714708557729867
P14,S1,lv1,102,13.741761150660626,5.560842753357656,0.28465227282320404
P14,S1,lv1,103,23.509122661608334,7.13068752092897,0.5263335240428125
P14,S1,lv1,104,7.217093153231078,6.440699918302021,0.0
P14,S1,lv1,105,19.554985204212343,12.129656353806954,0.0
P14,S1,lv1,106,3.66379526043431,6.230589987053134,0.0
P14,S1,lv1,107,62.7323641825065,14.779992379782144,0.7381126912048659
P14,S1,lv1,108,18.815277151694307,6.631266977409953,0.40049475795760975
P14,S1,lv1,109,5.614569524475149,7.248452247282127,0.0
P14,S1,lv1,110,16.947451523509116,6.1153114468499865,0.38075097822931864
P14,S1,lv1,111,28.753560377178534,9.940231934964505,0.4166727061809062
P14,S1,lv1,112,8.780973020761976,3.7289818016459377,0.24421339967361172
P14,S1,lv1,113,23.915087163070666,9.739395735746337,0.27932108867490324
P14,S1,lv1,114,7.10106878247356,6.029873143906637,0.0
P14,S1,lv1,115,8.987609800604565,4.042016507625957,0.1961365726784021
P14,S1,lv1,116,17.128869864390428,10.882240343121834,0.0
P14,S1,lv1,117,19.185138570607414,11.718961694812029,0.0
P14,S1,lv1,118,102.70505617106382,16.599535597780235,1.0540630770448975
P14,S1,lv1,119,43.10510637195957,12.871305010798832,0.5394618095906082
P14,S1,lv1,120,69.83661478900994,9.540115505704557,1.195040794724397
P14,S1,lv1,121,5.324072107008806,4.533743748405851,0.0
P14,S1,lv1,122,9.100071355937143,9.820996210844674,0.0
P14,S1,lv1,123,57.67549868853023,14.442990695830943,0.6869918296175601
P14,S1,lv1,124,11.141724857604899,7.942126825005783,0.0
P14,S1,lv1,125,11.116760736477431,6.541571043164891,0.0
P14,S1,lv1,126,9.807054210529124,5.671284965958,0.0
P14,S1,lv1,127,12.380111455288672,6.178945942008916,0.10881706232960035
P14,S1,lv1,128,25.248338511814527,8.632383649011656,0.4259516372287586
P14,S1,lv1,129,8.14734355752824,4.882121443390586,0.0
P14,S1,lv1,130,28.121139482612644,8.689338842405457,0.5107774616823151
P14,S1,lv1,131,38.22981287947736,14.678299460766459,0.32871095323167043
P14,S1,lv1,132,8.607767324628188,4.572442757027754,0.05656754971784764
P14,S1,lv1,133,33.017576284129525,9.274244345831297,0.5907318817046087
P14,S1,lv1,134,8.12567909796322,7.207671795495785,0.0
P14,S1,lv1,135,6.234883590157022,5.046992655952871,0.0
P14,S1,lv1,136,20.02401796253093,5.215748411210604,0.6539842065294948
P14,S1,lv1,137,56.30290263815157,9.461702522456898,1.0213744265120555
P14,S1,lv1,138,7.83090107855313,4.987646485962877,0.0
P14,S1,lv1,139,14.304356414806797,6.564051940095816,0.1792467085789493
P14,S1,lv1,140,9.666759191059791,10.209181515069222,0.0
P14,S1,lv1,141,8.525979937420233,5.8108881333829645,0.0
P14,S1,lv1,142,24.96545075917089,9.761516383180204,0.3134531833906242
P14,S1,lv1,143,5.401116948252302,3.8906529219819315,0.0
P14,S1,lv1,144,6.123970386115359,7.217410563272601,0.0
P14,S1,lv1,145,10.67772174071857,12.884646539967378,0.0
P14,S1,lv1,146,5.131318633112148,6.858315366269066,0.0
P14,S1,lv1,147,54.109855967780504,12.583096050539348,0.7490603012730147
P14,S1,lv1,148,10.19849964477305,12.526849115154869,0.0
P14,S1,lv2,0,19.59931163546993,7.748470517465482,0.30419291757058825
P14,S1,lv2,1,14.53068493219902,9.10002734115813,0.0
P14,S1,lv2,2,4.5697553289837725,5.398316432869802,0.0
P14,S1,lv2,3,17.273844648951556,10.346186765959834,0.0
P14,S1,lv2,4,163.55158239288852,12.396799090356318,1.6888446804779373
P14,S1,lv2,5,9.140409600081446,10.262892084320692,0.0
P14,S1,lv2,6,73.35554953850881,12.108697740478455,1.036380747899747
P14,S1,lv2,7,5.6778914756554295,5.337974709380893,0.0
P14,S1,lv2,8,34.75750797549968,10.741831406570045,0.5106309851589135
P14,S1,lv2,9,87.4727585339062,14.546990004953079,1.030134540862443
P14,S1,lv2,10,6.0705492408864,7.520261494166279,0.0
P14,S1,lv2,11,16.21266329553903,11.257902423890075,0.0
P14,S1,lv2,12,10.305728626322392,6.5356820807083125,0.0
P14,S1,lv2,13,10.484913834775849,5.339061334317406,0.09200365675508641
P14,S1,lv2,14,6.51205470640303,7.772900270084722,0.0
P14,S1,lv2,15,7.552735518223717,6.296710923895237,0.0
P14,S1,lv2,16,18.305282264473945,8.524572400328658,0.1669072162779813
P14,S1,lv2,17,103.39224645312615,10.196490632898165,1.468194742773331
P14,S1,lv2,18,21.47327839413181,10.338715259366936,0.13897165827096847
P14,S1,lv2,19,5.400438564302025,5.644486715008189,0.0
P14,S1,lv2,20,14.11159913023118,8.583902029445289,0.0
P14,S1,lv2,21,5.92736521150323,6.117730756571431,0.0
P14,S1,lv2,22,5.581390311447501,5.785734760157572,0.0
P14,S1,lv2,23,5.256906933599324,3.7087327899541442,0.0
P14,S1,lv2,24,22.516109701767036,12.177770396358902,0.0414789462596752
P14,S1,lv2,25,49.13894764173205,7.999873600795385,1.0479764956208861
P14,S1,lv2,26,49.2828403699781,12.058544373875733,0.7064235372796495
P14,S1,lv2,27,10.090009621829044,9.90904428172127,0.0
P14,S1,lv2,28,92.11058954002857,29.65094868397669,0.4764657630767085
P14,S1,lv2,29,33.20467601899994,7.106408756756538,0.818667715379149
P14,S1,lv2,30,3.7752078019519475,3.832334085000321,0.0
P14,S1,lv2,31,7.26047305525036,9.170098858860756,0.0
P14,S1,lv2,32,7.8645726669116165,8.509685241377605,0.0
P14,S1,lv2,33,7.091200593079917,6.492186905416041,0.0
P14,S1,lv2,34,24.439127080320652,6.72921482145218,0.6074380349425017
P14,S1,lv2,35,37.34121631201521,9.081732508456478,0.7114788490819123
P14,S1,lv2,36,23.720520496725417,10.162299160291303,0.23683933920494868
P14,S1,lv2,37,47.13553323196267,7.495840167422568,1.0676374534882795
P14,S1,lv2,38,8.304224121016253,5.259718792784614,0.0
P14,S1,lv2,39,5.571205116782783,6.536164244821213,0.0
P14,S1,lv2,40,3.7453971316775343,4.803630676172064,0.0
P14,S1,lv2,41,9.99712368515478,16.04708187725183,0.0
P14,S1,lv2,42,120.37085941163159,23.313790786972824,0.9023648726477018
P14,S1,lv2,43,13.092733244680336,9.533038804730475,0.0
P14,S1,lv2,44,12.225386635549157,3.839454059392599,0.4971628697425182
P14,S1,lv2,45,7.564266966228829,5.3546006962309916,0.0
P14,S1,lv2,46,20.073306890924115,6.193551113555661,0.5119993811854796
P14,S1,lv2,47,9.868635263973523,11.814257533203463,0.0
P14,S1,lv2,48,77.23282973176053,11.688094576656246,1.109197298913364
P14,S1,lv2,49,9.498246862458693,6.081835517152714,0.0
P14,S1,lv2,50,13.658994869919976,9.839764601533535,0.0
P14,S1,lv2,51,12.625329311381636,6.185514112394321,0.12436910735970287
P14,S1,lv2,52,35.44002235746506,6.470063787180324,0.951929402127875
P14,S1,lv2,53,3.4666364123294624,4.848794414099557,0.0
P14,S1,lv2,54,6.060566279401434,4.243552512684421,0.0
P14,S1,lv2,55,2.3575119056014975,5.076597908121403,0.0
P14,S1,lv2,56,35.74053721853257,7.692520957823372,0.8139255674635792
P14,S1,lv2,57,5.676240571451932,10.169295513890127,0.0
P14,S1,lv2,58,40.875146167128214,8.662244776302245,0.8269290704646441
P14,S1,lv2,59,7.822885333697534,6.264068789938821,0.0
P14,S1,lv2,60,3.55200892525977,3.683471457362188,0.0
P14,S1,lv2,61,44.93150450956641,8.273565638935239,0.9447347822735611
P14,S1,lv2,62,3.787227105530036,3.703278308268353,0.0
P14,S1,lv2,63,31.21710882364937,9.206474201205209,0.5498723631093175
P14,S1,lv2,64,9.537539906010606,5.6411924518482,0.0
P14,S1,lv2,65,41.80452088721162,8.728842852992402,0.8393558538515017
P14,S1,lv2,66,8.309920727655667,5.323031432456418,0.0
P14,S1,lv2,67,46.14277654813851,7.895224171162351,1.0062750717298075
P14,S1,lv2,68,4.904490509215291,4.025267713608962,0.0
P14,S1,lv2,69,8.654566337216739,7.373548414122095,0.0
P14,S1,lv2,70,9.568048508454604,9.437361093941846,0.0
P14,S1,lv2,71,11.070086778284612,4.945289642643479,0.2017598905946306
P14,S1,lv2,72,33.33600998725938,14.649045766793689,0.21555194623633306
P14,S1,lv2,73,8.145170012447066,8.628189510291827,0.0
P14,S1,lv2,74,42.117025171467745,12.554843217463173,0.5408907330525583
P14,S1,lv2,75,12.797727692340304,6.25196872278195,0.12678036703209047
P14,S1,lv2,76,5.028420719691583,6.273135454694703,0.0
P14,S1,lv2,77,20.585928053759286,6.294693764603169,0.5195597275509096
P14,S1,lv2,78,57.01902381120572,10.704462783442017,0.9285137121305892
P14,S1,lv2,79,12.510421473378235,5.393656526633442,0.23154336672794779
P14,S1,lv2,80,66.12526784439227,8.966973981731984,1.2012023258934832
P14,S1,lv2,81,7.635135549573424,6.3694939254406,0.0
P14,S1,lv2,82,5.4673945631655,8.94150355981753,0.0
P14,S1,lv2,83,18.92832531741618,13.03124209808391,0.0
P14,S1,lv2,84,7.189424664747164,7.819215987173952,0.0
P14,S1,lv2,85,112.77045371883462,19.788821258285267,0.9851114134784362
P14,S1,lv2,86,46.652751687969506,17.391735641090776,0.3534342109161386
P14,S1,lv2,87,57.74505867767433,10.053666083998875,0.991703366110212
P14,S1,lv2,88,8.381206470649994,9.473752826085613,0.0
P14,S1,lv2,89,11.946566097303036,8.103634769918107,0.0
P14,S1,lv2,90,65.6530765700766,13.802765760319756,0.8336081368845286
P14,S1,lv2,91,9.345849595874231,8.825806948751918,0.0
P14,S1,lv2,92,18.813624340029875,10.305256675759907,0.030839223847138858
P14,S1,lv2,93,11.410528386433274,6.847546367899596,0.0
P14,S1,lv2,94,9.242935913004201,4.496723116987593,0.13025053910580833
P14,S1,lv2,95,94.37140411900756,15.033859426516987,1.066173939179772
P14,S1,lv2,96,32.74581852792196,6.468117503160868,0.88589831793706
P14,S1,lv2,97,4.407380717733081,4.158304084198233,0.0
P14,S1,lv2,98,74.52267453908897,8.12836783731123,1.3837394376328036
P14,S1,lv2,99,7.366481390526495,5.590394067415675,0.0
P14,S1,lv2,100,70.692875161563,10.475859376662408,1.126816710102712
P14,S1,lv2,101,24.515664823153767,7.914821506440494,0.4740173195049744
P14,S1,lv2,102,26.249435022760593,5.540700473107819,0.8302615996105681
P14,S1,lv2,103,39.19253211100186,10.266112861046633,0.6492794518282105
P14,S1,lv2,104,26.951991997993623,10.993494817477435,0.2779990908539332
P14,S1,lv2,105,6.639258632217609,6.516305631021441,0.0
P14,S1,lv2,106,10.954443829210664,8.782644275399647,0.0
P14,S1,lv2,107,14.975218648001887,8.130724233286092,0.038232868936483935
P14,S1,lv2,108,56.60073376477309,10.16351420090847,0.965813627682744
P14,S1,lv2,109,88.38863931599498,7.318833739000645,1.6147388219946626
P14,S1,lv2,110,2.3527870385206557,4.414633499458854,0.0
P14,S1,lv2,111,5.981578908694321,5.284595105414832,0.0
P14,S1,lv2,112,28.640804160008113,6.102717076959098,0.8223602244207029
P14,S1,lv2,113,3.987930460649398,4.732258742694458,0.0
P14,S1,lv2,114,25.825913431759734,6.767939764155493,0.6488970913577464
P14,S1,lv2,115,53.418278976775454,13.55152957797023,0.6761190558217393
P14,S1,lv2,116,18.91097003057556,6.460437008808282,0.4266269358968627
P14,S1,lv2,117,9.94867072841388,6.832986449740767,0.0
P14,S1,lv2,118,10.26476412517849,7.325113331685781,0.0
P14,S1,lv2,119,36.73755563264716,18.54208122575068,0.09943887274352693
P14,S1,lv2,120,5.896433205648865,5.826030843713357,0.0
P14,S1,lv2,121,4.289975914791431,5.003342103904565,0.0
P14,S1,lv2,122,42.43137446866567,8.062510911766198,0.9184025151816616
P14,S1,lv2,123,43.33669918939127,10.83955664799348,0.6879764492975586
P14,S1,lv2,124,7.323017167881347,7.075756590014343,0.0
P14,S1,lv2,125,44.50856460888778,11.158461277172322,0.6860364240778359
P14,S1,lv2,126,34.78991661899725,9.543013876938005,0.6106163617538461
P14,S1,lv2,127,131.05109217945798,16.4482518420507,1.2660595647280108
P14,S1,lv2,128,8.554482787022339,7.374796741458471,0.0
P14,S1,lv2,129,50.91322188272566,12.771844220369005,0.6855300843313507
P14,S1,lv2,130,4.76246418353901,5.3349233106763005,0.0
P14,S1,lv2,131,8.984542157395413,9.464867572866673,0.0
P14,S1,lv2,132,126.32215835718092,15.769927531775737,1.2705551485448003
P14,S1,lv2,133,10.642914530927484,6.907035803870237,0.0
P14,S1,lv2,134,4.759376240262123,6.161118090109786,0.0
P14,S1,lv2,135,8.639559981087967,8.90219791050455,0.0
P14,S1,lv2,136,8.79920646812362,5.43021803740668,0.0
P14,S1,lv2,137,163.7441709532693,16.496373595521458,1.450320285969116
P14,S1,lv2,138,14.216517945895816,11.790408551840757,0.0
P14,S1,lv2,139,45.09580195708867,9.917833360911478,0.795832602037143
P14,S1,lv2,140,123.60431651401008,23.310366211497133,0.9247103031916349
P14,S1,lv2,141,36.562878040683486,11.094688025239076,0.5259865746713158
P14,S1,lv2,142,2.6309580056088104,3.365418468466284,0.0
P14,S1,lv2,143,17.787165528886927,5.403655290300507,0.5250095103931509
P14,S1,lv2,144,7.902979022041826,4.216089008668223,0.05297488517756446
P14,S1,lv2,145,12.242175416703223,10.494945693309315,0.0
P14,S1,lv2,146,8.536885556601687,5.420395091005327,0.0
P14,S1,lv2,147,3.962605731688822,6.143182830072735,0.0
P14,S1,lv2,148,8.909709595266161,13.263460869046236,0.0
P14,S2,lv0,0,14.415217776021779,6.884058686896705,0.9840339172110055
P14,S2,lv0,1,9.505793905063074,3.6836819745492395,1.2892140528512601
P14,S2,lv0,2,32.756870827351946,9.451329254236578,1.7201049419003112
P14,S2,lv0,3,8.384825358260404,5.575065590889994,0.5005717933926347
P14,S2,lv0,4,7.698629371769504,5.880705298708683,0.2978797938774022
P14,S2,lv0,5,7.884724073210469,6.765408742832697,0.12804535819987653
P14,S2,lv0,6,3.304059039854153,1.8320929577084284,0.7658144096283608
P14,S2,lv0,7,9.410403154532405,7.53969307234162,0.22815381868958423
P14,S2,lv0,8,3.7059824208964938,4.759918940015406,0.0
P14,S2,lv0,9,50.98590195599281,5.753464627477947,3.0914910476593533
P14,S2,lv0,10,2.5231788390115293,3.8643121851272086,0.0
P14,S2,lv0,11,25.352836929934806,16.81680623934285,0.5040666049970493
P14,S2,lv0,12,9.351931955989567,6.204553810049524,0.5037562777717496
P14,S2,lv0,13,13.37769454614037,7.512423937454462,0.7473174962372575
P14,S2,lv0,14,39.674069189966595,8.260834611410509,2.1966403599469584
P14,S2,lv0,15,13.359784540816934,5.978893051370663,1.078894865642045
P14,S2,lv0,16,5.9399542255756534,3.6493819846102866,0.6160104009298573
P14,S2,lv0,17,4.593034839727465,4.930912281971698,0.0
P14,S2,lv0,18,21.643844496013184,8.897674832342844,1.2029425665964126
P14,S2,lv0,19,11.757560664851926,6.895590914917899,0.6838948990438901
P14,S2,lv0,20,5.302533588828021,6.590542249389556,0.0
P14,S2,lv0,21,69.33585589714696,11.95472617896425,2.47224015718828
P14,S2,lv0,22,3.375436802503284,2.8646338873837447,0.14408444125170974
P14,S2,lv0,23,8.607415744298702,4.6347557947503555,0.8086858902499655
P14,S2,lv0,24,17.52090197027286,7.4155123117573085,1.1604177244698435
P14,S2,lv0,25,4.962166501815045,4.927163460994595,0.0
P14,S2,lv0,26,8.63940777485247,6.220526068591156,0.3842335938827285
P14,S2,lv0,27,4.184890816836024,4.6943360198398505,0.0
P14,S2,lv0,28,32.5287911204927,14.920947960094097,1.0428800247105643
P14,S2,lv0,29,93.97279555090624,12.3134818331076,2.8731940543565675
P14,S2,lv0,30,8.8985438830206,10.873156805078153,0.0
P14,S2,lv0,31,18.018027913557372,6.997134436299484,1.286122117796304
P14,S2,lv0,32,4.428869984956505,6.911955080065734,0.0
P14,S2,lv0,33,6.224334577944978,4.563503575230641,0.35778770830031587
P14,S2,lv0,34,51.16244373744866,9.721014927464786,2.3303673719839924
P14,S2,lv0,35,38.936359964307385,6.989350422351446,2.413377734990643
P14,S2,lv0,36,6.528130886807194,7.513377909859637,0.0
P14,S2,lv0,37,48.723628420548444,4.408050073505555,3.4143060561459455
P14,S2,lv0,38,4.4835723956218265,5.057011855896621,0.0
P14,S2,lv0,39,3.8906800457535264,5.906236547296852,0.0
P14,S2,lv0,40,74.00986108469267,12.24024123207795,2.5330590286126866
P14,S2,lv0,41,13.850257794021989,10.387771875923832,0.3246254887077074
P14,S2,lv0,42,4.361718921733253,3.2690535030637005,0.3256352257555528
P14,S2,lv0,43,5.444748573358608,7.135970039764177,0.0
P14,S2,lv0,44,3.0331968933107953,2.4840723147891084,0.1961382107118967
P14,S2,lv0,45,4.522954599470549,4.493201041260251,0.0
P14,S2,lv0,46,53.50464220958151,15.624960689454804,1.702489706799764
P14,S2,lv0,47,2.84529256098978,5.068839068900428,0.0
P14,S2,lv0,48,1.945179881660466,4.912690477637542,0.0
P14,S2,lv0,49,24.31058241753449,11.181753582071218,1.0388905613551445
P14,S2,lv0,50,14.84768964068053,8.735400475305651,0.6792878184983617
P14,S2,lv0,51,3.7203116520101633,3.3694116818693987,0.0491105239493777
P14,S2,lv0,52,51.07354456479597,10.739888303841724,2.1822219114880683
P14,S2,lv0,53,9.541407541179819,8.837735941082414,0.016302361064671547
P14,S2,lv0,54,2.6485308758190507,3.1572353633786228,0.0
P14,S2,lv0,55,7.745022881896317,3.544644079337,1.0461715415416335
P14,S2,lv0,56,8.463122084981208,10.066998340238833,0.0
P14,S2,lv0,57,6.3128247916860705,4.979183324521973,0.25106363771728957
P14,S2,lv0,58,8.8517293577414,7.415331174308788,0.1630442326268767
P14,S2,lv0,59,13.438881201849505,9.08928857566215,0.47564460624019844
P14,S2,lv0,60,21.998716837885805,6.659580409717475,1.6499430439693643
P14,S2,lv0,61,9.20771123885706,4.7305139535969785,0.8772951616487463
P14,S2,lv0,62,5.993181788626674,6.158884437703522,0.0
P14,S2,lv0,63,1.4372580192119517,2.9625223220485055,0.0
P14,S2,lv0,64,11.172918386446314,4.182398780756791,1.3397858446234787
P14,S2,lv0,65,5.720713640414726,6.010090302570955,0.0
P14,S2,lv0,66,8.837440334359334,6.671355766593337,0.31512978317118157
P14,S2,lv0,67,3.9813698865750946,6.013230363707556,0.0
P14,S2,lv0,68,4.882301184427149,5.685275204133713,0.0
P14,S2,lv0,69,74.86068591848631,9.524166638271439,2.91626706178156
P14,S2,lv0,70,7.987271036631843,4.036616061416866,0.9013033985963449
P14,S2,lv0,71,38.38252155397867,9.546888862176608,1.936931137434608
P14,S2,lv0,72,6.677106969468623,5.9471989709441475,0.073498867832656
P14,S2,lv0,73,6.143601905577009,5.955567178929923,0.0
P14,S2,lv0,74,98.98734740504123,15.087445240428837,2.6523477498605135
P14,S2,lv0,75,6.707482585198757,7.556041355229547,0.0
P14,S2,lv0,76,4.915863202402401,3.5881941056033706,0.36427723226339737
P14,S2,lv0,77,12.953958817644557,6.320724759076506,0.9526142894083481
P14,S2,lv0,78,7.769593084178551,5.909952155300405,0.3040362742881738
P14,S2,lv0,79,5.644417323631161,6.445717237040632,0.0
P14,S2,lv0,80,12.15551848642764,12.17225418242625,0.0
P14,S2,lv0,81,5.714483024054567,5.925646549102531,0.0
P14,S2,lv0,82,3.0024337407668176,4.057214434990811,0.0
P14,S2,lv0,83,16.96399028070146,13.781623305930134,0.2078815292072439
P14,S2,lv0,84,10.58529940756554,6.029689815712655,0.7264865447034825
P14,S2,lv0,85,8.29164780161931,6.0067346995275805,0.3753049851725886
P14,S2,lv0,86,5.3029327863363,5.0752096190864,0.0
P14,S2,lv0,87,4.806452253978244,6.611902317487166,0.0
P14,S2,lv0,88,58.107977494395435,12.424384751421448,2.1578848728978377
P14,S2,lv0,89,16.850099657304256,10.946586343809622,0.5344761818607247
P14,S2,lv0,90,2.890260382333734,3.4316597232347696,0.0
P14,S2,lv0,91,4.448280638602295,4.648289021153259,0.0
P14,S2,lv0,92,2.8330990323543697,5.064064334169426,0.0
P14,S2,lv0,93,4.768869560129019,5.895439634626828,0.0
P14,S2,lv0,94,7.358732825642027,6.522334776010296,0.08064348199816888
P14,S2,lv0,95,3.7360189992888952,3.742789155598013,0.0
P14,S2,lv0,96,14.818931266730635,7.5433060678262045,0.8907893096797794
P14,S2,lv0,97,3.8440690668484594,5.55756858658884,0.0
P14,S2,lv0,98,6.880595640250443,5.551969787887726,0.21780859285372908
P14,S2,lv0,99,8.267309112703048,4.771266596699502,0.7073889668387077
P14,S2,lv0,100,6.0689360577185045,4.543284522814783,0.32734051373870743
P14,S2,lv0,101,4.963175836291809,3.727844163954655,0.3224944971079096
P14,S2,lv0,102,74.52603990658216,12.389710941879997,2.5254816581273074
P14,S2,lv0,103,8.566571702599688,4.210012826804203,0.942146705949686
P14,S2,lv0,104,6.740408769041004,6.574469054624047,0.0
P14,S2,lv0,105,6.619190602870207,6.658369382457103,0.0
P14,S2,lv0,106,17.157497432206576,8.9914464558944,0.8483041622767906
P14,S2,lv0,107,5.7693895204867625,6.02678289029399,0.0
P14,S2,lv0,108,6.8484404138968555,6.705755455969629,0.0
P14,S2,lv0,109,6.816994134967373,6.052969150828359,0.07803503008974311
P14,S2,lv0,110,41.00957965516781,6.377351295575537,2.623020322634509
P14,S2,lv0,111,4.15475810726085,6.038708541501563,0.0
P14,S2,lv0,112,2.17268747606497,6.568641044966459,0.0
P14,S2,lv0,113,3.4478637712505473,7.6135813054802775,0.0
P14,S2,lv0,114,55.500365215373826,8.037281300317654,2.7270964841704837
P14,S2,lv0,115,34.746385942571116,8.400807387650966,1.9783607876169604
P14,S2,lv0,116,5.004434050559494,4.296204206092546,0.12729727192008816
P14,S2,lv0,117,33.72413900225239,14.456279079999065,1.1418136918364432
P14,S2,lv0,118,8.591139971240104,4.933489451933408,0.7146749026725376
P14,S2,lv0,119,24.78273908092912,5.700716957615284,2.0511200113905486
P14,S2,lv0,120,3.507308818576855,4.641710329995839,0.0
P14,S2,lv0,121,28.880440296567023,6.032045800524447,2.1921208648170922
P14,S2,lv0,122,3.5166577654503888,6.163086272707778,0.0
P14,S2,lv0,123,4.020730364264133,6.312041592927915,0.0
P14,S2,lv0,124,9.870370863137893,8.109260950313901,0.19148237637620757
P14,S2,lv0,125,2.9727174331197457,4.540977531668852,0.0
P14,S2,lv0,126,109.59436501858335,10.908348639535525,3.2748372158286783
P14,S2,lv0,127,35.265547902368155,5.938731670764699,2.5066792208878925
P14,S2,lv0,128,4.9903214942690965,5.823863543544526,0.0
P14,S2,lv0,129,3.704006898981883,4.207331190003954,0.0
P14,S2,lv0,130,6.325790269479153,6.152657694056844,0.0
P14,S2,lv0,131,6.845912884045922,7.840822326271893,0.0
P14,S2,lv0,132,6.383252371397574,6.591909378747664,0.0
P14,S2,lv0,133,15.723257545181605,3.390459881942756,2.1455170054181503
P14,S2,lv0,134,5.254470921457703,6.923914082237339,0.0
P14,S2,lv0,135,3.208834947258688,2.4601932324389892,0.29247836594486537
P14,S2,lv0,136,4.509093907388637,2.933341283859729,0.5324678265029718
P14,S2,lv0,137,7.079937084147138,3.2269808528382833,1.0521686723021464
P14,S2,lv0,138,39.33760126217964,11.129037614471017,1.74883278953807
P14,S2,lv0,139,5.342793664233354,6.007640408785494,0.0
P14,S2,lv0,140,6.626610772329477,4.012177571865015,0.6373611312628775
P14,S2,lv0,141,61.617559144019694,7.744641607407227,2.9340147040332716
P14,S2,lv0,142,23.163663197708008,5.522736613412138,1.9987587932219866
P14,S2,lv0,143,17.779480855795196,9.342804471234682,0.8443264633452049
P14,S2,lv0,144,7.421142678915676,8.611383596988707,0.0
P14,S2,lv0,145,5.534913937750856,5.950081478141875,0.0
P14,S2,lv0,146,12.430494019306355,5.235320642354364,1.16758157925509
P14,S2,lv0,147,3.767004277547506,4.0337170633060495,0.0
P14,S2,lv0,148,7.266719338699455,5.6288222194181285,0.2774856785998452
P14,S2,lv1,0,77.41595085618923,17.519662548651105,2.0749509009203004
P14,S2,lv1,1,31.538072656054684,11.757879291342137,1.3457225190401718
P14,S2,lv1,2,42.36623290158108,8.94559341465021,2.1762160279995646
P14,S2,lv1,3,20.802346717318848,5.566729150766337,1.8301045387421409
P14,S2,lv1,4,7.437727821063869,7.07294563897409,0.0
P14,S2,lv1,5,6.698701995418484,6.137186154615977,0.03227935048495383
P14,S2,lv1,6,6.392095901608387,4.017613218982574,0.5827488341927184
P14,S2,lv1,7,6.565761503120092,6.027128450487045,0.029431354251755977
P14,S2,lv1,8,4.186913786962501,4.642856909915852,0.0
P14,S2,lv1,9,7.962649489646662,7.447617003998337,0.0020703358181641067
P14,S2,lv1,10,14.31382513863229,4.924470741355344,1.4630792646507662
P14,S2,lv1,11,8.029104765027746,4.736484451502183,0.6753690234616452
P14,S2,lv1,12,50.484091363532514,6.41821125491331,2.9173222957978697
P14,S2,lv1,13,17.586237683837584,10.155863442617466,0.7064659667746284
P14,S2,lv1,14,97.59331302436463,19.892069460323672,2.2277783330657153
P14,S2,lv1,15,8.747968771741531,11.364060378642352,0.0
P14,S2,lv1,16,11.247856807440044,4.652312795415947,1.1940054152917394
P14,S2,lv1,17,10.157287860458801,4.916142168640784,0.9644464818095236
P14,S2,lv1,18,27.444053034820243,6.5899109659204775,1.9883846869287805
P14,S2,lv1,19,13.163958742574168,5.569979599675165,1.1608133149267885
P14,S2,lv1,20,28.817027977283672,3.8121450053837758,2.8592636266525004
P14,S2,lv1,21,17.767703933093124,6.631238264612068,1.3441433798886926
P14,S2,lv1,22,5.126434596847622,5.0885446701108465,0.0
P14,S2,lv1,23,9.84092369316817,7.213611239113157,0.35808571426227903
P14,S2,lv1,24,28.088495215782025,5.732317163886138,2.2259558136872477
P14,S2,lv1,25,11.527723440859692,5.4661859115874085,0.9944023037388708
P14,S2,lv1,26,85.07973069102157,6.558280643309116,3.64822243009897
P14,S2,lv1,27,17.94039754313946,6.666257175077454,1.3505790717605484
P14,S2,lv1,28,12.573514604906357,9.249369602650889,0.3529105315401418
P14,S2,lv1,29,8.521666812468466,4.974572649858917,0.6906996155139326
P14,S2,lv1,30,10.163278218792923,6.078870337406124,0.6551870429969675
P14,S2,lv1,31,37.716663705801935,3.7458870047547266,3.2780305777163186
P14,S2,lv1,32,33.37916490477477,6.314413762117407,2.336767539518784
P14,S2,lv1,33,43.29650085863415,14.104085860731537,1.5428364893503674
P14,S2,lv1,34,10.330660276989507,18.812248133282264,0.0
P14,S2,lv1,35,8.137695333029484,4.235950253762866,0.8581467754183503
P14,S2,lv1,36,9.348406814843681,7.742287338688834,0.17976393222391118
P14,S2,lv1,37,3.5549043642615734,3.8804090942059926,0.0
P14,S2,lv1,38,7.605078642552342,5.87672370713631,0.28100934736051975
P14,S2,lv1,39,36.68960003370015,9.511622135064258,1.876442294774629
P14,S2,lv1,40,12.39284236369675,16.954725733089635,0.0
P14,S2,lv1,41,40.23883786227647,7.376353433926384,2.382718922842037
P14,S2,lv1,42,85.26368973884495,8.798463019102527,3.22212285311064
P14,S2,lv1,43,19.674535535579587,9.31634869482689,0.9964191420112044
P14,S2,lv1,44,14.362373981954253,4.682107041143053,1.5417501644580414
P14,S2,lv1,45,47.67232452656993,8.66958942361567,2.3943707997256443
P14,S2,lv1,46,7.687275960740959,8.363623747831253,0.0
P14,S2,lv1,47,28.397816468819066,14.705581465803508,0.8657222289421239
P14,S2,lv1,48,42.86304153133696,13.099468880860606,1.6360809360969808
P14,S2,lv1,49,5.539606406617081,4.338942858904144,0.261253254600093
P14,S2,lv1,50,12.12553418565167,6.9844394334538915,0.7102104813201259
P14,S2,lv1,51,40.17273661788713,13.643991408499188,1.481894807340456
P14,S2,lv1,52,75.46140428159316,8.306511327343452,3.1277695997494384
P14,S2,lv1,53,49.308128435015774,9.750504786159786,2.2720144150482247
P14,S2,lv1,54,9.252775560228972,7.247645925966783,0.2611862561434239
P14,S2,lv1,55,24.48218820414515,8.103347201273822,1.5195532603756592
P14,S2,lv1,56,8.277105043422356,5.440558782970459,0.5173593595042576
P14,S2,lv1,57,57.32253251251876,11.968923448347292,2.192561837110451
P14,S2,lv1,58,4.291373005895725,7.896199535777975,0.0
P14,S2,lv1,59,4.890515240785692,3.0770891964024543,0.5811994605310925
P14,S2,lv1,60,3.46713205890546,2.3117821445747695,0.49646628604614035
P14,S2,lv1,61,4.094016532743246,4.7891592546019295,0.0
P14,S2,lv1,62,16.66491591451602,7.420887886561038,1.0861891726632846
P14,S2,lv1,63,44.402635627334305,10.318760221865528,2.0361902489693957
P14,S2,lv1,64,40.07664170563905,8.867978564791189,2.107786482060079
P14,S2,lv1,65,4.376568617304286,8.623175617979799,0.0
P14,S2,lv1,66,11.09536453794252,11.396139538402704,0.0
P14,S2,lv1,67,7.550613611193852,4.637677018653689,0.6164072153125207
P14,S2,lv1,68,96.43102357170581,14.44723402367828,2.6774675778232386
P14,S2,lv1,69,31.970616910829975,8.804806789776256,1.7881229958302434
P14,S2,lv1,70,6.23188052839106,3.9440348055652192,0.5726688068273238
P14,S2,lv1,71,10.952530281230834,5.143077508445856,1.0086379680958013
P14,S2,lv1,72,16.715458511174205,8.915525586375495,0.8225622401565813
P14,S2,lv1,73,9.076050196042827,9.154848227644822,0.0
P14,S2,lv1,74,62.561484977723566,10.098176921131703,2.5685938815701097
P14,S2,lv1,75,15.804609774308378,8.077268887310478,0.8849503398906982
P14,S2,lv1,76,96.11789994576988,13.533545645488633,2.768152882837195
P14,S2,lv1,77,6.467707652906714,4.417023393585178,0.46147521113549705
P14,S2,lv1,78,14.7397976546618,7.677465998577943,0.8572152028848998
P14,S2,lv1,79,14.232223862805794,10.64493253609348,0.32864299701967625
P14,S2,lv1,80,9.744936411327943,5.943786519109419,0.626612646238779
P14,S2,lv1,81,5.7792941524441535,7.067413940107279,0.0
P14,S2,lv1,82,6.26745211422828,6.699637948565307,0.0
P14,S2,lv1,83,54.92048940697829,7.515093308685642,2.809886482690478
P14,S2,lv1,84,3.63090750100921,4.687012565904371,0.0
P14,S2,lv1,85,2.5752917390152166,4.813268131621966,0.0
P14,S2,lv1,86,25.155834319507207,11.780331868289004,1.012640029682153
P14,S2,lv1,87,41.21921871199707,9.153530881487535,2.1025540905675912
P14,S2,lv1,88,10.355436944514063,6.312813515573946,0.6273851404132369
P14,S2,lv1,89,4.243287601525733,3.287718412033148,0.277105588850668
P14,S2,lv1,90,4.496064702890196,4.281179573049338,0.0
P14,S2,lv1,91,5.225085708005647,8.911885078177175,0.0
P14,S2,lv1,92,8.366748250910732,6.5121425635610395,0.2704622591036949
P14,S2,lv1,93,13.916558754075966,5.593413490370147,1.235896162302951
P14,S2,lv1,94,18.161624470247187,5.536188840597459,1.6398296871666562
P14,S2,lv1,95,5.63327888531244,3.8295577599541972,0.4681753652620283
P14,S2,lv1,96,95.28136272547442,12.78838729563924,2.8381145286951788
P14,S2,lv1,97,5.413800292212405,4.0214252631915,0.338708219593339
P14,S2,lv1,98,7.108626384583005,7.411165899248654,0.0
P14,S2,lv1,99,23.16508769943888,7.489509139814351,1.5538447417799055
P14,S2,lv1,100,78.1656841309629,13.328678209114152,2.4884218774178426
P14,S2,lv1,101,4.570175577650286,5.651907328096812,0.0
P14,S2,lv1,102,14.426008547404772,5.236529894243705,1.384728577938185
P14,S2,lv1,103,23.216260668159407,7.672138972043499,1.5218742451696887
P14,S2,lv1,104,24.577735261356384,9.040364544948709,1.3653989214180147
P14,S2,lv1,105,4.766678726211126,3.5683322984323986,0.3273673018748027
P14,S2,lv1,106,21.415548805853376,7.513674432918986,1.4344235245984598
P14,S2,lv1,107,9.362026708005905,5.349597337902951,0.7219140587308306
P14,S2,lv1,108,53.400447432588855,7.952515303244378,2.686240958250421
P14,S2,lv1,109,9.753151154350542,6.778570218237036,0.43586517986474915
P14,S2,lv1,110,41.90848796122729,9.15950456390938,2.1258266669652643
P14,S2,lv1,111,11.62181156211491,8.484774349647669,0.36397340334146466
P14,S2,lv1,112,78.43444511897907,13.353738257449544,2.4906920486772837
P14,S2,lv1,113,60.42767117423397,18.622662782608852,1.6238534326372547
P14,S2,lv1,114,127.91771224500233,13.11492282806601,3.231566674250142
P14,S2,lv1,115,9.575821601558161,9.200804882227603,0.0
P14,S2,lv1,116,28.825102203384862,7.1141349303408,1.9482904994911958
P14,S2,lv1,117,4.745845099927429,5.2848303707635536,0.0
P14,S2,lv1,118,5.594070209194531,3.1329364284423407,0.7512702315277424
P14,S2,lv1,119,9.129795330984287,5.368245538643632,0.6801374996210199
P14,S2,lv1,120,5.177117309631135,6.533359580996318,0.0
P14,S2,lv1,121,36.977999452253094,5.6317712949023315,2.6534726195495715
P14,S2,lv1,122,8.342833774863648,7.837295300273575,0.0
P14,S2,lv1,123,8.650115518873124,6.398153454582553,0.34491418921036
P14,S2,lv1,124,5.633899206163528,7.619234533431102,0.0
P14,S2,lv1,125,109.80001839591661,12.793852377685939,3.044670839259117
P14,S2,lv1,126,20.499761177739288,5.444221765546055,1.841207029320589
P14,S2,lv1,127,16.825746593992623,9.606376161613188,0.7231450558466039
P14,S2,lv1,128,19.727830860970553,6.718966893497538,1.4778142444292799
P14,S2,lv1,129,6.411648853357427,10.397626952573793,0.0
P14,S2,lv1,130,50.18567387997438,7.229917109962438,2.7346974945669955
P14,S2,lv1,131,9.081278694386429,6.5159900677984925,0.38931176058882805
P14,S2,lv1,132,35.5706323543118,10.970439025000088,1.622755209723099
P14,S2,lv1,133,26.11069404901114,8.550917565501896,1.5350928954507348
P14,S2,lv1,134,8.853565198378593,6.925322276590838,0.26321499695751177
P14,S2,lv1,135,14.844023813918799,11.062152624255825,0.33396472904134883
P14,S2,lv1,136,22.566169867056033,9.592519665423612,1.1540599925022772
P14,S2,lv1,137,56.171247838723495,9.34837915908575,2.523903724998304
P14,S2,lv1,138,10.845741722677914,4.764802016370472,1.1059240192625386
P14,S2,lv1,139,41.29041833754205,8.389127738554762,2.232461777494129
P14,S2,lv1,140,11.343348795802527,9.159728108690766,0.2167314335358652
P14,S2,lv1,141,42.05178100941324,14.215836306610042,1.4886960505056899
P14,S2,lv1,142,7.248188285077459,3.1417773326803915,1.1255664479651297
P14,S2,lv1,143,7.80868289459934,6.485350954793399,0.17564681115494957
P14,S2,lv1,144,63.74598158475407,12.731492486877913,2.257490552032864
P14,S2,lv1,145,28.5017455276858,13.318048466632401,1.0158343496274047
P14,S2,lv1,146,6.064123544915258,3.2515776585180127,0.8148345427655368
P14,S2,lv1,147,12.096021569373066,5.352283741020155,1.0954598782567468
P14,S2,lv1,148,14.912640874344243,11.827976832461527,0.24291854232096483
P14,S2,lv2,0,9.938265216883192,7.9252102618599904,0.23503318686474695
P14,S2,lv2,1,21.478992775801427,9.288572957914198,1.1289665680939607
P14,S2,lv2,2,9.818741393766194,7.418891300173239,0.3137992022523634
P14,S2,lv2,3,7.762323354196328,5.371663158937779,0.44217568035309307
P14,S2,lv2,4,5.653776699230885,6.739826533799981,0.0
P14,S2,lv2,5,3.7555814656568436,2.8873163999465525,0.2884576607543216
P14,S2,lv2,6,7.307359165221004,8.299842489504016,0.0
P14,S2,lv2,7,16.291908703643056,5.804777798114827,1.4119193223827127
P14,S2,lv2,8,33.575303191297294,4.850342608555506,2.7306647969144313
P14,S2,lv2,9,96.44556028063359,28.23238040665308,1.698998981752748
P14,S2,lv2,10,17.709674071662384,5.138851104944844,1.7118136773428676
P14,S2,lv2,11,157.27643000235355,17.084253339899288,3.1471488328515504
P14,S2,lv2,12,95.10970397102857,10.972442370521003,3.059203178449871
P14,S2,lv2,13,12.27537876755432,6.037719200529443,0.9409302691601766
P14,S2,lv2,14,25.34295826893339,5.29234636646402,2.1923558787522706
P14,S2,lv2,15,76.27035660715556,8.369259913264006,3.132352535761703
P14,S2,lv2,16,7.141344264723518,4.714833277961083,0.5108967312438732
P14,S2,lv2,17,135.1083160568627,15.766496392731566,3.0424703839335585
P14,S2,lv2,18,12.391596564315865,6.527264155889055,0.8408089923671214
P14,S2,lv2,19,16.87185186325355,8.73656599315862,0.8657869623055919
P14,S2,lv2,20,8.207522653551381,5.104759411655212,0.5980925123440121
P14,S2,lv2,21,97.83832779973733,19.623272447655516,2.251315254891246
P14,S2,lv2,22,8.628587145198308,4.802251743302829,0.7604140241720236
P14,S2,lv2,23,18.687735716611563,6.331515022290759,1.4854570909186116
P14,S2,lv2,24,34.692769755376894,14.410681939154241,1.1877947185490292
P14,S2,lv2,25,185.60513501025886,7.326123928323293,4.625958737093321
P14,S2,lv2,26,13.889936995195011,4.644544635417294,1.5046569565903456
P14,S2,lv2,27,45.20024903434316,8.140755880269163,2.408525921714635
P14,S2,lv2,28,88.04934541050869,13.858138467513369,2.6054496303141184
P14,S2,lv2,29,8.414656323379655,7.476616186343268,0.07704893893304232
P14,S2,lv2,30,130.30928472016063,10.457627587493597,3.5893794976971294
P14,S2,lv2,31,58.60875846187946,11.852475137679,2.239259633441749
P14,S2,lv2,32,147.11848873440854,22.26979693805878,2.6623949498780006
P14,S2,lv2,33,23.70187204537729,12.06921405391624,0.8902797385565647
P14,S2,lv2,34,5.619621342043806,7.145577648468624,0.0
P14,S2,lv2,35,68.34495990736474,12.1872154176862,2.4230766450743277
P14,S2,lv2,36,6.406149593269801,5.0053045588043314,0.26485767670528837
P14,S2,lv2,37,11.265804859491254,6.952929709970892,0.6093861209309043
P14,S2,lv2,38,29.4132774292662,6.572884204556752,2.0933927058477244
P14,S2,lv2,39,35.068786301463284,7.813878238170573,2.0976532650912008
P14,S2,lv2,40,5.39631214201695,5.05075624925437,0.0010625578261823341
P14,S2,lv2,41,52.63786693322644,8.052144014167334,2.6470425395365496
P14,S2,lv2,42,66.00713760020051,14.960891510533447,2.0726929379757935
P14,S2,lv2,43,66.88106271812738,8.112025420384313,2.986052277591831
P14,S2,lv2,44,14.562085572345238,4.8281543585695985,1.5170529043595213
P14,S2,lv2,45,75.24070250601451,17.09946440206256,2.068780736536213
P14,S2,lv2,46,10.975200155250086,9.365341555611042,0.1361058373118075
P14,S2,lv2,47,40.4609575740648,8.085089790029661,2.2567432043975826
P14,S2,lv2,48,40.20181250678359,13.025720695631767,1.5506939652288687
P14,S2,lv2,49,50.29594176629316,15.538569304936656,1.6202470825995487
P14,S2,lv2,50,3.4597775592553823,3.2834652692473987,0.0
P14,S2,lv2,51,53.76336589236258,12.46731595463961,2.03932600475433
P14,S2,lv2,52,8.794422206563972,6.7911720373981,0.2819987324669593
P14,S2,lv2,53,20.493978992125328,4.233306513623278,2.208291114543113
P14,S2,lv2,54,108.62903636115682,31.3355654655317,1.7204375218341053
P14,S2,lv2,55,12.693630802428075,7.169109944568139,0.7389738111593707
P14,S2,lv2,56,15.52379193153454,5.692372112635039,1.369935143165118
P14,S2,lv2,57,7.3998785242118155,8.905540070220667,0.0
P14,S2,lv2,58,129.9854223322073,18.914914662067158,2.7200449571491667
P14,S2,lv2,59,52.09832515035526,8.802271281193605,2.501876238409548
P14,S2,lv2,60,24.381304181686726,9.453616237212088,1.2883822262737186
P14,S2,lv2,61,57.32787792566988,11.349710038770613,2.27029789476788
P14,S2,lv2,62,9.652506701837162,12.34381955424917,0.0
P14,S2,lv2,63,5.313942892541297,6.846412077396768,0.0
P14,S2,lv2,64,8.332314262988255,5.753888782147558,0.4452743154518677
P14,S2,lv2,65,6.809763689239833,6.208081445844282,0.03952215081613377
P14,S2,lv2,66,27.95655579311151,14.785112235481803,0.834966258411541
P14,S2,lv2,67,6.2243652073186375,5.440372539866041,0.10104881887494675
P14,S2,lv2,68,71.97495011112879,9.466126321927423,2.867771237261412
P14,S2,lv2,69,106.3967196577573,7.921633502009999,3.6989370456122765
P14,S2,lv2,70,115.19751923954475,18.931906676374535,2.5423061622843566
P14,S2,lv2,71,74.42068088929975,12.868668593945072,2.4680079629583034
P14,S2,lv2,72,65.4972613701286,12.412983046947083,2.334091940621966
P14,S2,lv2,73,20.830591543397524,8.28785136528757,1.250711965816867
P14,S2,lv2,74,14.530322042074966,9.229714021871924,0.5673159896311004
P14,S2,lv2,75,22.26652425871839,8.506121153260862,1.3101176201173024
P14,S2,lv2,76,16.850795879632475,7.290268771571076,1.1283340818634546
P14,S2,lv2,77,54.99787657923956,9.470935958373312,2.474038935676748
P14,S2,lv2,78,5.144695127534873,4.940674809868197,0.0
P14,S2,lv2,79,173.7637879290777,22.261035709028075,2.906132779785762
P14,S2,lv2,80,14.572383492597256,9.523547313853964,0.5257579474134924
P14,S2,lv2,81,8.76082105180545,4.471329615157419,0.8869311317538939
P14,S2,lv2,82,4.441958181311974,6.510995740661786,0.0
P14,S2,lv2,83,3.9923070539790193,3.902494899289194,0.0
P14,S2,lv2,84,4.430265944914338,4.179943261174644,0.0
P14,S2,lv2,85,3.8407045696219657,5.081254687197204,0.0
P14,S2,lv2,86,16.5077941991915,4.547118449048366,1.787859262085404
P14,S2,lv2,87,58.49933318295649,9.605928144172866,2.543526519024341
P14,S2,lv2,88,5.541453069785598,7.1077824501993865,0.0
P14,S2,lv2,89,91.07722401639401,10.19780899660489,3.1028676660903787
P14,S2,lv2,90,13.006125470569692,7.647859944018622,0.6800680185287798
P14,S2,lv2,91,65.0101568191738,6.1546143019142665,3.3479998828271667
P14,S2,lv2,92,6.969278302969211,3.8912210045248314,0.7557289804044992
P14,S2,lv2,93,121.24607627584162,14.552559870060739,3.0013716779057478
P14,S2,lv2,94,211.20804101592304,13.651533111865918,3.905515659944599
P14,S2,lv2,95,121.09750733248826,13.424616736341775,3.1174334817845035
P14,S2,lv2,96,4.007165120815252,3.504408270973166,0.1002284828076724
P14,S2,lv2,97,14.224395766070261,7.226591645836864,0.8936321026046204
P14,S2,lv2,98,66.32131343595061,6.109928620989495,3.3878137621826623
P14,S2,lv2,99,9.4523623254426,4.5459688130887415,0.9737320341515205
P14,S2,lv2,100,40.33918293846913,6.06721661611267,2.6717680143118443
P14,S2,lv2,101,166.3287498537937,18.713178571322402,3.09586073656027
P14,S2,lv2,102,19.27703477605706,6.607824660102766,1.4684125374800003
P14,S2,lv2,103,15.278932478672731,8.97437014207612,0.6816859899363856
P14,S2,lv2,104,12.35081192342177,7.978340786975698,0.542747862049209
P14,S2,lv2,105,102.59834953814726,12.182071946858414,3.0171501455824767
P14,S2,lv2,106,11.555800037276956,6.119319868555886,0.8330753065694563
P14,S2,lv2,107,44.70954040729827,11.579406014596549,1.8778736334828172
P14,S2,lv2,108,16.833780716777934,8.488164518805416,0.9046229540130639
P14,S2,lv2,109,11.291186363341588,5.569040297965766,0.9368845880526252
P14,S2,lv2,110,5.440976060761117,4.036469287852547,0.3405680783682866
P14,S2,lv2,111,4.453932232580275,5.604391127584382,0.0
P14,S2,lv2,112,9.634327556267554,5.184823343644161,0.8094982718015362
P14,S2,lv2,113,13.76791606957838,9.300912518340656,0.4773581276707142
P14,S2,lv2,114,3.3708184909897945,4.690459336173768,0.0
P14,S2,lv2,115,85.21339857598238,8.782520809584037,3.223910246742744
P14,S2,lv2,116,75.25598633604244,9.847742124730756,2.8751554224243265
P14,S2,lv2,117,9.729804038566627,4.721445035084321,0.9606651933990084
P14,S2,lv2,118,82.19612537015749,17.46456186370853,2.167076922327574
P14,S2,lv2,119,40.44465190673659,6.3990666590575564,2.597791445384981
P14,S2,lv2,120,64.69785604973465,11.187488741095736,2.467998731707222
P14,S2,lv2,121,4.715322692066049,4.713132690318628,0.0
P14,S2,lv2,122,70.43112535432309,12.10130927082446,2.477332746412821
P14,S2,lv2,123,61.45645139068197,13.12818611153258,2.159236669068466
P14,S2,lv2,124,103.77523329378019,12.753402789344113,2.96685871086507
P14,S2,lv2,125,6.794128178707222,3.7905852227415635,0.7568240442254137
P14,S2,lv2,126,7.898733499428301,5.006183561678713,0.5705574993984036
P14,S2,lv2,127,21.199679703665637,6.559632651692894,1.6179862749718594
P14,S2,lv2,128,23.31713784793399,8.975421915895268,1.2990159900090743
P14,S2,lv2,129,5.4164720343658015,5.889610459117202,0.0
P14,S2,lv2,130,7.716625234050486,5.705402391482592,0.34549903465116044
P14,S2,lv2,131,34.9434958291601,8.601965124010542,1.9520574714114463
P14,S2,lv2,132,5.195071903597691,3.306357881844789,0.5644727463987695
P14,S2,lv2,133,2.1595307254822522,3.8212326826917664,0.0
P14,S2,lv2,134,4.975560202113131,3.2556151639681734,0.5239990243892817
P14,S2,lv2,135,3.6319721590024585,5.020490900262174,0.0
P14,S2,lv2,136,61.17710581241707,7.9008573942125375,2.8943627782631878
P14,S2,lv2,137,8.023834214132188,6.817271413032527,0.14243796874757164
P14,S2,lv2,138,4.780559978953066,4.662862567245009,0.0
P14,S2,lv2,139,4.990434920060718,6.338447286690684,0.0
P14,S2,lv2,140,99.87449520003643,15.854752444764205,2.5929164277778805
P14,S2,lv2,141,20.650315867009823,5.173156435341373,1.926502065795698
P14,S2,lv2,142,85.24506505821942,12.200932494097168,2.7442158056485333
P14,S2,lv2,143,75.3482643307551,12.808063799284504,2.4929988254353566
P14,S2,lv2,144,4.494488462927349,3.9531707335296526,0.09186031849483081
P14,S2,lv2,145,148.07720848309825,11.075304420562157,3.692273891421159
P14,S2,lv2,146,4.445794286129455,5.543466625853031,0.0
P14,S2,lv2,147,63.121604935151176,6.7931979161544165,3.1607248321257058
P14,S2,lv2,148,37.92522769935607,6.200489528026335,2.5498859052124923
P15,S1,lv0,0,6.708177586910112,4.849456567341778,4.621050330732573
P15,S1,lv0,1,4.049066785821755,7.029478874752161,3.0446666270471607
P15,S1,lv0,2,6.653130345837429,6.707561997910916,4.022571969411733
P15,S1,lv0,3,3.8454299899338826,5.977070557966259,3.2436401511242328
P15,S1,lv0,4,9.981623810340512,6.947481877599318,4.689256074546257
P15,S1,lv0,5,3.619653508649376,9.275101054927113,2.344128767673826
P15,S1,lv0,6,4.323879931242629,6.624624018027327,3.2695591255097143
P15,S1,lv0,7,25.28932713805804,10.848483556801261,5.560122920023067
P15,S1,lv0,8,4.81975524803432,5.007324369188018,3.9685367092815196
P15,S1,lv0,9,9.021842840402345,14.306790950737161,3.207580258493267
P15,S1,lv0,10,6.360767110440985,4.174972715000218,4.794832103238287
P15,S1,lv0,11,6.889674298360462,6.716521218706662,4.0830327839397755
P15,S1,lv0,12,8.599713205750223,7.675168263395877,4.241888392752877
P15,S1,lv0,13,1.7583095648928804,6.339067332649603,1.7297894601534902
P15,S1,lv0,14,4.979476687020089,9.051560566905977,2.96192145661418
P15,S1,lv0,15,7.53539270254814,16.19569220958395,2.6604913967794515
P15,S1,lv0,16,24.83590085888841,11.327273038101827,5.449858450580428
P15,S1,lv0,17,4.738042037482269,4.665870701181851,4.064852273966455
P15,S1,lv0,18,7.551831174989112,9.014497943774064,3.718669519150876
P15,S1,lv0,19,7.842186419845403,26.520681367006762,1.8448965220179236
P15,S1,lv0,20,4.476724001145234,11.887968460303085,2.2799278927869073
P15,S1,lv0,21,5.358894417517609,13.250062721566835,2.408384510827643
P15,S1,lv0,22,6.982856377094595,10.340940213462183,3.33071486028157
P15,S1,lv0,23,4.829632345210546,12.953311482885004,2.262031922232495
P15,S1,lv0,24,7.69790852940176,23.137621010654193,2.05703217642272
P15,S1,lv0,25,13.218302152770034,10.462632944583804,4.457906441766641
P15,S1,lv0,26,4.432202166518726,27.177111015254408,0.7741569623855029
P15,S1,lv0,27,8.163215402348085,21.52783978751985,2.292391012332075
P15,S1,lv0,28,3.711975674857888,5.805475272777001,3.23249846114061
P15,S1,lv0,29,6.916679385259134,14.922023757268754,2.6537113094815785
P15,S1,lv0,30,8.799713886459735,16.25832613735314,2.9326396685018032
P15,S1,lv0,31,6.76439699035296,11.974581612927082,3.0096028698317583
P15,S1,lv0,32,4.161490125981123,14.978567122260412,1.732725397831584
P15,S1,lv0,33,5.99924025046306,11.499868329322894,2.8663934856219457
P15,S1,lv0,34,17.390869673340248,14.878577507677138,4.3179724482868895
P15,S1,lv0,35,6.1258948044908985,17.311465549232864,2.1679925492290675
P15,S1,lv0,36,10.195572623178961,15.564103307159291,3.276085109876111
P15,S1,lv0,37,4.971952172824528,12.501312445705034,2.378197806449785
P15,S1,lv0,38,5.034750306638427,10.283341903167146,2.752209456031521
P15,S1,lv0,39,3.6722151165423167,6.4327812599140834,3.0284980738600975
P15,S1,lv0,40,16.896065858653824,15.878460243201896,4.149003750543938
P15,S1,lv0,41,1.661373673877313,15.50070896838187,0.018858900869078578
P15,S1,lv0,42,6.366213402333479,18.852064539062372,2.0838310192431044
P15,S1,lv0,43,10.481407473918138,19.783637559666637,2.894194306223489
P15,S1,lv0,44,5.184184074951777,5.513545796036613,3.9264015865686477
P15,S1,lv0,45,5.273832180445554,20.121234262454244,1.627875115293914
P15,S1,lv0,46,9.308218026048573,14.576908441719166,3.230152524722623
P15,S1,lv0,47,3.8672047276275086,11.146789761147081,2.1324097621747575
P15,S1,lv0,48,3.1363125164669543,4.886517973558226,3.2393449672745107
P15,S1,lv0,49,6.043206611890917,12.761437334787423,2.692234023589578
P15,S1,lv0,50,5.700136313555987,6.6119990642654685,3.7702174505258994
P15,S1,lv0,51,6.92922858975801,8.41052921985912,3.6886351577026377
P15,S1,lv0,52,2.9454112992508463,9.112730154205732,2.0050083002357733
P15,S1,lv0,53,4.995667211789016,10.71269901913898,2.6645857434217577
P15,S1,lv0,54,3.3810360833759705,5.974457710527285,3.012845194010008
P15,S1,lv0,55,13.395914099912263,9.390158744942022,4.676518562713091
P15,S1,lv0,56,10.686486086840823,13.973065839633508,3.554735458588466
P15,S1,lv0,57,4.03044864389982,8.766496033956352,2.6390339298531402
P15,S1,lv0,58,2.9934770780438815,14.37968808150569,1.2133729392745716
P15,S1,lv0,59,5.858878871559897,11.634589879927464,2.8028378128414797
P15,S1,lv0,60,2.422464577602815,16.356303221518864,0.6007910999249579
P15,S1,lv0,61,3.1203632938324657,9.19251620662892,2.0931468119868484
P15,S1,lv0,62,5.815741420724005,6.503198091280118,3.8361997706358886
P15,S1,lv0,63,5.653725991835984,12.185906394933916,2.6553975746792924
P15,S1,lv0,64,14.611407290799114,24.03591567703104,3.141614496252353
P15,S1,lv0,65,3.0139221099926505,16.904826794371186,0.9345176261323571
P15,S1,lv0,66,3.723911558408623,7.187063621643159,2.8541483367549736
P15,S1,lv0,67,8.280750404882033,6.370393618459269,4.509151971608938
P15,S1,lv0,68,4.795452429314901,11.340732042369133,2.4884766711550963
P15,S1,lv0,69,5.357426758786782,10.41786212832241,2.8405992812046583
P15,S1,lv0,70,26.745559230149688,5.576690814507376,6.858199789014758
P15,S1,lv0,71,6.352390531612399,25.89188864437022,1.508974093959123
P15,S1,lv0,72,6.687652394677563,12.483118426581745,2.914235307769729
P15,S1,lv0,73,6.768830691235924,5.912067234612782,4.280743766326428
P15,S1,lv0,74,3.470448952762166,9.765358646801412,2.1757061128073474
P15,S1,lv0,75,8.446323961869334,22.38126689222256,2.2837826485798685
P15,S1,lv0,76,2.43245377512298,19.78467835245594,0.2657898782975511
P15,S1,lv0,77,7.083008674726498,8.006067673049738,3.8168115405247756
P15,S1,lv0,78,14.871497420183994,11.169166053969343,4.552367186246817
P15,S1,lv0,79,20.20173334328815,7.817814553789206,5.745466787919526
P15,S1,lv0,80,4.6724236470692855,11.23341904260562,2.4588190018423366
P15,S1,lv0,81,31.288439452924113,8.115791042962472,6.465337885308019
P15,S1,lv0,82,5.029495663819439,7.259929664556881,3.376782288539381
P15,S1,lv0,83,9.529037805081826,9.087024615841763,4.122695329219497
P15,S1,lv0,84,4.481422050431728,13.885478733757886,2.0023465375115745
P15,S1,lv0,85,2.840207084109479,13.596964048504793,1.2195113686650454
P15,S1,lv0,86,7.997402477540315,7.427508169949608,4.170252330174205
P15,S1,lv0,87,11.297470623791392,16.328669473673187,3.3744554872134813
P15,S1,lv0,88,12.716073811619525,16.618934212176356,3.5555916495719173
P15,S1,lv0,89,3.197558763066846,25.247158901218985,0.31919679746044527
P15,S1,lv0,90,2.6596487666763284,10.736042896185642,1.5264026211637003
P15,S1,lv0,91,3.409222508077597,8.646809601307025,2.3625703407384417
P15,S1,lv0,92,13.351534672985169,18.45370619401077,3.454903675935776
P15,S1,lv0,93,2.722953394646844,13.11777672474002,1.2082085139165128
P15,S1,lv0,94,3.0372683273700924,20.9465462654921,0.5626677291663567
P15,S1,lv0,95,3.6059544618454575,12.053481262209043,1.86584120026691
P15,S1,lv0,96,4.570768255361551,7.203078076126102,3.2188415599190314
P15,S1,lv0,97,9.702395081659224,5.680321486496546,5.000540188656698
P15,S1,lv0,98,4.884395319476641,8.17250956397948,3.1110546085465334
P15,S1,lv0,99,2.140489000844405,8.892725433864967,1.4746052605132502
P15,S1,lv0,100,3.6252473426510257,5.358567003084256,3.3340952345519836
P15,S1,lv0,101,3.512763564906738,13.86800506689961,1.5664042148980757
P15,S1,lv0,102,6.850512674416045,11.36631899532003,3.1261682540541216
P15,S1,lv0,103,26.342902381451367,8.75659215113276,6.01901911122246
P15,S1,lv0,104,6.529934979188519,6.737008001283882,3.9810595172028798
P15,S1,lv0,105,4.557568158145508,12.233961813187687,2.2605105133119068
P15,S1,lv0,106,7.981774153763021,11.920574630642001,3.3155060328763493
P15,S1,lv0,107,3.593002405679548,6.3487823479500705,3.012910469399483
P15,S1,lv0,108,4.709506533826004,24.648646898962838,1.0590648965062235
P15,S1,lv0,109,1.6739200358190007,9.0006194390236,1.0105071477907344
P15,S1,lv0,110,2.1387564435010167,12.0525480173564,0.9260704156713369
P15,S1,lv0,111,6.971366449137129,3.665110774801644,5.194127831716522
P15,S1,lv0,112,15.4681250149163,6.534165592553979,5.587796241025889
P15,S1,lv0,113,5.631619305512913,8.38116438687008,3.32183131953903
P15,S1,lv0,114,5.135201584333472,18.719604209059046,1.7098644827269185
P15,S1,lv0,115,5.092511590582499,8.508093353860454,3.113724497779644
P15,S1,lv0,116,4.914549919536491,25.173164860964295,1.0978597234330585
P15,S1,lv0,117,7.169563754448228,11.049256446701696,3.258982856032296
P15,S1,lv0,118,2.6796471375077724,13.788094426313526,1.089687069750495
P15,S1,lv0,119,3.7901599579425467,8.898310524969492,2.501575167301947
P15,S1,lv0,120,5.404768826629697,11.02668233567203,2.7542337910568775
P15,S1,lv0,121,2.260353054646509,13.74952998447435,0.7885426078560769
P15,S1,lv0,122,10.135551538266533,15.532033217227838,3.2691725070416187
P15,S1,lv0,123,5.606438428763572,10.649911136701531,2.8827079044800032
P15,S1,lv0,124,5.420710189397558,10.16364985733473,2.9061805841653445
P15,S1,lv0,125,9.225414686053492,18.234040913379765,2.8112878951558975
P15,S1,lv0,126,3.751117109310615,10.381231543233568,2.205595955881887
P15,S1,lv0,127,3.97709283994076,11.792448204090306,2.0815086896563693
P15,S1,lv0,128,28.906975665422987,13.564525600683995,5.398663633253325
P15,S1,lv0,129,8.698990918517124,7.473282064271433,4.310504897791528
P15,S1,lv0,130,3.5652335651493874,21.330214135132383,0.8183912770828145
P15,S1,lv0,131,4.153693548929173,11.697589188343915,2.174217165414351
P15,S1,lv0,132,3.105040185341937,13.752182878735526,1.3594981138192233
P15,S1,lv0,133,16.09622970268271,23.68730413707966,3.342048204050208
P15,S1,lv0,134,4.578130133866237,11.045771037572925,2.452446190140069
P15,S1,lv0,135,3.948523895352101,12.573566428533566,1.9531313249862903
P15,S1,lv0,136,4.110039549673216,15.208184987759829,1.6829662519855615
P15,S1,lv0,137,7.053598284070811,20.060965418800315,2.1564878298453283
P15,S1,lv0,138,4.972580444340033,8.197574848364075,3.1377408676368366
P15,S1,lv0,139,3.6502843383855104,10.417122688318887,2.1503560660296617
P15,S1,lv0,140,11.096558981468926,6.485865245271233,5.003499910922343
P15,S1,lv0,141,3.9457171812693583,9.91746029089776,2.3788364727313764
P15,S1,lv0,142,1.7697445503710387,29.419007856225004,0.0
P15,S1,lv0,143,9.093411896519592,16.667059658565037,2.947037742207362
P15,S1,lv0,144,2.2437026511579425,8.003774115571211,1.7488500304745207
P15,S1,lv0,145,2.6534279767303643,8.964616449504982,1.8466495157469758
P15,S1,lv0,146,5.716922035324202,8.512292134994993,3.320948081453698
P15,S1,lv0,147,3.6549868182355776,20.31072356568781,0.9512523018286313
P15,S1,lv0,148,8.065271466383367,8.043982060750531,4.041989082008438
P15,S1,lv1,0,7.67045650831259,3.790953815937287,5.30533785340001
P15,S1,lv1,1,3.580244953063529,5.544451334835097,3.2502594062205907
P15,S1,lv1,2,8.135669820236712,5.2608737137849495,4.8216779838765875
P15,S1,lv1,3,37.21082362509614,10.596461640302945,6.297355454089706
P15,S1,lv1,4,7.18958406391369,17.20531629920435,2.4671502582114013
P15,S1,lv1,5,4.496230749311771,5.7232321989390345,3.603061165656859
P15,S1,lv1,6,2.615016078578792,5.63273498587823,2.6565498924355206
P15,S1,lv1,7,2.617089301267675,9.997009105146335,1.625707278620818
P15,S1,lv1,8,7.032440819756472,3.8250377405484492,5.132973118123648
P15,S1,lv1,9,7.272155263012659,6.74841254958448,4.171726062808191
P15,S1,lv1,10,10.531092689479197,4.263892894366703,5.664111422709071
P15,S1,lv1,11,4.188665946256209,9.406036959498014,2.581616912254019
P15,S1,lv1,12,5.9246040792466355,5.603428807397145,4.137520049738799
P15,S1,lv1,13,10.613919465583363,10.537763425989828,4.05019022579389
P15,S1,lv1,14,3.9778582920516237,7.796748508407488,2.8263391649363214
P15,S1,lv1,15,3.83637315771663,4.066763788374987,3.93229508424791
P15,S1,lv1,16,15.779453502202573,12.828321997656031,4.409793800084442
P15,S1,lv1,17,22.930043963082728,8.412282301402477,5.84153719631966
P15,S1,lv1,18,5.213711201433746,4.73481772955283,4.210597857732743
P15,S1,lv1,19,7.039021607086466,7.8729895413348485,3.835762743844914
P15,S1,lv1,20,4.1384933488699565,6.173682356074899,3.317559943777223
P15,S1,lv1,21,7.0650468947716965,5.552165339920977,4.470824664833114
P15,S1,lv1,22,7.627945034796853,9.509017268308735,3.640617536155228
P15,S1,lv1,23,4.619475793337279,7.945355993963841,3.0614361235453926
P15,S1,lv1,24,17.1017626258649,7.474796687535196,5.526452590304317
P15,S1,lv1,25,3.7437909586261973,8.555793190302238,2.5500555174865593
P15,S1,lv1,26,1.490598544439678,9.290306991123671,0.7448000814381163
P15,S1,lv1,27,33.40010865847114,6.385182789500433,7.014394115864566
P15,S1,lv1,28,3.2537596732082674,7.029070376033073,2.651298600329101
P15,S1,lv1,29,2.1367275623190043,5.086848074371301,2.4765107907645505
P15,S1,lv1,30,11.72687891808595,6.3684102564450535,5.135794794148322
P15,S1,lv1,31,12.6710703343466,10.371877193710356,4.397504518060857
P15,S1,lv1,32,23.94588747582315,5.559568958727888,6.664775664102618
P15,S1,lv1,33,5.314020167106095,8.49409626186515,3.193298799956911
P15,S1,lv1,34,3.528896058894203,5.580024118325262,3.212758218274681
P15,S1,lv1,35,10.986080219985322,12.870739462139262,3.7523472589550066
P15,S1,lv1,36,34.15522591597675,17.426054124348678,5.248101855938998
P15,S1,lv1,37,4.352344239682372,7.411478402762452,3.079413473128305
P15,S1,lv1,38,2.7794152962488057,8.908934288473668,1.9413291429323336
P15,S1,lv1,39,25.921562833098978,7.871777549648656,6.181678572836152
P15,S1,lv1,40,3.584329985759752,6.06343212460194,3.091308762180441
P15,S1,lv1,41,5.6286873726978,5.335569080378827,4.13346351783359
P15,S1,lv1,42,8.396798864032354,12.79191318056193,3.2797755339658714
P15,S1,lv1,43,5.474491711923809,8.416200396141196,3.263407975420719
P15,S1,lv1,44,9.475447813349465,12.483610750982471,3.541130628210191
P15,S1,lv1,45,13.88386818260129,12.763409044652008,4.188639536234779
P15,S1,lv1,46,7.955126617106616,7.255115600450574,4.202970544878982
P15,S1,lv1,47,3.525479386830909,6.985505850444064,2.8068023030655658
P15,S1,lv1,48,2.7061071292251477,7.220710603946731,2.271278532452779
P15,S1,lv1,49,9.352058380260823,5.881467903340191,4.871752240255938
P15,S1,lv1,50,6.64296870978939,8.475517269665445,3.598871483267359
P15,S1,lv1,51,3.5518243986988063,3.5938220274060426,4.016082073221957
P15,S1,lv1,52,2.411080022702338,5.678984841716062,2.4957371952641765
P15,S1,lv1,53,3.200521585029269,4.632085838905475,3.3720265210093556
P15,S1,lv1,54,2.0097289780570926,5.360521161057779,2.2719639493636823
P15,S1,lv1,55,4.929491453479254,9.944300138615151,2.774517131440508
P15,S1,lv1,56,3.2991581070459906,4.661284726990752,3.415336240144166
P15,S1,lv1,57,32.83589500577778,13.024694356883147,5.701044148754099
P15,S1,lv1,58,9.03166869895506,10.669870607526226,3.7373058852374976
P15,S1,lv1,59,5.159390645968485,11.050213352271143,2.6667946712205395
P15,S1,lv1,60,4.96057764584303,9.765173506075813,2.818535569334606
P15,S1,lv1,61,5.315192922055855,8.125081896659664,3.2736148306632997
P15,S1,lv1,62,6.1237330583641425,5.159736574375204,4.345436684621307
P15,S1,lv1,63,8.31375054815265,11.50938644628694,3.451991999399042
P15,S1,lv1,64,2.652331389970815,6.033088350970294,2.558494228071567
P15,S1,lv1,65,9.64776246072934,11.68668380391733,3.692255206988514
P15,S1,lv1,66,29.402769408690226,7.263518720984594,6.553123458302102
P15,S1,lv1,67,7.545984327668789,8.183936675656232,3.891202273036327
P15,S1,lv1,68,8.75056653835642,7.024757016141899,4.432509684619427
P15,S1,lv1,69,15.206589815584426,3.4326188719358224,6.715390144190644
P15,S1,lv1,70,18.438740646751548,8.95391030195616,5.337015529003195
P15,S1,lv1,71,15.197834318213282,7.701617312970904,5.260289618283702
P15,S1,lv1,72,3.2724111142328245,5.528617026095525,3.0936367433369263
P15,S1,lv1,73,47.83806789281595,6.150999463000504,7.72806549039889
P15,S1,lv1,74,8.568497966507039,6.542925413323914,4.522531447232695
P15,S1,lv1,75,3.0180083452672886,4.431296702857061,3.3461129716402565
P15,S1,lv1,76,46.809539887870145,4.2657691305844025,8.34750380207884
P15,S1,lv1,77,6.359350369918235,7.728800455108071,3.6863112405544465
P15,S1,lv1,78,3.4743950818075233,10.165541313257162,2.10548484110706
P15,S1,lv1,79,12.875606752821314,3.1278590276359957,6.583282905995605
P15,S1,lv1,80,1.5523637353052169,8.40711271506053,0.9975983832868801
P15,S1,lv1,81,16.551316094681606,7.717317938126454,5.410132252619762
P15,S1,lv1,82,3.57596271531408,4.686968670052545,3.550417105737751
P15,S1,lv1,83,8.490008553807014,4.598561833173717,5.140495980803539
P15,S1,lv1,84,4.851491398576934,4.589127981579411,4.1372698927689315
P15,S1,lv1,85,10.013757186546618,8.371808834924531,4.359477947811252
P15,S1,lv1,86,4.434604744106889,7.272760407066335,3.14710110907708
P15,S1,lv1,87,5.465065614197958,4.746593934129586,4.290848962268883
P15,S1,lv1,88,2.759163689585245,4.5638262921021235,3.1317413118204085
P15,S1,lv1,89,16.808780513575805,15.95630678804832,4.130884191675646
P15,S1,lv1,90,9.727763590159192,8.521733289267054,4.2754023494530315
P15,S1,lv1,91,2.836416427059468,3.99248188189497,3.4220876699786245
P15,S1,lv1,92,4.444856013883007,5.046217344749707,3.8089115017257362
P15,S1,lv1,93,17.681495236938485,11.555518492683294,4.8025951126613
P15,S1,lv1,94,11.73875385543394,11.027528515604383,4.149693994995973
P15,S1,lv1,95,5.965779368028846,7.883022709605237,3.535806204689961
P15,S1,lv1,96,14.73937317302546,17.37396493981772,3.7413298276700795
P15,S1,lv1,97,7.175290719743236,8.197421831206693,3.7976026660749302
P15,S1,lv1,98,3.9556429504416677,11.296242597096917,2.1491303453615758
P15,S1,lv1,99,6.296333800357177,16.09757395864319,2.348184766572216
P15,S1,lv1,100,3.4606752651639234,9.508421352529162,2.2186082794907547
P15,S1,lv1,101,7.833104111508159,11.97452952488951,3.2735491801355256
P15,S1,lv1,102,4.692066412992961,4.820127470100672,3.988781655580037
P15,S1,lv1,103,7.7085921274709115,6.864687288728217,4.2458585483044216
P15,S1,lv1,104,8.424060636407122,6.094383188416252,4.6197255580170955
P15,S1,lv1,105,8.639740607162448,8.734609828975568,4.017583027173527
P15,S1,lv1,106,6.620544914271346,7.649509636175573,3.7772926304976924
P15,S1,lv1,107,5.468163668223735,4.613093002475766,4.343201760261989
P15,S1,lv1,108,3.65983018065077,9.17918944010953,2.382694235275624
P15,S1,lv1,109,4.735759070432073,6.926381364289791,3.3531297792867707
P15,S1,lv1,110,7.74856001476587,8.583650634262412,3.853065958010217
P15,S1,lv1,111,5.941127920953943,8.228955509384873,3.45107790549475
P15,S1,lv1,112,5.5739351214111,5.788731662921209,3.9691964296303857
P15,S1,lv1,113,6.296074283407888,21.00996096665969,1.8688941080915007
P15,S1,lv1,114,4.543312460125964,6.249794271818624,3.4634356534452055
P15,S1,lv1,115,2.6839482069477216,5.077067094351546,2.890249077312909
P15,S1,lv1,116,10.25051084803706,5.713990263535342,5.088789142363209
P15,S1,lv1,117,12.803353140897586,13.314378299946556,3.9668113884964793
P15,S1,lv1,118,20.903645715585228,10.708559955261302,5.240780332472393
P15,S1,lv1,119,6.504761516205992,9.666687886097147,3.3244197599233645
P15,S1,lv1,120,3.876985145958714,6.4485497345815395,3.121730318874966
P15,S1,lv1,121,2.898433862034064,7.731748448959754,2.271778332720141
P15,S1,lv1,122,9.735680641484558,5.708896854598368,4.997673476828031
P15,S1,lv1,123,8.602042563554397,5.770783501527465,4.755517571182627
P15,S1,lv1,124,4.264638724246448,4.191734672333956,4.068258982599788
P15,S1,lv1,125,5.041237861293148,4.949925417174218,4.0701237011860165
P15,S1,lv1,126,6.6711562555496435,10.422585350565425,3.234397311033026
P15,S1,lv1,127,14.030559618068922,14.928940029712159,3.925558839578195
P15,S1,lv1,128,6.906642189648793,8.066855451369545,3.7578303656443617
P15,S1,lv1,129,19.414144754825852,9.4755374146605,5.32788360071814
P15,S1,lv1,130,30.928773752220618,15.788118864665963,5.247166376791972
P15,S1,lv1,131,1.9342725951863966,4.86638841121294,2.3771188346877286
P15,S1,lv1,132,32.308328334214806,7.845860370414464,6.583918382461967
P15,S1,lv1,133,7.050806349234097,8.505419534613342,3.6997449354374834
P15,S1,lv1,134,7.889666153144437,6.384018824767774,4.418255609345613
P15,S1,lv1,135,5.231122192188657,5.313577407518716,4.009092304441438
P15,S1,lv1,136,11.960822471245896,10.2796437553415,4.309781822334154
P15,S1,lv1,137,6.069875204229487,9.286780605139963,3.2720540698713796
P15,S1,lv1,138,7.586479795186495,10.100093210598065,3.522301668993324
P15,S1,lv1,139,3.504851486488067,5.800946033864011,3.13059131743475
P15,S1,lv1,140,6.763652826657922,6.472231296037168,4.116480328777221
P15,S1,lv1,141,4.938605369343832,7.485581938401881,3.2888925673700866
P15,S1,lv1,142,4.770994017036422,5.8917517077266846,3.657573439914199
P15,S1,lv1,143,6.747485315538147,3.026267066294416,5.480021183768242
P15,S1,lv1,144,5.5215338554308095,4.797554867768722,4.290130078359188
P15,S1,lv1,145,13.346721641417046,9.170042373235376,4.712579866051169
P15,S1,lv1,146,2.178437525933926,8.501886882322792,1.5870986581122393
P15,S1,lv1,147,5.464050272072107,7.777844381304085,3.401903903981048
P15,S1,lv1,148,8.547077624507105,8.012699375377201,4.153402081933291
P15,S1,lv2,0,4.920805588698919,6.218056293739208,3.6162128961469584
P15,S1,lv2,1,6.771102083054325,10.067278907816746,3.323564525385174
P15,S1,lv2,2,3.343135051600091,8.100621284710789,2.444754416793751
P15,S1,lv2,3,13.284311880345657,5.885306661902679,5.502125996294811
P15,S1,lv2,4,15.056248510200064,6.519178320424881,5.543366679351339
P15,S1,lv2,5,10.71693371804267,8.29430426660651,4.498326567032233
P15,S1,lv2,6,3.7948280158093093,6.93821454489314,2.951497839943461
P15,S1,lv2,7,6.1281268946096406,15.090591174440156,2.415693975623014
P15,S1,lv2,8,4.187685014143047,5.29431478570067,3.6153125501089254
P15,S1,lv2,9,5.245996250746044,3.354658222232845,4.841748462162332
P15,S1,lv2,10,6.289802836611738,7.5198209772152,3.7158472146129364
P15,S1,lv2,11,3.1908806701630144,6.02402541707567,2.893822705938058
P15,S1,lv2,12,4.812269849553907,5.028206710780562,3.958251715465793
P15,S1,lv2,13,10.435413316945866,5.440059812151285,5.209354621096969
P15,S1,lv2,14,5.7019869733972595,10.741949748521815,2.89763165507273
P15,S1,lv2,15,4.5512172017965264,3.851789293231309,4.337466590174655
P15,S1,lv2,16,8.122369484717874,5.535022456966222,4.727329862954377
P15,S1,lv2,17,6.717548071498299,7.491301055777974,3.841069738141203
P15,S1,lv2,18,3.4979706640721364,6.107833176638863,3.0342970983777313
P15,S1,lv2,19,5.777285606184279,8.378539574871342,3.3683447159252924
P15,S1,lv2,20,9.389423212706138,9.182724024330524,4.077286576024757
P15,S1,lv2,21,32.15047810274709,12.27920194074444,5.769140836821135
P15,S1,lv2,22,1.6118393543313008,3.917645698699475,2.4392067658652046
P15,S1,lv2,23,7.371742849503936,13.14050297998536,2.9971297094979152
P15,S1,lv2,24,3.069034596984202,11.89134998636372,1.6001116057567242
P15,S1,lv2,25,6.718162100648481,7.382319307869754,3.8676029588923173
P15,S1,lv2,26,9.886859464205129,4.820083880482346,5.329911059741148
P15,S1,lv2,27,3.433035431295383,6.578131377440815,2.8671075828905326
P15,S1,lv2,28,4.12248968399015,6.514500483205754,3.2139003445677012
P15,S1,lv2,29,14.392914100053487,7.000674670716788,5.334075224344676
P15,S1,lv2,30,13.726955338783485,11.491274374706435,4.3571091975007805
P15,S1,lv2,31,8.817463779168763,5.447648899457317,4.9037087446071
P15,S1,lv2,32,5.260037413309998,8.400164180415057,3.194935505126372
P15,S1,lv2,33,5.47313339080331,7.042674884814121,3.5835517735242948
P15,S1,lv2,34,5.704935660523374,5.312608209205181,4.165434458282131
P15,S1,lv2,35,8.98481583933644,4.078510172931125,5.45836467181248
P15,S1,lv2,36,4.5634869690062905,4.911223362432612,3.9050962790815205
P15,S1,lv2,37,7.71031617911446,9.01822319702996,3.7552969368741222
P15,S1,lv2,38,15.372018085010078,6.104893507041511,5.698854397872483
P15,S1,lv2,39,4.798690838156642,7.53301147167016,3.225814734667701
P15,S1,lv2,40,3.9164429539719454,6.255356754052098,3.194681376710125
P15,S1,lv2,41,6.039534446931725,7.671717301684525,3.606805106934654
P15,S1,lv2,42,9.978309295902907,6.27201291006956,4.872699115418294
P15,S1,lv2,43,49.42809808855828,19.865277654433886,5.67741967975453
P15,S1,lv2,44,9.808046317408605,11.222776802537005,3.79478517742582
P15,S1,lv2,45,27.252934090535636,11.87253879732627,5.532369747046173
P15,S1,lv2,46,7.540895148881393,9.417223946034275,3.637419378211606
P15,S1,lv2,47,9.236050603090995,7.241925097218486,4.474883362824308
P15,S1,lv2,48,5.714642573632021,2.987450537605737,5.204309793507715
P15,S1,lv2,49,7.2369250996849654,3.5774560369476833,5.304952764824004
P15,S1,lv2,50,6.531771098832836,11.57727657845119,3.0073482050653166
P15,S1,lv2,51,8.556519431896199,13.626535689904792,3.1999513005044435
P15,S1,lv2,52,5.0534979166478475,6.142380086844303,3.6861237450492625
P15,S1,lv2,53,6.300908042589846,4.915042425467172,4.484178911613221
P15,S1,lv2,54,4.71353138887987,13.394475787556962,2.1579867759713456
P15,S1,lv2,55,24.870290641916153,11.26774507937569,5.461829245626068
P15,S1,lv2,56,5.18947945214631,2.827021596727332,5.130173629614025
P15,S1,lv2,57,15.641451959692029,12.066818198480364,4.504100929790042
P15,S1,lv2,58,31.562106443176997,9.134341630880968,6.268271866691122
P15,S1,lv2,59,7.2165603841960015,7.99250683006405,3.8534730873178007
P15,S1,lv2,60,8.325766602615337,5.359794898243164,4.829718273242988
P15,S1,lv2,61,3.674799009549207,8.775674182790334,2.4709287885391764
P15,S1,lv2,62,3.7288050337947047,16.61282799393979,1.3488523835529782
P15,S1,lv2,63,5.1954779219587595,7.102476304743531,3.4746587211221533
P15,S1,lv2,64,2.53629186312693,6.905777843880924,2.234908233030504
P15,S1,lv2,65,11.43652103744546,7.571599024420734,4.7792972578762845
P15,S1,lv2,66,4.868322841479137,11.322487102196451,2.518510510651959
P15,S1,lv2,67,6.863769712681805,3.720347581190196,5.139224407294727
P15,S1,lv2,68,20.64947340092702,11.515395530964701,5.0880603939188855
P15,S1,lv2,69,9.584230881475971,10.930947886018737,3.8006571005578706
P15,S1,lv2,70,7.535309762726943,9.18217589260748,3.6815666882871216
P15,S1,lv2,71,9.063417268749989,12.590806204726734,3.4457508370133927
P15,S1,lv2,72,9.010890564402963,11.347182289218518,3.6224198536367926
P15,S1,lv2,73,10.108272435979048,4.558777827830272,5.470052000645289
P15,S1,lv2,74,7.167293305357926,4.885937023043989,4.726683358603822
P15,S1,lv2,75,18.88096020142205,6.714337885801203,5.897593311300172
P15,S1,lv2,76,4.645630450738419,4.806301593042569,3.9760539596492963
P15,S1,lv2,77,14.121163363492672,6.3162065975728705,5.484907836032952
P15,S1,lv2,78,8.564699215523412,6.190270033891456,4.621427539482669
P15,S1,lv2,79,6.73878799154592,5.3713309202903075,4.445332807731088
P15,S1,lv2,80,5.6706367844512044,4.801514802687055,4.336590389121982
P15,S1,lv2,81,31.026530866247203,16.58804795020036,5.163912390742221
P15,S1,lv2,82,6.999417766408255,7.210661526487516,3.983731897001244
P15,S1,lv2,83,15.004928136854405,7.060191861186413,5.393772105131257
P15,S1,lv2,84,6.393597752128326,15.255973537251828,2.4723883485616316
P15,S1,lv2,85,8.628279621643728,7.824921567214807,4.213085868623064
P15,S1,lv2,86,7.279081479689835,8.564357781365299,3.744651410879699
P15,S1,lv2,87,7.350955977736735,13.242318924499475,2.9781606805019947
P15,S1,lv2,88,9.174175333367462,11.671884635460485,3.603967787430561
P15,S1,lv2,89,5.990631398835861,4.8129735405281995,4.4310772307394135
P15,S1,lv2,90,7.617519031772808,6.595725925545993,4.296391029633105
P15,S1,lv2,91,8.083647100614362,7.041643734974241,4.2855457179410905
P15,S1,lv2,92,10.329396171516267,9.136680282288674,4.258007078652058
P15,S1,lv2,93,11.777500415453789,9.665431667130816,4.392847361556052
P15,S1,lv2,94,3.70304842606729,5.237600779001014,3.413386897051586
P15,S1,lv2,95,14.91078630160026,11.35193440143906,4.527909024864348
P15,S1,lv2,96,20.661701300374904,6.984672866291762,5.988738946056965
P15,S1,lv2,97,8.146732154238853,5.134343712890167,4.867928202740661
P15,S1,lv2,98,6.36573245197763,8.385697112819319,3.5413364771186973
P15,S1,lv2,99,12.762894362590535,8.343488223819985,4.802064648251114
P15,S1,lv2,100,6.701128731385559,6.917893779382116,3.979950304796941
P15,S1,lv2,101,2.2289000841147706,5.027180613023226,2.5737327785750503
P15,S1,lv2,102,5.362468513347819,5.192156507730487,4.095307605382292
P15,S1,lv2,103,4.3916275624847065,6.820183975925232,3.2451850720795505
P15,S1,lv2,104,4.038831260993239,9.04611900745646,2.586275332179466
P15,S1,lv2,105,6.205627599992634,13.741687118440971,2.606793204684076
P15,S1,lv2,106,15.40349184465093,8.598582465599652,5.086246528068164
P15,S1,lv2,107,3.7253436673106908,7.248072560660157,2.839630504422996
P15,S1,lv2,108,3.392963147048649,9.54554314987372,2.176041851500508
P15,S1,lv2,109,4.691432374435045,9.23552695253756,2.818500322441548
P15,S1,lv2,110,5.507532106954797,7.785435398822012,3.414410806568354
P15,S1,lv2,111,13.861935379454739,12.105177109120842,4.281068735018033
P15,S1,lv2,112,5.47701973522425,9.47640530255326,3.050752368050486
P15,S1,lv2,113,4.149267461123845,5.048708153781862,3.6842003280835196
P15,S1,lv2,114,4.212562477864255,4.2150486940942375,4.036171532353678
P15,S1,lv2,115,3.8726374581142227,5.500381349116306,3.4058755434308217
P15,S1,lv2,116,6.130828709016315,6.590527137576919,3.9071342992144533
P15,S1,lv2,117,4.951825271640214,8.250249077024986,3.11868994539148
P15,S1,lv2,118,4.776525072145039,9.040424343400073,2.889263080623229
P15,S1,lv2,119,4.439310341345407,12.288107531059618,2.2052593586770346
P15,S1,lv2,120,6.145003024141635,7.768464086061359,3.6154065602987524
P15,S1,lv2,121,14.56561499779443,6.051754801428447,5.61762676803842
P15,S1,lv2,122,5.193444338627328,5.162800693736503,4.047881572300585
P15,S1,lv2,123,5.2368859989806715,7.965039281413847,3.2827045361794136
P15,S1,lv2,124,21.376826572966568,13.587694172796947,4.8525942916133245
P15,S1,lv2,125,4.380818272354695,7.264001185215694,3.127312167746098
P15,S1,lv2,126,26.336900871208687,16.09056754250628,4.923839190635008
P15,S1,lv2,127,6.535883994496626,7.338914946714696,3.8287187989814306
P15,S1,lv2,128,3.972856900573088,6.699236635350315,3.097060026752368
P15,S1,lv2,129,4.758611577804675,8.744769732316128,2.9423311478799135
P15,S1,lv2,130,18.335834757818642,5.925763012607461,6.069681145749126
P15,S1,lv2,131,5.3613772666486375,7.523376370813544,3.4276251609610933
P15,S1,lv2,132,16.791463236571577,6.356543779699804,5.7850928138858135
P15,S1,lv2,133,5.161355584733087,7.77855950388107,3.299191797283628
P15,S1,lv2,134,1.710387094888616,6.835139315472778,1.5444957117429536
P15,S1,lv2,135,7.0092189250913295,10.428324707834152,3.3223539751849978
P15,S1,lv2,136,4.74968950531629,17.67059725024328,1.6732106998337732
P15,S1,lv2,137,16.737038577343974,9.1618471649907,5.12147676331603
P15,S1,lv2,138,5.140279738736051,7.012821053169037,3.4782975948774113
P15,S1,lv2,139,6.55648429110652,7.5510900307672815,3.783098161273845
P15,S1,lv2,140,21.399916074561457,8.23801495678793,5.7549389535464455
P15,S1,lv2,141,4.198777218043597,5.233477595072555,3.64086837882006
P15,S1,lv2,142,10.906347767230889,8.379485241758733,4.511466228766484
P15,S1,lv2,143,8.59087118491313,8.95101318537331,3.9633401686906495
P15,S1,lv2,144,22.065304641747623,11.42952104308839,5.220855653198075
P15,S1,lv2,145,4.202585928339927,4.347754322459539,3.9761283949164876
P15,S1,lv2,146,4.889981080093424,6.613286818423776,3.4940242529889876
P15,S1,lv2,147,4.46652994149634,7.118622244072069,3.1985534825131325
P15,S1,lv2,148,3.32054129720072,9.728044197723358,2.103142549103087
P15,S2,lv0,0,57.243957016429704,8.63112745486488,7.400473864698611
P15,S2,lv0,1,6.086555838553655,6.8755278004702785,4.023140402527048
P15,S2,lv0,2,9.49912373379568,14.949044676965968,3.467088932722896
P15,S2,lv0,3,5.2009915475188055,8.540864151490377,3.3957044601992443
P15,S2,lv0,4,15.666326531023572,11.883608110636313,4.691015111160007
P15,S2,lv0,5,9.283827567978703,9.018823401861384,4.276119410259056
P15,S2,lv0,6,2.8055867121159475,14.590106219330362,1.4625186825020937
P15,S2,lv0,7,72.36339603535771,10.21045734158569,7.511732564659618
P15,S2,lv0,8,10.463742004952023,10.140661862985619,4.280149130509216
P15,S2,lv0,9,4.268873092653281,11.286182746409024,2.597057450007657
P15,S2,lv0,10,6.466706790038766,5.472758059150974,4.507427652187326
P15,S2,lv0,11,14.923057116463278,12.891670560143229,4.472950145856682
P15,S2,lv0,12,3.854091345875423,7.740943351638136,3.0579843802625213
P15,S2,lv0,13,3.8589333598137934,18.270399894495213,1.6198938653177388
P15,S2,lv0,14,5.722048129911026,11.858297809254381,3.0054707660661424
P15,S2,lv0,15,5.397702451910296,11.800882936956986,2.9157478172338576
P15,S2,lv0,16,7.08818289884809,8.427124773285113,3.937374186408677
P15,S2,lv0,17,9.73772401434844,10.352643114921113,4.124857200587422
P15,S2,lv0,18,3.5305666140409606,6.482494309726221,3.2084865817514947
P15,S2,lv0,19,45.861241031575,6.611902689799021,7.475609722858599
P15,S2,lv0,20,3.835799313007227,12.333674774272591,2.2688115428648734
P15,S2,lv0,21,7.047526474450971,12.80032581484317,3.226687901275458
P15,S2,lv0,22,4.883276520137865,7.90444464358363,3.4198611055202646
P15,S2,lv0,23,5.706051960869565,7.923858511280105,3.676884900112282
P15,S2,lv0,24,5.169346399812657,5.888395108793158,4.009134893346294
P15,S2,lv0,25,3.721026659122229,8.127055294600664,2.9174281061222542
P15,S2,lv0,26,5.80109237534976,13.452435378205758,2.8169468249609615
P15,S2,lv0,27,6.620823920163883,7.829702725637624,3.9462993781713873
P15,S2,lv0,28,4.561404459734151,4.094497596718944,4.4086521972616195
P15,S2,lv0,29,22.214493393637266,10.007748502403476,5.5648202901568995
P15,S2,lv0,30,5.791735286486808,16.486109129326888,2.473194502965975
P15,S2,lv0,31,11.126030563171016,10.495903212693785,4.325328615322025
P15,S2,lv0,32,3.529138756045028,11.456238469007241,2.252837318563761
P15,S2,lv0,33,8.921958440584687,6.005003615368321,4.89154003728766
P15,S2,lv0,34,37.904756281855875,7.139862544380501,7.0272192774181645
P15,S2,lv0,35,10.717517296071273,7.968405461331052,4.724626067370496
P15,S2,lv0,36,8.628888017229597,12.426614957543643,3.6158832868014588
P15,S2,lv0,37,6.7002379191725066,13.71935312537155,3.0256569827318476
P15,S2,lv0,38,2.969339550260511,8.714483884318236,2.4219421575665296
P15,S2,lv0,39,34.64915038249736,9.021030530077473,6.484405504412747
P15,S2,lv0,40,4.652891694296399,5.413041212746328,3.9737739944685533
P15,S2,lv0,41,9.389887062119966,13.15081016326576,3.6626311921202848
P15,S2,lv0,42,4.684779847264032,6.740865168842725,3.617318081012965
P15,S2,lv0,43,2.0071718972706356,7.798901071002369,1.951341607740735
P15,S2,lv0,44,7.310402662470866,12.679668170460221,3.303988128511766
P15,S2,lv0,45,3.039815624209356,8.003769088291683,2.6039562826245675
P15,S2,lv0,46,47.76403329208748,8.315916772895449,7.159235463482778
P15,S2,lv0,47,12.004775367148333,8.73790805847009,4.760244597964166
P15,S2,lv0,48,5.341724397700337,7.813019294298573,3.58985844432079
P15,S2,lv0,49,5.3839414614732215,4.9088116090788265,4.382493792681702
P15,S2,lv0,50,24.270154624086874,4.152364941864708,7.188530140715242
P15,S2,lv0,51,16.285348011630823,5.40421607500728,6.07750164129856
P15,S2,lv0,52,25.11710394592628,11.219585718875555,5.579080027900974
P15,S2,lv0,53,4.603874996051895,13.717093879575271,2.3966225617823347
P15,S2,lv0,54,10.167113070360928,7.528377523306137,4.731474580032084
P15,S2,lv0,55,3.916748579979997,4.9522779956752006,3.8341352975830016
P15,S2,lv0,56,4.724949951169749,5.497386337071063,3.973616997629265
P15,S2,lv0,57,5.511743207574661,7.030778788063191,3.819325569797091
P15,S2,lv0,58,8.850088778170205,15.163792351231956,3.3244792237121565
P15,S2,lv0,59,20.008596951105005,10.857834123874769,5.252701094243183
P15,S2,lv0,60,6.596373821411272,3.9957683941308115,5.068238795126632
P15,S2,lv0,61,6.6383311323923415,5.1954439110261434,4.638564670995149
P15,S2,lv0,62,6.660016352446085,7.128994488536325,4.113429974353174
P15,S2,lv0,63,6.596927415776707,7.578684502781457,3.9948824807335113
P15,S2,lv0,64,2.166142765010829,8.537635387391774,1.927393247342017
P15,S2,lv0,65,7.092013653355743,5.107662820176971,4.778010909238208
P15,S2,lv0,66,3.343293362072709,7.450988993887775,2.8835658110664584
P15,S2,lv0,67,7.037854057779856,8.011059536741618,4.010338185298615
P15,S2,lv0,68,12.915873528489042,8.118674155634983,5.006197407313996
P15,S2,lv0,69,7.321479191006571,10.978968241479766,3.548055661508579
P15,S2,lv0,70,6.720473298789615,14.659922001788644,2.9195080874766104
P15,S2,lv0,71,12.017725288812615,11.79206629819403,4.259341486658801
P15,S2,lv0,72,4.68794008032787,10.231750342498442,2.918596431898785
P15,S2,lv0,73,9.702427389753758,9.246030226294499,4.3083556174844295
P15,S2,lv0,74,4.672969434497372,8.653514978621676,3.1941914564974923
P15,S2,lv0,75,7.9292750714435325,10.644930970423873,3.7336179335787647
P15,S2,lv0,76,3.4200219928528988,19.039844343010312,1.3482166281443768
P15,S2,lv0,77,15.884130536361884,7.716471100536161,5.4383326782681225
P15,S2,lv0,78,4.568331460709432,9.51266619739098,2.997462585644648
P15,S2,lv0,79,4.710389226864259,14.056381809691576,2.3940037762339363
P15,S2,lv0,80,4.731432672230273,9.51399732175887,3.056059475295009
P15,S2,lv0,81,24.565174752994533,30.253268914938296,3.8782611920890866
P15,S2,lv0,82,2.1984216226041835,7.840450562852631,2.0950653988257457
P15,S2,lv0,83,4.493721524012837,15.228343323688387,2.1807291012363974
P15,S2,lv0,84,7.658321595130353,4.439537733382911,5.141960012038978
P15,S2,lv0,85,2.1208118254758324,8.124211060042702,1.9751667792831051
P15,S2,lv0,86,3.663974263704173,9.47879837720013,2.6334836874394116
P15,S2,lv0,87,7.2071600319773745,14.842289567938469,3.016028785282791
P15,S2,lv0,88,4.808627310702578,26.826178249872328,1.3447288685252703
P15,S2,lv0,89,3.5098927879146404,13.633919708565905,1.9518125765752683
P15,S2,lv0,90,15.815397123224168,8.862822950305961,5.198772421190549
P15,S2,lv0,91,2.490582830826085,7.304871775534303,2.422985563213595
P15,S2,lv0,92,7.961382471492986,7.294095931227299,4.374357627767115
P15,S2,lv0,93,7.018171402219133,8.719797769527636,3.863471330735422
P15,S2,lv0,94,3.30660824340733,11.730154335142634,2.1039820104097107
P15,S2,lv0,95,9.12281889561518,6.561372171477106,4.7802778089341755
P15,S2,lv0,96,3.325568513233768,19.043505666844233,1.3009256437029135
P15,S2,lv0,97,3.9118561262291704,8.71432579852672,2.8842937852768085
P15,S2,lv0,98,5.463410944653634,8.264047636628774,3.5335119583986914
P15,S2,lv0,99,3.385969666716369,7.339330040761125,2.930160071783065
P15,S2,lv0,100,4.141242657530436,10.469335876405445,2.6721475384763207
P15,S2,lv0,101,2.513748711229737,4.965850268973794,3.085788316542189
P15,S2,lv0,102,22.4271541675149,16.101293060219852,4.78328611392457
P15,S2,lv0,103,8.586310709404051,7.207633762479448,4.521085974862226
P15,S2,lv0,104,7.489433311667504,9.588909497408444,3.8131246150660068
P15,S2,lv0,105,4.4769238196353704,13.90265201705859,2.327193639953151
P15,S2,lv0,106,2.981382784468446,9.967055313071874,2.2035023456066685
P15,S2,lv0,107,5.585675769375206,12.705841431718731,2.849242944934827
P15,S2,lv0,108,5.928126590621381,14.284704190766911,2.75260250311625
P15,S2,lv0,109,18.435792435554433,20.970918650360048,4.011473712599787
P15,S2,lv0,110,6.2202982845,13.945922618310252,2.8735387897846274
P15,S2,lv0,111,9.37784235082387,6.885590931482946,4.745629028790801
P15,S2,lv0,112,4.839886739606157,17.103775004875008,2.1104084914664103
P15,S2,lv0,113,5.640461518817251,12.241018420973484,2.9281151429717154
P15,S2,lv0,114,2.0676105852504754,10.995692602666077,1.424987557056678
P15,S2,lv0,115,6.2831002922000625,21.93065311488068,2.131180768138186
P15,S2,lv0,116,4.567970628950023,9.853084452365549,2.9383638359486706
P15,S2,lv0,117,2.5695617106602358,9.7685109512201,1.9879476605090447
P15,S2,lv0,118,4.200712443479029,13.947737230535555,2.214964802110845
P15,S2,lv0,119,4.873665890735246,7.7452415290225884,3.4506798114785564
P15,S2,lv0,120,8.866166129573097,9.33911545336479,4.14039585933691
P15,S2,lv0,121,5.741476211759421,11.28556767913237,3.0941753807092156
P15,S2,lv0,122,5.312540498643222,3.3492783265968575,5.001225000461163
P15,S2,lv0,123,8.911596853954679,10.994052554269553,3.8753656659319975
P15,S2,lv0,124,4.449514432904759,10.553388319820156,2.779148941242028
P15,S2,lv0,125,5.479665527856828,17.845111565395097,2.2474623489443535
P15,S2,lv0,126,6.935828785000372,6.900845091981993,4.236031866646355
P15,S2,lv0,127,11.961436183217483,8.93569856143454,4.716640488755189
P15,S2,lv0,128,3.0197322688830393,10.300461258214936,2.1697555069868217
P15,S2,lv0,129,3.702676674786574,12.001445286011256,2.2553687913795755
P15,S2,lv0,130,4.043401869265667,12.258401657872572,2.3674739195719314
P15,S2,lv0,131,4.624569972651126,12.160246115315012,2.606181708680811
P15,S2,lv0,132,49.42097217567798,8.550173337522953,7.169837485799072
P15,S2,lv0,133,1.148933369884943,12.474001947439492,0.2280601765698744
P15,S2,lv0,134,3.735728047635942,6.002004599038061,3.432368696719247
P15,S2,lv0,135,5.089775056034764,7.362136983881865,3.608518091242579
P15,S2,lv0,136,10.944814860564714,13.559272075250401,3.86831564379476
P15,S2,lv0,137,5.173038513491757,14.241878025687853,2.529140897764675
P15,S2,lv0,138,2.9348402635443898,13.03362310688901,1.7272463994682168
P15,S2,lv0,139,3.728766515010197,7.524020574923931,3.0502113893872536
P15,S2,lv0,140,3.169799614719523,10.080733875539094,2.2872555549394815
P15,S2,lv0,141,6.305617554626901,26.936595359688578,1.792374489058459
P15,S2,lv0,142,7.433560644294527,11.42715277674328,3.5064337104082677
P15,S2,lv0,143,12.978559321380327,16.134281782800727,3.862541811819365
P15,S2,lv0,144,2.8635384613941453,7.562814387456532,2.5988083452138895
P15,S2,lv0,145,13.45601984701723,25.049593852551634,3.1853698069581595
P15,S2,lv0,146,4.142535680662849,8.266414200677156,3.068877852758284
P15,S2,lv0,147,3.1826527537403053,5.646324118719548,3.2661060900465655
P15,S2,lv0,148,14.869386165984778,14.589100603756677,4.259465680297792
P15,S2,lv1,0,4.96030222027092,5.5310339342652535,4.044905277663278
P15,S2,lv1,1,73.21644176783924,12.993010048875687,7.127215104780072
P15,S2,lv1,2,9.86518197549196,9.067384439335578,4.368974779275078
P15,S2,lv1,3,12.858724514166099,10.613872036320776,4.549314800160676
P15,S2,lv1,4,133.97544256873172,14.212487044171587,7.9901116626406905
P15,S2,lv1,5,17.87661594760707,7.776586782949793,5.623502005588397
P15,S2,lv1,6,62.37064960971616,12.963098321278336,6.862204239699142
P15,S2,lv1,7,13.092936766421246,7.466770812976202,5.169409744192827
P15,S2,lv1,8,8.27529503147877,6.432492331839306,4.650025707193447
P15,S2,lv1,9,5.211190468192462,6.161804915735795,3.94653971495318
P15,S2,lv1,10,5.687198268794691,7.581359785979898,3.7454368214595757
P15,S2,lv1,11,8.459557967102125,3.327706372074115,5.792278154138249
P15,S2,lv1,12,4.865646845909712,14.817603110708161,2.359942142399778
P15,S2,lv1,13,5.72840814737408,8.313967392286717,3.6028451905083667
P15,S2,lv1,14,5.477234562483851,4.410124781814101,4.5909675243373735
P15,S2,lv1,15,6.628330382091547,13.256250361021907,3.0651489244042063
P15,S2,lv1,16,6.082317514308971,6.209873549184488,4.192744389856479
P15,S2,lv1,17,4.905511289261813,15.505883472143886,2.2974814518504343
P15,S2,lv1,18,12.729147418852452,3.5858802907936833,6.352212041049617
P15,S2,lv1,19,10.480190003037965,5.587667159472811,5.28230093383519
P15,S2,lv1,20,12.891770401238373,7.307027442727457,5.1797108241409475
P15,S2,lv1,21,11.298705508726018,7.029112357288225,5.0235341377063
P15,S2,lv1,22,7.027586734588746,9.265280026590316,3.763958564373358
P15,S2,lv1,23,14.299794502520909,8.839291532830392,5.034285325042068
P15,S2,lv1,24,16.732812289369356,13.080140558116858,4.6405737667942955
P15,S2,lv1,25,7.746750294536919,10.46987157649883,3.7223713151615945
P15,S2,lv1,26,8.394112250707291,9.340760343682662,4.048344904610481
P15,S2,lv1,27,6.8657586228991345,4.929486500676604,4.783183533082106
P15,S2,lv1,28,6.39477857116239,7.874565290516424,3.8784595716872383
P15,S2,lv1,29,4.525201157908883,15.618284153614928,2.1500336040745442
P15,S2,lv1,30,8.228601420777045,10.897380961763801,3.756452513221872
P15,S2,lv1,31,21.75192021470664,5.823233864959306,6.43766841672848
P15,S2,lv1,32,20.56970425075024,12.729595102911565,5.032358850498219
P15,S2,lv1,33,13.262430412648367,8.06030472814907,5.0627039973148165
P15,S2,lv1,34,5.221448396973687,8.114371648880214,3.4881963472067636
P15,S2,lv1,35,8.511599635541161,11.39396096392384,3.7384288012190483
P15,S2,lv1,36,56.15850316263271,6.102543729180797,7.949756133546155
P15,S2,lv1,37,3.9767429916185257,7.234899833128415,3.2239048911587913
P15,S2,lv1,38,8.113717961247103,8.66911089570885,4.116512806112388
P15,S2,lv1,39,8.746914831140922,14.41984133568734,3.389178690242502
P15,S2,lv1,40,8.804793074494329,16.969154382327147,3.1272259311921218
P15,S2,lv1,41,7.114541732257387,8.581647930832906,3.9131262839278
P15,S2,lv1,42,19.529278578234734,8.177789378356314,5.687426740234177
P15,S2,lv1,43,10.21675242937383,10.64561745009507,4.158591261909342
P15,S2,lv1,44,13.822741559043937,8.80657575754313,4.983601081561187
P15,S2,lv1,45,11.223260670160991,12.905228718731724,3.9933589531041833
P15,S2,lv1,46,7.9755116709366245,20.788484366848547,2.6208817690664645
P15,S2,lv1,47,7.611867427856213,10.030753784933102,3.764769423764982
P15,S2,lv1,48,5.554184959192812,18.785140067222923,2.184020736814693
P15,S2,lv1,49,2.4070488762222313,13.820813190640763,1.2964165110182098
P15,S2,lv1,50,2.3954850152556273,6.225463462793484,2.625847937230278
P15,S2,lv1,51,11.044114280651067,13.647045662412491,3.872641408277652
P15,S2,lv1,52,3.577478452703957,6.604078161024335,3.1994603316223302
P15,S2,lv1,53,12.322259359565452,9.362990327467418,4.688145633535601
P15,S2,lv1,54,10.574791290446697,6.102519431661781,5.1495549320324505
P15,S2,lv1,55,8.331022372306215,15.053007864473704,3.235412470669421
P15,S2,lv1,56,5.734676803277718,7.668592846131671,3.7401928013080146
P15,S2,lv1,57,3.9817844497839756,32.35920308310634,0.7138130551884838
P15,S2,lv1,58,12.938064563490936,10.447754010148328,4.586086138723782
P15,S2,lv1,59,6.197755541403922,6.609445755277363,4.119694953296044
P15,S2,lv1,60,21.666117722249723,4.651689482652673,6.8077516856811995
P15,S2,lv1,61,6.595097448415727,5.627483043604545,4.493642166239403
P15,S2,lv1,62,10.546045533132176,3.9606559900932745,5.869972758649748
P15,S2,lv1,63,5.211707853518724,4.540545217651281,4.458752837987423
P15,S2,lv1,64,4.357585461928504,9.097278506365527,2.993134025601689
P15,S2,lv1,65,53.372689501424034,11.112924457621412,6.8591893934106825
P15,S2,lv1,66,6.528649011076809,9.993330820174062,3.513593876164318
P15,S2,lv1,67,34.9618666491225,11.405401599607428,6.106153448381472
P15,S2,lv1,68,13.698828227633433,5.944211262164913,5.6277223243555055
P15,S2,lv1,69,8.190884131627424,10.2282834030565,3.855016270110932
P15,S2,lv1,70,32.88519383614304,7.604165197120952,6.6833253823543926
P15,S2,lv1,71,9.768720828321625,13.847121809402294,3.642436333122471
P15,S2,lv1,72,9.804916537571883,6.59584104205733,4.892415837217686
P15,S2,lv1,73,6.1447570232753765,6.273439851284201,4.192793220475416
P15,S2,lv1,74,7.128609206466209,5.536658749170623,4.651388236082296
P15,S2,lv1,75,7.767063533105958,7.554471926407691,4.2740942514170195
P15,S2,lv1,76,3.880705027195421,9.30437805546345,2.761009444439531
P15,S2,lv1,77,8.065606880204973,9.156118193183406,4.014876955438128
P15,S2,lv1,78,10.702739372806684,13.869116415362493,3.7929146657660735
P15,S2,lv1,79,5.1747838273703275,14.883238025466461,2.455833762845293
P15,S2,lv1,80,5.268310036781189,6.1083893059312615,3.9794235277792516
P15,S2,lv1,81,10.338927817986374,12.069540497357883,3.9679938006220277
P15,S2,lv1,82,10.837744892831852,12.263931171428874,4.020219694098794
P15,S2,lv1,83,22.189233725320175,9.29355111790318,5.687080483474681
P15,S2,lv1,84,5.217415772604999,22.798214234235182,1.7544138686184922
P15,S2,lv1,85,7.005348623046799,10.191371639563782,3.59887345669328
P15,S2,lv1,86,3.3979254312161937,5.534718881862815,3.4093510993567855
P15,S2,lv1,87,4.355415848886114,14.506763988895832,2.2097125960585022
P15,S2,lv1,88,3.7719740931091135,4.426141343802582,3.9593386474809136
P15,S2,lv1,89,4.311266557598517,10.007064049427347,2.8153609826279773
P15,S2,lv1,90,7.129294866169913,6.754504575426918,4.318117658755252
P15,S2,lv1,91,13.806944201068966,6.924945610240555,5.3847974821931865
P15,S2,lv1,92,13.404442230019276,13.71569630025147,4.18905485717991
P15,S2,lv1,93,10.409092266675318,28.64596682901253,2.5298009348536104
P15,S2,lv1,94,6.671119669921847,6.2447806472910115,4.33830785203544
P15,S2,lv1,95,3.6204462386700382,5.539569028797429,3.5142621937075798
P15,S2,lv1,96,5.104388584585967,7.6054170425402825,3.5588039793818806
P15,S2,lv1,97,6.137498294845193,6.8018477469803456,4.055187391492984
P15,S2,lv1,98,9.364350964910289,8.554646814385059,4.379217750497943
P15,S2,lv1,99,2.4824847376476025,7.985556142377944,2.2681088690794255
P15,S2,lv1,100,5.506347352088519,6.8241079859020815,3.867719681572723
P15,S2,lv1,101,25.24985854486683,8.730303386686694,6.008631240340077
P15,S2,lv1,102,4.713897617220226,8.200579295905676,3.2989765665338093
P15,S2,lv1,103,6.110845099192026,9.516340120245479,3.484702474371945
P15,S2,lv1,104,11.198859701440645,6.330971692579532,5.184080631853196
P15,S2,lv1,105,7.616639456975978,8.985319116024996,3.950404741531641
P15,S2,lv1,106,6.808949980973285,11.542763998426546,3.342360429181297
P15,S2,lv1,107,30.064373252118735,8.80389800170212,6.287235469593217
P15,S2,lv1,108,25.124875611717815,15.841497817130456,5.00105765387852
P15,S2,lv1,109,7.275444956205736,8.120843066474661,4.04319315082033
P15,S2,lv1,110,6.178257543786368,11.611653922941388,3.1693673552300727
P15,S2,lv1,111,4.190925629913085,5.003558083874218,3.9303287822332202
P15,S2,lv1,112,4.702781292485003,12.015553882617738,2.6543820639009272
P15,S2,lv1,113,15.222109316108483,11.929082176109437,4.636369568293105
P15,S2,lv1,114,36.119512638906386,9.48628185160454,6.4697678393255655
P15,S2,lv1,115,7.649858442088766,9.210506703704741,3.9161909881355883
P15,S2,lv1,116,4.530434742787313,9.012111330762677,3.0741459718088673
P15,S2,lv1,117,14.225808448843779,14.590281434282641,4.1851253041550445
P15,S2,lv1,118,13.089835138840945,13.549954812359493,4.169613460358594
P15,S2,lv1,119,4.932428128528131,17.908122947129264,2.065102286646804
P15,S2,lv1,120,9.727731503533361,8.764365987546636,4.402447038780995
P15,S2,lv1,121,12.708356409741326,23.996073923398605,3.161556402662931
P15,S2,lv1,122,5.40146351469359,6.945103397348842,3.8059922298759408
P15,S2,lv1,123,4.082870662986564,8.38986293446797,3.0196876093836473
P15,S2,lv1,124,4.287572739132518,9.775858181433113,2.8453207922934207
P15,S2,lv1,125,4.394141525235331,5.248730606396777,3.9295130174715034
P15,S2,lv1,126,9.056217230472367,14.15581768635682,3.4784488264350566
P15,S2,lv1,127,5.1790869446198355,12.416461108463027,2.7611333412939416
P15,S2,lv1,128,10.119393838760187,11.63735535314548,3.9931537432038713
P15,S2,lv1,129,5.837384062391184,8.02669466637929,3.6934222189300976
P15,S2,lv1,130,3.726258091340845,7.9478481546021555,2.9571785585647774
P15,S2,lv1,131,25.284273130549465,11.094814728773436,5.608959764744741
P15,S2,lv1,132,8.56707016503793,7.013163940170436,4.563194467433075
P15,S2,lv1,133,36.505633328020835,12.685693834361052,6.000197714193418
P15,S2,lv1,134,7.528457265211499,19.72126112745144,2.6125236592498413
P15,S2,lv1,135,7.184921492629687,20.71275806709847,2.451930891663764
P15,S2,lv1,136,7.0273237375217885,7.40310802752712,4.140186384383729
P15,S2,lv1,137,12.124897092744392,7.059242760848082,5.134716039837714
P15,S2,lv1,138,8.868105482107948,19.119720539497983,2.939129251039944
P15,S2,lv1,139,8.526010985710966,12.017205223907041,3.6519521568581688
P15,S2,lv1,140,4.294197950938104,14.824531657463252,2.1496339638723265
P15,S2,lv1,141,8.479250488726269,15.204712520063296,3.2481720902353173
P15,S2,lv1,142,13.750077727430888,8.565030627544893,5.021402651918777
P15,S2,lv1,143,11.435400482960324,7.996600530354095,4.827433989461575
P15,S2,lv1,144,5.170669565588135,5.479839225863325,4.130158195724177
P15,S2,lv1,145,6.0057498894535435,7.087828333400915,3.949725716132742
P15,S2,lv1,146,2.704299218798278,8.04026301592197,2.4001870979136064
P15,S2,lv1,147,10.709359073401274,10.196516494559681,4.309848360360935
P15,S2,lv1,148,7.593967325258849,10.394290662423295,3.7011158266094415
P15,S2,lv2,0,33.27226392440306,10.310058147088583,6.192410590518022
P15,S2,lv2,1,10.532592494401118,9.51653159781963,4.397679973107248
P15,S2,lv2,2,9.028818260835823,7.558637593704556,4.525617547180295
P15,S2,lv2,3,5.864148708681249,7.26039477345554,3.8693686809050134
P15,S2,lv2,4,6.874853508575064,9.563227471807581,3.6740271398260003
P15,S2,lv2,5,9.235849156734442,17.347550797945516,3.1703973909656322
P15,S2,lv2,6,5.223443071839758,11.416815122281555,2.9162013969836686
P15,S2,lv2,7,6.552734001725675,11.949687193092693,3.219931315689767
P15,S2,lv2,8,10.064449476138948,8.841889697895116,4.444746360871696
P15,S2,lv2,9,5.448789738614372,4.786758848012872,4.444798760493096
P15,S2,lv2,10,4.75367231564258,9.01825269106032,3.153669668953344
P15,S2,lv2,11,7.446775593834901,7.118431071680216,4.303176801044322
P15,S2,lv2,12,5.527824217439929,3.7908433315727392,4.860150967211062
P15,S2,lv2,13,6.674730579741305,5.034368978171519,4.700552640719037
P15,S2,lv2,14,2.6464137090575974,4.121335859241511,3.4846577195215644
P15,S2,lv2,15,13.690427433435348,14.572623945662839,4.12282226228043
P15,S2,lv2,16,4.898016863002216,5.885371251358792,3.9195758137190135
P15,S2,lv2,17,12.146750396361192,7.1673927843602,5.112237560877578
P15,S2,lv2,18,10.848422334665141,9.329272690083743,4.480558228823699
P15,S2,lv2,19,17.790337149857276,14.522732457319679,4.567895988939651
P15,S2,lv2,20,6.798524286233748,5.485350724093671,4.58749128304517
P15,S2,lv2,21,4.931677159975637,10.938417099419828,2.8915963546266945
P15,S2,lv2,22,30.604234873271793,11.33250929409686,5.893655593728478
P15,S2,lv2,23,10.114871748122768,6.1137248556643895,5.0719055245154365
P15,S2,lv2,24,13.5778456015716,3.7184726359681153,6.399565744684699
P15,S2,lv2,25,8.173310852191213,4.64625685193281,5.174779489171082
P15,S2,lv2,26,8.67201417720058,4.2571986235328865,5.420767666414897
P15,S2,lv2,27,45.02512524658628,10.493710598476667,6.670107096692655
P15,S2,lv2,28,9.495915743748776,4.402840368933834,5.516565403678468
P15,S2,lv2,29,14.446109512984135,8.035381430342122,5.211269986498375
P15,S2,lv2,30,13.222774145528243,6.193668311777899,5.499461352023034
P15,S2,lv2,31,9.903222142561882,7.611146943673629,4.669033246662594
P15,S2,lv2,32,11.413077996953525,4.737561028127985,5.702091855773289
P15,S2,lv2,33,21.42765991110527,26.09230556516022,3.897239899057079
P15,S2,lv2,34,11.140011992877705,12.411119297059516,4.046345238931139
P15,S2,lv2,35,3.3836706911681738,7.1271251757642,2.978225508116177
P15,S2,lv2,36,4.529987499451564,8.59460215478397,3.1535321362360773
P15,S2,lv2,37,10.197912042133467,6.647299049545083,4.945289981620085
P15,S2,lv2,38,3.014609000527455,5.107476319261634,3.343342439870302
P15,S2,lv2,39,7.334980590976885,6.674692993538513,4.3857518545941385
P15,S2,lv2,40,24.45696757844382,7.586372304542894,6.190662132287993
P15,S2,lv2,41,3.595580122174451,9.343116053856125,2.6260620913490023
P15,S2,lv2,42,7.8166677812687215,8.535310780927807,4.080047680886338
P15,S2,lv2,43,8.890346693194436,10.544104583660626,3.9414423768029745
P15,S2,lv2,44,13.542481426570024,8.258912811857176,5.056925939088308
P15,S2,lv2,45,6.106260705622044,8.238626678116944,3.725237835151091
P15,S2,lv2,46,7.696023483960859,4.400347225480056,5.165066179619953
P15,S2,lv2,47,6.003863196424219,5.758548666343707,4.297514797614392
P15,S2,lv2,48,26.765176959202655,10.475398851928595,5.800761600482937
P15,S2,lv2,49,5.504359931131835,9.421590322870598,3.3261891752285515
P15,S2,lv2,50,6.3124183427209,7.9945628147913,3.831356401023433
P15,S2,lv2,51,7.475843081994058,4.410330530968791,5.112585629456319
P15,S2,lv2,52,9.223199565179442,7.5451194730352995,4.564341946673884
P15,S2,lv2,53,5.566320203615031,15.375339704252463,2.5235995771132997
P15,S2,lv2,54,7.842113826182261,5.68541883705014,4.766902405452666
P15,S2,lv2,55,41.570635371613605,10.183215257908428,6.586603650890215
P15,S2,lv2,56,29.331642071607302,6.950265698236078,6.642338875167848
P15,S2,lv2,57,12.122904854912347,10.163696053448634,4.523175630465068
P15,S2,lv2,58,4.344576086364996,5.930273730157303,3.7057451022253614
P15,S2,lv2,59,3.411963065422336,13.50406889820263,1.9204045544365247
P15,S2,lv2,60,3.8713494710170044,3.7152766974891622,4.296562789279431
P15,S2,lv2,61,17.405089740409384,12.255196150273878,4.815887922556567
P15,S2,lv2,62,7.010307995307026,5.904897662135194,4.515335428347045
P15,S2,lv2,63,11.762279911754852,5.104843463774906,5.627413000056952
P15,S2,lv2,64,8.24309435943967,5.829501168880939,4.808562012726043
P15,S2,lv2,65,7.600567850685748,8.157772183387733,4.108902070198674
P15,S2,lv2,66,6.964596560994802,6.347847577115946,4.38305569187627
P15,S2,lv2,67,24.22437949640598,6.733359846578449,6.3746760994885125
P15,S2,lv2,68,6.077504565570181,12.421651556972025,3.0287051732680466
P15,S2,lv2,69,40.368517122092136,12.270712675223207,6.2246617108892055
P15,S2,lv2,70,31.524641143765066,7.548448145619366,6.6247976254094025
P15,S2,lv2,71,5.25934056011006,7.429278824892586,3.6482536254098954
P15,S2,lv2,72,7.993906497934393,8.201798265697464,4.184494682054725
P15,S2,lv2,73,9.25893043995978,5.525241056190397,5.0933570454222625
P15,S2,lv2,74,9.080329032038506,5.51830762960012,5.062796757234026
P15,S2,lv2,75,13.048238367191212,5.438194690235472,5.695330839253981
P15,S2,lv2,76,4.948530516292703,9.700888013461789,3.098672594138708
P15,S2,lv2,77,4.200397488906604,4.876599797230655,3.9772172354819593
P15,S2,lv2,78,16.138625327584517,8.666464154691866,5.270275811969951
P15,S2,lv2,79,12.484017737389214,8.861730753853715,4.802294453973079
P15,S2,lv2,80,50.39931130668361,13.72156831787761,6.4094304616424065
P15,S2,lv2,81,8.0365221553295,8.492084704482624,4.135081186096653
P15,S2,lv2,82,6.456828402737153,5.047788532606682,4.640425341996427
P15,S2,lv2,83,3.3933442426739053,3.242075977050371,4.304029242011954
P15,S2,lv2,84,6.629205722360447,3.8217939398204828,5.151221576741799
P15,S2,lv2,85,2.8757199341580013,4.571169926748982,3.450287606045104
P15,S2,lv2,86,26.940380928789477,12.461164491899359,5.5205860551076436
P15,S2,lv2,87,4.395350305981195,7.061042510410485,3.4325453195850133
P15,S2,lv2,88,27.599197571855083,6.296694346076769,6.705857684697343
P15,S2,lv2,89,15.953892809032668,22.03633270693833,3.6858759912777086
P15,S2,lv2,90,8.940615527620704,8.21385730159453,4.369736262928079
P15,S2,lv2,91,8.150548524528672,11.816302214838277,3.6046972495035874
P15,S2,lv2,92,3.053939988133268,8.965433067030544,2.421444144530423
P15,S2,lv2,93,6.019672529845043,6.931519382923496,3.9910075547132395
P15,S2,lv2,94,27.005677224872837,14.210407936707515,5.304350225765705
P15,S2,lv2,95,4.613731286827339,6.670966504963284,3.60917008817291
P15,S2,lv2,96,5.724974032165306,5.951398621884948,4.162500994662856
P15,S2,lv2,97,15.720840699131035,11.409800372436198,4.7650760407844475
P15,S2,lv2,98,7.021926330843062,5.482578027864783,4.642562174388772
P15,S2,lv2,99,6.910863758929826,6.377712739561519,4.362195007701641
P15,S2,lv2,100,10.472498975874206,13.231877759485027,3.835325314671253
P15,S2,lv2,101,3.7290322795896653,4.85163153894775,3.786203901157339
P15,S2,lv2,102,54.79860267053369,5.300565169155027,8.144931260686835
P15,S2,lv2,103,4.714469005320538,8.464836399875065,3.245990153057114
P15,S2,lv2,104,4.65549224595999,6.8183514147552495,3.587632803169413
P15,S2,lv2,105,7.6752853429035115,6.3905523838312845,4.534764661482794
P15,S2,lv2,106,22.602637222543926,5.988670778843827,6.455027446840764
P15,S2,lv2,107,4.921789419096676,6.618353388496878,3.7308470148971096
P15,S2,lv2,108,10.284638763320617,6.804533558838489,4.920284784797651
P15,S2,lv2,109,5.063595240639288,8.321477287425324,3.394446419829871
P15,S2,lv2,110,3.286769608198767,8.848227995285203,2.566731578412649
P15,S2,lv2,111,4.5379130694003,5.875617374772374,3.7942913588590597
P15,S2,lv2,112,15.81548601210156,7.696678443719698,5.435376577760983
P15,S2,lv2,113,23.248722776370034,8.533103315260107,5.908471173651366
P15,S2,lv2,114,10.91363085229801,10.814855434154339,4.242799134672536
P15,S2,lv2,115,8.677784367146801,16.87682657005771,3.1120078431020732
P15,S2,lv2,116,8.762494730393282,9.982862538054887,4.008879977007297
P15,S2,lv2,117,22.78146866294005,10.980167391244473,5.451570379911587
P15,S2,lv2,118,8.941538194370844,6.378446064304566,4.794036528931452
P15,S2,lv2,119,8.871279830650423,7.525413528902362,4.503484922675106
P15,S2,lv2,120,19.1764820120884,7.0915487596332305,5.89586597439413
P15,S2,lv2,121,14.651161372451835,19.2508095044381,3.769655918227695
P15,S2,lv2,122,8.356828271635138,12.615392408272232,3.536870218591748
P15,S2,lv2,123,9.226970614686259,7.836587470348904,4.501462388845483
P15,S2,lv2,124,3.2267850238242755,3.6115849538178746,4.038612363314254
P15,S2,lv2,125,5.338484246574196,8.776921893551988,3.393740448175209
P15,S2,lv2,126,11.351848028993892,17.595498121336846,3.4925557242074388
P15,S2,lv2,127,6.231125609829862,4.215309734723631,4.883006277771383
P15,S2,lv2,128,6.3776668035181965,7.940923750895094,3.859892572678528
P15,S2,lv2,129,5.502569592077178,6.6603171904048555,3.9073122485734593
P15,S2,lv2,130,3.8779202915391666,6.680749673013891,3.3153422397700525
P15,S2,lv2,131,15.042923468873791,7.606393944720474,5.371174675219025
P15,S2,lv2,132,11.139050791126097,13.699217317931605,3.8805969861724545
P15,S2,lv2,133,5.83687304684136,5.885714839843328,4.213576508542974
P15,S2,lv2,134,17.266374648828805,6.684958817139846,5.818922167327836
P15,S2,lv2,135,33.75612410902869,10.457653524929293,6.1927855056550785
P15,S2,lv2,136,9.061815379791154,5.44984316559477,5.080311104416068
P15,S2,lv2,137,12.706364443557007,8.074145229681914,4.987994173441908
P15,S2,lv2,138,10.703172624081457,9.028078324097363,4.51298946605171
P15,S2,lv2,139,6.858155990191381,7.026849067224327,4.186799096210463
P15,S2,lv2,140,10.225312912763505,11.01909751584473,4.102167893904703
P15,S2,lv2,141,24.514567584983983,8.163693477362594,6.071605798040747
P15,S2,lv2,142,8.721873299112199,6.421066507694755,4.741153042556809
P15,S2,lv2,143,8.833911442652656,7.820065608195404,4.431994283127708
P15,S2,lv2,144,5.8059361200753505,4.969057928118315,4.48858800723159
P15,S2,lv2,145,5.504961987698345,10.357078390589741,3.16761085885607
P15,S2,lv2,146,5.1695271888013,8.313118590660379,3.4308546391745742
P15,S2,lv2,147,9.745002022968801,5.204453432971318,5.2794749403353425
P15,S2,lv2,148,6.2107220838763775,6.287694401444207,4.2068945663988115
