subject,target,probability
P01,0,0.7720787777524716
P01,0,0.5049519794095184
P01,0,0.3989148523387478
P01,0,0.4775035605185605
P01,0,0.6146569580060247
P01,0,0.45622820739966163
P01,0,0.438128747351855
P01,0,0.5693801833223566
P01,0,0.587308424187398
P01,0,0.3281841058182614
P01,0,0.49753370557142396
P01,0,0.45191506951035126
P01,0,0.5447345669518552
P01,0,0.3597844327006167
P01,0,0.6083126560856787
P01,0,0.46143628881246856
P01,0,0.6039124107568492
P01,0,0.6692633402312456
P01,0,0.37842640110247516
P01,0,0.5302796058905174
P01,0,0.5122535766958888
P01,0,0.3239536100525634
P01,0,0.23501462630736064
P01,0,0.3510116302449145
P01,0,0.436253135964432
P01,0,0.48039849928033207
P01,0,0.39948357110000043
P01,0,0.44356548015469877
P01,0,0.4523712616265547
P01,0,0.5653618419095292
P01,0,0.6671947832144302
P01,0,0.5210705186345564
P01,0,0.5485076679833238
P01,0,0.35103156392049495
P01,0,0.3894614200632356
P01,0,0.4767768456003305
P01,0,0.43524180014729597
P01,0,0.4469256990391922
P01,0,0.5765175263119546
P01,0,0.3504966664931758
P01,0,0.3043633552805817
P01,0,0.5897732685819905
P01,0,0.25481954013032515
P01,0,0.6349915406425101
P01,0,0.6643167580370652
P01,0,0.4563249232405452
P01,0,0.3052936293566292
P01,0,0.5517028728731421
P01,0,0.4754561625329046
P01,0,0.35689188356938184
P01,0,0.4191971868210474
P01,0,0.31739632165369325
P01,0,0.7487971879385806
P01,0,0.33267483395761954
P01,0,0.7915074455525409
P01,0,0.5550485406532825
P01,0,0.49578690751010746
P01,0,0.4735644836644041
P01,0,0.5473165111401118
P01,0,0.5897356149160159
P01,0,0.25286613239368616
P01,0,0.591696807833346
P01,0,0.5305904564019389
P01,0,0.22741402421021203
P01,0,0.4523479078358973
P01,0,0.4924595075999155
P01,0,0.5531923320396359
P01,0,0.604207712866135
P01,0,0.4631118468557962
P01,0,0.6131748418273593
P01,0,0.5471484148117065
P01,0,0.5681359585253241
P01,0,0.6413102658073391
P01,0,0.33215558947843804
P01,0,0.6413059270600701
P01,0,0.4629187339567627
P01,0,0.5481091460144476
P01,0,0.4563015455047603
P01,0,0.27764370610959827
P01,0,0.569807491189449
P01,0,0.5971693746664538
P01,0,0.46155930271399637
P01,0,0.47156468846544625
P01,0,0.34711401870322867
P01,0,0.39693312734372316
P01,0,0.4182732869662235
P01,0,0.49500935231855986
P01,0,0.3859621006340436
P01,0,0.676338096609828
P01,0,0.5412886281926771
P01,0,0.42132331593837846
P01,0,0.6261318011080316
P01,0,0.47029473028166613
P01,0,0.3896244540329005
P01,0,0.5435838052352459
P01,0,0.3827129810748462
P01,0,0.6200098167146714
P01,0,0.6363546828587111
P01,0,0.25252501675814126
P01,0,0.27672939399756497
P01,0,0.5308574904005737
P01,0,0.32418551351243946
P01,0,0.4637025615223514
P01,0,0.5250259903579533
P01,0,0.3971718963748539
P01,0,0.38888329018264567
P01,0,0.4375984182396165
P01,0,0.4207348755015729
P01,0,0.3374055283815833
P01,0,0.2927133931770124
P01,0,0.30794266761655775
P01,0,0.30376481450672654
P01,0,0.5741960811161082
P01,0,0.4245577047559555
P01,0,0.43361668634062855
P01,0,0.6402716202167684
P01,0,0.6795189159561639
P01,0,0.3508065665489777
P01,0,0.43876823079173427
P01,0,0.2983435855276785
P01,0,0.554177508395294
P01,0,0.2653447859180679
P01,0,0.49608130746578344
P01,0,0.24956348137391546
P01,0,0.27593998924452084
P01,0,0.35286838264103765
P01,0,0.36326669000600387
P01,0,0.5174377415200695
P01,0,0.3589868353521359
P01,0,0.3000287058700682
P01,0,0.41052587555278647
P01,0,0.21176418743293662
P01,0,0.5493691088159155
P01,0,0.3759480535526605
P01,0,0.4014094032776977
P01,0,0.3826798482737851
P01,0,0.3957351197888331
P01,0,0.44115718641454016
P01,0,0.3163537640795352
P01,0,0.3444511050611405
P01,0,0.559568810688126
P01,0,0.31209049984318316
P01,0,0.44583107619359647
P01,0,0.24529035527893092
P01,0,0.3440344749690147
P01,0,0.4096735161418123
P01,0,0.3002338175684024
P01,0,0.6295956843726974
P01,0,0.4642084508683854
P01,1,0.8598560992876216
P01,1,0.8899045625550749
P01,1,0.9240137201225338
P01,1,0.8601186531935036
P01,1,0.8156810234664585
P01,1,0.6732087911166083
P01,1,0.6708092105519778
P01,1,0.8586162482485366
P01,1,0.8702482931573426
P01,1,0.888801764868986
P01,1,0.9693890575458174
P01,1,0.7449865945391374
P01,1,0.6042368193569659
P01,1,0.8938026008284125
P01,1,0.5725089403309981
P01,1,0.8058922521431611
P01,1,0.8367304367843929
P01,1,0.7928873191694868
P01,1,0.6540002279949352
P01,1,0.609531860882982
P01,1,0.8653331659364151
P01,1,0.8661631965814663
P01,1,0.8929533530934645
P01,1,0.6539067984923004
P01,1,0.8293592679039272
P01,1,0.6943889210650965
P01,1,0.8535657824431462
P01,1,0.9174267969336837
P01,1,0.6728550605674022
P01,1,0.8219545592271924
P01,1,0.7648420782055807
P01,1,0.5903420241466449
P01,1,0.7421932560616192
P01,1,0.6245242737376228
P01,1,0.8499340827506671
P01,1,0.9320765903659062
P01,1,0.9100813495124871
P01,1,0.633379722464304
P01,1,0.6568996767300926
P01,1,0.5590306057578442
P01,1,0.610586646819798
P01,1,0.8917795124493737
P01,1,0.6059970134228936
P01,1,0.8576399957006827
P01,1,0.8461938136273796
P01,1,0.8083553457192205
P01,1,0.6932697944891679
P01,1,0.7392828595853324
P01,1,0.7725044044643073
P01,1,0.7768850286033548
P01,1,0.6751047460111405
P01,1,0.8620852891288276
P01,1,0.7961703934431541
P01,1,0.6337990646325142
P01,1,0.5156601542364669
P01,1,0.909824646504861
P01,1,0.7377921648903538
P01,1,0.7763186069849196
P01,1,0.9042231943638233
P01,1,0.5993785285942931
P01,1,0.8184303977569886
P01,1,0.7340954520564543
P01,1,0.7856964013726093
P01,1,0.8012339000277616
P01,1,0.5720502995393125
P01,1,0.5906503146194759
P01,1,0.8702680507633267
P01,1,0.506382896661208
P01,1,0.8298335059245356
P01,1,0.8746709054295067
P01,1,0.887673555535618
P01,1,0.655039808300375
P01,1,0.5545201921527513
P01,1,0.8514044067764913
P01,1,0.8036537708300425
P01,1,0.7748411846010276
P01,1,0.6646454873325519
P01,1,0.6473475513466376
P01,1,0.8381824675627825
P01,1,0.8863583264066743
P01,1,0.845511270551914
P01,1,0.7306637087483677
P01,1,0.8410710553350355
P01,1,0.8567798352672408
P01,1,0.7900148878539143
P01,1,0.3837694854503762
P01,1,0.6490117329900805
P01,1,0.4602241147769528
P01,1,0.7886394125334493
P01,1,0.6892056771327005
P01,1,0.5022030673911406
P01,1,0.8913264936568914
P01,1,0.6604449927033182
P01,1,0.7269341404594123
P01,1,0.8356662127388402
P01,1,0.7033411096820736
P01,1,0.7031892486152231
P01,1,0.828960248429722
P01,1,0.462419035794207
P01,1,0.818941789196435
P01,1,0.8938046189302291
P01,1,0.7410354355249692
P01,1,0.7057044847524364
P01,1,0.8995962707532409
P01,1,0.7428460148734976
P01,1,0.8331838444671221
P01,1,0.8901290614940629
P01,1,0.8441108726409144
P01,1,0.5844312116285237
P01,1,0.5644943703123375
P01,1,0.7958274013677705
P01,1,0.7248252637691628
P01,1,0.6870569570565536
P01,1,0.9037406618318249
P01,1,0.5431781097678443
P01,1,0.5842366037407075
P01,1,0.7270359548559299
P01,1,0.8042045267449208
P01,1,0.8545005189405499
P01,1,0.6488993292838259
P01,1,0.5307343382869423
P01,1,0.6537386332934507
P01,1,0.8209572495663502
P01,1,0.8257176475373555
P01,1,0.9354548933688485
P01,1,0.7555538574514178
P01,1,0.9314443417464205
P01,1,0.9196605839821268
P01,1,0.9209108070144532
P01,1,0.48344107861314456
P01,1,0.8178272463702503
P01,1,0.9086275436665066
P01,1,0.9405562201592856
P01,1,0.7424174126421474
P01,1,0.7171299374128166
P01,1,0.61638210906195
P01,1,0.6374708041297801
P01,1,0.7369473536842271
P01,1,0.7066710802712183
P01,1,0.7550823709371135
P01,1,0.5784087768617746
P01,1,0.6261579141451755
P01,1,0.8608196193539437
P01,1,0.7373277637034097
P01,1,0.41585647071683723
P01,1,0.5832227933618027
P01,1,0.4489407220750099
P01,1,0.8331829869448276
P01,1,0.9152042928375435
P01,0,0.6453474506973356
P01,0,0.6675912223541285
P01,0,0.49897906037258744
P01,0,0.6619814784512157
P01,0,0.6586578210872892
P01,0,0.6634885342130086
P01,0,0.6249062646482668
P01,0,0.7307336158842817
P01,0,0.5771228332213747
P01,0,0.8055709217047426
P01,0,0.5585991194445207
P01,0,0.5307794573969637
P01,0,0.5877049456577303
P01,0,0.5766915736562306
P01,0,0.6391832667560015
P01,0,0.43025088251787386
P01,0,0.5099442182941019
P01,0,0.4012860695679513
P01,0,0.4009345443679739
P01,0,0.564807392941471
P01,0,0.7052913778957723
P01,0,0.71060619391718
P01,0,0.6702599414440759
P01,0,0.5853400739013579
P01,0,0.5628538485075661
P01,0,0.6210265195535233
P01,0,0.699406779224487
P01,0,0.7936537003558564
P01,0,0.6287503591646358
P01,0,0.40133690625820323
P01,0,0.5375669325945812
P01,0,0.48412107342329935
P01,0,0.33916960551073283
P01,0,0.5698061834531791
P01,0,0.5762910808997594
P01,0,0.3681649772600462
P01,0,0.5047430244660898
P01,0,0.534282260034517
P01,0,0.46427313253677693
P01,0,0.49700905525059746
P01,0,0.4322601530076814
P01,0,0.3725067144492445
P01,0,0.6898436151505476
P01,0,0.42892789070674553
P01,0,0.6438819891495682
P01,0,0.4670185767748139
P01,0,0.49384399075776614
P01,0,0.4072173365986197
P01,0,0.5859690006361497
P01,0,0.37018874971694526
P01,0,0.33259430586653826
P01,0,0.40588940383009986
P01,0,0.4177660417387072
P01,0,0.4218615893364369
P01,0,0.685108340664561
P01,0,0.461497628077819
P01,0,0.3935323996826355
P01,0,0.32039989832845284
P01,0,0.610209145337225
P01,0,0.5202743147729099
P01,0,0.7362435955968167
P01,0,0.5805165357654561
P01,0,0.4757232258227311
P01,0,0.49815977635618236
P01,0,0.6820371020592368
P01,0,0.39213386842182846
P01,0,0.6526264396142122
P01,0,0.8106200741871745
P01,0,0.6151075914152749
P01,0,0.5687793241192599
P01,0,0.5800533794852984
P01,0,0.321364608121879
P01,0,0.40839484748007093
P01,0,0.35903709776023146
P01,0,0.5307642251912581
P01,0,0.32563572969983595
P01,0,0.7502053634095246
P01,0,0.6286317828928306
P01,0,0.9216540735228869
P01,0,0.5966485268533163
P01,0,0.418937758841397
P01,0,0.6991233060633745
P01,0,0.42067609243461773
P01,0,0.5977578848037802
P01,0,0.5867523707374181
P01,0,0.6756461979423065
P01,0,0.5168390604713108
P01,0,0.6151532254373848
P01,0,0.39402236911492494
P01,0,0.5876366007952687
P01,0,0.5234168964717291
P01,0,0.5002494737531169
P01,0,0.49676155447256987
P01,0,0.4639967337664906
P01,0,0.5364872206607187
P01,0,0.49095078061199904
P01,0,0.4001786665076687
P01,0,0.38231467978517647
P01,0,0.369870096526297
P01,0,0.5333399427995256
P01,0,0.5561867356620976
P01,0,0.5529532142596175
P01,0,0.4398535844100825
P01,0,0.6362759699422134
P01,0,0.7858788947923971
P01,0,0.7914073270337687
P01,0,0.6821560742372473
P01,0,0.510884094511492
P01,0,0.5176474478115466
P01,0,0.4149594592414583
P01,0,0.5891879569941666
P01,0,0.6118343668753613
P01,0,0.743538173963325
P01,0,0.4998657056981422
P01,0,0.2892397474010428
P01,0,0.35255126276462767
P01,0,0.4328086438967302
P01,0,0.47454651505338935
P01,0,0.514796400396872
P01,0,0.5548396474690689
P01,0,0.34231038155237986
P01,0,0.6147871978689143
P01,0,0.46509531194433706
P01,0,0.5915374749529005
P01,0,0.4421224084622327
P01,0,0.7206478779661625
P01,0,0.5434245989812504
P01,0,0.5608368224070645
P01,0,0.4678115582155159
P01,0,0.43507019629814364
P01,0,0.3588938388168907
P01,0,0.4108815135594226
P01,0,0.5027143097119989
P01,0,0.5208033361809513
P01,0,0.5844231791458859
P01,0,0.3966047562226134
P01,0,0.639930908873526
P01,0,0.45442664232992735
P01,0,0.5778072807336352
P01,0,0.6316957633091979
P01,0,0.6311788071005178
P01,0,0.5444533772174829
P01,0,0.6518974349201287
P01,0,0.43537386668719363
P01,0,0.37673481458188535
P01,0,0.6064156510273466
P01,0,0.535203234549483
P01,0,0.41424320625089356
P01,0,0.44428109065651505
P01,1,0.9581630006104327
P01,1,0.6847288699392236
P01,1,0.7614145700741034
P01,1,0.8021417619375927
P01,1,0.8721773515932515
P01,1,0.6241123778447741
P01,1,0.7821310950716637
P01,1,0.6244672286835502
P01,1,0.7731173212724035
P01,1,0.5811864033047439
P01,1,0.564186963556454
P01,1,0.7416056656537501
P01,1,0.7398322199185168
P01,1,0.7099297376271804
P01,1,0.5839647229594223
P01,1,0.742138183280606
P01,1,0.822335845813005
P01,1,0.7929421507759199
P01,1,0.7232191436202488
P01,1,0.6412934480040805
P01,1,0.6914024871604695
P01,1,0.8094040336301553
P01,1,0.7658787034427582
P01,1,0.5419454745708902
P01,1,0.6518804901052583
P01,1,0.593151666444462
P01,1,0.8081962140203509
P01,1,0.7822885581089246
P01,1,0.8059034745714372
P01,1,0.8152034320355409
P01,1,0.7537082571643341
P01,1,0.4819841894033013
P01,1,0.6397524355946482
P01,1,0.752098216157057
P01,1,0.6804532043041631
P01,1,0.826021806546873
P01,1,0.7600724162175281
P01,1,0.7221707709675258
P01,1,0.5489899479273759
P01,1,0.7474406522471956
P01,1,0.8356526378946068
P01,1,0.7877772886986536
P01,1,0.8977948614853417
P01,1,0.5469015582023217
P01,1,0.8974997079784055
P01,1,0.7912441903263056
P01,1,0.7749102871195905
P01,1,0.6058865344275279
P01,1,0.6945439174522758
P01,1,0.7716839985909046
P01,1,0.8032004630905639
P01,1,0.9003444240362546
P01,1,0.6914657438862597
P01,1,0.39020021568505353
P01,1,0.6774191603123588
P01,1,0.7164310065475414
P01,1,0.6545318982181473
P01,1,0.42028759401976157
P01,1,0.8314646055084716
P01,1,0.5007128317650524
P01,1,0.8684293297846196
P01,1,0.8525894625829541
P01,1,0.7070097925557317
P01,1,0.7731537366419791
P01,1,0.5068323528573151
P01,1,0.6466088034135099
P01,1,0.7346590738588744
P01,1,0.64359719350671
P01,1,0.39843942144453687
P01,1,0.8792578439976534
P01,1,0.7255318225392271
P01,1,0.5723329305029227
P01,1,0.6892110814561744
P01,1,0.6224121644762753
P01,1,0.5894911257139894
P01,1,0.6847474420675314
P01,1,0.8290109676499456
P01,1,0.5577673072034722
P01,1,0.7752017026540982
P01,1,0.7616468890238263
P01,1,0.6725835127841153
P01,1,0.8568664156231085
P01,1,0.7391540628710574
P01,1,0.8497448326885318
P01,1,0.7421515426167824
P01,1,0.7495415569705063
P01,1,0.6305918538607652
P01,1,0.770175788759201
P01,1,0.8677291445640173
P01,1,0.7591624188576436
P01,1,0.5837514131492462
P01,1,0.6278795531012321
P01,1,0.8288352890693041
P01,1,0.6925446677752416
P01,1,0.7298470312626506
P01,1,0.8001542542255717
P01,1,0.7480256561563517
P01,1,0.48937532708134107
P01,1,0.7309378141013058
P01,1,0.8356557347785804
P01,1,0.47433112142985745
P01,1,0.7891248339611385
P01,1,0.748479323446547
P01,1,0.503787169208283
P01,1,0.7971410607329616
P01,1,0.5959029511076154
P01,1,0.8083107214188434
P01,1,0.5382378130100368
P01,1,0.7249834266303052
P01,1,0.5909253998190332
P01,1,0.5439556960913947
P01,1,0.7331882959534276
P01,1,0.8590369731863243
P01,1,0.5106694894581693
P01,1,0.8020175523249025
P01,1,0.8033359881314946
P01,1,0.7798477208226513
P01,1,0.8350339884045705
P01,1,0.8153899168782129
P01,1,0.6195178171727368
P01,1,0.6694640105227431
P01,1,0.5966576949593847
P01,1,0.5322721609476413
P01,1,0.7729879379417485
P01,1,0.6799527106483542
P01,1,0.8373694664853759
P01,1,0.8108778841326306
P01,1,0.6382394410452352
P01,1,0.8524316405527702
P01,1,0.7936398126270382
P01,1,0.7355005334162711
P01,1,0.664426517123564
P01,1,0.7629512526347356
P01,1,0.8136849686424004
P01,1,0.7283629353718124
P01,1,0.768766628894241
P01,1,0.7229091336908191
P01,1,0.7660388937984831
P01,1,0.7020593621190713
P01,1,0.8321399230924678
P01,1,0.6373481242526275
P01,1,0.8514106126081306
P01,1,0.7535580566887508
P01,1,0.8674167333765189
P01,1,0.6205631710409496
P01,1,0.8225730494231779
P01,1,0.7328190508595188
P01,1,0.696230087539527
P01,1,0.5721859596862502
P02,0,0.4710089170547987
P02,0,0.5155771917786103
P02,0,0.39191866434930356
P02,0,0.36970911477090956
P02,0,0.3712691934343488
P02,0,0.3956081823624744
P02,0,0.3693869144615739
P02,0,0.46930072839666565
P02,0,0.4554676181710318
P02,0,0.5509894756085049
P02,0,0.47604533890248535
P02,0,0.3924920952160068
P02,0,0.5154385037071173
P02,0,0.44852188888660094
P02,0,0.4657676636653768
P02,0,0.46776388526095314
P02,0,0.5947935590418265
P02,0,0.4231950666697546
P02,0,0.35442558730739687
P02,0,0.41764342129615584
P02,0,0.37081106519157453
P02,0,0.45934281855650777
P02,0,0.4493782342327043
P02,0,0.2841313513594668
P02,0,0.38350652640141975
P02,0,0.40760268746353184
P02,0,0.4596510880680999
P02,0,0.6531155455063269
P02,0,0.5053746806634829
P02,0,0.4899030946397549
P02,0,0.5334208869549346
P02,0,0.4354204313251263
P02,0,0.3753784686800645
P02,0,0.5182155629548422
P02,0,0.3703924707241343
P02,0,0.3446412796352882
P02,0,0.41326399990463414
P02,0,0.628889215660069
P02,0,0.39944586985171504
P02,0,0.4862414641771315
P02,0,0.4858869326410892
P02,0,0.4327742838562528
P02,0,0.380461416399034
P02,0,0.5395247175142077
P02,0,0.49684718037565956
P02,0,0.5267260374632327
P02,0,0.43032550138920467
P02,0,0.4226202280994049
P02,0,0.4515018352350744
P02,0,0.30987264537692427
P02,0,0.38871913745351905
P02,0,0.4592434709764693
P02,0,0.45018724998964
P02,0,0.4487394185573145
P02,0,0.44458284776348134
P02,0,0.44739165757614413
P02,0,0.2768481568644697
P02,0,0.3847384713992888
P02,0,0.3666267687481
P02,0,0.42835822658461953
P02,0,0.36444011141018723
P02,0,0.40927244756060666
P02,0,0.3986242190060874
P02,0,0.42678903552391206
P02,0,0.3361389034001213
P02,0,0.330166483199588
P02,0,0.397888512491075
P02,0,0.5889881865837774
P02,0,0.4956296687236443
P02,0,0.45451888040791166
P02,0,0.40151141776819405
P02,0,0.5410358327691699
P02,0,0.644000951909317
P02,0,0.522494400488468
P02,0,0.4256315234489042
P02,0,0.44393731417058396
P02,0,0.6158292799842666
P02,0,0.5035834583264392
P02,0,0.4272174439094935
P02,0,0.4924065891046828
P02,0,0.3687357077383371
P02,0,0.45812206363528396
P02,0,0.3124431739444723
P02,0,0.605108317892883
P02,0,0.40818013970527556
P02,0,0.3398798848716369
P02,0,0.36952766341074966
P02,0,0.3985553027482888
P02,0,0.36676926488482914
P02,0,0.4320273155054329
P02,0,0.4528143115365717
P02,0,0.5167475416891596
P02,0,0.39725108298031114
P02,0,0.40911788345919214
P02,0,0.32813728461783354
P02,0,0.42065144234902485
P02,0,0.48259985512294734
P02,0,0.45659140780536844
P02,0,0.43359039871878685
P02,0,0.48533869094731436
P02,0,0.4465241884037374
P02,0,0.4535877662552972
P02,0,0.36226291182171844
P02,0,0.34548783512951353
P02,0,0.3577663312687117
P02,0,0.45792301309685846
P02,0,0.7029374838968395
P02,0,0.40595112787406956
P02,0,0.5428913469535642
P02,0,0.41883218803778227
P02,0,0.45779711202413176
P02,0,0.451613854705672
P02,0,0.3276721386521604
P02,0,0.411361446867289
P02,0,0.3995891977333722
P02,0,0.3707747470655609
P02,0,0.5659384386754994
P02,0,0.39135113689278556
P02,0,0.4664800173680798
P02,0,0.34547969544447366
P02,0,0.4126742505759706
P02,0,0.4544529597818332
P02,0,0.3421969314946924
P02,0,0.4481781015405778
P02,0,0.3415665350739492
P02,0,0.4101646429632334
P02,0,0.5193546401652922
P02,0,0.40289215657407434
P02,0,0.377706394346331
P02,0,0.3807179201419236
P02,0,0.44660850014707343
P02,0,0.367789605122554
P02,0,0.3506434179432861
P02,0,0.45993322525517805
P02,0,0.5145848710567085
P02,0,0.4464292185723319
P02,0,0.40493973724149845
P02,0,0.6418582365457394
P02,0,0.40372255666191376
P02,0,0.3724446428322643
P02,0,0.4034616787312939
P02,0,0.3658106336204267
P02,0,0.5195649063543895
P02,0,0.3683759737579655
P02,0,0.6182857841070841
P02,0,0.4961140147659998
P02,0,0.36667389562974306
P02,0,0.4269769984690447
P02,0,0.47631408168961986
P02,1,0.45073257877382017
P02,1,0.6109289040044324
P02,1,0.5749572058572353
P02,1,0.5888843231952439
P02,1,0.5172489166256418
P02,1,0.5362534142807162
P02,1,0.4615633277648013
P02,1,0.6475556734822592
P02,1,0.5171347282752993
P02,1,0.45683952335671424
P02,1,0.5400295816019677
P02,1,0.5301171784032304
P02,1,0.5957893537794122
P02,1,0.5590672645904354
P02,1,0.46215126520787314
P02,1,0.41633005201730344
P02,1,0.5106730555736602
P02,1,0.5348612638073925
P02,1,0.565157431792683
P02,1,0.6691654365445298
P02,1,0.5227492497258641
P02,1,0.6319638235882333
P02,1,0.6841761972255987
P02,1,0.6500654607201978
P02,1,0.5311094164028681
P02,1,0.6363548072318943
P02,1,0.6016781903714646
P02,1,0.640084398426255
P02,1,0.7125704702873106
P02,1,0.6392017762663498
P02,1,0.6434004176707909
P02,1,0.582259660759737
P02,1,0.6358680280175137
P02,1,0.5790626456363683
P02,1,0.5082216450930949
P02,1,0.6266544387962147
P02,1,0.5064599453779797
P02,1,0.46270295206081113
P02,1,0.6466380587867316
P02,1,0.5736391033946042
P02,1,0.44269450261729965
P02,1,0.5656623783890227
P02,1,0.7219884414878165
P02,1,0.6539231227958431
P02,1,0.5895655094531781
P02,1,0.7284136717340121
P02,1,0.5638888609254925
P02,1,0.696101548842307
P02,1,0.5433500708422244
P02,1,0.5817522534415209
P02,1,0.5179029139264658
P02,1,0.6416455111103619
P02,1,0.4830168696139353
P02,1,0.5451490081567915
P02,1,0.4834956460693066
P02,1,0.519940667245184
P02,1,0.6227473873496502
P02,1,0.5476531376431049
P02,1,0.6626527048758856
P02,1,0.553443004063225
P02,1,0.5642158911125337
P02,1,0.6045118167997892
P02,1,0.528936380117822
P02,1,0.5706945021343494
P02,1,0.5735109052739207
P02,1,0.577097429847085
P02,1,0.6154567289633484
P02,1,0.712903723863304
P02,1,0.716835248004208
P02,1,0.6521503215477213
P02,1,0.7010106101745073
P02,1,0.6415230931300724
P02,1,0.5974919624465792
P02,1,0.5547434336898803
P02,1,0.6030494557499727
P02,1,0.5934645523781219
P02,1,0.6184154846966141
P02,1,0.5981183943779839
P02,1,0.5454265892562852
P02,1,0.6698681453584342
P02,1,0.6151534466639664
P02,1,0.49745495021514224
P02,1,0.47946245431908174
P02,1,0.5926033879785364
P02,1,0.5708165142114805
P02,1,0.47933760613698057
P02,1,0.4922205625600985
P02,1,0.5013751499287756
P02,1,0.5249158413071882
P02,1,0.5840707693393771
P02,1,0.5520323542567755
P02,1,0.6387746662365842
P02,1,0.5970297040561274
P02,1,0.5817396910786371
P02,1,0.48983446452665597
P02,1,0.3671084472123496
P02,1,0.5064392931699185
P02,1,0.47789011179036456
P02,1,0.48880777794878344
P02,1,0.5527312016367394
P02,1,0.6470900096696877
P02,1,0.6575870852357959
P02,1,0.6201206632251796
P02,1,0.6053051142495302
P02,1,0.534593449836568
P02,1,0.5778980019803303
P02,1,0.7469903760043316
P02,1,0.657765412791922
P02,1,0.6642039041049483
P02,1,0.5600130750617953
P02,1,0.5346749250610396
P02,1,0.6821790588262988
P02,1,0.48535484080393526
P02,1,0.6433392824892344
P02,1,0.6477818559582339
P02,1,0.4736131657205204
P02,1,0.6293948176990867
P02,1,0.6141740848599059
P02,1,0.6271106438122375
P02,1,0.5584112741257081
P02,1,0.4581079698543294
P02,1,0.47428999328422056
P02,1,0.37859883964471125
P02,1,0.45558007940587864
P02,1,0.6279406879240572
P02,1,0.5985210537428444
P02,1,0.754163251213375
P02,1,0.7456091386188219
P02,1,0.6452584658532441
P02,1,0.6506935597279644
P02,1,0.7528747283148937
P02,1,0.4936968758909222
P02,1,0.642857730903166
P02,1,0.5757114918086436
P02,1,0.49944141430822714
P02,1,0.6431253621215879
P02,1,0.49693390449065356
P02,1,0.5979161712117894
P02,1,0.6628433731068354
P02,1,0.5544101067482949
P02,1,0.5796987161719939
P02,1,0.5409391782598914
P02,1,0.6654406274215097
P02,1,0.47869361291574813
P02,1,0.5107541093859732
P02,1,0.5117646882923083
P02,1,0.5463247149369147
P02,1,0.604184938667462
P02,1,0.5775048932513903
P02,0,0.5716115872540851
P02,0,0.5204611326009541
P02,0,0.4657911813500991
P02,0,0.5512989144703198
P02,0,0.45782287140017924
P02,0,0.4071254329967493
P02,0,0.576503798021157
P02,0,0.49262121244316015
P02,0,0.5987247344748043
P02,0,0.5605873214755664
P02,0,0.5826323723653765
P02,0,0.5591629833853599
P02,0,0.5604165839665632
P02,0,0.6328290635238903
P02,0,0.5813660543867278
P02,0,0.5951577896131073
P02,0,0.5422293481491703
P02,0,0.5693055381327976
P02,0,0.4560333056368805
P02,0,0.5090089958116776
P02,0,0.4863864003140296
P02,0,0.48070856107048865
P02,0,0.4540071739416439
P02,0,0.3710576667499117
P02,0,0.4311398164851787
P02,0,0.5450984931666155
P02,0,0.4699795704686608
P02,0,0.5309878294622649
P02,0,0.5501539812851072
P02,0,0.510397735181031
P02,0,0.5202129914473757
P02,0,0.4365826720941305
P02,0,0.5457535507048579
P02,0,0.5244156290900482
P02,0,0.4535824991412557
P02,0,0.5799474116419732
P02,0,0.5013878317165327
P02,0,0.4822760399613015
P02,0,0.401628923630672
P02,0,0.4335564737106905
P02,0,0.5298318879683848
P02,0,0.5063218137350868
P02,0,0.5167035626115722
P02,0,0.5745148836559526
P02,0,0.402185596316673
P02,0,0.5350556826720255
P02,0,0.4813196750589466
P02,0,0.4714586550036866
P02,0,0.5730669048566327
P02,0,0.42191865334106676
P02,0,0.5454037494159619
P02,0,0.4575431659606256
P02,0,0.360920153866677
P02,0,0.8838965043226493
P02,0,0.8255447951752686
P02,0,0.8457700644184073
P02,0,0.5972018050818896
P02,0,0.413979376790775
P02,0,0.36919905250477847
P02,0,0.4576795858594862
P02,0,0.4346933286395066
P02,0,0.41950281448498544
P02,0,0.41253742951537803
P02,0,0.531391944900255
P02,0,0.44534697797304434
P02,0,0.4135590663587157
P02,0,0.4216347023942438
P02,0,0.5636950683155899
P02,0,0.43949702739441104
P02,0,0.5318880253174767
P02,0,0.5256851419788305
P02,0,0.4786072388111973
P02,0,0.4445706726288698
P02,0,0.47939876547911936
P02,0,0.5844637235044957
P02,0,0.5113777663522681
P02,0,0.5325957337294651
P02,0,0.4883320581501081
P02,0,0.42986640609656973
P02,0,0.4607228074093769
P02,0,0.42189233418461997
P02,0,0.4607127517588382
P02,0,0.5593574114947372
P02,0,0.46138630731175856
P02,0,0.4811586873700731
P02,0,0.4945056378165563
P02,0,0.4350600581069977
P02,0,0.5262638278398702
P02,0,0.3772409271451182
P02,0,0.35894896227627426
P02,0,0.42782717271561754
P02,0,0.564462566344041
P02,0,0.5083583673597036
P02,0,0.383317195280437
P02,0,0.4489323961464108
P02,0,0.48648159393009316
P02,0,0.4405914026251833
P02,0,0.4165016124900528
P02,0,0.448690243508649
P02,0,0.5052601008575321
P02,0,0.44028898947654815
P02,0,0.5111536851954369
P02,0,0.4770100399913569
P02,0,0.5579598272889522
P02,0,0.4406988257467928
P02,0,0.6079021358062466
P02,0,0.37936281486381584
P02,0,0.5252272153693717
P02,0,0.4040484726191453
P02,0,0.6137624687380584
P02,0,0.47193620404845443
P02,0,0.5366291977263878
P02,0,0.3878684284083655
P02,0,0.42844290902562837
P02,0,0.5102317595725868
P02,0,0.3907960824555214
P02,0,0.42424803827788843
P02,0,0.47300431963843576
P02,0,0.5345426040745388
P02,0,0.4442863895903926
P02,0,0.4598702324662765
P02,0,0.47015369116779415
P02,0,0.4615335084847964
P02,0,0.42267243617793826
P02,0,0.3423912672753774
P02,0,0.5137306096440794
P02,0,0.4309403964786202
P02,0,0.4657256244956785
P02,0,0.43681859999737876
P02,0,0.5208327702199307
P02,0,0.5480566094939214
P02,0,0.4833268947993664
P02,0,0.4097830054073122
P02,0,0.4995329243297448
P02,0,0.38653893487449426
P02,0,0.5414397462667978
P02,0,0.43048950495419475
P02,0,0.5593916763497705
P02,0,0.8290338066219335
P02,0,0.4285324276174189
P02,0,0.5590543147405849
P02,0,0.4424045480579244
P02,0,0.40061494804217807
P02,0,0.42497398584957274
P02,0,0.4251916667758778
P02,0,0.40769671275205016
P02,0,0.4691574292839135
P02,0,0.4527149756671595
P02,0,0.4475280373602931
P02,1,0.6771107484716445
P02,1,0.7134670893557092
P02,1,0.7513169630389567
P02,1,0.7826095188196778
P02,1,0.8100124114556414
P02,1,0.8228305287198407
P02,1,0.5370542350239038
P02,1,0.620995173602347
P02,1,0.6455056575985533
P02,1,0.6179008956157426
P02,1,0.6532673633546917
P02,1,0.5969006843935757
P02,1,0.7219287991617331
P02,1,0.6156895619968844
P02,1,0.6935863700336522
P02,1,0.6485880212837384
P02,1,0.5957274610812104
P02,1,0.4971376505145159
P02,1,0.5320072343779167
P02,1,0.6792510938319488
P02,1,0.7407688119232294
P02,1,0.597493124129041
P02,1,0.7366333038564427
P02,1,0.6150746051446732
P02,1,0.6439746380443093
P02,1,0.5142603047551574
P02,1,0.5674502841940462
P02,1,0.5762862855696272
P02,1,0.6944998253777704
P02,1,0.5307013153429883
P02,1,0.6099097332447204
P02,1,0.7263901282630885
P02,1,0.6334641410035845
P02,1,0.5531238968948112
P02,1,0.6151113007869656
P02,1,0.5468009429015321
P02,1,0.5201717858142423
P02,1,0.5603369009209223
P02,1,0.5849403005391067
P02,1,0.6422006421029723
P02,1,0.5344272614750599
P02,1,0.5759867243150044
P02,1,0.6506131148494158
P02,1,0.6032289239480063
P02,1,0.6177556326790616
P02,1,0.8217460101354793
P02,1,0.7837853648014861
P02,1,0.664605442974327
P02,1,0.6648038363583969
P02,1,0.6975257301476251
P02,1,0.5787195216179921
P02,1,0.7016979784030591
P02,1,0.6470586112706791
P02,1,0.6238663416464447
P02,1,0.4573223999313702
P02,1,0.5555203379362756
P02,1,0.6788691194965486
P02,1,0.7664902787172012
P02,1,0.6808585703672173
P02,1,0.7402537622923437
P02,1,0.7029230911074871
P02,1,0.6970723935772699
P02,1,0.6450951557037696
P02,1,0.8269065937889545
P02,1,0.6683532912045117
P02,1,0.7851226077794435
P02,1,0.6981383609975472
P02,1,0.710124686972597
P02,1,0.6979311580926628
P02,1,0.6405813967179315
P02,1,0.6385223820058793
P02,1,0.7143946108393046
P02,1,0.6067955859102289
P02,1,0.6262757658726213
P02,1,0.534617000235257
P02,1,0.6134329178472553
P02,1,0.5907130237909656
P02,1,0.7841866230703803
P02,1,0.7262717789908788
P02,1,0.8210789577173122
P02,1,0.6547934949408294
P02,1,0.7621943014759344
P02,1,0.5939048066128988
P02,1,0.6154228822872068
P02,1,0.6106970122060958
P02,1,0.6271588461730161
P02,1,0.6406263414313053
P02,1,0.6843688184425909
P02,1,0.7151209383225662
P02,1,0.6778556790031997
P02,1,0.7010868662108091
P02,1,0.7058905703964645
P02,1,0.719153709076767
P02,1,0.7249370708297156
P02,1,0.6665094825582956
P02,1,0.6581340908131695
P02,1,0.7133186267555321
P02,1,0.7356697660539706
P02,1,0.7594819815995447
P02,1,0.6436025740519211
P02,1,0.8193512840518679
P02,1,0.6571170637906242
P02,1,0.711265728934045
P02,1,0.7624296870220146
P02,1,0.8142592509848514
P02,1,0.8651836975038631
P02,1,0.8087571852592019
P02,1,0.7428358595744214
P02,1,0.7390098992574338
P02,1,0.647166304199352
P02,1,0.7894309846600847
P02,1,0.8353957093117743
P02,1,0.7105201504227632
P02,1,0.7224879021137091
P02,1,0.6520313507442145
P02,1,0.7108633057162916
P02,1,0.6060435012075521
P02,1,0.6590840904894121
P02,1,0.7120851325328758
P02,1,0.7247838329455145
P02,1,0.6620772645219771
P02,1,0.6281552321358509
P02,1,0.6074362013009793
P02,1,0.646324783406966
P02,1,0.6191662774934998
P02,1,0.7253529341906537
P02,1,0.8336289883880275
P02,1,0.8301347235656563
P02,1,0.7182280342128938
P02,1,0.6417893815104102
P02,1,0.8501623988681518
P02,1,0.7029618541830759
P02,1,0.7176902928849744
P02,1,0.5782090912565387
P02,1,0.5792782512801132
P02,1,0.5830355882387573
P02,1,0.7849645799290579
P02,1,0.6796098447667707
P02,1,0.6545206805492501
P02,1,0.651860878370027
P02,1,0.739363813795778
P02,1,0.620724972029754
P02,1,0.7044984559606063
P02,1,0.6824173300354202
P02,1,0.5801899923579007
P02,1,0.6501088890501107
P02,1,0.7250715706389134
P02,1,0.7249504310785809
P02,1,0.6850262898143626
P03,0,0.33213273142551064
P03,0,0.35098200657887985
P03,0,0.4267769190386312
P03,0,0.4908062402194874
P03,0,0.3935871938457877
P03,0,0.12225234032826432
P03,0,0.23042821842611091
P03,0,0.17687341412243973
P03,0,0.20938803229957226
P03,0,0.22409242041205038
P03,0,0.3382611118129122
P03,0,0.22510055465045217
P03,0,0.2020303224528991
P03,0,0.4214322398004752
P03,0,0.19192699946992775
P03,0,0.21331747106803525
P03,0,0.22559831838431038
P03,0,0.27081955860808105
P03,0,0.09051600339079276
P03,0,0.1632718143936506
P03,0,0.1906502619072433
P03,0,0.1842666700718944
P03,0,0.2172770495907744
P03,0,0.2947069585261272
P03,0,0.22155608137574123
P03,0,0.23515120259804473
P03,0,0.13713592865253815
P03,0,0.15797594953572458
P03,0,0.12085718369174113
P03,0,0.4088554301327455
P03,0,0.07159318957204408
P03,0,0.17988290800658654
P03,0,0.1843471393601837
P03,0,0.36705001849909524
P03,0,0.24604500962176265
P03,0,0.1205476305628987
P03,0,0.1947400217857534
P03,0,0.0826220341559211
P03,0,0.4854524237377232
P03,0,0.14003549616493144
P03,0,0.20753195248322562
P03,0,0.13059945663477524
P03,0,0.05524101241737273
P03,0,0.268226341218262
P03,0,0.15898462213465647
P03,0,0.11871247464942405
P03,0,0.17136502509952467
P03,0,0.29618952757146993
P03,0,0.21596390522885472
P03,0,0.09854475120157855
P03,0,0.10946504025416386
P03,0,0.21413835061607558
P03,0,0.2514371643697527
P03,0,0.13399686853250553
P03,0,0.413820607211065
P03,0,0.38114125737149546
P03,0,0.22573499310004855
P03,0,0.20821128159776348
P03,0,0.13288608282149894
P03,0,0.1901544423918089
P03,0,0.09693697595234647
P03,0,0.0909924774198704
P03,0,0.2685637188901441
P03,0,0.13750334001220396
P03,0,0.11139534630663661
P03,0,0.17063275543367987
P03,0,0.0715954173961856
P03,0,0.1913400378980216
P03,0,0.19963204355591943
P03,0,0.10842277690840056
P03,0,0.16318734899224777
P03,0,0.08882698811622657
P03,0,0.0897361540819455
P03,0,0.056972800593984886
P03,0,0.09714021429067189
P03,0,0.21626451617167283
P03,0,0.15249884162312352
P03,0,0.06469653524790338
P03,0,0.174126552301614
P03,0,0.12226741883079402
P03,0,0.1629093211929449
P03,0,0.15892258823408845
P03,0,0.11917925227543938
P03,0,0.17874131783320032
P03,0,0.2448924011502681
P03,0,0.2756126233083366
P03,0,0.20467800188707883
P03,0,0.08026273204505345
P03,0,0.2648850650788013
P03,0,0.34196388716992737
P03,0,0.1577934645504606
P03,0,0.2153130559612979
P03,0,0.35437692135877463
P03,0,0.13392547898509477
P03,0,0.12696979658813237
P03,0,0.1268242816826975
P03,0,0.15215964700120255
P03,0,0.18287974927825507
P03,0,0.1310796541274325
P03,0,0.10584521835240841
P03,0,0.16879765815376735
P03,0,0.08375333075853075
P03,0,0.2589153064386634
P03,0,0.17509688162696962
P03,0,0.16185305388974935
P03,0,0.18084950991488163
P03,0,0.23640695999003772
P03,0,0.11066662664985252
P03,0,0.17929296529979433
P03,0,0.0993512462795826
P03,0,0.37581545251723475
P03,0,0.14727693814979192
P03,0,0.2888446266994337
P03,0,0.12015879351391062
P03,0,0.09507833914267304
P03,0,0.12082963700673832
P03,0,0.07338699371594583
P03,0,0.23620044178371497
P03,0,0.2519936731872347
P03,0,0.10695853700708861
P03,0,0.2311811264719008
P03,0,0.10081116690743436
P03,0,0.15980107300540486
P03,0,0.12025385923502985
P03,0,0.18278780771852532
P03,0,0.21560572504513853
P03,0,0.1387750034725787
P03,0,0.07602951107813416
P03,0,0.17111723533813689
P03,0,0.11891902235230736
P03,0,0.2594577935384802
P03,0,0.159668641334628
P03,0,0.11431463145187172
P03,0,0.3412373211867091
P03,0,0.1649509303642607
P03,0,0.2610691750996677
P03,0,0.27138999250118956
P03,0,0.09755317562785827
P03,0,0.08344694626485366
P03,0,0.1859055312771136
P03,0,0.12152506552901035
P03,0,0.16573773722292628
P03,0,0.16166201296270788
P03,0,0.14467254954306036
P03,0,0.06323542036404704
P03,0,0.19881455889460567
P03,0,0.18046873184988757
P03,0,0.20848783951978977
P03,0,0.2210989826426157
P03,1,0.7493824659888948
P03,1,0.6926586896925565
P03,1,0.4599620795422247
P03,1,0.3314597435242141
P03,1,0.655839018647235
P03,1,0.7538978590115167
P03,1,0.5060308319166795
P03,1,0.6248546336902581
P03,1,0.4128905046750278
P03,1,0.48298491299147533
P03,1,0.46085158774997664
P03,1,0.4680983072635662
P03,1,0.491257117987854
P03,1,0.5319568916896231
P03,1,0.3844767871087671
P03,1,0.3318342260622427
P03,1,0.38982733236784484
P03,1,0.4021908607771108
P03,1,0.383382058037563
P03,1,0.4498158743529084
P03,1,0.3142155352461968
P03,1,0.5976154115570648
P03,1,0.2502652679197117
P03,1,0.3419088791171442
P03,1,0.23880649976731244
P03,1,0.24245703607071017
P03,1,0.3532765530736239
P03,1,0.3291539781817656
P03,1,0.1601841284968631
P03,1,0.50805149167065
P03,1,0.41755702599286254
P03,1,0.16375337416726332
P03,1,0.23522030229964144
P03,1,0.5005534632650928
P03,1,0.461162560114112
P03,1,0.5027019405898964
P03,1,0.49642594250806077
P03,1,0.4505752555075207
P03,1,0.3577154450898562
P03,1,0.36608742901762586
P03,1,0.18020450738452257
P03,1,0.5131676942292785
P03,1,0.258102660406411
P03,1,0.5750783062990829
P03,1,0.27091717833786144
P03,1,0.32753052006313743
P03,1,0.7466522646480303
P03,1,0.594198124953586
P03,1,0.8380086562859065
P03,1,0.5682284258615504
P03,1,0.6951879871943563
P03,1,0.5467572626314378
P03,1,0.5768572885227862
P03,1,0.5977127315149564
P03,1,0.5696148345499509
P03,1,0.391301366907734
P03,1,0.3340918991527309
P03,1,0.7163393460220796
P03,1,0.5181210576859306
P03,1,0.32280314924221815
P03,1,0.39262421508327094
P03,1,0.3014862518192142
P03,1,0.4600671855750893
P03,1,0.4274865082408329
P03,1,0.2557256433902046
P03,1,0.22523443804078344
P03,1,0.31318481654848085
P03,1,0.23929740626857576
P03,1,0.22837343053642498
P03,1,0.4959383308404707
P03,1,0.3610233659371662
P03,1,0.30646918444185717
P03,1,0.34217078266498674
P03,1,0.33027984827646023
P03,1,0.2754216233752087
P03,1,0.29502153488507915
P03,1,0.6851939434238
P03,1,0.5082102624528112
P03,1,0.4316520157325042
P03,1,0.5945675370138742
P03,1,0.1315284098585398
P03,1,0.25258881847362147
P03,1,0.310578349285974
P03,1,0.5402232206835066
P03,1,0.2270010866945467
P03,1,0.26100930834165254
P03,1,0.2964099331507753
P03,1,0.17893548041520072
P03,1,0.20313074070814227
P03,1,0.36180125908670274
P03,1,0.3660427217491125
P03,1,0.09258703694385308
P03,1,0.38620174679470604
P03,1,0.11701341307315187
P03,1,0.3770363181924958
P03,1,0.3221668941640539
P03,1,0.35889673014924023
P03,1,0.25904370004561184
P03,1,0.6217485053017165
P03,1,0.22093701029946652
P03,1,0.20481112846971827
P03,1,0.5224462424008832
P03,1,0.21971551455271676
P03,1,0.452109446980792
P03,1,0.6256847986349163
P03,1,0.7796074898599463
P03,1,0.45572535283843835
P03,1,0.3991717438048391
P03,1,0.47163427145456105
P03,1,0.6253430346976333
P03,1,0.3645738840658674
P03,1,0.5392945490640265
P03,1,0.6652860135920762
P03,1,0.5216042607310567
P03,1,0.47644471029909063
P03,1,0.5699553863258138
P03,1,0.37499838537051267
P03,1,0.6006038578127041
P03,1,0.29959833371900857
P03,1,0.41198426555097073
P03,1,0.6357163374678447
P03,1,0.6271510531413192
P03,1,0.3046640346858253
P03,1,0.328892571519285
P03,1,0.45619190747711635
P03,1,0.5913491054884689
P03,1,0.5402277033031527
P03,1,0.353537734696634
P03,1,0.42591521744040906
P03,1,0.3843178667084448
P03,1,0.1880916368789324
P03,1,0.5150449385452592
P03,1,0.649114652906264
P03,1,0.44648104918691955
P03,1,0.2095423801537601
P03,1,0.4336202530099889
P03,1,0.45432373065019765
P03,1,0.265461226000002
P03,1,0.4123831065636926
P03,1,0.36416175550302293
P03,1,0.4950948640548594
P03,1,0.3735913198111635
P03,1,0.5180376569126464
P03,1,0.6105745590908283
P03,1,0.4790807015576376
P03,1,0.348184022061202
P03,1,0.32228679960875767
P03,1,0.9154108063439769
P03,1,0.5254647812848229
P03,0,0.6940636452207442
P03,0,0.5413962781644865
P03,0,0.49500774037967477
P03,0,0.36123897408201877
P03,0,0.6762791453419033
P03,0,0.47726755681538224
P03,0,0.5203977226575945
P03,0,0.3328676327538872
P03,0,0.45966656543687945
P03,0,0.7387845892400934
P03,0,0.917556366574205
P03,0,0.43297216832527186
P03,0,0.4554155907739828
P03,0,0.6169087004298659
P03,0,0.5467395220776253
P03,0,0.5981821155496175
P03,0,0.6909770276396417
P03,0,0.5894836137343733
P03,0,0.44826019104827586
P03,0,0.7539459389972679
P03,0,0.3183517769006513
P03,0,0.3665081651710239
P03,0,0.5237611405130628
P03,0,0.28942925822437815
P03,0,0.6375727781340403
P03,0,0.6413555741794815
P03,0,0.44132372191090474
P03,0,0.3733267085487524
P03,0,0.4494808073192016
P03,0,0.2804644778781433
P03,0,0.3336250604541466
P03,0,0.3952385852545681
P03,0,0.3111035823721848
P03,0,0.47836546806528163
P03,0,0.27215229861409496
P03,0,0.27301995616276153
P03,0,0.5510601674809795
P03,0,0.5826864636578635
P03,0,0.41699451041715474
P03,0,0.21842527660884525
P03,0,0.478287569288802
P03,0,0.6597395552322082
P03,0,0.39698695312475646
P03,0,0.3811617134124807
P03,0,0.5670153954547392
P03,0,0.5121422837062447
P03,0,0.5686231920070468
P03,0,0.6266090971385613
P03,0,0.546194870006
P03,0,0.4973222276634828
P03,0,0.24834702983191478
P03,0,0.4516514823619399
P03,0,0.6414010137556564
P03,0,0.3710353627848057
P03,0,0.2370578430710995
P03,0,0.21293169227959327
P03,0,0.5254353354789627
P03,0,0.3031723391954044
P03,0,0.33579735728103177
P03,0,0.40898415200969634
P03,0,0.20586449119842257
P03,0,0.29916139124006913
P03,0,0.2959482529694922
P03,0,0.5353906857238275
P03,0,0.37445154269801617
P03,0,0.4798292230297436
P03,0,0.26860916279539726
P03,0,0.3373304709578636
P03,0,0.4518496688792894
P03,0,0.33068145047707315
P03,0,0.38182630388978644
P03,0,0.36191705645566674
P03,0,0.3219351505571887
P03,0,0.19654120500228886
P03,0,0.3533121773812169
P03,0,0.6877427251806971
P03,0,0.5202299581659131
P03,0,0.4374984575916752
P03,0,0.5143322622306623
P03,0,0.40962528839908136
P03,0,0.6965837200940862
P03,0,0.17588057196946924
P03,0,0.5166768144601585
P03,0,0.3762723789063387
P03,0,0.6592062896654298
P03,0,0.4351263733378854
P03,0,0.5011302237741777
P03,0,0.285252119037542
P03,0,0.28955190089780375
P03,0,0.6169071100981782
P03,0,0.34272892887595247
P03,0,0.16196525985163387
P03,0,0.3211166310397129
P03,0,0.4655384017028809
P03,0,0.47741996692935806
P03,0,0.36923859005792287
P03,0,0.24028208558124237
P03,0,0.5133785230493139
P03,0,0.6325775652717107
P03,0,0.4987191925077719
P03,0,0.1641844341882969
P03,0,0.3732566123097171
P03,0,0.41915164154519957
P03,0,0.29586726808887176
P03,0,0.3842582363712768
P03,0,0.2272777776422257
P03,0,0.44577280027839067
P03,0,0.3813677439246796
P03,0,0.3239669454141169
P03,0,0.39089208452853647
P03,0,0.4069310639646854
P03,0,0.22893464535338523
P03,0,0.2868178209651994
P03,0,0.1755569054411527
P03,0,0.27805445032936627
P03,0,0.2540504470752263
P03,0,0.3948464952472668
P03,0,0.4278829340703086
P03,0,0.28503678653366465
P03,0,0.2524887493237883
P03,0,0.4252659580752218
P03,0,0.2429509087974353
P03,0,0.23494461300211417
P03,0,0.20719255957170227
P03,0,0.3580966826867434
P03,0,0.3834371702392188
P03,0,0.23628750079703906
P03,0,0.45476714753196085
P03,0,0.24729135529251534
P03,0,0.40423788579604
P03,0,0.2821965919377276
P03,0,0.24527086454338543
P03,0,0.25566610533282913
P03,0,0.33930209154245117
P03,0,0.3273915738243143
P03,0,0.2961487122598722
P03,0,0.5270291939285573
P03,0,0.343700338479012
P03,0,0.4631144316273562
P03,0,0.3694882183955315
P03,0,0.44101096279093804
P03,0,0.2097922154752781
P03,0,0.12913368984498003
P03,0,0.21219574604818034
P03,0,0.45772310129837074
P03,0,0.6186643011217106
P03,0,0.18631091885015816
P03,0,0.3754970941086733
P03,0,0.4844998181071729
P03,1,0.711562598498154
P03,1,0.7530517519088299
P03,1,0.8261547779423853
P03,1,0.857228127748911
P03,1,0.832468344939762
P03,1,0.7296987532913435
P03,1,0.4050042684007197
P03,1,0.8200950734553082
P03,1,0.7510639975209021
P03,1,0.8065293807312638
P03,1,0.46339162540403633
P03,1,0.599585994931943
P03,1,0.4294670095500702
P03,1,0.8178361844527644
P03,1,0.6652739498226586
P03,1,0.4686782047702016
P03,1,0.7746117380283838
P03,1,0.4978281296418215
P03,1,0.6719100451035108
P03,1,0.6208715248935357
P03,1,0.6069234471771722
P03,1,0.6024554687188033
P03,1,0.7240982868184872
P03,1,0.7699891100333932
P03,1,0.8350803276216169
P03,1,0.7014340097884246
P03,1,0.8183718699367369
P03,1,0.6868631171457392
P03,1,0.46399425461764454
P03,1,0.7005639310425429
P03,1,0.6950284841999456
P03,1,0.7457563794505234
P03,1,0.8186872149927906
P03,1,0.7784434386259
P03,1,0.7674008014364986
P03,1,0.5411884156124436
P03,1,0.5621170961366005
P03,1,0.7420780295865002
P03,1,0.5963657195966545
P03,1,0.7005044370685611
P03,1,0.6588115364821036
P03,1,0.3762954958470649
P03,1,0.6834844831979234
P03,1,0.8205045304941682
P03,1,0.7335075056867935
P03,1,0.7156177323378371
P03,1,0.7888268243789069
P03,1,0.7474051542701549
P03,1,0.5808983997192243
P03,1,0.6754723994695612
P03,1,0.7819878282853464
P03,1,0.7802382978567466
P03,1,0.6767347697850205
P03,1,0.6499283319288488
P03,1,0.8000238175742498
P03,1,0.7450336057203684
P03,1,0.5827030044247539
P03,1,0.7991510987232666
P03,1,0.6127199613410791
P03,1,0.5785844352133349
P03,1,0.6380581770573073
P03,1,0.6956927477154523
P03,1,0.5439495203835963
P03,1,0.75981834019844
P03,1,0.6951035805916282
P03,1,0.6027974804539171
P03,1,0.5091127179344634
P03,1,0.49969394719129506
P03,1,0.7463937006905843
P03,1,0.7452443709411564
P03,1,0.4447277645608279
P03,1,0.7621929320497552
P03,1,0.8492130590441487
P03,1,0.7641317313264376
P03,1,0.8332140853624412
P03,1,0.4378803347581456
P03,1,0.8802672357052819
P03,1,0.6583488485066115
P03,1,0.8666970094228786
P03,1,0.6814935966854746
P03,1,0.5112069532120033
P03,1,0.5788716849004113
P03,1,0.6198729491259518
P03,1,0.5035580169583547
P03,1,0.8526189257061171
P03,1,0.5593282627338293
P03,1,0.32131042565722556
P03,1,0.6790610293486483
P03,1,0.5995970934392183
P03,1,0.6336302042374529
P03,1,0.6515203794128459
P03,1,0.8506750095932595
P03,1,0.6684299019288976
P03,1,0.4801968988490619
P03,1,0.7414300407614305
P03,1,0.421700100646599
P03,1,0.6136307708701764
P03,1,0.5469395069680855
P03,1,0.6108493257568237
P03,1,0.40442291315378703
P03,1,0.4902439719083435
P03,1,0.55213039881619
P03,1,0.8093951452818452
P03,1,0.6377965711642519
P03,1,0.637337548099651
P03,1,0.42676726351740657
P03,1,0.6410795655116804
P03,1,0.3059827359716276
P03,1,0.5559528093616777
P03,1,0.6604937960780148
P03,1,0.5066399349831326
P03,1,0.5425021455328733
P03,1,0.4287030753301476
P03,1,0.5120750630711707
P03,1,0.5962968097764175
P03,1,0.461616941288263
P03,1,0.613929188094448
P03,1,0.3875268335257195
P03,1,0.6636374878556905
P03,1,0.6289294927409106
P03,1,0.6279884756263396
P03,1,0.5495017729998871
P03,1,0.6366651488230548
P03,1,0.6904825365950388
P03,1,0.7234807207003124
P03,1,0.46788401143781844
P03,1,0.7038386999848882
P03,1,0.3985096890422188
P03,1,0.43510271937615763
P03,1,0.43695347394827555
P03,1,0.6930721563400738
P03,1,0.5563280164865603
P03,1,0.43526700733987556
P03,1,0.36303130649193366
P03,1,0.5310988619802387
P03,1,0.8046331609097308
P03,1,0.6037862708137774
P03,1,0.3537686115493579
P03,1,0.34182253650326067
P03,1,0.5653405815402212
P03,1,0.48026323767898527
P03,1,0.6385308164624879
P03,1,0.5081958920414454
P03,1,0.6817286580695597
P03,1,0.6771782825080485
P03,1,0.5334839471480262
P03,1,0.5342060565735163
P03,1,0.7122175057735739
P03,1,0.6337112623096612
P04,0,0.22150257362339693
P04,0,0.2332554008094605
P04,0,0.3304222005659551
P04,0,0.20559542514299703
P04,0,0.203810133772711
P04,0,0.16549822008654977
P04,0,0.16601027302737645
P04,0,0.14681682672411428
P04,0,0.28680596028899524
P04,0,0.15411629026494636
P04,0,0.18587561041844136
P04,0,0.17572715905625952
P04,0,0.19280010483850463
P04,0,0.2012229860275198
P04,0,0.1672341265304841
P04,0,0.12888163341751793
P04,0,0.2145074552505137
P04,0,0.1362253233284212
P04,0,0.19069194611921636
P04,0,0.1071543802439601
P04,0,0.24329402173308445
P04,0,0.24423882138776012
P04,0,0.16311238566201727
P04,0,0.12844930252000164
P04,0,0.1738185792876345
P04,0,0.12518435756118312
P04,0,0.14984894787754147
P04,0,0.14684642403719797
P04,0,0.21605838788323084
P04,0,0.18299140768580205
P04,0,0.17515098566410858
P04,0,0.12832053145020847
P04,0,0.15760096420218733
P04,0,0.2225243053301732
P04,0,0.24503926812428972
P04,0,0.13236698819992807
P04,0,0.11296252093776135
P04,0,0.14229706739532538
P04,0,0.17634961388845688
P04,0,0.1247942960376656
P04,0,0.2305946452319011
P04,0,0.14345463982918918
P04,0,0.16573096023397052
P04,0,0.19772711338637258
P04,0,0.2146388383921089
P04,0,0.17637070377833697
P04,0,0.1465854182398091
P04,0,0.12645265789179871
P04,0,0.13857588217038708
P04,0,0.19680932697061726
P04,0,0.21335702847211882
P04,0,0.18720274918061613
P04,0,0.2498283509693043
P04,0,0.12216886334483563
P04,0,0.48467901919951645
P04,0,0.17508074385205016
P04,0,0.24109423243211428
P04,0,0.19878388608169897
P04,0,0.12272148444266197
P04,0,0.2092231733742658
P04,0,0.16784246822379134
P04,0,0.28897269579417934
P04,0,0.20972483611944093
P04,0,0.192236563072546
P04,0,0.4203841638142033
P04,0,0.11702850249752135
P04,0,0.09989682634083208
P04,0,0.241179743672442
P04,0,0.24326645716228595
P04,0,0.1330836374554424
P04,0,0.17920364816431814
P04,0,0.12123724362504829
P04,0,0.10935293517627531
P04,0,0.3184138116297462
P04,0,0.14532260648405038
P04,0,0.15056989555498237
P04,0,0.21132558163197113
P04,0,0.13883755108704363
P04,0,0.17552539116057303
P04,0,0.15278488826041445
P04,0,0.17937601330458888
P04,0,0.1848602897055932
P04,0,0.1485762095839117
P04,0,0.21265970818648253
P04,0,0.18992883227259835
P04,0,0.1797219419491867
P04,0,0.10590999025498399
P04,0,0.48248524431580614
P04,0,0.13372467201244928
P04,0,0.14908391143889124
P04,0,0.24198665066293923
P04,0,0.16646528855105314
P04,0,0.195069221120101
P04,0,0.15360126926038553
P04,0,0.24801540729734844
P04,0,0.16610445700432597
P04,0,0.16259860556591876
P04,0,0.1879610112829161
P04,0,0.15299922707137797
P04,0,0.21271391126174882
P04,0,0.15371576718974334
P04,0,0.23072707653792113
P04,0,0.17449709113886464
P04,0,0.1874305757908937
P04,0,0.23976443646301399
P04,0,0.1263957124175284
P04,0,0.24140205952544758
P04,0,0.14552298846965395
P04,0,0.17906478044073643
P04,0,0.10907665418062845
P04,0,0.18319584720285687
P04,0,0.17870098279273414
P04,0,0.17414470107974578
P04,0,0.15224583740860817
P04,0,0.22025709405781443
P04,0,0.16636703344855416
P04,0,0.23258289964875453
P04,0,0.13102408616894864
P04,0,0.18409178874089438
P04,0,0.12929282392003108
P04,0,0.1693195916210113
P04,0,0.3877091730697076
P04,0,0.1938790559683063
P04,0,0.5147900515965261
P04,0,0.3329205825042142
P04,0,0.12445653546680925
P04,0,0.15973633017688654
P04,0,0.15529091695065114
P04,0,0.19221812335428706
P04,0,0.5171408039036575
P04,0,0.48428564024381
P04,0,0.22747752675926308
P04,0,0.21087136213890356
P04,0,0.1785739097955314
P04,0,0.19831006874078108
P04,0,0.1712855645327613
P04,0,0.1850300386704388
P04,0,0.14684572202923965
P04,0,0.2039719475417233
P04,0,0.17424109626539025
P04,0,0.14919769832358185
P04,0,0.1451837481792534
P04,0,0.19244834378644515
P04,0,0.19351444732597464
P04,0,0.27571416369297513
P04,0,0.33046724369283015
P04,0,0.11190546401298122
P04,0,0.14526956766350296
P04,0,0.19412213070011128
P04,1,0.6675240217170019
P04,1,0.660552103276788
P04,1,0.5720826218875993
P04,1,0.6211466734272126
P04,1,0.5066483631687683
P04,1,0.4766635404588172
P04,1,0.4910924702001718
P04,1,0.42058946259971836
P04,1,0.5404372269360637
P04,1,0.39212557915352836
P04,1,0.5555661597889914
P04,1,0.47908202745825046
P04,1,0.44188277872759363
P04,1,0.5417012678913348
P04,1,0.621913470726224
P04,1,0.4639218371730325
P04,1,0.33518118298509514
P04,1,0.5734625525245921
P04,1,0.3851440150438943
P04,1,0.3856454774924729
P04,1,0.5176268797087548
P04,1,0.4524779892447684
P04,1,0.4445225236972283
P04,1,0.30725687766723847
P04,1,0.4884269692531762
P04,1,0.6703417495329758
P04,1,0.31929542525552573
P04,1,0.5330189987721369
P04,1,0.5929459104209819
P04,1,0.3251797895037311
P04,1,0.258940257004992
P04,1,0.22868048905123575
P04,1,0.3073568663668034
P04,1,0.3384474102952295
P04,1,0.3775045687283417
P04,1,0.4156710121905981
P04,1,0.4811492956984378
P04,1,0.24856206739991404
P04,1,0.29985021389928296
P04,1,0.5725435963436123
P04,1,0.5923364981288137
P04,1,0.544577411011178
P04,1,0.43921970582012476
P04,1,0.42034202589400255
P04,1,0.550831618989508
P04,1,0.2565469311955221
P04,1,0.4078443339901016
P04,1,0.4457853360495335
P04,1,0.6192437099043642
P04,1,0.48753522925223136
P04,1,0.5817392301014649
P04,1,0.2929764795429982
P04,1,0.33227085276581064
P04,1,0.31202375696889234
P04,1,0.34068329229142885
P04,1,0.5617844189330493
P04,1,0.5195993486107126
P04,1,0.37236785242591325
P04,1,0.575029689594096
P04,1,0.5221835079347905
P04,1,0.5214516956404777
P04,1,0.4839854155151103
P04,1,0.4161612375681245
P04,1,0.3803786540399665
P04,1,0.49327786655945854
P04,1,0.7397533862576262
P04,1,0.46520819878599146
P04,1,0.5448199743942206
P04,1,0.4116314978382335
P04,1,0.43184781513114534
P04,1,0.3855551757281536
P04,1,0.42390679401594306
P04,1,0.38699930721070713
P04,1,0.6604165975704005
P04,1,0.44355303063095464
P04,1,0.31089653598248096
P04,1,0.6120822921589145
P04,1,0.38416413913728115
P04,1,0.3397565902045335
P04,1,0.3884489543004026
P04,1,0.4200120115235069
P04,1,0.46109008086041753
P04,1,0.49478151641493723
P04,1,0.5610118729462474
P04,1,0.5578689854022172
P04,1,0.5527724989201579
P04,1,0.30860238659375466
P04,1,0.4044747839777411
P04,1,0.43492324830514456
P04,1,0.5424392105182312
P04,1,0.5418153901184609
P04,1,0.35742734925791836
P04,1,0.42887998295191593
P04,1,0.45707457981678884
P04,1,0.4452224639826908
P04,1,0.278099981530404
P04,1,0.40681735380403555
P04,1,0.4541151342666874
P04,1,0.3568192482924874
P04,1,0.41889689383430584
P04,1,0.33592409637462484
P04,1,0.4565682824000421
P04,1,0.8457746413006076
P04,1,0.5129449822834635
P04,1,0.568667033561243
P04,1,0.7497693508385639
P04,1,0.556652423612772
P04,1,0.5642776123015802
P04,1,0.6069002836283118
P04,1,0.37855581407723
P04,1,0.6214769091871086
P04,1,0.31907025332243044
P04,1,0.30433014344070325
P04,1,0.350753906110612
P04,1,0.4782964689300271
P04,1,0.4048794208714055
P04,1,0.6482324897961563
P04,1,0.8288477378290082
P04,1,0.4365691819250279
P04,1,0.30278000383821463
P04,1,0.5074298157406403
P04,1,0.3264634893306739
P04,1,0.4093676635833802
P04,1,0.39556443777955586
P04,1,0.5024262639611056
P04,1,0.46477034448073795
P04,1,0.5179797548526781
P04,1,0.4554313201992595
P04,1,0.429243451205074
P04,1,0.32825263467104854
P04,1,0.35107830973250753
P04,1,0.7129654921099975
P04,1,0.4903018233846925
P04,1,0.5202947152221608
P04,1,0.44598116454839465
P04,1,0.4179475436537932
P04,1,0.28362373610432046
P04,1,0.3804163766704299
P04,1,0.39704649516508433
P04,1,0.5550668738769735
P04,1,0.284180566255741
P04,1,0.37424714657790215
P04,1,0.25908095616042187
P04,1,0.4167957326203552
P04,1,0.3616416042679143
P04,1,0.5673267489589747
P04,1,0.3155280301756768
P04,1,0.2985937864592157
P04,1,0.4902537406262182
P04,0,0.25361906392922345
P04,0,0.25242055477362485
P04,0,0.264317076872211
P04,0,0.3292275359680347
P04,0,0.09017445644534393
P04,0,0.21742700202655107
P04,0,0.35395682374480153
P04,0,0.294985606828991
P04,0,0.1893031208574983
P04,0,0.5205562396619501
P04,0,0.460556878209443
P04,0,0.21971833737938712
P04,0,0.17023418224079717
P04,0,0.17372645988048752
P04,0,0.2357050723307487
P04,0,0.16392837560509455
P04,0,0.3467993592134358
P04,0,0.2795167434230227
P04,0,0.16286725937774935
P04,0,0.2892525230897113
P04,0,0.2497184262935572
P04,0,0.20944772298802072
P04,0,0.2885447645576682
P04,0,0.26268434659153556
P04,0,0.2956334089582186
P04,0,0.2606197895229043
P04,0,0.17623457978427412
P04,0,0.2646233875914209
P04,0,0.20509932334364486
P04,0,0.3309738049166542
P04,0,0.22778624019547938
P04,0,0.3915403776692609
P04,0,0.26478301749600847
P04,0,0.25087571692103927
P04,0,0.3685011002045721
P04,0,0.33845889453498007
P04,0,0.21368458391566392
P04,0,0.16661788406613406
P04,0,0.25780483772559176
P04,0,0.32770937544204254
P04,0,0.27260010539760554
P04,0,0.2446962461302679
P04,0,0.46478694418832533
P04,0,0.2640999178471232
P04,0,0.1841403612683673
P04,0,0.5328933670709524
P04,0,0.3224470021730766
P04,0,0.28144226306757736
P04,0,0.20831883114800828
P04,0,0.3474287423869145
P04,0,0.20866038043299562
P04,0,0.24791696351688958
P04,0,0.1317334041947943
P04,0,0.2660112403140379
P04,0,0.3224202426171535
P04,0,0.19154354159353043
P04,0,0.2176707825409581
P04,0,0.23287069020445114
P04,0,0.30880650790964725
P04,0,0.28632171337127865
P04,0,0.3422782161501828
P04,0,0.2721570776323215
P04,0,0.3278915472293356
P04,0,0.26134658443228476
P04,0,0.38656453654896783
P04,0,0.1609272290459901
P04,0,0.2386032174815013
P04,0,0.329609751373318
P04,0,0.17659705613275525
P04,0,0.2347528723542719
P04,0,0.12463902954839769
P04,0,0.19256655270912984
P04,0,0.21264719425206366
P04,0,0.20397301550226263
P04,0,0.19980458827013448
P04,0,0.31198064889587707
P04,0,0.2067277678160077
P04,0,0.21168045742227665
P04,0,0.24106997527645538
P04,0,0.280846841723661
P04,0,0.20950926181785515
P04,0,0.2864443011403039
P04,0,0.283065522401507
P04,0,0.20099360530586843
P04,0,0.24700446610780286
P04,0,0.14887814872872848
P04,0,0.23244351710218583
P04,0,0.15886270181073656
P04,0,0.2734071089519699
P04,0,0.18588198081671312
P04,0,0.2080455230851281
P04,0,0.26520874999970145
P04,0,0.25109016247589383
P04,0,0.17109432137870453
P04,0,0.4122495643950192
P04,0,0.3280495600706867
P04,0,0.24518654913199892
P04,0,0.17699133545024437
P04,0,0.25951332459107895
P04,0,0.32760445127455223
P04,0,0.23555463619778583
P04,0,0.31085583442369474
P04,0,0.12886726311463934
P04,0,0.2652920392866611
P04,0,0.13628966849463967
P04,0,0.1575979383402933
P04,0,0.20077743834630465
P04,0,0.18455079595988458
P04,0,0.26058727883012944
P04,0,0.20144848318394473
P04,0,0.25294945309347494
P04,0,0.255253584759438
P04,0,0.18584086105089787
P04,0,0.15988379316196066
P04,0,0.30228143496319493
P04,0,0.17428108540851636
P04,0,0.21659500104959983
P04,0,0.12358492152271976
P04,0,0.26226276362238204
P04,0,0.13756733156028958
P04,0,0.1639061377283389
P04,0,0.23107010255714097
P04,0,0.13894301313625979
P04,0,0.2493449435758266
P04,0,0.22109898857422125
P04,0,0.2450923701358816
P04,0,0.21841980533252295
P04,0,0.23998013392306355
P04,0,0.21081670855997584
P04,0,0.10620790574158212
P04,0,0.2875305240488705
P04,0,0.1778797101456484
P04,0,0.2088743565693124
P04,0,0.13973607702746196
P04,0,0.22467602288386354
P04,0,0.19986448134949023
P04,0,0.17535733049297264
P04,0,0.147448893470128
P04,0,0.20211837855867043
P04,0,0.3991467294981432
P04,0,0.1822959541867623
P04,0,0.33409495641663095
P04,0,0.18415185972117756
P04,0,0.2799564339413595
P04,0,0.292140528838672
P04,0,0.29317215417776754
P04,0,0.19599606771935754
P04,0,0.28058647637983497
P04,0,0.18455552142929446
P04,1,0.6121091875291222
P04,1,0.39877450631063066
P04,1,0.5158668512398702
P04,1,0.26963071450514575
P04,1,0.7681267309818502
P04,1,0.413413091754325
P04,1,0.4792517413643464
P04,1,0.4292503565646102
P04,1,0.7807497583039296
P04,1,0.34405681465739446
P04,1,0.47646763464378583
P04,1,0.3495305563767131
P04,1,0.34168934598715706
P04,1,0.4508570932667674
P04,1,0.41357058189235113
P04,1,0.40055653296048277
P04,1,0.36174976607768855
P04,1,0.37344350379393576
P04,1,0.23141316690890548
P04,1,0.3248060003868348
P04,1,0.3506221471659052
P04,1,0.33103356735179296
P04,1,0.2671447913295517
P04,1,0.45306876349554553
P04,1,0.6931796157169519
P04,1,0.34634449896095915
P04,1,0.5561507145514805
P04,1,0.4286262703011076
P04,1,0.5043590178232813
P04,1,0.409357270211024
P04,1,0.836324569506652
P04,1,0.6272954918683372
P04,1,0.183960136489278
P04,1,0.4374304988843854
P04,1,0.3782072229175735
P04,1,0.2647046654965389
P04,1,0.30188613696704986
P04,1,0.35390727284163503
P04,1,0.3188412832314685
P04,1,0.45068935490082246
P04,1,0.3564258787553202
P04,1,0.3439300160523913
P04,1,0.24229413245264256
P04,1,0.42271544907069736
P04,1,0.3579825969039145
P04,1,0.444968489558319
P04,1,0.5714709148064796
P04,1,0.4623188977975115
P04,1,0.36997426425433283
P04,1,0.6157880911445707
P04,1,0.3040954116418574
P04,1,0.26723856364450627
P04,1,0.23162115350492324
P04,1,0.5941231529801898
P04,1,0.6361527834518135
P04,1,0.4497927713918896
P04,1,0.38410036046924717
P04,1,0.40882318619528135
P04,1,0.37777466812327964
P04,1,0.38433527934715334
P04,1,0.3953823249771359
P04,1,0.6884829810127029
P04,1,0.7074033469460813
P04,1,0.5233911488593168
P04,1,0.5091081870630898
P04,1,0.4437929951118072
P04,1,0.6894664943139496
P04,1,0.5322971037794478
P04,1,0.5238837715757325
P04,1,0.4366009364633966
P04,1,0.4579097843843289
P04,1,0.36183668807064917
P04,1,0.3161545681082353
P04,1,0.5367916801167636
P04,1,0.3393074544020608
P04,1,0.2992227304775669
P04,1,0.22519833392234512
P04,1,0.26260632722888966
P04,1,0.31269112423277134
P04,1,0.46084313420893913
P04,1,0.6648766806438869
P04,1,0.34060446576945586
P04,1,0.4046272276229917
P04,1,0.3370966559593488
P04,1,0.3025839211187623
P04,1,0.30252120695185397
P04,1,0.3158612556110698
P04,1,0.4552708075736429
P04,1,0.33920961684837003
P04,1,0.30709382616241543
P04,1,0.7342622042885923
P04,1,0.44273853708324445
P04,1,0.5077920665958934
P04,1,0.3773396370485321
P04,1,0.6124958628103881
P04,1,0.4730917553968565
P04,1,0.5250564571398328
P04,1,0.45901936289936934
P04,1,0.3168875741865355
P04,1,0.41461465803914804
P04,1,0.270394359467322
P04,1,0.2948969841750814
P04,1,0.3534665436534946
P04,1,0.41837509786296984
P04,1,0.3475875447445872
P04,1,0.3342655137038663
P04,1,0.3394709951538135
P04,1,0.22786212060278244
P04,1,0.2062836827915138
P04,1,0.26395264091888426
P04,1,0.3696733268484891
P04,1,0.2659421128033601
P04,1,0.28670879835052765
P04,1,0.3767569714777376
P04,1,0.274739703079323
P04,1,0.2742310752806665
P04,1,0.3244916525027275
P04,1,0.47004677927183003
P04,1,0.25538220953049867
P04,1,0.4139343334100991
P04,1,0.4911799505392713
P04,1,0.2371081255957922
P04,1,0.3548972632359113
P04,1,0.2679821197482151
P04,1,0.3282024038190862
P04,1,0.33438577909643535
P04,1,0.4998804480794083
P04,1,0.35442295060495593
P04,1,0.5309834534063987
P04,1,0.28091653581395365
P04,1,0.2336426941920038
P04,1,0.27711787661982107
P04,1,0.62614573960179
P04,1,0.4131454793625254
P04,1,0.47595138342560406
P04,1,0.5184656327817078
P04,1,0.29202755158263993
P04,1,0.2946310795426824
P04,1,0.4475591701854337
P04,1,0.43743913784843064
P04,1,0.30913947513129064
P04,1,0.3801374829150044
P04,1,0.27612172744122365
P04,1,0.5991817951682822
P04,1,0.5818473517267406
P04,1,0.6708105559332823
P04,1,0.5627370165764131
P04,1,0.6473582112174655
P04,1,0.5992373979025161
P05,0,0.8880457217351406
P05,0,0.9106861659701709
P05,0,0.9491872240816822
P05,0,0.8782685444445367
P05,0,0.8645213865331831
P05,0,0.7396865284035133
P05,0,0.9213183323545844
P05,0,0.9457301780204048
P05,0,0.9043488723046391
P05,0,0.92045162403599
P05,0,0.4977834752375277
P05,0,0.925439488205831
P05,0,0.8229516055348614
P05,0,0.7097011802201034
P05,0,0.9049922253862813
P05,0,0.8725425800721976
P05,0,0.9209990251219891
P05,0,0.8795885750174539
P05,0,0.8697702539808178
P05,0,0.6685347708811428
P05,0,0.9017743823644708
P05,0,0.7184155344664319
P05,0,0.9345942324415548
P05,0,0.9343006618130865
P05,0,0.9069357751415192
P05,0,0.9363979221770298
P05,0,0.9314006320697688
P05,0,0.9450413573588018
P05,0,0.8873629940037641
P05,0,0.8575487140588988
P05,0,0.9047300394846816
P05,0,0.898721080653449
P05,0,0.918113557815455
P05,0,0.793190810964487
P05,0,0.9088457222029772
P05,0,0.8550618421201804
P05,0,0.9275744693404312
P05,0,0.9344510662104546
P05,0,0.7319100743399164
P05,0,0.957698693821568
P05,0,0.9343193905215694
P05,0,0.8842075601969391
P05,0,0.884153222398096
P05,0,0.9543003845531313
P05,0,0.9449178618111358
P05,0,0.9399358191483683
P05,0,0.9069167593282554
P05,0,0.9076124638692507
P05,0,0.8602232365795414
P05,0,0.8827753221135154
P05,0,0.9074198575361481
P05,0,0.876544846043215
P05,0,0.8403165469387782
P05,0,0.9451595694374786
P05,0,0.7439521540379509
P05,0,0.7971961386736692
P05,0,0.9330730687006674
P05,0,0.8919580619361327
P05,0,0.8403735510827103
P05,0,0.9268315048379687
P05,0,0.9293957778529714
P05,0,0.8551127431911603
P05,0,0.8570948909080518
P05,0,0.8835025827456054
P05,0,0.8569585253302882
P05,0,0.9524190200980541
P05,0,0.9305859842199165
P05,0,0.9045359034746848
P05,0,0.9451413281275074
P05,0,0.8026083378795079
P05,0,0.8798888676594058
P05,0,0.8538381318597683
P05,0,0.8451352886610319
P05,0,0.8578494302433758
P05,0,0.895952750014742
P05,0,0.81879165648877
P05,0,0.7918077175508164
P05,0,0.8005992677502628
P05,0,0.9694454329215789
P05,0,0.7011410322363171
P05,0,0.9362945492266487
P05,0,0.9535944893604085
P05,0,0.8943353484434331
P05,0,0.8906721656283112
P05,0,0.8593723870308801
P05,0,0.9031146473124656
P05,0,0.8073490198383159
P05,0,0.885354227348912
P05,0,0.8554510957029896
P05,0,0.8230918489626377
P05,0,0.8608297087826654
P05,0,0.8868095104192893
P05,0,0.8439540428906966
P05,0,0.9081636268456647
P05,0,0.8765612709233523
P05,0,0.8507253069219772
P05,0,0.7609089155436898
P05,0,0.8400465015001262
P05,0,0.8576463225043197
P05,0,0.9202708385959374
P05,0,0.85173812596977
P05,0,0.9051027953789437
P05,0,0.7812118018765098
P05,0,0.8297361462978523
P05,0,0.942532482301487
P05,0,0.8351225976019577
P05,0,0.76136239484583
P05,0,0.9481548249923306
P05,0,0.7806889005325177
P05,0,0.9268424329604245
P05,0,0.8322997460078939
P05,0,0.767700699061767
P05,0,0.8812160816569187
P05,0,0.7653054967797197
P05,0,0.9390489551725549
P05,0,0.9412231491499171
P05,0,0.8901736244297273
P05,0,0.894215028403799
P05,0,0.9026161322951132
P05,0,0.8842020086937364
P05,0,0.9320032090841347
P05,0,0.8287627351856773
P05,0,0.9352181012388066
P05,0,0.9382178775779976
P05,0,0.8546989224733953
P05,0,0.8578746829284132
P05,0,0.8610676236170702
P05,0,0.9461542987137285
P05,0,0.9556382352487498
P05,0,0.7711877342091678
P05,0,0.952288435485861
P05,0,0.7347173860703617
P05,0,0.8721403047102938
P05,0,0.6957758912015806
P05,0,0.7412344505967253
P05,0,0.8343788705557819
P05,0,0.9394936921947816
P05,0,0.7705169110892444
P05,0,0.815506072330692
P05,0,0.7882445204344946
P05,0,0.7279752684060706
P05,0,0.9048422177569695
P05,0,0.7871447732817369
P05,0,0.8051219053993715
P05,0,0.8880184048220177
P05,0,0.9245987670242579
P05,0,0.7287408960153235
P05,0,0.8782951653727006
P05,0,0.9345114226794577
P05,1,0.9064372654142095
P05,1,0.890838995263812
P05,1,0.8232069671478047
P05,1,0.8713554322985757
P05,1,0.8949557128544935
P05,1,0.9043658692299055
P05,1,0.6517528912805028
P05,1,0.732468830464483
P05,1,0.6130079173197821
P05,1,0.9065441322794255
P05,1,0.9171558147233064
P05,1,0.939950899759947
P05,1,0.8203890697199968
P05,1,0.8847883393205374
P05,1,0.7425214849860653
P05,1,0.95149804978583
P05,1,0.8499182433511469
P05,1,0.904382756012485
P05,1,0.9575179978753219
P05,1,0.9101990598717783
P05,1,0.7976528361266054
P05,1,0.7242412860413243
P05,1,0.8504698744059572
P05,1,0.8389484095927866
P05,1,0.7269594588763854
P05,1,0.683114329785057
P05,1,0.667872171714795
P05,1,0.7782857138865249
P05,1,0.791810461690327
P05,1,0.8956430986580756
P05,1,0.8130233920399185
P05,1,0.9127399551016001
P05,1,0.6019491892327561
P05,1,0.6627526192576896
P05,1,0.8873261697532075
P05,1,0.9065847790809323
P05,1,0.8802829520014
P05,1,0.8897401471251832
P05,1,0.9169819468212846
P05,1,0.7813277956129513
P05,1,0.9330105408478861
P05,1,0.9359977286839596
P05,1,0.9036692504615391
P05,1,0.8128900237307348
P05,1,0.8685111792899123
P05,1,0.7654770058138755
P05,1,0.9561178103102755
P05,1,0.8388115045974832
P05,1,0.8907673487534928
P05,1,0.9613602373652538
P05,1,0.9562427656362831
P05,1,0.871896123414466
P05,1,0.9503424051355469
P05,1,0.9222160141852049
P05,1,0.8523414714569928
P05,1,0.7887636667814397
P05,1,0.938854884658965
P05,1,0.7737888600657805
P05,1,0.9359633327425539
P05,1,0.8138013705353925
P05,1,0.7638421476507627
P05,1,0.8576038604558432
P05,1,0.9168182211480241
P05,1,0.8993842795613998
P05,1,0.9591186799495341
P05,1,0.9049059706196577
P05,1,0.9367756070909726
P05,1,0.6632061946622368
P05,1,0.9247790334313978
P05,1,0.8458265134946444
P05,1,0.8049329227357648
P05,1,0.6541889193566883
P05,1,0.9279980785204083
P05,1,0.9616481085224425
P05,1,0.9297935917229121
P05,1,0.7172758443499209
P05,1,0.9310487041495402
P05,1,0.9451363715269313
P05,1,0.7415294196400463
P05,1,0.9218854826544913
P05,1,0.904141218775513
P05,1,0.8503843915465222
P05,1,0.9417561425296521
P05,1,0.8805289712343067
P05,1,0.8400348714299118
P05,1,0.9305922485461211
P05,1,0.8840926978863292
P05,1,0.9535480607584468
P05,1,0.8402898249503941
P05,1,0.9170856426173941
P05,1,0.8108483980347905
P05,1,0.9560657450706155
P05,1,0.8497257575661326
P05,1,0.952699216600355
P05,1,0.8824023852751358
P05,1,0.8978107209807291
P05,1,0.9168590913260377
P05,1,0.7927704710735083
P05,1,0.9718056629684997
P05,1,0.9589624045776212
P05,1,0.897027220275682
P05,1,0.9634234479450624
P05,1,0.9473455015660939
P05,1,0.7716572878243202
P05,1,0.963135809978781
P05,1,0.9311842382867844
P05,1,0.9303868623171307
P05,1,0.9358046923187209
P05,1,0.8179296165181017
P05,1,0.9574199831389933
P05,1,0.6621664231508758
P05,1,0.9602997955230221
P05,1,0.9501284402486366
P05,1,0.9832319132182491
P05,1,0.9326525450001422
P05,1,0.8309903615539503
P05,1,0.7664097467952706
P05,1,0.8790705749346185
P05,1,0.6826546106209882
P05,1,0.9101737833301647
P05,1,0.8827125019137552
P05,1,0.9628049288066192
P05,1,0.9619311834367364
P05,1,0.9099774856161538
P05,1,0.8817089590695301
P05,1,0.7407977099819485
P05,1,0.8038489532158966
P05,1,0.8376586738528211
P05,1,0.7337582529419765
P05,1,0.8688976960337622
P05,1,0.7851606727806945
P05,1,0.9348977713953008
P05,1,0.8824247787878863
P05,1,0.9340166224925935
P05,1,0.9147861194587644
P05,1,0.8444241529551296
P05,1,0.8272352374687827
P05,1,0.9168230087207558
P05,1,0.9410498032957281
P05,1,0.9484903822157198
P05,1,0.8955996886505015
P05,1,0.9371261314567454
P05,1,0.8723735144067529
P05,1,0.7355354547599431
P05,1,0.937724310008049
P05,1,0.9412682951956323
P05,1,0.9688362677394359
P05,1,0.7208943265430251
P05,1,0.6313572018569805
P05,0,0.9475817873393049
P05,0,0.9075757478463402
P05,0,0.8445369390100542
P05,0,0.9010988200710801
P05,0,0.8954904482524961
P05,0,0.9402813299141412
P05,0,0.9292287766751878
P05,0,0.940070413970465
P05,0,0.9301472446639523
P05,0,0.924237377769376
P05,0,0.9294302616184942
P05,0,0.905126687343023
P05,0,0.9116285545063855
P05,0,0.8938458257753478
P05,0,0.7841100702183317
P05,0,0.9068730963076418
P05,0,0.9643197330096636
P05,0,0.9173020947356579
P05,0,0.9385255913398988
P05,0,0.973934125563731
P05,0,0.9178728020841147
P05,0,0.9535298987069597
P05,0,0.9653985744092468
P05,0,0.9445933230945055
P05,0,0.9440988014208312
P05,0,0.9506831761408013
P05,0,0.9003000788204215
P05,0,0.9355258464523996
P05,0,0.9409088932454663
P05,0,0.9393682160527113
P05,0,0.9036042649962147
P05,0,0.9293933534398805
P05,0,0.8848858642058807
P05,0,0.9103075057236311
P05,0,0.8386509582666418
P05,0,0.6951780393256747
P05,0,0.8826294242956142
P05,0,0.7947747792595694
P05,0,0.905815019723765
P05,0,0.9208585315765094
P05,0,0.7431618267259198
P05,0,0.8920600523178653
P05,0,0.7934889545344107
P05,0,0.8791268363111949
P05,0,0.947605484251565
P05,0,0.7746989558109889
P05,0,0.8826897057341903
P05,0,0.7776582595965884
P05,0,0.8030135986264708
P05,0,0.887186259560587
P05,0,0.8716350911233011
P05,0,0.8462186295203586
P05,0,0.886664242196465
P05,0,0.8758911980252885
P05,0,0.9225259389150114
P05,0,0.8660502905195242
P05,0,0.8435234687875812
P05,0,0.9281243503823319
P05,0,0.8624076314438622
P05,0,0.8207555849967885
P05,0,0.918904312843082
P05,0,0.9218835652206744
P05,0,0.8425153183699395
P05,0,0.8209853584057627
P05,0,0.9374780217691199
P05,0,0.9134197731912675
P05,0,0.9461543537174487
P05,0,0.8429431877007488
P05,0,0.9145220017149516
P05,0,0.7980776594646417
P05,0,0.7897078948682772
P05,0,0.9065575176086627
P05,0,0.8521057368826264
P05,0,0.9315553113125812
P05,0,0.9163733150942288
P05,0,0.8895618496969039
P05,0,0.9214553938828496
P05,0,0.9218661035986586
P05,0,0.8596041201724756
P05,0,0.8657961073104959
P05,0,0.6180334976188462
P05,0,0.8422006453179683
P05,0,0.898519715920981
P05,0,0.8752501200189674
P05,0,0.46943662077846876
P05,0,0.852948107857105
P05,0,0.8978390183377806
P05,0,0.7008084254920649
P05,0,0.8761834263801895
P05,0,0.8427870621401143
P05,0,0.6100804169321813
P05,0,0.8553380287173642
P05,0,0.8839595231628068
P05,0,0.880559451460052
P05,0,0.8995209379839155
P05,0,0.8909499239480508
P05,0,0.9095053500220022
P05,0,0.9599416664855558
P05,0,0.9135991893376078
P05,0,0.9582299296418263
P05,0,0.8787490633780475
P05,0,0.7665492710127918
P05,0,0.8403069147476092
P05,0,0.9354643465899418
P05,0,0.8628261212813833
P05,0,0.8825886399737659
P05,0,0.9264139553367382
P05,0,0.918814283655977
P05,0,0.8281498080365215
P05,0,0.8541052795630811
P05,0,0.9110965251730672
P05,0,0.810690197494058
P05,0,0.8240830014746627
P05,0,0.9604907502756019
P05,0,0.9357227180071798
P05,0,0.9034432357523295
P05,0,0.9803072085235676
P05,0,0.9049142192118348
P05,0,0.9588161926836759
P05,0,0.8880191962555974
P05,0,0.9623352426052336
P05,0,0.9426827217353565
P05,0,0.7755560242980062
P05,0,0.7708053559732148
P05,0,0.932883565158304
P05,0,0.8912306853936922
P05,0,0.9611364061657821
P05,0,0.885611128476182
P05,0,0.8430742426014155
P05,0,0.846504297018437
P05,0,0.7391210860886573
P05,0,0.7774339138646326
P05,0,0.7554732481765349
P05,0,0.6162148629759112
P05,0,0.8959369852486433
P05,0,0.8970843480555332
P05,0,0.9145115792187508
P05,0,0.7099869169023877
P05,0,0.8717921290457346
P05,0,0.8528481565864516
P05,0,0.89540157766468
P05,0,0.8538440840219623
P05,0,0.8816781034003434
P05,0,0.8933657412064326
P05,0,0.848602973195347
P05,0,0.7424861531819285
P05,0,0.8722990958334235
P05,0,0.7638538178032702
P05,0,0.7200173937259271
P05,1,0.9414590112433932
P05,1,0.94071889705469
P05,1,0.9035430470712321
P05,1,0.9094710305393068
P05,1,0.9457073933511427
P05,1,0.895069772959122
P05,1,0.9430692944577248
P05,1,0.9728184871475146
P05,1,0.953031199296561
P05,1,0.9232553231394706
P05,1,0.8930924833822577
P05,1,0.9455310797888553
P05,1,0.9152189281366048
P05,1,0.9342307181483663
P05,1,0.8526719731648247
P05,1,0.9267668880957035
P05,1,0.9598793211443398
P05,1,0.9222813514256973
P05,1,0.9303727397797439
P05,1,0.9442384940055328
P05,1,0.8382357005603133
P05,1,0.9054275222438545
P05,1,0.9488568663924987
P05,1,0.8359872561984778
P05,1,0.9332792752426325
P05,1,0.8009341653984036
P05,1,0.9199310682085731
P05,1,0.9123361794686262
P05,1,0.8226221419472161
P05,1,0.9555580695444941
P05,1,0.9515453274630052
P05,1,0.9497775563541231
P05,1,0.6937831586359591
P05,1,0.944930878635662
P05,1,0.9698203004728905
P05,1,0.8531223074394375
P05,1,0.9566799557714848
P05,1,0.9562587030249075
P05,1,0.9020914195335878
P05,1,0.8923288742455444
P05,1,0.9586595827930456
P05,1,0.9708843717025393
P05,1,0.922607120705789
P05,1,0.8609680958435705
P05,1,0.9534731691228094
P05,1,0.9538418816358897
P05,1,0.9160672549118434
P05,1,0.8826570115487539
P05,1,0.8058301981420609
P05,1,0.9183648783378664
P05,1,0.8970320297974131
P05,1,0.8636578416681294
P05,1,0.8498872190403266
P05,1,0.9692015799395226
P05,1,0.9512535525038303
P05,1,0.9324925279594309
P05,1,0.9604658073258815
P05,1,0.9483298303128386
P05,1,0.7346628153635807
P05,1,0.9448138425390527
P05,1,0.8527691176871405
P05,1,0.8183600932696775
P05,1,0.9496665030820794
P05,1,0.9408589836024981
P05,1,0.9505299691070396
P05,1,0.9480554629513263
P05,1,0.9510697331442908
P05,1,0.9279026027273198
P05,1,0.9472883192683788
P05,1,0.9257406785569419
P05,1,0.9445297591402919
P05,1,0.9593360258396035
P05,1,0.9441974701005534
P05,1,0.8145143335037646
P05,1,0.9448108161293618
P05,1,0.9222290022261376
P05,1,0.9301698841361256
P05,1,0.9519562492278267
P05,1,0.9600999486784321
P05,1,0.737553031588589
P05,1,0.8510149103818239
P05,1,0.906168473885097
P05,1,0.8919456364211044
P05,1,0.9491664397181657
P05,1,0.865169071524266
P05,1,0.9719731180730828
P05,1,0.9565238468944469
P05,1,0.8537922022562964
P05,1,0.8385291602390702
P05,1,0.9288516087821406
P05,1,0.7742499015814496
P05,1,0.9453446888635714
P05,1,0.9672019629326105
P05,1,0.9497169771992275
P05,1,0.9197688230928068
P05,1,0.6238843949257328
P05,1,0.9439926712484099
P05,1,0.946489022128656
P05,1,0.8837990369368915
P05,1,0.9344758708281797
P05,1,0.951020098399652
P05,1,0.9571788293106375
P05,1,0.830274476078487
P05,1,0.8486125009241926
P05,1,0.9440283987464062
P05,1,0.7038117890008118
P05,1,0.9267126776711173
P05,1,0.9514772821459071
P05,1,0.9479705937901365
P05,1,0.9678764031649115
P05,1,0.8969322501314598
P05,1,0.8042604857301218
P05,1,0.8623639915078292
P05,1,0.7611191547259876
P05,1,0.9420166805380527
P05,1,0.9599797132190333
P05,1,0.7662683703185197
P05,1,0.8915191189454693
P05,1,0.9319470432750578
P05,1,0.9258845027664131
P05,1,0.9477359895068017
P05,1,0.8461901328998527
P05,1,0.9569992106206022
P05,1,0.9617531538293405
P05,1,0.8681439198264104
P05,1,0.9483639779817167
P05,1,0.9686051012608664
P05,1,0.9509504925086817
P05,1,0.9432958937064562
P05,1,0.9484354321479308
P05,1,0.9357761543180969
P05,1,0.9345686355602456
P05,1,0.8089405056591358
P05,1,0.7167819353827959
P05,1,0.9655557165701947
P05,1,0.9661517412820058
P05,1,0.9527389798423977
P05,1,0.9017550770105472
P05,1,0.8674400017417045
P05,1,0.941505416428317
P05,1,0.9712360886963758
P05,1,0.9564457552769726
P05,1,0.9421351845627156
P05,1,0.9660007274351164
P05,1,0.6759873019632281
P05,1,0.9563755163166909
P05,1,0.8877884338931054
P05,1,0.9492136711226322
P05,1,0.9482912933891617
P06,0,0.39549877669563194
P06,0,0.3325337063809744
P06,0,0.3501463360140054
P06,0,0.3119711606803146
P06,0,0.41657185959329873
P06,0,0.24350627983256598
P06,0,0.27624867439526857
P06,0,0.32613096190414415
P06,0,0.3497879197815868
P06,0,0.3144793637792541
P06,0,0.27524538889123223
P06,0,0.33701080693419533
P06,0,0.3574501203936393
P06,0,0.3460068787287233
P06,0,0.28750929925379265
P06,0,0.3436259973143875
P06,0,0.3118188186898487
P06,0,0.3324220779835095
P06,0,0.28583133858683607
P06,0,0.4124765872321668
P06,0,0.5294023444562771
P06,0,0.5160160637597364
P06,0,0.49499774864616
P06,0,0.3179112337387243
P06,0,0.2515023260266381
P06,0,0.24746554013580987
P06,0,0.25060232642307223
P06,0,0.3361529125067259
P06,0,0.25218463246427864
P06,0,0.25474444078069447
P06,0,0.19632058313005388
P06,0,0.2690996332166476
P06,0,0.2000216876944983
P06,0,0.21051208645808828
P06,0,0.22165910210521675
P06,0,0.2484706980859132
P06,0,0.3518181343196883
P06,0,0.31408571706584215
P06,0,0.2836722244234025
P06,0,0.22994428075071655
P06,0,0.18502298804145664
P06,0,0.21458344663584403
P06,0,0.37886516393981046
P06,0,0.2470690538973024
P06,0,0.25829155702152
P06,0,0.2744218701173267
P06,0,0.5110776174009181
P06,0,0.299135763264446
P06,0,0.21035098931375948
P06,0,0.20362208201554177
P06,0,0.1789384363819512
P06,0,0.23667300209306608
P06,0,0.25880773058994627
P06,0,0.28723750699316697
P06,0,0.38661699483473116
P06,0,0.2781417519072391
P06,0,0.23720278994340652
P06,0,0.22694495274486823
P06,0,0.24687090501344966
P06,0,0.29000556941584504
P06,0,0.23563506483880686
P06,0,0.25969724758669677
P06,0,0.26739823520931116
P06,0,0.3721658034954501
P06,0,0.17175132743673283
P06,0,0.7482814993953615
P06,0,0.310371289798268
P06,0,0.3265577873544663
P06,0,0.3484912554348044
P06,0,0.22118392808897935
P06,0,0.21150884865591493
P06,0,0.26173829934938003
P06,0,0.3094583440034829
P06,0,0.20817923683455009
P06,0,0.3809517324969223
P06,0,0.5438857991971521
P06,0,0.27399755766041867
P06,0,0.2522029195521292
P06,0,0.2729692425635424
P06,0,0.2601961550420904
P06,0,0.20448055247027394
P06,0,0.23566950964652691
P06,0,0.21634148870548858
P06,0,0.17679172730617662
P06,0,0.20677073971192833
P06,0,0.23923880539937695
P06,0,0.276997804594558
P06,0,0.17868526821074235
P06,0,0.15681067274250082
P06,0,0.6441922096743633
P06,0,0.5225212585171989
P06,0,0.22397236118852082
P06,0,0.25709359294510253
P06,0,0.183766269812794
P06,0,0.2104263436905173
P06,0,0.24863363102774289
P06,0,0.3623071038425363
P06,0,0.18974253668872967
P06,0,0.17016942038257032
P06,0,0.18612384153643147
P06,0,0.2794369267318256
P06,0,0.17334241975988454
P06,0,0.3959239509889185
P06,0,0.26884204231980713
P06,0,0.1301578136667452
P06,0,0.21498480286009514
P06,0,0.17859407206685055
P06,0,0.2579151626228683
P06,0,0.13159038234031117
P06,0,0.14026071515017033
P06,0,0.23251567037718032
P06,0,0.1295175767821667
P06,0,0.2129269372718691
P06,0,0.29470922969602537
P06,0,0.15071704256553728
P06,0,0.37465721871498875
P06,0,0.20064637460170395
P06,0,0.22371820083258534
P06,0,0.19679185048320577
P06,0,0.1916892065130682
P06,0,0.23311144410258136
P06,0,0.17756676543151034
P06,0,0.20199459283354917
P06,0,0.29036528936709277
P06,0,0.2560098800365662
P06,0,0.23193219835594314
P06,0,0.17383307718003815
P06,0,0.2638857876204026
P06,0,0.746362895119002
P06,0,0.2574621067344436
P06,0,0.32309815365886096
P06,0,0.1349214856733918
P06,0,0.1809628882442079
P06,0,0.19504015827765095
P06,0,0.1487749791230696
P06,0,0.16026313049546334
P06,0,0.16353055173565706
P06,0,0.21588854880785713
P06,0,0.14670646730210626
P06,0,0.12727501123696724
P06,0,0.29680859721306724
P06,0,0.14065879537523837
P06,0,0.1334858401681896
P06,0,0.19123192962988947
P06,0,0.18917821802141108
P06,0,0.19845854890920128
P06,0,0.26421703978407485
P06,0,0.16336820321470458
P06,0,0.12210715997445401
P06,1,0.4319701957842784
P06,1,0.47076293976939604
P06,1,0.3819579248005096
P06,1,0.524287480866615
P06,1,0.3231612191420268
P06,1,0.4897403211916839
P06,1,0.5085020460590957
P06,1,0.304948772519219
P06,1,0.32883450374312084
P06,1,0.5086541523231376
P06,1,0.40571026400123283
P06,1,0.5447646859606755
P06,1,0.4794485099351135
P06,1,0.4358090445607119
P06,1,0.5543736082166864
P06,1,0.4510902900259749
P06,1,0.47395550572067296
P06,1,0.421341118913304
P06,1,0.44095614794806387
P06,1,0.5972742573372078
P06,1,0.45713499421946874
P06,1,0.4869343705764753
P06,1,0.5872954624544731
P06,1,0.5028359406394154
P06,1,0.4660736430156498
P06,1,0.5236418717804538
P06,1,0.3515162192377067
P06,1,0.3309562415652747
P06,1,0.6214896621790021
P06,1,0.5730822391297565
P06,1,0.5663511329509369
P06,1,0.532640674238017
P06,1,0.45601410975590756
P06,1,0.6187655026373821
P06,1,0.5397321799556328
P06,1,0.616736964623461
P06,1,0.49585445021678587
P06,1,0.48142284296613647
P06,1,0.4917077763471665
P06,1,0.5107800092371504
P06,1,0.5526074740837312
P06,1,0.6056498992770164
P06,1,0.6300435476887649
P06,1,0.43406700252613795
P06,1,0.40035010183626846
P06,1,0.45579934973589026
P06,1,0.4167687324324713
P06,1,0.6471772715941216
P06,1,0.605632547332112
P06,1,0.61767151488725
P06,1,0.7007887751325255
P06,1,0.47024877946352395
P06,1,0.5059466012695104
P06,1,0.5583379602664734
P06,1,0.5928465097952285
P06,1,0.5682809278575286
P06,1,0.6602396955238233
P06,1,0.5355676955961508
P06,1,0.6176029522792486
P06,1,0.7817928677359166
P06,1,0.47215405730551574
P06,1,0.704207469821199
P06,1,0.7436687425795366
P06,1,0.5317527553407231
P06,1,0.5456195914408525
P06,1,0.7151520247390794
P06,1,0.5195337914858894
P06,1,0.6561815508756782
P06,1,0.5476178024753451
P06,1,0.5417155586763946
P06,1,0.6683155126266143
P06,1,0.32996493421124606
P06,1,0.641422630506584
P06,1,0.6437366801749588
P06,1,0.5286318405470097
P06,1,0.6252695930480856
P06,1,0.46570060555952003
P06,1,0.6325925551931957
P06,1,0.4798880944236393
P06,1,0.3643786134249479
P06,1,0.4836005448242966
P06,1,0.5893366908842483
P06,1,0.49984483155012227
P06,1,0.4756352538951022
P06,1,0.7388319511454121
P06,1,0.5239615335662611
P06,1,0.3459984104367695
P06,1,0.573610746238996
P06,1,0.3107116998709997
P06,1,0.37404201039219037
P06,1,0.36451851424445436
P06,1,0.35450839620250063
P06,1,0.4079873637451319
P06,1,0.3785362116228649
P06,1,0.63086527555559
P06,1,0.5040804189382774
P06,1,0.40138096043096966
P06,1,0.29688731217979303
P06,1,0.2445820632826771
P06,1,0.4068933189004243
P06,1,0.5082810373394432
P06,1,0.426167417703413
P06,1,0.6093590651611575
P06,1,0.46500018281172234
P06,1,0.5666627791396915
P06,1,0.3484202369201003
P06,1,0.41967253588736
P06,1,0.2518010786218082
P06,1,0.5070452746517324
P06,1,0.3117010115109904
P06,1,0.48147364539798104
P06,1,0.4558028801544703
P06,1,0.5215830699489765
P06,1,0.4354817129237962
P06,1,0.5004122571311806
P06,1,0.45891657012761183
P06,1,0.35809393740979073
P06,1,0.5085328944215961
P06,1,0.49391518561496484
P06,1,0.5488391755055603
P06,1,0.5410132856979003
P06,1,0.6381596611048623
P06,1,0.5630042337314454
P06,1,0.3760293689278086
P06,1,0.4114913530442784
P06,1,0.3392982836807399
P06,1,0.4063461398902823
P06,1,0.5415620026033859
P06,1,0.45346237462536354
P06,1,0.5173250270773668
P06,1,0.44886273170263724
P06,1,0.2771942135740983
P06,1,0.3945080343752112
P06,1,0.5688471145400447
P06,1,0.38547623556586885
P06,1,0.545482268656109
P06,1,0.4103071453471727
P06,1,0.3597491116102712
P06,1,0.40915346104541556
P06,1,0.4018510088334697
P06,1,0.50488354868513
P06,1,0.4580158820571965
P06,1,0.4209607613781809
P06,1,0.29572504393919197
P06,1,0.6225892267316945
P06,1,0.8543636745468116
P06,1,0.6082822920789477
P06,1,0.32225359663313047
P06,1,0.32416750192890426
P06,0,0.7455349233213032
P06,0,0.37977650290988335
P06,0,0.1847565951150786
P06,0,0.1741421126940419
P06,0,0.20919406537821134
P06,0,0.32180864237256374
P06,0,0.22692698594254715
P06,0,0.1860854901780185
P06,0,0.2222744993147021
P06,0,0.5027552084597279
P06,0,0.44949929761952506
P06,0,0.3544420992796352
P06,0,0.2543027948488118
P06,0,0.32735400496545897
P06,0,0.22661163367159995
P06,0,0.15314414219214734
P06,0,0.2978807040323684
P06,0,0.2981079636536279
P06,0,0.38400776486096266
P06,0,0.2605931564707644
P06,0,0.2692994046247643
P06,0,0.2500193265680929
P06,0,0.2627508059704238
P06,0,0.2078431101956121
P06,0,0.24265646910383207
P06,0,0.18122723837479107
P06,0,0.3129797996282351
P06,0,0.19749696096689623
P06,0,0.276933505986353
P06,0,0.265180954808803
P06,0,0.2612718986717445
P06,0,0.2572196646647011
P06,0,0.31741020709299583
P06,0,0.10836480179348745
P06,0,0.23818501396827005
P06,0,0.1509632466520565
P06,0,0.1994340142154184
P06,0,0.23288841012047037
P06,0,0.26678069484555644
P06,0,0.26507300313926346
P06,0,0.24689467896043166
P06,0,0.334565105227436
P06,0,0.2903004114282878
P06,0,0.1939756194234022
P06,0,0.31301623661664696
P06,0,0.37302257030934594
P06,0,0.28091708444639757
P06,0,0.18553506102260514
P06,0,0.2619488808920414
P06,0,0.5501628279553417
P06,0,0.5672059100341866
P06,0,0.47388756184612746
P06,0,0.40905912042087217
P06,0,0.34976948072309516
P06,0,0.36020191647844285
P06,0,0.35976188597879916
P06,0,0.3115805859464815
P06,0,0.197755910789669
P06,0,0.2768303893980614
P06,0,0.16401383265833086
P06,0,0.19237080023019695
P06,0,0.18948208397257002
P06,0,0.16761597388974261
P06,0,0.3311769671326813
P06,0,0.19936195910649623
P06,0,0.2489290291852006
P06,0,0.2768758254357241
P06,0,0.3209130416233178
P06,0,0.21075224825207137
P06,0,0.18515327494636333
P06,0,0.26901218646970987
P06,0,0.41085241637675585
P06,0,0.32022254055924354
P06,0,0.19712474205846392
P06,0,0.2593719564222774
P06,0,0.3641024575820625
P06,0,0.20144825559827734
P06,0,0.23856448721819065
P06,0,0.3398880450311348
P06,0,0.27290703118886245
P06,0,0.20441015235218551
P06,0,0.13082689327308272
P06,0,0.21349174182512376
P06,0,0.32035417970464863
P06,0,0.801219686645407
P06,0,0.38681656535244235
P06,0,0.27748370627018093
P06,0,0.17666043879111684
P06,0,0.21625924402739496
P06,0,0.2563238016965224
P06,0,0.2653898114785019
P06,0,0.36381629981384844
P06,0,0.2773075020286717
P06,0,0.22355869630749758
P06,0,0.2770144831582335
P06,0,0.2892758979621777
P06,0,0.2209879033794781
P06,0,0.24898580975385123
P06,0,0.1791622622256123
P06,0,0.2745552021757612
P06,0,0.2846645964282656
P06,0,0.19381219261391763
P06,0,0.2033108690324416
P06,0,0.16567326435740096
P06,0,0.20079208318622546
P06,0,0.2069741676739965
P06,0,0.23996969088418393
P06,0,0.21256675760570096
P06,0,0.1465845655766688
P06,0,0.18716101444819688
P06,0,0.15110871235257647
P06,0,0.20105272175742947
P06,0,0.2686281572985564
P06,0,0.16340403663921454
P06,0,0.21662547596223725
P06,0,0.23472247071950353
P06,0,0.2607509900039348
P06,0,0.296578270703782
P06,0,0.12291566805284505
P06,0,0.22558647841828133
P06,0,0.16970347604386232
P06,0,0.26545275698822907
P06,0,0.20095725691431582
P06,0,0.267721000308737
P06,0,0.16689042675605914
P06,0,0.1980899087429104
P06,0,0.12554535530967464
P06,0,0.1831865655681889
P06,0,0.22258076531189352
P06,0,0.2112244646256767
P06,0,0.27605652429410116
P06,0,0.1750168026879373
P06,0,0.21639955472271843
P06,0,0.2716643193540508
P06,0,0.8172054913251443
P06,0,0.7617420806247361
P06,0,0.3037322547284116
P06,0,0.4941002535781137
P06,0,0.42572460778264426
P06,0,0.23005510283578862
P06,0,0.2638650676821136
P06,0,0.4674711936644534
P06,0,0.4637860264911019
P06,0,0.624373504526383
P06,0,0.2909128152141521
P06,0,0.4023717203186246
P06,0,0.5977681941026455
P06,0,0.41593860489158757
P06,0,0.32504802826895396
P06,1,0.2555977478008189
P06,1,0.5414092386862149
P06,1,0.4399664456901298
P06,1,0.4759322836471206
P06,1,0.3339170430825446
P06,1,0.3929716030964838
P06,1,0.3816254166243781
P06,1,0.41459677685545815
P06,1,0.3504591552133692
P06,1,0.29529878975108076
P06,1,0.5185402238359177
P06,1,0.5526963015815467
P06,1,0.593297152272779
P06,1,0.6616758621634945
P06,1,0.3385166567231474
P06,1,0.35098185546413074
P06,1,0.5255329567546424
P06,1,0.5316411297582613
P06,1,0.5305499780744758
P06,1,0.44879693628920597
P06,1,0.463899299069416
P06,1,0.4042342621693726
P06,1,0.40693446235407643
P06,1,0.6235536430852254
P06,1,0.3731551474484626
P06,1,0.36410109049782846
P06,1,0.4161473158352927
P06,1,0.4111723819945053
P06,1,0.3890010879273852
P06,1,0.44433981574136316
P06,1,0.34268844108671903
P06,1,0.43992525322817355
P06,1,0.34281272188247447
P06,1,0.49006662176503335
P06,1,0.5079886061793348
P06,1,0.6004340049271744
P06,1,0.56517407316641
P06,1,0.4175063593502079
P06,1,0.44028739329341193
P06,1,0.4119918862523923
P06,1,0.5629941523722347
P06,1,0.495848683260639
P06,1,0.4696523923152669
P06,1,0.46261369769860194
P06,1,0.404531759281922
P06,1,0.3880405294215506
P06,1,0.43305662659162036
P06,1,0.43895683580560924
P06,1,0.5528282973188683
P06,1,0.39711536407410747
P06,1,0.3812448043855282
P06,1,0.34050358730600205
P06,1,0.4306206661641013
P06,1,0.25777844418595547
P06,1,0.34794513187047893
P06,1,0.41399768517425606
P06,1,0.2704623356045385
P06,1,0.3853390732213043
P06,1,0.4830954121290905
P06,1,0.37078431195152783
P06,1,0.5531368544582349
P06,1,0.35591620717403477
P06,1,0.5608358207995244
P06,1,0.6384478473582463
P06,1,0.6392401664345808
P06,1,0.5544125686093002
P06,1,0.4864539245225306
P06,1,0.418854790567914
P06,1,0.46007333390536725
P06,1,0.5111507748385888
P06,1,0.48851721075784
P06,1,0.48413659307673307
P06,1,0.5323825185718979
P06,1,0.3988391738942253
P06,1,0.48615194631412606
P06,1,0.3599712759370598
P06,1,0.3869598240620602
P06,1,0.41483601940379866
P06,1,0.36060528985414636
P06,1,0.33922860905432606
P06,1,0.2819651991635894
P06,1,0.43064902651229614
P06,1,0.4500454309600745
P06,1,0.41379706911550185
P06,1,0.4963394913519092
P06,1,0.6699769765041719
P06,1,0.46925651344110997
P06,1,0.5301155434664885
P06,1,0.5131587880847197
P06,1,0.5865217523089983
P06,1,0.3900383830436888
P06,1,0.41581411164792376
P06,1,0.43563442269916997
P06,1,0.3880626652282661
P06,1,0.4961269862735717
P06,1,0.4289447283572471
P06,1,0.5360724130341397
P06,1,0.550404370821866
P06,1,0.5359013115997298
P06,1,0.34694416863909133
P06,1,0.4729999942985202
P06,1,0.33676195091700495
P06,1,0.500885122558849
P06,1,0.366841027104376
P06,1,0.38454773397203734
P06,1,0.4892581595877913
P06,1,0.4713627549240697
P06,1,0.4112466491907817
P06,1,0.4694006194973037
P06,1,0.4575873792621654
P06,1,0.46975983707828983
P06,1,0.6885420052667592
P06,1,0.3827445953866996
P06,1,0.49419049235076357
P06,1,0.4402005689135549
P06,1,0.40863015412786285
P06,1,0.3230894272525459
P06,1,0.2837132700049989
P06,1,0.30644874705470776
P06,1,0.4181438029161094
P06,1,0.37080604599436395
P06,1,0.26445203315629634
P06,1,0.27819034491000594
P06,1,0.3363077446721602
P06,1,0.2878645613916555
P06,1,0.5808178417932611
P06,1,0.3868690756957742
P06,1,0.32916376385201984
P06,1,0.3631708371071388
P06,1,0.25605779529255523
P06,1,0.4098549930127117
P06,1,0.47338767369800394
P06,1,0.40308431509054965
P06,1,0.29106538592081893
P06,1,0.2660025727063372
P06,1,0.5503080823096803
P06,1,0.6163734429134516
P06,1,0.4168749717860443
P06,1,0.6102369198315047
P06,1,0.3922882616103388
P06,1,0.45938738601797474
P06,1,0.5249477394810153
P06,1,0.40544376940559507
P06,1,0.47391432406259826
P06,1,0.5283403758835233
P06,1,0.47007588914092435
P06,1,0.5777829845911342
P06,1,0.4570075455010258
P06,1,0.5290765537368605
P07,0,0.42272987986300486
P07,0,0.3446730269607697
P07,0,0.38083172671927573
P07,0,0.3798552703637511
P07,0,0.439466316226229
P07,0,0.3168311857866797
P07,0,0.4429651424754197
P07,0,0.36607413596498894
P07,0,0.35948380860936335
P07,0,0.4072350314337284
P07,0,0.45119289484273656
P07,0,0.4626665588206241
P07,0,0.3834802400053577
P07,0,0.4151543547148679
P07,0,0.47923876816053185
P07,0,0.500062172705134
P07,0,0.5419362571782086
P07,0,0.4037200505645314
P07,0,0.35520217426490386
P07,0,0.48704080266176086
P07,0,0.48920636497845593
P07,0,0.5137716075307301
P07,0,0.4529364625058578
P07,0,0.5114439370714019
P07,0,0.4609393870996949
P07,0,0.5750802587907572
P07,0,0.51803873821821
P07,0,0.42989688332887854
P07,0,0.43237877804750746
P07,0,0.52741107063798
P07,0,0.4746556919430305
P07,0,0.5237684408904381
P07,0,0.44498665432672807
P07,0,0.5248409161105401
P07,0,0.4156391065121048
P07,0,0.45487423167391355
P07,0,0.5458760180937227
P07,0,0.5315072071670479
P07,0,0.5823910585521944
P07,0,0.39682220291949455
P07,0,0.4816697672090003
P07,0,0.40741071413803415
P07,0,0.5449241961030331
P07,0,0.32597319503395816
P07,0,0.4385592146254312
P07,0,0.42382988286708295
P07,0,0.6055473206283783
P07,0,0.4056295038579494
P07,0,0.5605281156600002
P07,0,0.46868747329416854
P07,0,0.4986630248107541
P07,0,0.3780200002619113
P07,0,0.4492617881979516
P07,0,0.4513971075573997
P07,0,0.48933580901933105
P07,0,0.41782819130183413
P07,0,0.5570909475664134
P07,0,0.483945192407673
P07,0,0.399343492415051
P07,0,0.4784550917247197
P07,0,0.5244250357093756
P07,0,0.4872667124970003
P07,0,0.5260200783216233
P07,0,0.4764177117226062
P07,0,0.43421120553825665
P07,0,0.6717980832041827
P07,0,0.3998316249677127
P07,0,0.4180051552431206
P07,0,0.5212784618293657
P07,0,0.4035564912930709
P07,0,0.5539001060474908
P07,0,0.4268528303764817
P07,0,0.502619411602934
P07,0,0.417594417343474
P07,0,0.3884622247946873
P07,0,0.46870778072742536
P07,0,0.4305045183163664
P07,0,0.564200153862359
P07,0,0.38177449242224837
P07,0,0.52312786737814
P07,0,0.36888025076114894
P07,0,0.483554598493057
P07,0,0.5740577439382939
P07,0,0.5676040756668717
P07,0,0.4684719343800576
P07,0,0.3212285724264261
P07,0,0.5075879529530215
P07,0,0.48844564961141396
P07,0,0.45515068704626094
P07,0,0.5417829072587982
P07,0,0.49066150531032776
P07,0,0.48375375628666645
P07,0,0.44300176055998625
P07,0,0.37997364972834774
P07,0,0.5161177057932457
P07,0,0.4698691878441388
P07,0,0.5549425781849899
P07,0,0.4436007178870875
P07,0,0.4997621106845637
P07,0,0.42851925569054916
P07,0,0.46482740137054784
P07,0,0.48381637006433315
P07,0,0.613664631823519
P07,0,0.5386364947044915
P07,0,0.5367343628271776
P07,0,0.5499928346111964
P07,0,0.828517990349308
P07,0,0.46346707287935396
P07,0,0.3318687171745445
P07,0,0.42671785536381845
P07,0,0.4499328209645948
P07,0,0.3918465999983973
P07,0,0.38161135924723594
P07,0,0.37054770754409055
P07,0,0.4297094098971818
P07,0,0.510405502210443
P07,0,0.49115925075758654
P07,0,0.37521450759920427
P07,0,0.5586377032739622
P07,0,0.5122896235556923
P07,0,0.49016167076581607
P07,0,0.4240828893477174
P07,0,0.4528798685728408
P07,0,0.4261640563485517
P07,0,0.45158139211304243
P07,0,0.4399600740231723
P07,0,0.4219544716109157
P07,0,0.6023714830602561
P07,0,0.45276043180637227
P07,0,0.8719505863254884
P07,0,0.6928698720791451
P07,0,0.5151069471810966
P07,0,0.38432637161571326
P07,0,0.5497635918119615
P07,0,0.4541779895941122
P07,0,0.6521581017676267
P07,0,0.6784836014920306
P07,0,0.5890067002595166
P07,0,0.6082385126076304
P07,0,0.6584097538579818
P07,0,0.7286786386626353
P07,0,0.5863732824573362
P07,0,0.5846808547938569
P07,0,0.6248507011983465
P07,0,0.5134626830542617
P07,0,0.6635500064614875
P07,0,0.5932046682145192
P07,0,0.672424844812777
P07,0,0.5068710178957607
P07,1,0.5022857428915223
P07,1,0.577848037509667
P07,1,0.5601056547608918
P07,1,0.4695720388973113
P07,1,0.5853155518323598
P07,1,0.5984350866071714
P07,1,0.7014395373620953
P07,1,0.7716990906270972
P07,1,0.6917496652053506
P07,1,0.6672626664363791
P07,1,0.6631408521534691
P07,1,0.7030605964886588
P07,1,0.6777665594026216
P07,1,0.6804253108164735
P07,1,0.7750480446313509
P07,1,0.6387527974489924
P07,1,0.556092759976239
P07,1,0.623456700343524
P07,1,0.5929941128533036
P07,1,0.6531316586737577
P07,1,0.7341175197733514
P07,1,0.617822307224619
P07,1,0.6179144876242028
P07,1,0.6591113896005446
P07,1,0.5935643886283198
P07,1,0.6266186939829559
P07,1,0.5893399641000688
P07,1,0.5293655015877193
P07,1,0.633631820904419
P07,1,0.5160861438157237
P07,1,0.8188580738515157
P07,1,0.6143938092241252
P07,1,0.7076485871639981
P07,1,0.6003829127048844
P07,1,0.5293631980393141
P07,1,0.6496049091570343
P07,1,0.8110506953803415
P07,1,0.7417423899452754
P07,1,0.6646286592795061
P07,1,0.6968199452844838
P07,1,0.7750922418594606
P07,1,0.7175295081811478
P07,1,0.7124679890671349
P07,1,0.6148449700964939
P07,1,0.6453050784675906
P07,1,0.6923565484210736
P07,1,0.6704400140466285
P07,1,0.6239454753132571
P07,1,0.7004882847127083
P07,1,0.6714821664689662
P07,1,0.5017092423163001
P07,1,0.719345663409583
P07,1,0.7882794134207756
P07,1,0.5314301213401895
P07,1,0.4718321709167264
P07,1,0.4982684300983434
P07,1,0.5685007686123559
P07,1,0.5821944268877117
P07,1,0.7067146275529973
P07,1,0.5459204436830216
P07,1,0.718659076847044
P07,1,0.7084378307551353
P07,1,0.6633597430011431
P07,1,0.7155056771335473
P07,1,0.5698581520422763
P07,1,0.5537731037737403
P07,1,0.7514210686671735
P07,1,0.6019968759815615
P07,1,0.6457177234509441
P07,1,0.5465235046822693
P07,1,0.654843387102331
P07,1,0.5962764940979625
P07,1,0.726871114200551
P07,1,0.6319521205637068
P07,1,0.7877647382369019
P07,1,0.6904603095358274
P07,1,0.6809130601251365
P07,1,0.5426619140100708
P07,1,0.5862111705757549
P07,1,0.5759039288873474
P07,1,0.6701843318065124
P07,1,0.5697897243239917
P07,1,0.5814057052892576
P07,1,0.47649027582563347
P07,1,0.466694887621741
P07,1,0.5863286972065397
P07,1,0.7386405528091455
P07,1,0.5906490131619293
P07,1,0.5564564768746166
P07,1,0.5499026798085562
P07,1,0.5518751571092363
P07,1,0.5611441992349115
P07,1,0.6375170720293661
P07,1,0.7552844210064293
P07,1,0.5615805996135587
P07,1,0.4645834903087544
P07,1,0.7200742018435115
P07,1,0.5079105235935296
P07,1,0.4407965259249704
P07,1,0.40302062178657944
P07,1,0.6448588929225033
P07,1,0.7173109138306375
P07,1,0.5172266243654968
P07,1,0.5436134531261224
P07,1,0.5953579509801732
P07,1,0.7061291314681142
P07,1,0.5317755869501942
P07,1,0.5652113503349532
P07,1,0.6120435580806337
P07,1,0.6655595788559538
P07,1,0.5578290119360119
P07,1,0.6620617451169525
P07,1,0.7126329921732153
P07,1,0.777171603935427
P07,1,0.6902861602572441
P07,1,0.5546731992958074
P07,1,0.5051802380310874
P07,1,0.5054452799528668
P07,1,0.5049773641186838
P07,1,0.7110734223255198
P07,1,0.610203983085554
P07,1,0.7627790270609268
P07,1,0.6838953495075312
P07,1,0.47913896421587054
P07,1,0.7259493555868605
P07,1,0.6310855899904518
P07,1,0.6797238852419875
P07,1,0.6437406934251926
P07,1,0.7840184340351437
P07,1,0.6080094082885718
P07,1,0.5187076512009435
P07,1,0.3461592779341678
P07,1,0.4706030332699736
P07,1,0.5447002164095542
P07,1,0.5956801819781031
P07,1,0.49014518191041423
P07,1,0.6513672640840251
P07,1,0.5241604427670709
P07,1,0.518559732695262
P07,1,0.49744322182107803
P07,1,0.7218803668676815
P07,1,0.7005226348958815
P07,1,0.5868605881877422
P07,1,0.659723520199982
P07,1,0.5910373576017593
P07,1,0.6538354890693279
P07,1,0.549693590356815
P07,1,0.4753376185021079
P07,1,0.7567975298504513
P07,0,0.485458774825477
P07,0,0.570890305689704
P07,0,0.6062063534559123
P07,0,0.5386362032825914
P07,0,0.5856045029981236
P07,0,0.6552417588854886
P07,0,0.6412506529473337
P07,0,0.5752612352232984
P07,0,0.47197808469209973
P07,0,0.5701776573882116
P07,0,0.6335576357434792
P07,0,0.32913209680122024
P07,0,0.41656330249647183
P07,0,0.4151350655776356
P07,0,0.597102468720537
P07,0,0.665045958372
P07,0,0.6507364777255099
P07,0,0.6332680715658418
P07,0,0.6441480275365074
P07,0,0.7053141896988588
P07,0,0.5346577918459537
P07,0,0.6221728510820328
P07,0,0.3912355084913088
P07,0,0.6583922986269725
P07,0,0.7126890202946661
P07,0,0.5501386724613132
P07,0,0.4672523566836316
P07,0,0.37460335330129896
P07,0,0.4973964340968486
P07,0,0.6451014624909228
P07,0,0.6444734821382374
P07,0,0.6037815123076921
P07,0,0.4315747954503763
P07,0,0.5499771261320658
P07,0,0.6807347833360172
P07,0,0.6345626370279009
P07,0,0.6579315861573917
P07,0,0.4528870952220403
P07,0,0.6279928790898381
P07,0,0.6992344045295742
P07,0,0.414823761766225
P07,0,0.8009039457117628
P07,0,0.6060598041982184
P07,0,0.7133175041094129
P07,0,0.3952634908578053
P07,0,0.5352302125269788
P07,0,0.941665300566707
P07,0,0.5479100114787733
P07,0,0.506603673946382
P07,0,0.607705050370467
P07,0,0.5690182758761618
P07,0,0.46171974411113714
P07,0,0.5787490932283688
P07,0,0.6322166957902525
P07,0,0.6485328374785642
P07,0,0.5683453838325261
P07,0,0.5534407396657327
P07,0,0.46994315432291456
P07,0,0.634718204892727
P07,0,0.5881029318986192
P07,0,0.4614028827361494
P07,0,0.4877265432016395
P07,0,0.42794730075884563
P07,0,0.5992711568469824
P07,0,0.5437470581282393
P07,0,0.656081333976193
P07,0,0.8402377691753016
P07,0,0.7511380437935982
P07,0,0.6327269794084438
P07,0,0.5987902307991134
P07,0,0.5646992813362977
P07,0,0.5608546270663607
P07,0,0.29954194493172165
P07,0,0.5870511085437934
P07,0,0.543598274237768
P07,0,0.4045398942503058
P07,0,0.44817090824464934
P07,0,0.5340860364984906
P07,0,0.5954520286738517
P07,0,0.7560629859029812
P07,0,0.6378772587272545
P07,0,0.5279083115065215
P07,0,0.5183712276558227
P07,0,0.6454041248127893
P07,0,0.54609587295494
P07,0,0.5503025633451438
P07,0,0.530651062730007
P07,0,0.7369235680392503
P07,0,0.7150521505470743
P07,0,0.5551497711151717
P07,0,0.6715194021590425
P07,0,0.5091167188561442
P07,0,0.6199683511171007
P07,0,0.7782570139848947
P07,0,0.688180367890419
P07,0,0.6764519399685875
P07,0,0.8996875998114081
P07,0,0.4354448600896364
P07,0,0.6736782071510639
P07,0,0.7431810261320763
P07,0,0.5406280152171529
P07,0,0.5007943758718425
P07,0,0.5286342826112865
P07,0,0.6300597272480066
P07,0,0.5602812503118592
P07,0,0.5514068715712662
P07,0,0.6457745830174596
P07,0,0.6750053076238897
P07,0,0.6171600963437329
P07,0,0.5508192382543685
P07,0,0.6016418055502682
P07,0,0.6886231792268551
P07,0,0.6085534947642526
P07,0,0.6062839314301368
P07,0,0.5737774606269759
P07,0,0.5834783974418574
P07,0,0.478373937827858
P07,0,0.5739564555675354
P07,0,0.6835456219719632
P07,0,0.5028069391911478
P07,0,0.5558688894659947
P07,0,0.626739892895517
P07,0,0.6484382670536756
P07,0,0.5034753235750262
P07,0,0.9109688742389288
P07,0,0.8936239417549177
P07,0,0.7376706128731885
P07,0,0.6868847998690824
P07,0,0.6730296796926977
P07,0,0.546952964637152
P07,0,0.2722951106340606
P07,0,0.6244477359548455
P07,0,0.765890589752684
P07,0,0.5550685299209679
P07,0,0.6096227994374757
P07,0,0.5366443755355321
P07,0,0.6840518118486358
P07,0,0.3028451650870093
P07,0,0.5210065970891303
P07,0,0.7944959103317838
P07,0,0.39763080816339075
P07,0,0.6363941176312597
P07,0,0.5697391595274367
P07,0,0.6622839511691944
P07,0,0.518095040942974
P07,0,0.454003828206701
P07,0,0.6203687294891059
P07,0,0.7577934883434884
P07,0,0.6255255352674096
P07,1,0.7677552245020637
P07,1,0.6108245281025246
P07,1,0.8936154695954626
P07,1,0.5409120560923528
P07,1,0.7634634725374045
P07,1,0.7344021777655547
P07,1,0.8311255277099715
P07,1,0.7263147552222995
P07,1,0.6543781020881939
P07,1,0.3715682131538084
P07,1,0.8194388198743994
P07,1,0.9062467863135665
P07,1,0.832319648757262
P07,1,0.9023355727276459
P07,1,0.7896442324818989
P07,1,0.841581400733158
P07,1,0.8698587393658613
P07,1,0.8385582219803858
P07,1,0.6539533678623005
P07,1,0.7819942251187342
P07,1,0.8801612933060634
P07,1,0.9024234797157685
P07,1,0.9453210452796209
P07,1,0.7059613744451255
P07,1,0.8204541341322559
P07,1,0.8174033273502241
P07,1,0.7694287257904049
P07,1,0.7927522164608887
P07,1,0.7084968145902762
P07,1,0.8766370908085795
P07,1,0.3881070240831813
P07,1,0.818431398227408
P07,1,0.6518661817190616
P07,1,0.7999042979276184
P07,1,0.8063615382146061
P07,1,0.5876852137974804
P07,1,0.8231293683267636
P07,1,0.7146115401542764
P07,1,0.8720518500171502
P07,1,0.8358128967462631
P07,1,0.8170648669562959
P07,1,0.7171811998652515
P07,1,0.8249814014271389
P07,1,0.8423620730053372
P07,1,0.8443354636319056
P07,1,0.6112118076104863
P07,1,0.7959311745126973
P07,1,0.8258949712502166
P07,1,0.7488664980712865
P07,1,0.5652554766758332
P07,1,0.8221968618775887
P07,1,0.307401002515883
P07,1,0.7349992305023851
P07,1,0.7376423228133637
P07,1,0.8274986154076679
P07,1,0.5622599492845715
P07,1,0.6319165641913842
P07,1,0.42673793074403876
P07,1,0.3834942072281801
P07,1,0.8297798114252074
P07,1,0.8232240435551991
P07,1,0.46698555886561377
P07,1,0.8354896014582797
P07,1,0.8280092279998625
P07,1,0.33702504735308936
P07,1,0.34787364780567404
P07,1,0.3874243505918529
P07,1,0.8650723237560333
P07,1,0.8506084429825549
P07,1,0.8863264099299647
P07,1,0.9257304687854229
P07,1,0.7172531896449642
P07,1,0.9262456764768168
P07,1,0.7583096348288791
P07,1,0.7996547053169208
P07,1,0.6591930595630594
P07,1,0.6897514816114683
P07,1,0.5842250704279064
P07,1,0.757077151849023
P07,1,0.53529757209929
P07,1,0.5752470043140642
P07,1,0.7058882071409424
P07,1,0.8690913770574412
P07,1,0.7456632498146923
P07,1,0.6337531073193653
P07,1,0.7130411571773833
P07,1,0.9421467535877522
P07,1,0.8649040284918517
P07,1,0.4776986870992158
P07,1,0.7605063529803552
P07,1,0.6975860508435427
P07,1,0.8230319900999625
P07,1,0.7467645645618849
P07,1,0.8829761136729295
P07,1,0.8615042371680502
P07,1,0.6899233470181388
P07,1,0.49289194288255395
P07,1,0.5859099593849422
P07,1,0.761672515612851
P07,1,0.6570212050813661
P07,1,0.37591794922676447
P07,1,0.760604359684688
P07,1,0.8325366235936708
P07,1,0.6434671038010319
P07,1,0.3012358975557605
P07,1,0.5280459794174862
P07,1,0.755602265193002
P07,1,0.7628412128223863
P07,1,0.7464486972427835
P07,1,0.7597695860918795
P07,1,0.7430566101045109
P07,1,0.7993660418992539
P07,1,0.5733655024883215
P07,1,0.7513378114930371
P07,1,0.7521351073941936
P07,1,0.7518210947419128
P07,1,0.8005287035851929
P07,1,0.7262266300423651
P07,1,0.9362837963825784
P07,1,0.9317819675571374
P07,1,0.7627032422013259
P07,1,0.6054510009952645
P07,1,0.5604599093219185
P07,1,0.7517909808091756
P07,1,0.31181363832548636
P07,1,0.7699796541882047
P07,1,0.6699486261782528
P07,1,0.7444486089148248
P07,1,0.57240266469494
P07,1,0.429437554310498
P07,1,0.8322846438806705
P07,1,0.6149780032206902
P07,1,0.7893740552558838
P07,1,0.6546438507797236
P07,1,0.6812669217678401
P07,1,0.784498490316975
P07,1,0.6908501053951528
P07,1,0.6177790256890809
P07,1,0.40549750646817173
P07,1,0.7267243453352698
P07,1,0.6352630841507888
P07,1,0.6519666571726144
P07,1,0.41453187442912187
P07,1,0.7354855928533646
P07,1,0.6623633400478349
P07,1,0.70120959275717
P07,1,0.2820099828103497
P07,1,0.8136193092156767
P07,1,0.7643053503850674
P08,0,0.28406894767394236
P08,0,0.24492854739670022
P08,0,0.14309387565029996
P08,0,0.23791058879737634
P08,0,0.2929223151210368
P08,0,0.2793861077162585
P08,0,0.33015137876074313
P08,0,0.34654882075602506
P08,0,0.20407611897337533
P08,0,0.3878879776275725
P08,0,0.28621463196200486
P08,0,0.34011541433184417
P08,0,0.2065326125798094
P08,0,0.2909658509947804
P08,0,0.4123236283586496
P08,0,0.3942874652500328
P08,0,0.40513357756775853
P08,0,0.15235506263183957
P08,0,0.30092864888283
P08,0,0.1928036680875154
P08,0,0.32959876924619186
P08,0,0.17875918770812882
P08,0,0.23740365835599997
P08,0,0.25965788175150833
P08,0,0.38940402242634786
P08,0,0.29033382676334446
P08,0,0.4485729417523587
P08,0,0.24109395635315042
P08,0,0.34202320366276934
P08,0,0.2634625405241376
P08,0,0.25046048374818697
P08,0,0.3019998906777701
P08,0,0.18898892344834506
P08,0,0.12188739030353549
P08,0,0.22618258879166592
P08,0,0.21403840594330173
P08,0,0.15674381413247293
P08,0,0.3861721774432487
P08,0,0.24077383381595172
P08,0,0.15164973399621845
P08,0,0.2386335603100671
P08,0,0.2744160802992733
P08,0,0.22717644576014215
P08,0,0.3034492685818869
P08,0,0.27771943864797943
P08,0,0.22516802398084906
P08,0,0.2554203597448409
P08,0,0.36136432220608283
P08,0,0.22109510484137684
P08,0,0.2606899443005668
P08,0,0.19956982652324967
P08,0,0.33651018339017236
P08,0,0.23467685948619005
P08,0,0.30021368846118707
P08,0,0.17042633772542287
P08,0,0.25636529142683046
P08,0,0.31373711569903784
P08,0,0.26197581398532704
P08,0,0.12214566737836383
P08,0,0.21750378417367627
P08,0,0.5421153773648133
P08,0,0.2484430022771453
P08,0,0.3052510965408723
P08,0,0.20716146511089908
P08,0,0.11528208380675693
P08,0,0.21552792502208074
P08,0,0.41046611594177657
P08,0,0.31190909138807504
P08,0,0.27874545744901913
P08,0,0.3079544787344675
P08,0,0.06960003074554554
P08,0,0.15799212553877592
P08,0,0.15504517104593704
P08,0,0.34914020762893355
P08,0,0.18778527680103918
P08,0,0.37869743069785483
P08,0,0.15257623662397543
P08,0,0.2355768090056334
P08,0,0.25053709372595045
P08,0,0.12180912766955257
P08,0,0.18781445127406174
P08,0,0.2144850008707283
P08,0,0.2696992136556706
P08,0,0.21886651556886796
P08,0,0.17120704809697576
P08,0,0.14520624974385754
P08,0,0.1225540519890275
P08,0,0.2770173060930846
P08,0,0.21292826745471696
P08,0,0.1883388229931267
P08,0,0.11964083062051595
P08,0,0.15986800509409738
P08,0,0.26408121020443515
P08,0,0.297111192512048
P08,0,0.30199725984085546
P08,0,0.31636659470611705
P08,0,0.24988226920761514
P08,0,0.237666645980658
P08,0,0.2392362750960159
P08,0,0.1758360175279878
P08,0,0.2207301689948569
P08,0,0.27330563806130065
P08,0,0.4508767104574561
P08,0,0.39920596085087146
P08,0,0.24589445251964662
P08,0,0.4680899838186334
P08,0,0.6748458536161699
P08,0,0.5006152440180207
P08,0,0.26702303644368325
P08,0,0.5033434302396623
P08,0,0.3592585781624574
P08,0,0.3391587589591796
P08,0,0.3686058567167537
P08,0,0.21890671366144052
P08,0,0.3196895131349258
P08,0,0.38539416545952504
P08,0,0.5082221123429639
P08,0,0.2507938139639559
P08,0,0.4498304996784645
P08,0,0.4124088606143138
P08,0,0.31140585966746603
P08,0,0.5053527683774978
P08,0,0.32713601712988916
P08,0,0.34494040683426624
P08,0,0.19354256878182613
P08,0,0.21029044544184275
P08,0,0.19992837462312013
P08,0,0.1164329603016849
P08,0,0.4731120022253241
P08,0,0.3247909983095818
P08,0,0.49466519335622383
P08,0,0.35591684109516986
P08,0,0.3094995803575394
P08,0,0.15484614742904698
P08,0,0.2773197085304942
P08,0,0.3320747585370964
P08,0,0.2578097717100287
P08,0,0.42638563143746144
P08,0,0.163930990618585
P08,0,0.2923304455279475
P08,0,0.3520070897367596
P08,0,0.44214869223326864
P08,0,0.2298265049232212
P08,0,0.13714651589565244
P08,0,0.39761978405260684
P08,0,0.4016395191290392
P08,0,0.31228922816640486
P08,0,0.38741743639481074
P08,0,0.37433629707783844
P08,1,0.33157598841927277
P08,1,0.14713235358862672
P08,1,0.4103516139654783
P08,1,0.36886397922875125
P08,1,0.2716321261414511
P08,1,0.21880663171892364
P08,1,0.5497608531752936
P08,1,0.36643576265072825
P08,1,0.38992676076257193
P08,1,0.38881305291884505
P08,1,0.5063706575271893
P08,1,0.3190956719483732
P08,1,0.49811997435597666
P08,1,0.37618047197266197
P08,1,0.6465164876617719
P08,1,0.4502503810064864
P08,1,0.4313948450396244
P08,1,0.2448511189304219
P08,1,0.4144940223119097
P08,1,0.2138577170885482
P08,1,0.18432801913109606
P08,1,0.20344236403757562
P08,1,0.6551951015345475
P08,1,0.36375659499538493
P08,1,0.3400051349866077
P08,1,0.4426804976930918
P08,1,0.470174601859848
P08,1,0.458960078162022
P08,1,0.5214216452766497
P08,1,0.5871026610086627
P08,1,0.5867156688656743
P08,1,0.40552585204492225
P08,1,0.5217261441871894
P08,1,0.24667596458381383
P08,1,0.6762890623552457
P08,1,0.3051704018093509
P08,1,0.302644175470483
P08,1,0.4708404848886366
P08,1,0.3096581697986683
P08,1,0.20924790568333784
P08,1,0.6511806747447798
P08,1,0.4069465760789918
P08,1,0.24513516324509585
P08,1,0.36247744158545914
P08,1,0.13797572522620902
P08,1,0.37963609905108747
P08,1,0.33641537617997197
P08,1,0.7080554472351
P08,1,0.5167597787926205
P08,1,0.2143745182260571
P08,1,0.380597434179298
P08,1,0.4161990087484569
P08,1,0.3894191116297633
P08,1,0.5303633481382316
P08,1,0.3128001866534426
P08,1,0.4316897072021729
P08,1,0.3899710563907143
P08,1,0.28188742254240323
P08,1,0.33126351844943774
P08,1,0.42360068167753206
P08,1,0.384898066135587
P08,1,0.4628491014335278
P08,1,0.5465005652150638
P08,1,0.30896980646421157
P08,1,0.23802964057422538
P08,1,0.36922628069607233
P08,1,0.24869179756786944
P08,1,0.4613794600781021
P08,1,0.46902205033346533
P08,1,0.26542600007027484
P08,1,0.3860583382328716
P08,1,0.4907994118725629
P08,1,0.5322213421488837
P08,1,0.44930053559084815
P08,1,0.4895941882335149
P08,1,0.41390962247269797
P08,1,0.3730382645275989
P08,1,0.5879443587071118
P08,1,0.41352666973069196
P08,1,0.3975959041512376
P08,1,0.3151873170022068
P08,1,0.42955529328682834
P08,1,0.42698029100351076
P08,1,0.35576909608603535
P08,1,0.4898241244351169
P08,1,0.25762572586732024
P08,1,0.40580385054581525
P08,1,0.3218840615893214
P08,1,0.36495591582402864
P08,1,0.6046269243838661
P08,1,0.28595470579558163
P08,1,0.31192912889840513
P08,1,0.20641427739690657
P08,1,0.4046605726381683
P08,1,0.3015379800423278
P08,1,0.646607260113029
P08,1,0.2597523135015814
P08,1,0.6082631829092864
P08,1,0.3397763257874598
P08,1,0.2563417291210747
P08,1,0.4474709300427495
P08,1,0.23477822574875348
P08,1,0.4119397139997895
P08,1,0.5001386517382317
P08,1,0.5714883970430227
P08,1,0.6092860688098966
P08,1,0.3739441730481671
P08,1,0.47280339645629826
P08,1,0.29811026904980126
P08,1,0.35933884294136814
P08,1,0.5511529544943846
P08,1,0.5432304876756531
P08,1,0.2806024062525356
P08,1,0.6017924600265945
P08,1,0.5882036120295351
P08,1,0.20003243686644312
P08,1,0.5643629872752297
P08,1,0.5147227429077693
P08,1,0.3284106624367336
P08,1,0.34278826395132855
P08,1,0.2902106104605363
P08,1,0.4535128248913675
P08,1,0.7097340850964049
P08,1,0.3198034614895933
P08,1,0.45901055426321064
P08,1,0.5361231303479637
P08,1,0.3684804684601536
P08,1,0.5459272391345555
P08,1,0.3848583227353911
P08,1,0.634615810447909
P08,1,0.5666311645152264
P08,1,0.4545964941620123
P08,1,0.3947512659145375
P08,1,0.36680094482039116
P08,1,0.44061228363463417
P08,1,0.35994658795020684
P08,1,0.37012467217255784
P08,1,0.3742394999058296
P08,1,0.45339317688041564
P08,1,0.44276399604154915
P08,1,0.3065792639855839
P08,1,0.2767712378480038
P08,1,0.21670489998840697
P08,1,0.33163509238487804
P08,1,0.583259271704762
P08,1,0.3928778448429234
P08,1,0.300566920080418
P08,1,0.3891979317676752
P08,1,0.46055103832369026
P08,0,0.18805763668335526
P08,0,0.17766655322075955
P08,0,0.2412818186941598
P08,0,0.2898178836783658
P08,0,0.22229690122483284
P08,0,0.25530807851107773
P08,0,0.34343570898395487
P08,0,0.1638910503886551
P08,0,0.27983103723078734
P08,0,0.2429371908542828
P08,0,0.09187341597037768
P08,0,0.44495841578547035
P08,0,0.3478238751363327
P08,0,0.4058142939774159
P08,0,0.3358266462797733
P08,0,0.2750886736488606
P08,0,0.35308947263559876
P08,0,0.23029232464902652
P08,0,0.3633516362305855
P08,0,0.46821725149944704
P08,0,0.17336214328146593
P08,0,0.15435662928971125
P08,0,0.27761828905593466
P08,0,0.3302057052340955
P08,0,0.11989446805121712
P08,0,0.4097449462623067
P08,0,0.4777508832094647
P08,0,0.16148756594323524
P08,0,0.5495433436947372
P08,0,0.36524708640393794
P08,0,0.3854137716752598
P08,0,0.5089939025346504
P08,0,0.3076966940128238
P08,0,0.5442607553212898
P08,0,0.19978479274659355
P08,0,0.3185795706712218
P08,0,0.2502144923965296
P08,0,0.24664860594200763
P08,0,0.2588292798615954
P08,0,0.4360360567862213
P08,0,0.18042794767575207
P08,0,0.3274937131560445
P08,0,0.20122965247217173
P08,0,0.33949154731089404
P08,0,0.3259529057666986
P08,0,0.2537734359673568
P08,0,0.2669749018995622
P08,0,0.18638174922115047
P08,0,0.2329682595579062
P08,0,0.21118557542827213
P08,0,0.3066831028125615
P08,0,0.2818502911537774
P08,0,0.14024764144518542
P08,0,0.16259445453738075
P08,0,0.23621544481884008
P08,0,0.21869805489194702
P08,0,0.29089873141075845
P08,0,0.5115984439391489
P08,0,0.4858037263715087
P08,0,0.2664353953982559
P08,0,0.2909291860720616
P08,0,0.27639015065690103
P08,0,0.281791585189663
P08,0,0.29277445007259173
P08,0,0.2957671371196652
P08,0,0.26702933848181637
P08,0,0.516845641491908
P08,0,0.34077314026132666
P08,0,0.12160421931748651
P08,0,0.14797892733699353
P08,0,0.3587759579896196
P08,0,0.13889513929799757
P08,0,0.43599333005371654
P08,0,0.4477538803166495
P08,0,0.33027433615142937
P08,0,0.2444311065929738
P08,0,0.19816896807694162
P08,0,0.15197350569398183
P08,0,0.21879894372847292
P08,0,0.22621930966374945
P08,0,0.42497633888693753
P08,0,0.15986579074758006
P08,0,0.245613913905345
P08,0,0.15564609077031796
P08,0,0.21717770220442492
P08,0,0.2794892536558311
P08,0,0.3391475637850693
P08,0,0.2500861281640223
P08,0,0.32940731949399943
P08,0,0.28512502368206616
P08,0,0.37615444924086805
P08,0,0.2801488300554832
P08,0,0.2344298897209842
P08,0,0.20325421183998307
P08,0,0.10500995801835354
P08,0,0.21659874558904813
P08,0,0.3695174296987851
P08,0,0.5065437714903347
P08,0,0.2395900495819706
P08,0,0.5538130776449195
P08,0,0.22811086118658555
P08,0,0.2983140456710875
P08,0,0.7018104902431148
P08,0,0.5309917498962381
P08,0,0.3327334946747799
P08,0,0.4086666774050261
P08,0,0.376856317033496
P08,0,0.21368911645302674
P08,0,0.6111661999041516
P08,0,0.23715102692658693
P08,0,0.18461957462494696
P08,0,0.4285142515439546
P08,0,0.6313839051744751
P08,0,0.26249291417051496
P08,0,0.3535400345961246
P08,0,0.642265791631896
P08,0,0.45553489025092214
P08,0,0.3606152673750134
P08,0,0.4644701111362505
P08,0,0.4081025563007502
P08,0,0.2327141613348375
P08,0,0.49382772228436417
P08,0,0.30186219671819575
P08,0,0.20691454008896754
P08,0,0.1927483655384298
P08,0,0.4873408780182243
P08,0,0.18035017874397113
P08,0,0.30808417333704885
P08,0,0.21572310297510425
P08,0,0.32351498820817703
P08,0,0.4701109065279583
P08,0,0.36349274120944625
P08,0,0.1561206491418908
P08,0,0.20778244412991295
P08,0,0.29039759316196734
P08,0,0.2759599586827143
P08,0,0.22606517846902938
P08,0,0.23537739000560767
P08,0,0.3318273012336933
P08,0,0.2932908985623712
P08,0,0.1833645792285074
P08,0,0.2853182019031997
P08,0,0.21111434953825053
P08,0,0.2790699346737667
P08,0,0.6442284562859345
P08,0,0.3409354499479829
P08,0,0.3932141947350121
P08,0,0.35752921624333106
P08,0,0.3889163228804119
P08,1,0.3345158574746182
P08,1,0.633323709614562
P08,1,0.37942560608957115
P08,1,0.47657641642300513
P08,1,0.2367880170028429
P08,1,0.8116965984751126
P08,1,0.7322522756940227
P08,1,0.34113627433028154
P08,1,0.3984326968686787
P08,1,0.440453254990326
P08,1,0.6100845309754243
P08,1,0.49281063202213166
P08,1,0.49553352361984176
P08,1,0.8005470729532209
P08,1,0.5910747766509832
P08,1,0.7120032345354763
P08,1,0.43343791995876557
P08,1,0.33705548343954744
P08,1,0.32339996845941055
P08,1,0.3824941459623951
P08,1,0.5195592909353777
P08,1,0.34434991190410164
P08,1,0.6120595349823306
P08,1,0.3875646956049648
P08,1,0.3913023753667635
P08,1,0.5190115175618146
P08,1,0.5385972219037128
P08,1,0.42610838465187056
P08,1,0.4524209356943785
P08,1,0.567517084124344
P08,1,0.2116404913573813
P08,1,0.7391078459311343
P08,1,0.45069994614322356
P08,1,0.5112173877482632
P08,1,0.4933928005363029
P08,1,0.5895836710609713
P08,1,0.22716850107607717
P08,1,0.49399120833145144
P08,1,0.46458237492432913
P08,1,0.4656966256984422
P08,1,0.4755605179899978
P08,1,0.4156734952114849
P08,1,0.4083121552107027
P08,1,0.7090993163010679
P08,1,0.71452835626151
P08,1,0.46974570295404616
P08,1,0.3383100260196927
P08,1,0.6990507478910686
P08,1,0.24366489487234688
P08,1,0.421384131442682
P08,1,0.5099491243796896
P08,1,0.4304162888395548
P08,1,0.3403812105142843
P08,1,0.46792352794366776
P08,1,0.3168323421065139
P08,1,0.7402861664439078
P08,1,0.6910772916470826
P08,1,0.4861885056246603
P08,1,0.7502361648046459
P08,1,0.7352195869203798
P08,1,0.2734867278781469
P08,1,0.712344605554981
P08,1,0.23211615447704428
P08,1,0.5783590655767704
P08,1,0.4377593034675936
P08,1,0.7093823434360889
P08,1,0.3205675212550084
P08,1,0.30926210715538743
P08,1,0.5726155777718993
P08,1,0.6711280128108899
P08,1,0.5788817279367244
P08,1,0.5730839312499462
P08,1,0.6557561819874266
P08,1,0.4781475485693366
P08,1,0.27509049638330696
P08,1,0.5011211068182069
P08,1,0.3980098366171846
P08,1,0.5273479076253401
P08,1,0.4341446107474179
P08,1,0.8334587100131112
P08,1,0.5536859451700834
P08,1,0.5115117629557193
P08,1,0.5236395476608882
P08,1,0.6127310958488502
P08,1,0.5122730302023918
P08,1,0.32081491301453013
P08,1,0.5459314108243843
P08,1,0.40998075473229045
P08,1,0.6452111461772392
P08,1,0.511737164076531
P08,1,0.7333650895371667
P08,1,0.6400535545779237
P08,1,0.5193535072268827
P08,1,0.7482637367427717
P08,1,0.5105765607087623
P08,1,0.251669380195773
P08,1,0.477041509684509
P08,1,0.5424973097439862
P08,1,0.5376506138993834
P08,1,0.4545846463133727
P08,1,0.40025187262580114
P08,1,0.2564138705816516
P08,1,0.26748435754431166
P08,1,0.23969455726992117
P08,1,0.5294231495324042
P08,1,0.6877306380252028
P08,1,0.558113881136178
P08,1,0.6579926371804075
P08,1,0.5717581774477213
P08,1,0.6133787784260435
P08,1,0.6954465449289826
P08,1,0.77377440896021
P08,1,0.727606738841772
P08,1,0.5423944831786722
P08,1,0.6138691568060726
P08,1,0.8217220507974661
P08,1,0.5411557596562517
P08,1,0.48099125021552036
P08,1,0.5393145125788059
P08,1,0.39935970430662565
P08,1,0.586867916272566
P08,1,0.5134416994083221
P08,1,0.7818098209974385
P08,1,0.5918290468244278
P08,1,0.567566023260672
P08,1,0.5486572374320033
P08,1,0.5362822763834637
P08,1,0.48589221562181795
P08,1,0.7510782302984955
P08,1,0.7006191533076385
P08,1,0.6089050633608966
P08,1,0.48224042870407924
P08,1,0.6569000243366264
P08,1,0.5076508548335862
P08,1,0.7448187989612894
P08,1,0.7045518007246673
P08,1,0.3304766276434359
P08,1,0.7045526757868731
P08,1,0.717734690150579
P08,1,0.517444449346765
P08,1,0.36613950187193817
P08,1,0.21472586977723696
P08,1,0.5040941928055584
P08,1,0.6487770179869043
P08,1,0.7629913501177039
P08,1,0.6275094105498302
P08,1,0.7047019277988367
P08,1,0.3852098528763962
P08,1,0.296766964607153
P09,0,0.774446992194751
P09,0,0.681826917064342
P09,0,0.5333777764535523
P09,0,0.5910481069984749
P09,0,0.7105600900674649
P09,0,0.6695700327840589
P09,0,0.4448017789235894
P09,0,0.6057522632152909
P09,0,0.5373855448377921
P09,0,0.5865465154366143
P09,0,0.7278386551076634
P09,0,0.5282193811566228
P09,0,0.5464807838917051
P09,0,0.5522778722052372
P09,0,0.5923277811929082
P09,0,0.6503160840795426
P09,0,0.5656770489714377
P09,0,0.5791606286883296
P09,0,0.638943687483148
P09,0,0.6983473759637008
P09,0,0.6811569023729507
P09,0,0.5363854667475122
P09,0,0.7132902254220018
P09,0,0.5301275759925898
P09,0,0.5235330688489693
P09,0,0.46027864257142026
P09,0,0.581059917693216
P09,0,0.40438993515626065
P09,0,0.556080733688836
P09,0,0.6398786399556005
P09,0,0.5425005455993638
P09,0,0.45286978932413235
P09,0,0.673130653873432
P09,0,0.547896584820256
P09,0,0.5851496996872252
P09,0,0.6180460677452727
P09,0,0.5877551696327319
P09,0,0.6006047377391284
P09,0,0.5337408763669608
P09,0,0.42922755279170915
P09,0,0.6226882390829364
P09,0,0.6491183921529117
P09,0,0.6618740929080776
P09,0,0.8009791097395536
P09,0,0.5695833049248797
P09,0,0.5109742815933572
P09,0,0.6374230923173647
P09,0,0.532331765631514
P09,0,0.5557888375881403
P09,0,0.9204426374432438
P09,0,0.825063037115174
P09,0,0.5341773658412913
P09,0,0.5176578485954616
P09,0,0.45791852815957007
P09,0,0.6271931570067109
P09,0,0.4411345882234933
P09,0,0.5263004752091295
P09,0,0.6835414804304811
P09,0,0.6126138306979669
P09,0,0.6840146596410038
P09,0,0.5433891840153128
P09,0,0.551444465187032
P09,0,0.649650613425129
P09,0,0.5554921523354964
P09,0,0.5599417630783711
P09,0,0.4693604679130772
P09,0,0.3066645319401021
P09,0,0.4495275231975665
P09,0,0.5217093143210956
P09,0,0.692545345024722
P09,0,0.6030719581338987
P09,0,0.5894925535530326
P09,0,0.5234117516923407
P09,0,0.5529766459764154
P09,0,0.4093513432461723
P09,0,0.6758765368476737
P09,0,0.5774561730386698
P09,0,0.5850907697822878
P09,0,0.6056827568071279
P09,0,0.5880525977853417
P09,0,0.7262875486906831
P09,0,0.5487539407292903
P09,0,0.4595311920804863
P09,0,0.4538915831471356
P09,0,0.5147261858230143
P09,0,0.47784640945771945
P09,0,0.5981780023419175
P09,0,0.5524296955594706
P09,0,0.5439777989913227
P09,0,0.506242703217464
P09,0,0.49603653718707574
P09,0,0.5134663643932256
P09,0,0.582972648782862
P09,0,0.564903152300944
P09,0,0.42596025360420076
P09,0,0.5142248510257452
P09,0,0.47890426736861313
P09,0,0.6695529168161652
P09,0,0.6446338229662426
P09,0,0.5116436069418745
P09,0,0.41516309235592713
P09,0,0.3170295574925948
P09,0,0.4235391526836229
P09,0,0.6582504494825072
P09,0,0.6849078306332739
P09,0,0.5030052631399343
P09,0,0.549673431995881
P09,0,0.42273739148643846
P09,0,0.5381136250034181
P09,0,0.46735093666467314
P09,0,0.48185116148524837
P09,0,0.5292624754117401
P09,0,0.4845274224142783
P09,0,0.5450940364578583
P09,0,0.4669818664557118
P09,0,0.7451259741840077
P09,0,0.7231955250113777
P09,0,0.7576050727794716
P09,0,0.5047612038308372
P09,0,0.6527004739572755
P09,0,0.580122856942669
P09,0,0.5810075658680295
P09,0,0.601438539009819
P09,0,0.651599059019316
P09,0,0.4846258555208379
P09,0,0.445479906532831
P09,0,0.46061600313588047
P09,0,0.6178549856604871
P09,0,0.6006264091225246
P09,0,0.44723181551393365
P09,0,0.3497714995657261
P09,0,0.5093837709940151
P09,0,0.5077679553267124
P09,0,0.6810696427212275
P09,0,0.5671858023097757
P09,0,0.6899486753919722
P09,0,0.5857336537694915
P09,0,0.5518337744780681
P09,0,0.6724832963965176
P09,0,0.5552422098616161
P09,0,0.6141571346372466
P09,0,0.506498966808594
P09,0,0.57671368988769
P09,0,0.47824335129404566
P09,0,0.49876744508315535
P09,0,0.6916145844771333
P09,0,0.5675785194885166
P09,0,0.5873483358601033
P09,0,0.459797651007717
P09,1,0.7644915681255082
P09,1,0.8412619410080304
P09,1,0.8296762085611901
P09,1,0.6774820116324243
P09,1,0.7611498118071383
P09,1,0.776506103565621
P09,1,0.46623351425279747
P09,1,0.7637867465112497
P09,1,0.7991030115708313
P09,1,0.7864145794929502
P09,1,0.7355875080899791
P09,1,0.8153828224642877
P09,1,0.7434262702622833
P09,1,0.8039220833175851
P09,1,0.7827092819866199
P09,1,0.8124800843544165
P09,1,0.7566888509570695
P09,1,0.37952758257705993
P09,1,0.7826955616006372
P09,1,0.8392776785900928
P09,1,0.8645810948207527
P09,1,0.8081471617407986
P09,1,0.8222233700684866
P09,1,0.7986947796909576
P09,1,0.8682100410755401
P09,1,0.4955074011605556
P09,1,0.8648547132426404
P09,1,0.7836059560716074
P09,1,0.7854298649043401
P09,1,0.8270934930950812
P09,1,0.533526335690266
P09,1,0.6432787840286605
P09,1,0.6527410204803393
P09,1,0.7208939445686937
P09,1,0.8241942782022929
P09,1,0.4637476544470704
P09,1,0.797410505335217
P09,1,0.4536706458366974
P09,1,0.5638004889675096
P09,1,0.7937339866898301
P09,1,0.5174242267431896
P09,1,0.8483302738924281
P09,1,0.7055690175549721
P09,1,0.7309498808245694
P09,1,0.8621944878002576
P09,1,0.7995240736020067
P09,1,0.7983275063267913
P09,1,0.7788181602073243
P09,1,0.7406267655923534
P09,1,0.6423172773138842
P09,1,0.806693213158301
P09,1,0.3397694308600458
P09,1,0.8267503953014916
P09,1,0.7598913872796624
P09,1,0.3468858784444367
P09,1,0.8203488949859147
P09,1,0.7036380719682114
P09,1,0.7558596756719497
P09,1,0.7612637655983349
P09,1,0.5933277343204928
P09,1,0.7310829948993834
P09,1,0.7661602575286013
P09,1,0.7967192748356086
P09,1,0.8544487936775225
P09,1,0.8457513452690694
P09,1,0.42658556401944486
P09,1,0.6124431270690068
P09,1,0.8717458836408472
P09,1,0.8443932922205869
P09,1,0.45383608909150686
P09,1,0.8860364184342511
P09,1,0.6111711209467905
P09,1,0.6188353861388635
P09,1,0.8890173534453176
P09,1,0.6351181245958462
P09,1,0.7514377165833526
P09,1,0.8105494037205552
P09,1,0.7432497106958784
P09,1,0.7608346643221607
P09,1,0.5915610244879357
P09,1,0.46901560072216714
P09,1,0.8734392613667482
P09,1,0.3753158187565592
P09,1,0.8728433157995579
P09,1,0.5860567535901864
P09,1,0.8062129191731725
P09,1,0.8257188064294517
P09,1,0.8265425809374813
P09,1,0.7537653745763077
P09,1,0.8145100947643569
P09,1,0.7788557868017437
P09,1,0.7882253258208334
P09,1,0.7788376675923966
P09,1,0.7403558582310797
P09,1,0.7858258053771946
P09,1,0.7654038210152265
P09,1,0.6836724812803895
P09,1,0.8662749811447414
P09,1,0.5576537920491156
P09,1,0.42549506022845784
P09,1,0.39615305565318515
P09,1,0.8082372130056393
P09,1,0.900368633901305
P09,1,0.6889318950742666
P09,1,0.8596083633129856
P09,1,0.697391069234664
P09,1,0.8717899998391713
P09,1,0.5698653382455557
P09,1,0.793959792315414
P09,1,0.8199401661790447
P09,1,0.7126875702044564
P09,1,0.902777339519211
P09,1,0.6910378257223871
P09,1,0.9120152781317994
P09,1,0.7212700359757472
P09,1,0.3615366484695553
P09,1,0.8484276021765653
P09,1,0.7900720613830794
P09,1,0.4814791312963567
P09,1,0.8008962868338723
P09,1,0.44067633720963933
P09,1,0.8187694133252804
P09,1,0.8176675857636757
P09,1,0.48708996234177354
P09,1,0.8431154207195123
P09,1,0.770905139547154
P09,1,0.644715816786773
P09,1,0.7253536806705683
P09,1,0.7729857259685924
P09,1,0.6068789159835506
P09,1,0.6517905714509451
P09,1,0.8521747890787337
P09,1,0.7939293174715248
P09,1,0.7143761756370721
P09,1,0.7970359600710905
P09,1,0.753893656958577
P09,1,0.6663820417439278
P09,1,0.7035721794039135
P09,1,0.6422377918580014
P09,1,0.6033057664371166
P09,1,0.3220461382373563
P09,1,0.7177478625083946
P09,1,0.7434651563930232
P09,1,0.4256717374373831
P09,1,0.6941812239804092
P09,1,0.3290268440524495
P09,1,0.818419676167113
P09,1,0.7346310443728763
P09,1,0.7687976135233516
P09,0,0.5218986591246938
P09,0,0.686925440435859
P09,0,0.5877898761605199
P09,0,0.4758812872876503
P09,0,0.7096010461402962
P09,0,0.45564145153091573
P09,0,0.5095613640203663
P09,0,0.35593137255711876
P09,0,0.4467373007792229
P09,0,0.5351380235423373
P09,0,0.3571596845175246
P09,0,0.26351053817483994
P09,0,0.3923646971956114
P09,0,0.39478017491240414
P09,0,0.47194292311568803
P09,0,0.4876125282909525
P09,0,0.3907334431627284
P09,0,0.4709698822225271
P09,0,0.482627568056967
P09,0,0.33261258163549956
P09,0,0.37670459959449776
P09,0,0.3319189432406845
P09,0,0.3845012458542545
P09,0,0.2919810066240791
P09,0,0.34692709354927936
P09,0,0.3852741842331096
P09,0,0.2801100718441706
P09,0,0.38805433310134113
P09,0,0.34144760251743717
P09,0,0.3414263137948521
P09,0,0.3831055572250846
P09,0,0.2897299821363114
P09,0,0.30547934459708065
P09,0,0.39029221960535443
P09,0,0.34363381297232537
P09,0,0.3833052097528028
P09,0,0.4305283601548459
P09,0,0.4806861814348477
P09,0,0.39730876374113844
P09,0,0.5076404378668532
P09,0,0.34977791244198697
P09,0,0.41739764091891135
P09,0,0.24462623810793407
P09,0,0.27827555816878385
P09,0,0.4094010558945716
P09,0,0.3588549167863949
P09,0,0.27246768941288285
P09,0,0.37072837108676215
P09,0,0.5220297506355809
P09,0,0.3821674481028405
P09,0,0.4346829010500631
P09,0,0.42468168068310597
P09,0,0.34067113201177074
P09,0,0.2972333565804635
P09,0,0.4483242756288978
P09,0,0.6324884380208434
P09,0,0.42832829359219904
P09,0,0.3542398335564933
P09,0,0.31870461972354036
P09,0,0.2909299989625797
P09,0,0.33972003872782003
P09,0,0.30534335176053534
P09,0,0.27578806974386216
P09,0,0.35110222132847696
P09,0,0.46808322195147883
P09,0,0.30648363033095183
P09,0,0.40923725068575073
P09,0,0.37690571675059487
P09,0,0.7459532661847936
P09,0,0.43271924092763914
P09,0,0.5334062369484375
P09,0,0.5160715609561021
P09,0,0.2884832365179806
P09,0,0.3578551102182376
P09,0,0.6277551492083222
P09,0,0.2877180681576581
P09,0,0.21965863870606664
P09,0,0.384053447655699
P09,0,0.38499216758960936
P09,0,0.28860607515032477
P09,0,0.32923930320242334
P09,0,0.29784853442107573
P09,0,0.28474751732008347
P09,0,0.5173683273807577
P09,0,0.478596932094469
P09,0,0.32141735461386467
P09,0,0.260081215049908
P09,0,0.4762179980482485
P09,0,0.3074795867949327
P09,0,0.4173966808087466
P09,0,0.18272176440616894
P09,0,0.3903877680459508
P09,0,0.37443925260008
P09,0,0.3736164221006583
P09,0,0.23367957716951868
P09,0,0.3208800673797525
P09,0,0.35212309598724345
P09,0,0.3785550617116381
P09,0,0.7630894808456404
P09,0,0.49791050272606546
P09,0,0.4410987868560753
P09,0,0.3650493314174028
P09,0,0.27840356982107933
P09,0,0.32184845763636644
P09,0,0.3630651451694186
P09,0,0.2932508350287558
P09,0,0.31082688479242143
P09,0,0.31850817886044697
P09,0,0.32141012996735235
P09,0,0.33967252169749307
P09,0,0.31717991477944696
P09,0,0.2842892728625903
P09,0,0.3280961895263652
P09,0,0.5560558784352871
P09,0,0.3114409159353555
P09,0,0.3996318984652429
P09,0,0.6219429946936483
P09,0,0.6087281574426996
P09,0,0.3725400629482277
P09,0,0.4056732315531161
P09,0,0.27053499914997314
P09,0,0.3818786217802583
P09,0,0.2757318961593161
P09,0,0.27056684351771887
P09,0,0.4613793643137298
P09,0,0.2755067464118395
P09,0,0.2504661096163172
P09,0,0.39451072474609816
P09,0,0.23819438892150915
P09,0,0.3049432550985394
P09,0,0.3659888931182257
P09,0,0.20958699320143045
P09,0,0.39838660936787096
P09,0,0.2228364208322862
P09,0,0.44891305593986186
P09,0,0.2700149327560709
P09,0,0.33866404693070046
P09,0,0.34222018562711193
P09,0,0.30655803640886947
P09,0,0.3273617449027136
P09,0,0.3520688673232608
P09,0,0.3233749338537297
P09,0,0.42585142263440756
P09,0,0.28272560098224436
P09,0,0.23193955470180055
P09,0,0.31477041986044746
P09,0,0.2416679489703448
P09,0,0.24718512329017114
P09,0,0.28691739522224147
P09,1,0.6520358190482912
P09,1,0.6992334232554823
P09,1,0.5907553632190367
P09,1,0.7426738457441004
P09,1,0.6895598219152884
P09,1,0.7705742588071677
P09,1,0.680679326609726
P09,1,0.5731769222508799
P09,1,0.5229527753339176
P09,1,0.48906525645935306
P09,1,0.5968672081825972
P09,1,0.5385688124366433
P09,1,0.5806132139540257
P09,1,0.4521754535587335
P09,1,0.5747777776968223
P09,1,0.7548692208534501
P09,1,0.7015248728413797
P09,1,0.6849252359346087
P09,1,0.7252747251086298
P09,1,0.6800913178121224
P09,1,0.656410860900685
P09,1,0.46832063120767087
P09,1,0.47986624995445265
P09,1,0.7046336363298984
P09,1,0.7892853186292224
P09,1,0.6744640872284078
P09,1,0.7387870262187827
P09,1,0.5697314027957889
P09,1,0.680095381643313
P09,1,0.6998420622160058
P09,1,0.5647721015683906
P09,1,0.7125905738022691
P09,1,0.679755868938985
P09,1,0.43237415092920434
P09,1,0.4788558821437222
P09,1,0.5095374089005972
P09,1,0.6618807672573417
P09,1,0.7239927125065773
P09,1,0.6368996420034929
P09,1,0.6467658659840586
P09,1,0.7286583774276696
P09,1,0.5559780977935207
P09,1,0.5398204986009086
P09,1,0.712112086983014
P09,1,0.3772073357817644
P09,1,0.5315114204769841
P09,1,0.7144031376477616
P09,1,0.6775661736926348
P09,1,0.5879959929396434
P09,1,0.42813798514239493
P09,1,0.6597942594557518
P09,1,0.7315760101028177
P09,1,0.6529049327237114
P09,1,0.5042752373858456
P09,1,0.6074986230593702
P09,1,0.675038095383222
P09,1,0.5006216034250216
P09,1,0.5123467555413221
P09,1,0.7189053480995776
P09,1,0.7569535603744573
P09,1,0.601727240494024
P09,1,0.6492141046915978
P09,1,0.5477566204325118
P09,1,0.6360457324235143
P09,1,0.6706723236752109
P09,1,0.6696430288541855
P09,1,0.7233101131579092
P09,1,0.6755512167928847
P09,1,0.5980392959610255
P09,1,0.5704579148447678
P09,1,0.5669777487217487
P09,1,0.67536824167256
P09,1,0.5566914154605099
P09,1,0.6722792790431437
P09,1,0.7000965173753292
P09,1,0.7159690906008794
P09,1,0.7542308016911612
P09,1,0.7207392037766011
P09,1,0.6192255332121266
P09,1,0.6677704662049343
P09,1,0.6889881213801382
P09,1,0.7122791697114441
P09,1,0.6619901999287114
P09,1,0.7995795287461982
P09,1,0.7150678351614786
P09,1,0.5808742949287093
P09,1,0.5924067300028718
P09,1,0.4132961572612397
P09,1,0.7479104077359898
P09,1,0.6908291664207694
P09,1,0.47397846215202566
P09,1,0.6141332592280149
P09,1,0.5875587483962694
P09,1,0.8054426288816371
P09,1,0.5472432442974516
P09,1,0.460699009362246
P09,1,0.8018956409192204
P09,1,0.68781317838804
P09,1,0.4372515439135138
P09,1,0.5569398223946918
P09,1,0.7410392061966945
P09,1,0.7905119730988025
P09,1,0.7530633461575267
P09,1,0.6632580616790799
P09,1,0.7084373882749155
P09,1,0.6298757420163333
P09,1,0.7159737212898379
P09,1,0.6859213262839177
P09,1,0.7279254448150208
P09,1,0.6650981220891417
P09,1,0.7720176701977866
P09,1,0.568466295724131
P09,1,0.7304844125117985
P09,1,0.5464373553487636
P09,1,0.7445520503754246
P09,1,0.7957949005402045
P09,1,0.7076640822674537
P09,1,0.758532899396329
P09,1,0.4642762485589372
P09,1,0.6966696469054628
P09,1,0.764574893350517
P09,1,0.6030151577915962
P09,1,0.525509049213226
P09,1,0.6495312620384188
P09,1,0.7573689842627221
P09,1,0.5189904655465918
P09,1,0.7637130140345417
P09,1,0.6705752236787493
P09,1,0.629159051042873
P09,1,0.671841473106121
P09,1,0.46508871394292217
P09,1,0.7154289575599138
P09,1,0.7021290826588445
P09,1,0.7851544033634319
P09,1,0.6811037815270304
P09,1,0.7266629413246898
P09,1,0.575941276429939
P09,1,0.7042473886829423
P09,1,0.6763942406039715
P09,1,0.49346487487836177
P09,1,0.6318103945387479
P09,1,0.6350283647276431
P09,1,0.8146007881983023
P09,1,0.7117595386771076
P09,1,0.6403694849482174
P09,1,0.552204990851965
P09,1,0.7275967755799234
P09,1,0.7029555278768785
P09,1,0.6892090965373526
P10,0,0.3628764669862926
P10,0,0.30264520623801183
P10,0,0.49100101867838275
P10,0,0.34089311695431623
P10,0,0.1921313823411867
P10,0,0.2885676856857191
P10,0,0.42568296733370276
P10,0,0.36265270485809686
P10,0,0.27164774625538934
P10,0,0.3273344421109491
P10,0,0.26234070037769003
P10,0,0.404483172731474
P10,0,0.22245078463894616
P10,0,0.2839130478887799
P10,0,0.15403791489127938
P10,0,0.20050549661026407
P10,0,0.27221555696737104
P10,0,0.214543920998881
P10,0,0.2755776507133653
P10,0,0.2633033812161425
P10,0,0.2599780689904791
P10,0,0.22636302975834685
P10,0,0.17199655677520936
P10,0,0.2602868364212756
P10,0,0.42256826392862457
P10,0,0.20838985831348114
P10,0,0.4246685305831905
P10,0,0.18940592689103644
P10,0,0.25873822130081203
P10,0,0.2664976647447093
P10,0,0.2357305394406242
P10,0,0.27461420794682373
P10,0,0.21099692242340876
P10,0,0.36011103134520944
P10,0,0.20870579178572746
P10,0,0.20418322870230632
P10,0,0.12795937899173715
P10,0,0.17238186886872592
P10,0,0.24508372502298248
P10,0,0.1729078484993012
P10,0,0.31943144705704446
P10,0,0.26215900084421945
P10,0,0.2041089961965885
P10,0,0.13636145812874934
P10,0,0.2591822198864511
P10,0,0.19442487862690308
P10,0,0.25694736365983
P10,0,0.12141097679070686
P10,0,0.2199903670191139
P10,0,0.14174886986075919
P10,0,0.165740290128309
P10,0,0.3094268439138631
P10,0,0.2521213749917768
P10,0,0.10939713927163625
P10,0,0.14243781912893036
P10,0,0.27636905014143764
P10,0,0.11725625280427844
P10,0,0.19671125001738127
P10,0,0.1867030499219978
P10,0,0.2254922343536567
P10,0,0.3469828998699361
P10,0,0.3624168973489838
P10,0,0.19425935680098297
P10,0,0.3008833930943404
P10,0,0.29899967205191524
P10,0,0.1344859586512163
P10,0,0.25347778943843874
P10,0,0.4630388203703517
P10,0,0.3021121178480626
P10,0,0.3179831885084319
P10,0,0.24260367648418385
P10,0,0.20408627689349054
P10,0,0.360558500036285
P10,0,0.17156322941820526
P10,0,0.27933506701071026
P10,0,0.2758659666753214
P10,0,0.15147854908978917
P10,0,0.2630274126400133
P10,0,0.1935845489405995
P10,0,0.18675123217659748
P10,0,0.2737507592720063
P10,0,0.2209378443749098
P10,0,0.1693427334961982
P10,0,0.20671529373760897
P10,0,0.2146833523570786
P10,0,0.23424470596588215
P10,0,0.24048427676248793
P10,0,0.24061342197735394
P10,0,0.2477224013967994
P10,0,0.18379879995018505
P10,0,0.23451243736792796
P10,0,0.17904724293839178
P10,0,0.24728183873219609
P10,0,0.20762703292775345
P10,0,0.25211269180818646
P10,0,0.2621895601190183
P10,0,0.23213914172739591
P10,0,0.4719405099175147
P10,0,0.1901689997743272
P10,0,0.1771606120348596
P10,0,0.15829367118121038
P10,0,0.2569301219824942
P10,0,0.2861158042210332
P10,0,0.13992124227774688
P10,0,0.20941131618348033
P10,0,0.19333975073777904
P10,0,0.13957990409865584
P10,0,0.11916251252106211
P10,0,0.23856830975030965
P10,0,0.2145407575805029
P10,0,0.19900353286362035
P10,0,0.2576037598360815
P10,0,0.16959998244322408
P10,0,0.21105824926029818
P10,0,0.323004425636289
P10,0,0.1655713495085258
P10,0,0.3670770218210694
P10,0,0.37365587927309285
P10,0,0.20032696495199917
P10,0,0.16899953617683097
P10,0,0.23590044382635628
P10,0,0.24976065353326296
P10,0,0.1247824906600871
P10,0,0.3049460377756283
P10,0,0.17093896064233613
P10,0,0.22668061660676533
P10,0,0.21525117457464665
P10,0,0.23071242807422307
P10,0,0.1823789841514018
P10,0,0.2171271167978878
P10,0,0.21572294787940213
P10,0,0.11632450267652272
P10,0,0.2509802154208148
P10,0,0.12115982004826097
P10,0,0.2710578089231636
P10,0,0.14102160783383474
P10,0,0.3831706442762094
P10,0,0.2645002932539861
P10,0,0.34528311772150383
P10,0,0.14076855353637446
P10,0,0.30711702608330255
P10,0,0.17829594184390807
P10,0,0.26054606054795715
P10,0,0.15979341540791067
P10,0,0.20860987385606505
P10,0,0.2597114532547946
P10,0,0.2265351839326842
P10,0,0.29320353022110385
P10,0,0.18554224313996467
P10,1,0.4532543227172269
P10,1,0.6274693179508298
P10,1,0.3094561112184008
P10,1,0.3446431635223269
P10,1,0.5262168125112743
P10,1,0.2930711989107333
P10,1,0.24510920111314954
P10,1,0.4844252839841315
P10,1,0.5200143323316359
P10,1,0.32018723560463636
P10,1,0.2703956980672804
P10,1,0.3986447223911758
P10,1,0.5316229700490149
P10,1,0.7507582390757471
P10,1,0.5118318708859203
P10,1,0.35949645736626423
P10,1,0.5381836222487686
P10,1,0.4589571562947964
P10,1,0.28754444914608673
P10,1,0.4824167084696291
P10,1,0.31352778991237157
P10,1,0.5676742564428964
P10,1,0.5469003044812244
P10,1,0.32352411914343526
P10,1,0.5064912944148467
P10,1,0.21658221014844092
P10,1,0.2990627451866997
P10,1,0.32053000850583396
P10,1,0.2039184173391021
P10,1,0.5474322240563536
P10,1,0.6070695759714758
P10,1,0.6401727219976925
P10,1,0.3773964851840563
P10,1,0.6395803201176331
P10,1,0.6118280215149103
P10,1,0.4917519288223611
P10,1,0.3728671459946292
P10,1,0.54283205066136
P10,1,0.5884461866807293
P10,1,0.4988679842183222
P10,1,0.616970692467412
P10,1,0.3460009200482755
P10,1,0.257767730871521
P10,1,0.22456521560371503
P10,1,0.5415553693208958
P10,1,0.3634493576605883
P10,1,0.3212996989416779
P10,1,0.33300317622697284
P10,1,0.2100305362012329
P10,1,0.4405822556282414
P10,1,0.4161916781538046
P10,1,0.40194473331413566
P10,1,0.5846908104048031
P10,1,0.39938552823394396
P10,1,0.2836660668557702
P10,1,0.5164240293130837
P10,1,0.3857067588879682
P10,1,0.2891395775323205
P10,1,0.498719395549477
P10,1,0.4122986758364259
P10,1,0.39217623442762267
P10,1,0.5958360531653948
P10,1,0.3495869705620814
P10,1,0.3743339320200951
P10,1,0.38426888148103405
P10,1,0.378108642496187
P10,1,0.45876248757281707
P10,1,0.6304872589467401
P10,1,0.5736161843792752
P10,1,0.4342651849282369
P10,1,0.36056626227723254
P10,1,0.47697818097463257
P10,1,0.5061649032995416
P10,1,0.4865089800086314
P10,1,0.445196083177837
P10,1,0.3718405485318576
P10,1,0.3741769583828475
P10,1,0.3091152308657039
P10,1,0.4113855712077592
P10,1,0.4043616031125939
P10,1,0.5090185085197543
P10,1,0.53759573918115
P10,1,0.5542140439107364
P10,1,0.6354796396250291
P10,1,0.5954620428269886
P10,1,0.5314511569426943
P10,1,0.37824004149726154
P10,1,0.4100601665907771
P10,1,0.481433136950392
P10,1,0.4985164181738779
P10,1,0.5643005634411413
P10,1,0.4149044354793432
P10,1,0.38672865244532706
P10,1,0.3428093662489444
P10,1,0.428773742412497
P10,1,0.6670144023066179
P10,1,0.37909677296333755
P10,1,0.45404236554115746
P10,1,0.4928613533532972
P10,1,0.4257128381843941
P10,1,0.309441504418754
P10,1,0.36532577727565213
P10,1,0.39426087490390627
P10,1,0.3034149065930116
P10,1,0.44312409323342256
P10,1,0.3742629309561683
P10,1,0.5183778899371739
P10,1,0.3927004827340336
P10,1,0.24559367585826122
P10,1,0.37629468735132243
P10,1,0.38992645023312966
P10,1,0.3460382877427342
P10,1,0.3473683423403157
P10,1,0.6054078566625181
P10,1,0.4050486408279275
P10,1,0.360578247890792
P10,1,0.32445272856594476
P10,1,0.40437999059394675
P10,1,0.2962345284453743
P10,1,0.34749853673671266
P10,1,0.281057869365214
P10,1,0.3734005704299386
P10,1,0.4399926054452177
P10,1,0.4474874424893552
P10,1,0.39844240243298695
P10,1,0.39041812534717374
P10,1,0.3957480075693883
P10,1,0.31653134399395355
P10,1,0.5438391994918693
P10,1,0.33965759890573494
P10,1,0.26128402225818975
P10,1,0.6965833803380583
P10,1,0.3601167080957907
P10,1,0.5051854917227008
P10,1,0.38017372383348713
P10,1,0.4094996919022677
P10,1,0.4353048706530353
P10,1,0.38135901263880323
P10,1,0.3958180532196852
P10,1,0.3614418497949484
P10,1,0.23369590160254416
P10,1,0.301627099127878
P10,1,0.29121642340619946
P10,1,0.43075890376814524
P10,1,0.3939440454233594
P10,1,0.6705324889364143
P10,1,0.3127898731177102
P10,1,0.4807386602430598
P10,1,0.3150157567122244
P10,0,0.7391601396669598
P10,0,0.39983650868296183
P10,0,0.859751303413318
P10,0,0.577923812810503
P10,0,0.661492656025637
P10,0,0.5148931959413996
P10,0,0.3198644425438011
P10,0,0.5826962688668943
P10,0,0.3542297095267385
P10,0,0.35639020134794885
P10,0,0.5995124143278431
P10,0,0.22715112129057374
P10,0,0.243137658019766
P10,0,0.2760867597205396
P10,0,0.3862012672714492
P10,0,0.6386963472108949
P10,0,0.5123278156975406
P10,0,0.2972807302055462
P10,0,0.6559001609038796
P10,0,0.2569599566941443
P10,0,0.37990833629511966
P10,0,0.3311118967738142
P10,0,0.3387264260278537
P10,0,0.2888343368651973
P10,0,0.2758632017675052
P10,0,0.4096173779045623
P10,0,0.3856219452661512
P10,0,0.2796702753146672
P10,0,0.6599720810872527
P10,0,0.3465080795229752
P10,0,0.46781450268112673
P10,0,0.3373310153707933
P10,0,0.3265837385808118
P10,0,0.1856346717873889
P10,0,0.2506579047324353
P10,0,0.39893202326961286
P10,0,0.25549828377146694
P10,0,0.5735891624982524
P10,0,0.3337972729179319
P10,0,0.4529488660677571
P10,0,0.5524890187478557
P10,0,0.21729452051771433
P10,0,0.1738099589308168
P10,0,0.4027503033006606
P10,0,0.4718951779693623
P10,0,0.6123005081171308
P10,0,0.46271182090037133
P10,0,0.633875804152299
P10,0,0.27532806972713264
P10,0,0.29267751085138294
P10,0,0.4530703345789995
P10,0,0.23524805793751
P10,0,0.2816101283595324
P10,0,0.5438999218332407
P10,0,0.5607356392690762
P10,0,0.4829122746096126
P10,0,0.4462586192182469
P10,0,0.5316202489838212
P10,0,0.1683114524841683
P10,0,0.3970117484658873
P10,0,0.20306631568736083
P10,0,0.18719761314789585
P10,0,0.32020320679057707
P10,0,0.249376071978987
P10,0,0.11771760565801327
P10,0,0.42728505274726347
P10,0,0.2985494492061408
P10,0,0.18871763334071054
P10,0,0.25038463075614337
P10,0,0.36785200019332515
P10,0,0.568027896252953
P10,0,0.33982825226392016
P10,0,0.49453969857441105
P10,0,0.20388415328821455
P10,0,0.3290466491791563
P10,0,0.15729970958187017
P10,0,0.38482175599041946
P10,0,0.328504567620476
P10,0,0.1724932148794587
P10,0,0.293262899818947
P10,0,0.5739994623881515
P10,0,0.3132262121313966
P10,0,0.16164134358206728
P10,0,0.30849807890534864
P10,0,0.5936863229496664
P10,0,0.33234889428765396
P10,0,0.24040788224055293
P10,0,0.3342983241684191
P10,0,0.43918305139765046
P10,0,0.4330715452223056
P10,0,0.5164793527231464
P10,0,0.2689281981588941
P10,0,0.30804122773157117
P10,0,0.47742261286504356
P10,0,0.285003140755273
P10,0,0.21783230617676005
P10,0,0.3145594043716969
P10,0,0.17367918594938198
P10,0,0.14528807607240463
P10,0,0.2009669432551371
P10,0,0.39120618547113023
P10,0,0.343437019855705
P10,0,0.2552927975631681
P10,0,0.22291306779636166
P10,0,0.38079078885671075
P10,0,0.23181112606342316
P10,0,0.5225235862730135
P10,0,0.33652523469962936
P10,0,0.28134842414598127
P10,0,0.4803023036573947
P10,0,0.3488424554838706
P10,0,0.3437406938107761
P10,0,0.3326915974851718
P10,0,0.20544239796415836
P10,0,0.11920839141714296
P10,0,0.21753836448562183
P10,0,0.2819668250761673
P10,0,0.4467183202396911
P10,0,0.45118294328717334
P10,0,0.3476453087751447
P10,0,0.35417778271166017
P10,0,0.1368858065123574
P10,0,0.19163098064518383
P10,0,0.482715006810008
P10,0,0.49442286663296414
P10,0,0.28845202281446747
P10,0,0.327092886820333
P10,0,0.4197880436910931
P10,0,0.4136515779849612
P10,0,0.19545468888132286
P10,0,0.426386225071866
P10,0,0.21108885634755173
P10,0,0.2334433961338119
P10,0,0.24849685532064664
P10,0,0.24671381442159004
P10,0,0.12749629806851198
P10,0,0.39863557008174944
P10,0,0.17348748229577074
P10,0,0.19247536292804981
P10,0,0.16137046223904328
P10,0,0.52716620607504
P10,0,0.43770167301080487
P10,0,0.271162391843658
P10,0,0.09794233279481986
P10,0,0.37623673250084455
P10,0,0.21187976748462434
P10,0,0.447823836332147
P10,0,0.45356267997787636
P10,0,0.3800705575179989
P10,1,0.8492936530895153
P10,1,0.8652332759788185
P10,1,0.7673571745973898
P10,1,0.3949928580647099
P10,1,0.49611669103478145
P10,1,0.8876210112089444
P10,1,0.7236460740197159
P10,1,0.6523374030061232
P10,1,0.5693648274914168
P10,1,0.8896401658650263
P10,1,0.591928425991802
P10,1,0.7720072193598537
P10,1,0.600206679713139
P10,1,0.6312732657440678
P10,1,0.7971064161380798
P10,1,0.750712050336754
P10,1,0.7132700168044908
P10,1,0.7153498372806416
P10,1,0.811283235279106
P10,1,0.713675114040817
P10,1,0.7699781021014158
P10,1,0.7232668501462454
P10,1,0.6353395897027366
P10,1,0.787867512219771
P10,1,0.7234843033757701
P10,1,0.5115731163495891
P10,1,0.731254931110378
P10,1,0.7660025162142388
P10,1,0.8453443826803352
P10,1,0.7327503512417293
P10,1,0.30875533473444383
P10,1,0.8751567569614715
P10,1,0.8121472111252157
P10,1,0.4365141274123574
P10,1,0.573861698323451
P10,1,0.8645565507010782
P10,1,0.7984988490823672
P10,1,0.7296408538371325
P10,1,0.6906751230018064
P10,1,0.5513581943962433
P10,1,0.6833793326689773
P10,1,0.7774492955186889
P10,1,0.7700243745594887
P10,1,0.7316687924198165
P10,1,0.3131059073299557
P10,1,0.7215377599633831
P10,1,0.7594962975570918
P10,1,0.710268317307067
P10,1,0.6228282066817713
P10,1,0.5819501010740902
P10,1,0.7398294589897801
P10,1,0.8155100232098421
P10,1,0.6449305524231631
P10,1,0.6395609409023111
P10,1,0.6297021648926538
P10,1,0.7888212888788464
P10,1,0.39235994328808443
P10,1,0.4245918418683252
P10,1,0.645974333477835
P10,1,0.3428113255246418
P10,1,0.5409442282117958
P10,1,0.4650012645952262
P10,1,0.7380801176401518
P10,1,0.6270217647813199
P10,1,0.19242963413362085
P10,1,0.5288796541975028
P10,1,0.6202584128328157
P10,1,0.6674626427957472
P10,1,0.5695427413364855
P10,1,0.6449973238931639
P10,1,0.6967799972344195
P10,1,0.729444490112785
P10,1,0.30389376315612976
P10,1,0.509540117111346
P10,1,0.7024444343963536
P10,1,0.623352198812832
P10,1,0.6957944805797776
P10,1,0.8018472797404328
P10,1,0.42934615410835303
P10,1,0.569658777658352
P10,1,0.6881808051744606
P10,1,0.6958269268550553
P10,1,0.5000322844372763
P10,1,0.4893502298632556
P10,1,0.26974016938989004
P10,1,0.5128614566096817
P10,1,0.5975485822300052
P10,1,0.615011461311455
P10,1,0.5253381134233642
P10,1,0.44447474868477754
P10,1,0.7204094556848413
P10,1,0.5908096443011389
P10,1,0.4276213326839817
P10,1,0.4922968661938126
P10,1,0.34474790382391335
P10,1,0.5023827096108958
P10,1,0.6460970036861146
P10,1,0.49069813114839195
P10,1,0.6485852793850725
P10,1,0.22478041360219989
P10,1,0.6483010071420429
P10,1,0.6654500749116226
P10,1,0.7512124938269619
P10,1,0.7009374078469051
P10,1,0.7865411342750189
P10,1,0.6761518558003292
P10,1,0.7073652196691411
P10,1,0.7914305954513777
P10,1,0.5609650788644935
P10,1,0.4845032528109147
P10,1,0.4324067059142482
P10,1,0.3586017797817637
P10,1,0.7627591516950241
P10,1,0.5077779627328814
P10,1,0.7678631486463271
P10,1,0.7685853254363296
P10,1,0.3878916450859294
P10,1,0.5724641559034428
P10,1,0.6024941644800889
P10,1,0.6700556596686174
P10,1,0.3263758123029678
P10,1,0.6968900948788682
P10,1,0.586691814412461
P10,1,0.5485466238341187
P10,1,0.37899024978257584
P10,1,0.5404934720966255
P10,1,0.6872014542610446
P10,1,0.7182752295216042
P10,1,0.4923060192511133
P10,1,0.3663763909492906
P10,1,0.6253367636570472
P10,1,0.3020119205159468
P10,1,0.7522555917198763
P10,1,0.8155359194251857
P10,1,0.3937795151395953
P10,1,0.6376882699079737
P10,1,0.7319093581468944
P10,1,0.32206810799613783
P10,1,0.3019942084633394
P10,1,0.6177605737573423
P10,1,0.5783538347007088
P10,1,0.6841242149218127
P10,1,0.7528137252086983
P10,1,0.7219451390998929
P10,1,0.35787392376371935
P10,1,0.24136101635241808
P10,1,0.5868225956730979
P10,1,0.5231876843856957
P10,1,0.6453424821175622
P11,0,0.3741796232066655
P11,0,0.2210493510815014
P11,0,0.43946847477410966
P11,0,0.3359866644469783
P11,0,0.24581979131752443
P11,0,0.42481233542489105
P11,0,0.2951337673224539
P11,0,0.32414755393885786
P11,0,0.301151498328551
P11,0,0.2157545099765416
P11,0,0.1341919100003193
P11,0,0.22938482225954565
P11,0,0.14939405823215354
P11,0,0.3599170357997425
P11,0,0.3057640088636228
P11,0,0.30956170425831836
P11,0,0.3622097843113713
P11,0,0.19917745278803442
P11,0,0.3035124546740301
P11,0,0.21153541232081421
P11,0,0.20181649895200895
P11,0,0.2016622646569888
P11,0,0.355200902031962
P11,0,0.1676046184642649
P11,0,0.05058946161601398
P11,0,0.2628346502153673
P11,0,0.2532018506758827
P11,0,0.16134585052053774
P11,0,0.4637153124519015
P11,0,0.23063423400801586
P11,0,0.21502269910410438
P11,0,0.3741303343270266
P11,0,0.26310652254755384
P11,0,0.2523944369723442
P11,0,0.3223846417754788
P11,0,0.29501381549956873
P11,0,0.17095466588349195
P11,0,0.14046007833324103
P11,0,0.16713008535147741
P11,0,0.20732869068010681
P11,0,0.2608979627535395
P11,0,0.15654032745529847
P11,0,0.24457561478561052
P11,0,0.2925320229054152
P11,0,0.2969899678215779
P11,0,0.18431943884622318
P11,0,0.2342935323549248
P11,0,0.15580201019129608
P11,0,0.17281342304471323
P11,0,0.23263365328691682
P11,0,0.3354924181549874
P11,0,0.21048947147139588
P11,0,0.24660073430951787
P11,0,0.2755565343398028
P11,0,0.2972236843701021
P11,0,0.21351142507222012
P11,0,0.22503595317976224
P11,0,0.21226919880427222
P11,0,0.43905178860428207
P11,0,0.17694695886369005
P11,0,0.20653749984383238
P11,0,0.24200740018644518
P11,0,0.1460921220013487
P11,0,0.18143989002121205
P11,0,0.3602916064385696
P11,0,0.15612022530312014
P11,0,0.1858425353816994
P11,0,0.18132427224748263
P11,0,0.13854044043825142
P11,0,0.12677988292714318
P11,0,0.16452116700609323
P11,0,0.3579265194926667
P11,0,0.1318713333376435
P11,0,0.21607220540571104
P11,0,0.23164696086939215
P11,0,0.2856984132003975
P11,0,0.3115094798482348
P11,0,0.1830048435289914
P11,0,0.22415437368991015
P11,0,0.27366292126673675
P11,0,0.14320619064545925
P11,0,0.19405874827850342
P11,0,0.13779845613879102
P11,0,0.21032170253230414
P11,0,0.2983563783173664
P11,0,0.12191960412289905
P11,0,0.0844176776842813
P11,0,0.1264163689731767
P11,0,0.15143581232060893
P11,0,0.12067683359034695
P11,0,0.12221667982960613
P11,0,0.14923488617718333
P11,0,0.18778614155639567
P11,0,0.1421068503505174
P11,0,0.1559856996186605
P11,0,0.19744963053612
P11,0,0.2214855637593288
P11,0,0.1345676946927809
P11,0,0.13119753111857838
P11,0,0.13912114787711702
P11,0,0.2110259348795545
P11,0,0.2226761228803894
P11,0,0.11983647860290288
P11,0,0.18728454663967836
P11,0,0.12476437770759526
P11,0,0.10549916101481102
P11,0,0.24681802001714565
P11,0,0.17928329211429803
P11,0,0.3788340821011992
P11,0,0.22398315128364168
P11,0,0.18881380396888453
P11,0,0.2335681019237065
P11,0,0.18376584296480847
P11,0,0.23309988012334454
P11,0,0.15658373722354207
P11,0,0.17445881628270424
P11,0,0.14951667216023462
P11,0,0.09380984275169009
P11,0,0.08311608971871019
P11,0,0.10272962919239238
P11,0,0.1233828136995095
P11,0,0.06321640107212688
P11,0,0.08701903735005992
P11,0,0.11414471063205872
P11,0,0.12157072122870462
P11,0,0.11078361179725033
P11,0,0.2721988162913921
P11,0,0.12248311790716494
P11,0,0.19430505782211357
P11,0,0.13197825557050985
P11,0,0.2146813378464553
P11,0,0.21859179977333654
P11,0,0.14240418029751067
P11,0,0.08567592238026807
P11,0,0.14883802551304
P11,0,0.13435665556661602
P11,0,0.1611495275344715
P11,0,0.0857824829595096
P11,0,0.0950938122792026
P11,0,0.13460022400117294
P11,0,0.11238263287155226
P11,0,0.2251192194491903
P11,0,0.13893574856871688
P11,0,0.1008263804087149
P11,0,0.11695784102379594
P11,0,0.22897309838306573
P11,0,0.24592481946850656
P11,0,0.25660305954862866
P11,0,0.17173415089465394
P11,1,0.5390167136917324
P11,1,0.27497901602364105
P11,1,0.17012884675161108
P11,1,0.4952103273044514
P11,1,0.4787041464918201
P11,1,0.2794267233654806
P11,1,0.6039134118833629
P11,1,0.4629610167615527
P11,1,0.272561111429286
P11,1,0.47153801772077386
P11,1,0.43613912549501954
P11,1,0.40283553284990187
P11,1,0.5430599127450757
P11,1,0.46793169609981317
P11,1,0.25832269754024745
P11,1,0.5338995683226706
P11,1,0.4003733928780543
P11,1,0.24864976614818746
P11,1,0.45432360634825575
P11,1,0.3404956776149264
P11,1,0.43568726434012645
P11,1,0.7123924132339436
P11,1,0.307310556588764
P11,1,0.4236812422994273
P11,1,0.3864431312570389
P11,1,0.4865705668370106
P11,1,0.24049618618642413
P11,1,0.538636884719759
P11,1,0.5033516532692034
P11,1,0.32684954084869955
P11,1,0.2548532325638569
P11,1,0.2208192179908431
P11,1,0.24917614071505392
P11,1,0.4527380900115313
P11,1,0.42839152697979227
P11,1,0.35766625026068544
P11,1,0.4794522852865787
P11,1,0.47504447735100536
P11,1,0.42553637394493954
P11,1,0.12724126711503655
P11,1,0.15027557315813686
P11,1,0.31522168342686224
P11,1,0.3846472167059456
P11,1,0.4365704688686179
P11,1,0.37222224551467337
P11,1,0.25962647650733073
P11,1,0.3716878333188611
P11,1,0.14520770972800906
P11,1,0.38801591996257173
P11,1,0.22527220890240027
P11,1,0.2931643698120287
P11,1,0.19104819615346405
P11,1,0.3668758960663434
P11,1,0.3536402323854814
P11,1,0.2010689207141498
P11,1,0.26634377076046933
P11,1,0.2802395538605505
P11,1,0.3169462667794851
P11,1,0.4087955021330892
P11,1,0.4208076838844247
P11,1,0.49303905763823835
P11,1,0.5237790631340389
P11,1,0.5190499165632353
P11,1,0.5886686937027825
P11,1,0.7020649887390569
P11,1,0.5549663472945735
P11,1,0.5487077645843393
P11,1,0.5880064173401272
P11,1,0.5208280241652783
P11,1,0.2866837557867321
P11,1,0.375084324776509
P11,1,0.5224047103035578
P11,1,0.25975577465441463
P11,1,0.4093354270577921
P11,1,0.45562408494964307
P11,1,0.5340561832905363
P11,1,0.5489755424160075
P11,1,0.43392694784585156
P11,1,0.5616436165740099
P11,1,0.3231301032406457
P11,1,0.222068965185447
P11,1,0.2336874753788014
P11,1,0.4540129195361056
P11,1,0.53628620428192
P11,1,0.3511809756664747
P11,1,0.2905187995958242
P11,1,0.3838209701240618
P11,1,0.23314144211789992
P11,1,0.30589715057964134
P11,1,0.2346586344215028
P11,1,0.3654120056137847
P11,1,0.2922533637506303
P11,1,0.2801237828299348
P11,1,0.46388351162811364
P11,1,0.3405720334912574
P11,1,0.45883946439167866
P11,1,0.17345384273161626
P11,1,0.15398784078074312
P11,1,0.25925979706437163
P11,1,0.23107522201059394
P11,1,0.2655744982329681
P11,1,0.3705069231732867
P11,1,0.2421919516277154
P11,1,0.5015843404331811
P11,1,0.21798336741788338
P11,1,0.32212540410976614
P11,1,0.2519330038787612
P11,1,0.2683287025833943
P11,1,0.4902742224446285
P11,1,0.2662401134252919
P11,1,0.2281320388080532
P11,1,0.3848386816701349
P11,1,0.3308429923369002
P11,1,0.43845245794255056
P11,1,0.2914904709678626
P11,1,0.3332896034480838
P11,1,0.3969934056722822
P11,1,0.3785267652243017
P11,1,0.2184235757873308
P11,1,0.3171299526165621
P11,1,0.6572886787936371
P11,1,0.2852459496348356
P11,1,0.4943416818931407
P11,1,0.16089117085420107
P11,1,0.12255617580209381
P11,1,0.12842705866605333
P11,1,0.2143445818413569
P11,1,0.3077023284515833
P11,1,0.6980208424868727
P11,1,0.3039490412240372
P11,1,0.13651954944631484
P11,1,0.20809994596103926
P11,1,0.34894052586277563
P11,1,0.25592641428943963
P11,1,0.32548672299949677
P11,1,0.276678847893956
P11,1,0.23431215024660434
P11,1,0.1508300222741816
P11,1,0.3276056489864087
P11,1,0.3432807395574305
P11,1,0.32164539332569614
P11,1,0.25077032273202865
P11,1,0.12464473240571274
P11,1,0.16505579105448298
P11,1,0.20659844946488004
P11,1,0.2298468202101383
P11,1,0.16717335847693796
P11,1,0.18551509556845067
P11,1,0.5829574896447037
P11,0,0.3534546652047528
P11,0,0.23757953661037187
P11,0,0.24779597577196538
P11,0,0.23585979722329575
P11,0,0.22389915853199005
P11,0,0.2827444497277115
P11,0,0.2185110455683915
P11,0,0.2850325885983445
P11,0,0.26905619637760747
P11,0,0.20745838322078416
P11,0,0.1779074738373568
P11,0,0.19326437954291237
P11,0,0.25817181546473367
P11,0,0.2631212707845033
P11,0,0.21993289201841293
P11,0,0.23147540032059707
P11,0,0.22982461289567918
P11,0,0.2172646798515465
P11,0,0.30086455260278633
P11,0,0.40422077819663504
P11,0,0.25584855483048946
P11,0,0.4009484049407903
P11,0,0.29166706143310206
P11,0,0.3183556352860098
P11,0,0.3678048898334366
P11,0,0.32058674135409415
P11,0,0.23512638751029574
P11,0,0.34818262554161666
P11,0,0.20602348654076402
P11,0,0.2689836060079403
P11,0,0.3554949008049979
P11,0,0.25162958078550707
P11,0,0.23620719418849348
P11,0,0.3102888991391858
P11,0,0.21712896682639884
P11,0,0.2373942588379191
P11,0,0.3612659483635931
P11,0,0.2647188722381538
P11,0,0.22751947392720112
P11,0,0.2898855656105658
P11,0,0.3540000525642404
P11,0,0.2939843543436448
P11,0,0.2565056148317402
P11,0,0.30173151000454773
P11,0,0.32903114629472413
P11,0,0.3166029021124018
P11,0,0.2719602835163553
P11,0,0.28767196711496623
P11,0,0.22910880307232276
P11,0,0.25960725757711056
P11,0,0.34696827542012926
P11,0,0.32458227186052346
P11,0,0.46133754284038386
P11,0,0.30379926671906227
P11,0,0.36344750264757303
P11,0,0.3219478779504409
P11,0,0.3871092999621243
P11,0,0.3065585244289907
P11,0,0.35605476328889274
P11,0,0.5085414687405801
P11,0,0.2492416714151049
P11,0,0.3644941330303586
P11,0,0.1953041705399601
P11,0,0.3858834675959279
P11,0,0.36489687122455056
P11,0,0.33553968676458296
P11,0,0.24576496045300278
P11,0,0.333123612913355
P11,0,0.26313490832586245
P11,0,0.2746416394920815
P11,0,0.34989217038364645
P11,0,0.3939652813585928
P11,0,0.38486453778274093
P11,0,0.31420670339660656
P11,0,0.3790055054957948
P11,0,0.33649987362212597
P11,0,0.2855058812533379
P11,0,0.264241239220029
P11,0,0.2716419683759823
P11,0,0.3804998827941116
P11,0,0.4128154860883474
P11,0,0.35715324242569557
P11,0,0.2442573495596332
P11,0,0.4149221788885245
P11,0,0.28642018929332747
P11,0,0.26041872561249685
P11,0,0.36227685748151134
P11,0,0.27316171549036367
P11,0,0.2778653596349545
P11,0,0.3810192044431366
P11,0,0.3852931201067041
P11,0,0.27297269130470136
P11,0,0.3320388276665574
P11,0,0.27314954369320127
P11,0,0.3089579016790495
P11,0,0.27953656493663176
P11,0,0.2517734391742698
P11,0,0.29219971930422745
P11,0,0.2560629527931227
P11,0,0.3484002745902156
P11,0,0.21761250289892878
P11,0,0.3605700128814032
P11,0,0.26140234339830964
P11,0,0.2853357804605003
P11,0,0.36823013103619034
P11,0,0.3821373057370948
P11,0,0.380140714261631
P11,0,0.3450756164813559
P11,0,0.3831215450879164
P11,0,0.34159265032417835
P11,0,0.2156825746689423
P11,0,0.30759711177637583
P11,0,0.2378661812694581
P11,0,0.28586151211241223
P11,0,0.18079541097842214
P11,0,0.33708752629192806
P11,0,0.3219798763071004
P11,0,0.29610982516243717
P11,0,0.2395426217663149
P11,0,0.1941588030948907
P11,0,0.2951371621244095
P11,0,0.20164882713749707
P11,0,0.3122275144245911
P11,0,0.2855345319574323
P11,0,0.18979518471292692
P11,0,0.2642484623460876
P11,0,0.1703505012436665
P11,0,0.30342985151567786
P11,0,0.3011296327244876
P11,0,0.21826127059738462
P11,0,0.25418050087870153
P11,0,0.36848443005238635
P11,0,0.2731395158050719
P11,0,0.2357523696987141
P11,0,0.22072194578081777
P11,0,0.16689318000533968
P11,0,0.26081756705486153
P11,0,0.34939622177524693
P11,0,0.2649354972174482
P11,0,0.21757140553279952
P11,0,0.18923581997571168
P11,0,0.23411623130220485
P11,0,0.19495996675480046
P11,0,0.23207584814613327
P11,0,0.16318189021630605
P11,0,0.20063963689862313
P11,0,0.2076110590432028
P11,0,0.34723381113587876
P11,0,0.17349513342902909
P11,1,0.37295925346228936
P11,1,0.3098817023134429
P11,1,0.42063431405260643
P11,1,0.4458120242985732
P11,1,0.3457190271968655
P11,1,0.37121310593909196
P11,1,0.44715009743749184
P11,1,0.3517611382244339
P11,1,0.29913900850102526
P11,1,0.31527182611945126
P11,1,0.2547427584346547
P11,1,0.35870010467006397
P11,1,0.38398948291956614
P11,1,0.39876232544961415
P11,1,0.3148872641105012
P11,1,0.4946515411738808
P11,1,0.3770913090477906
P11,1,0.39590181890075327
P11,1,0.5143916120135607
P11,1,0.2606001349594248
P11,1,0.3633848638750583
P11,1,0.3304348879307292
P11,1,0.3985349968119411
P11,1,0.3600680835784731
P11,1,0.4208081878810393
P11,1,0.26756719031163256
P11,1,0.3804267110188954
P11,1,0.2945684101560984
P11,1,0.3719188871456078
P11,1,0.2749661954105335
P11,1,0.37551558986951594
P11,1,0.3139028778009825
P11,1,0.30680017180236097
P11,1,0.4308888399163872
P11,1,0.4670535973679525
P11,1,0.4460129220596036
P11,1,0.21540499050483064
P11,1,0.43445347781854793
P11,1,0.38078543585382046
P11,1,0.3002712958153473
P11,1,0.29710295185213575
P11,1,0.34894392276851793
P11,1,0.3526701009514304
P11,1,0.2598143479201445
P11,1,0.5091349204287315
P11,1,0.3540886598806554
P11,1,0.40413210220508566
P11,1,0.3746262392369282
P11,1,0.35216384096387554
P11,1,0.3902479082854642
P11,1,0.3342807214568749
P11,1,0.32083998257482454
P11,1,0.2505861881361648
P11,1,0.2939729243652383
P11,1,0.4270348167609822
P11,1,0.28047811746541407
P11,1,0.4285808068419013
P11,1,0.2276242611057441
P11,1,0.41679690162400135
P11,1,0.35368916779316734
P11,1,0.37688754804487323
P11,1,0.5115042151893227
P11,1,0.3495910342473083
P11,1,0.3792471839876005
P11,1,0.405102782764747
P11,1,0.30028180175418157
P11,1,0.3090027878030558
P11,1,0.34440791793815706
P11,1,0.27654653259951084
P11,1,0.38508570410041254
P11,1,0.38684833582978123
P11,1,0.3547711940034516
P11,1,0.4325689390667692
P11,1,0.3794007199112985
P11,1,0.2884594031240808
P11,1,0.3664286800486915
P11,1,0.35169928663364847
P11,1,0.41036639230697486
P11,1,0.38184740112114535
P11,1,0.31243301403765783
P11,1,0.3749820645268241
P11,1,0.5570549005255655
P11,1,0.46354623225442415
P11,1,0.2623091811616611
P11,1,0.3229158377739065
P11,1,0.31213898197688533
P11,1,0.4022102461257265
P11,1,0.3965888575704716
P11,1,0.4641580955229127
P11,1,0.33623451386446496
P11,1,0.3779140683010464
P11,1,0.4461883407423135
P11,1,0.37714460881253004
P11,1,0.5172137068017848
P11,1,0.4255720585549487
P11,1,0.5574229409279208
P11,1,0.4535244468578844
P11,1,0.4321170431743773
P11,1,0.42431266689842734
P11,1,0.4389137855772334
P11,1,0.36546811757207665
P11,1,0.434783370291361
P11,1,0.3124205633281191
P11,1,0.3226982059634863
P11,1,0.3852114283300452
P11,1,0.36245155310637417
P11,1,0.33038232675544094
P11,1,0.30829236724006565
P11,1,0.4526458479995532
P11,1,0.3858141805289122
P11,1,0.4018999728931565
P11,1,0.33673179079321836
P11,1,0.4128496877132059
P11,1,0.29562424716587915
P11,1,0.3537306470713004
P11,1,0.24900172714601268
P11,1,0.44773872920575963
P11,1,0.39245107435698956
P11,1,0.28679351230068223
P11,1,0.2543806185592408
P11,1,0.2885131257313727
P11,1,0.2945160069299062
P11,1,0.3294690022843299
P11,1,0.33688284527243606
P11,1,0.22072659002008618
P11,1,0.2573142921225314
P11,1,0.20152659774690507
P11,1,0.34947979283721725
P11,1,0.37120529555369436
P11,1,0.25021768703570924
P11,1,0.33711801523146845
P11,1,0.3611918287621881
P11,1,0.4102416234701529
P11,1,0.3536199347645172
P11,1,0.5196997491885816
P11,1,0.3255728947172352
P11,1,0.28204074496217585
P11,1,0.2805198087367048
P11,1,0.19801837577741635
P11,1,0.2784166439553194
P11,1,0.4114236370517994
P11,1,0.2876562111102537
P11,1,0.35745181230283096
P11,1,0.30948704376408365
P11,1,0.3424501575157938
P11,1,0.3988468068168743
P11,1,0.4468622216214415
P11,1,0.4340630556457376
P11,1,0.3238603217085881
P12,0,0.36653195787769627
P12,0,0.12349894850688929
P12,0,0.17613790423615222
P12,0,0.4032077953921136
P12,0,0.38399968218816616
P12,0,0.37015107387571544
P12,0,0.4391335754179929
P12,0,0.22249378071766815
P12,0,0.1526059577460702
P12,0,0.10434839410668299
P12,0,0.3613572355360313
P12,0,0.3876240087824701
P12,0,0.28551574303749033
P12,0,0.18530726804402675
P12,0,0.18828274879093634
P12,0,0.18708192187779232
P12,0,0.24804337586969183
P12,0,0.2892492281094841
P12,0,0.3819240049778584
P12,0,0.378742914873603
P12,0,0.23276857364975728
P12,0,0.23904918539998501
P12,0,0.238468359700261
P12,0,0.2345465116712717
P12,0,0.10968577315021581
P12,0,0.5886047359126519
P12,0,0.20232679713647173
P12,0,0.24773468194193252
P12,0,0.24141030199159721
P12,0,0.35284557546969214
P12,0,0.35216571883084935
P12,0,0.1989476667224332
P12,0,0.2755517322135996
P12,0,0.3487256938548126
P12,0,0.3253749874401969
P12,0,0.23875021705748786
P12,0,0.11280975221208143
P12,0,0.23856655350654815
P12,0,0.43515351735260693
P12,0,0.4138282075148422
P12,0,0.35881842468743147
P12,0,0.31972052799386613
P12,0,0.30759823595806846
P12,0,0.25502631266452136
P12,0,0.1783033523662889
P12,0,0.3872520757304932
P12,0,0.25346233128984574
P12,0,0.2268711686311188
P12,0,0.2792085374517286
P12,0,0.2596185947311821
P12,0,0.24879027692665742
P12,0,0.16169387853843467
P12,0,0.25175831003604826
P12,0,0.3724126161498146
P12,0,0.24364605326699282
P12,0,0.12556988876768238
P12,0,0.28958481326902413
P12,0,0.3371722133313758
P12,0,0.25719736034416707
P12,0,0.2731499446812162
P12,0,0.21756213141010175
P12,0,0.31851567967838246
P12,0,0.09257685684720067
P12,0,0.30947740922473177
P12,0,0.23520085419975043
P12,0,0.3084742807834855
P12,0,0.1939368398788767
P12,0,0.27766081986733937
P12,0,0.17149630453662112
P12,0,0.4731029599025405
P12,0,0.2030150106823235
P12,0,0.16141082858722985
P12,0,0.4325998351080134
P12,0,0.11351515539885947
P12,0,0.24615780694832565
P12,0,0.13327829181647732
P12,0,0.2560746947478652
P12,0,0.12355068074871664
P12,0,0.3466218189734355
P12,0,0.25972103488293713
P12,0,0.519366761396189
P12,0,0.3110603470698344
P12,0,0.37899153534572405
P12,0,0.19084650734561864
P12,0,0.20293237256230814
P12,0,0.17386198561177846
P12,0,0.37783596377827516
P12,0,0.3226113792503667
P12,0,0.8225668150736959
P12,0,0.14975283109759607
P12,0,0.21950459666255742
P12,0,0.16307013991119762
P12,0,0.3364021958318192
P12,0,0.22821236259762287
P12,0,0.17309020693481475
P12,0,0.2437890746598182
P12,0,0.203472460640082
P12,0,0.21452990906280497
P12,0,0.3355232240880214
P12,0,0.17876674231047798
P12,0,0.16073746688608384
P12,0,0.28899550809124486
P12,0,0.37999133751957204
P12,0,0.29610409210330263
P12,0,0.2131144956379884
P12,0,0.3049922180205897
P12,0,0.23462171341762975
P12,0,0.20620663340127757
P12,0,0.11974350088301118
P12,0,0.36141972673133727
P12,0,0.24992568972809284
P12,0,0.1779023105878357
P12,0,0.3674985847271511
P12,0,0.36288919247239915
P12,0,0.32069677908195976
P12,0,0.3065109409402003
P12,0,0.1496185676476837
P12,0,0.22967697518940006
P12,0,0.09565227507058484
P12,0,0.25048114373807395
P12,0,0.23061151765213242
P12,0,0.2626163250218442
P12,0,0.2410908998614986
P12,0,0.3581777171754811
P12,0,0.2774444517574597
P12,0,0.2306467725861149
P12,0,0.2631432180890474
P12,0,0.28868869866284114
P12,0,0.26439666321026084
P12,0,0.20010256284988884
P12,0,0.2652401546208911
P12,0,0.2197083579071571
P12,0,0.4737498611133177
P12,0,0.3013838541531101
P12,0,0.14744326452432122
P12,0,0.1502410835057387
P12,0,0.2689564140248624
P12,0,0.1461981234462338
P12,0,0.3058678485311278
P12,0,0.24954529735850703
P12,0,0.2763717773939958
P12,0,0.15726501717325553
P12,0,0.19030386816577055
P12,0,0.23737998010263972
P12,0,0.25472526379773525
P12,0,0.297568903201418
P12,0,0.32219628673904993
P12,0,0.22302232893215992
P12,0,0.32142197345008666
P12,1,0.3959486576226922
P12,1,0.5552536926206292
P12,1,0.42511107961640293
P12,1,0.5038533845271347
P12,1,0.4220594761324879
P12,1,0.40787827326202913
P12,1,0.5360346829289669
P12,1,0.30916858275162856
P12,1,0.48811251165167485
P12,1,0.5641986738870431
P12,1,0.4709724275853635
P12,1,0.697201253979612
P12,1,0.2768736002281925
P12,1,0.5467498118489865
P12,1,0.5035985982763854
P12,1,0.4045404703778782
P12,1,0.6753044534733145
P12,1,0.26337603141379795
P12,1,0.3965067434621394
P12,1,0.3340392914134575
P12,1,0.49822350205324395
P12,1,0.7095931498945035
P12,1,0.5471825986252955
P12,1,0.6434618265524755
P12,1,0.32865385337722014
P12,1,0.43147125449044454
P12,1,0.5851638329323426
P12,1,0.6256351436933658
P12,1,0.6656550388799566
P12,1,0.5093539036006284
P12,1,0.6235611963506761
P12,1,0.6239093660211696
P12,1,0.46663307969582785
P12,1,0.3706555632622523
P12,1,0.4099366292299645
P12,1,0.6033917440908549
P12,1,0.5460200148067568
P12,1,0.581730819486227
P12,1,0.3616355757647969
P12,1,0.6020945168780275
P12,1,0.4865759291899389
P12,1,0.709571255009466
P12,1,0.5939162040771317
P12,1,0.4800663490481009
P12,1,0.5926370136898095
P12,1,0.5163577328377079
P12,1,0.4805370755823329
P12,1,0.5014296473980271
P12,1,0.47302771367901236
P12,1,0.47239234383876433
P12,1,0.42155681897627834
P12,1,0.37431654662433345
P12,1,0.29713098235861074
P12,1,0.6239520730176517
P12,1,0.4602317540451314
P12,1,0.7612991669910038
P12,1,0.43237442993619324
P12,1,0.1675234347580802
P12,1,0.46505434117209765
P12,1,0.6129125214151736
P12,1,0.5894398665030836
P12,1,0.32861084836267695
P12,1,0.5114068490413525
P12,1,0.4300733616556149
P12,1,0.5210899245815007
P12,1,0.6700164475478432
P12,1,0.5056746407140639
P12,1,0.5435973736131717
P12,1,0.46555666848063004
P12,1,0.489085416628138
P12,1,0.25989110199519927
P12,1,0.272835227732484
P12,1,0.29946930079177536
P12,1,0.5148375012082484
P12,1,0.33378888348597113
P12,1,0.6486372514048432
P12,1,0.33018957332239374
P12,1,0.4210523736669093
P12,1,0.41016859578982273
P12,1,0.37016077323801017
P12,1,0.5836114658358517
P12,1,0.7576888554658272
P12,1,0.28437922419630196
P12,1,0.47095955250174976
P12,1,0.4762514308192989
P12,1,0.6040536949359689
P12,1,0.6438337164067156
P12,1,0.5000225116586033
P12,1,0.28694995211322066
P12,1,0.4472478943509249
P12,1,0.33720957192148643
P12,1,0.5658954764431242
P12,1,0.4243591663852753
P12,1,0.39706357253010083
P12,1,0.4943880771796662
P12,1,0.4822603175267513
P12,1,0.5961271490422911
P12,1,0.6238971233593575
P12,1,0.5498211504071239
P12,1,0.3698230836815974
P12,1,0.5038898237213424
P12,1,0.3114781707042413
P12,1,0.6256015472877019
P12,1,0.503599992965564
P12,1,0.6170856224063361
P12,1,0.4818699701333223
P12,1,0.39173045505702236
P12,1,0.6550141481446107
P12,1,0.4752720314142087
P12,1,0.3342201460282334
P12,1,0.32515061476091384
P12,1,0.3759492426912118
P12,1,0.34328745207679867
P12,1,0.32002497133034147
P12,1,0.3648256746375425
P12,1,0.4611759711788738
P12,1,0.2212533647076428
P12,1,0.24515518574871983
P12,1,0.4258921864384366
P12,1,0.4006864949167972
P12,1,0.5598002855323058
P12,1,0.3455509822304499
P12,1,0.5932356352061614
P12,1,0.6484272732744364
P12,1,0.3920590932108945
P12,1,0.5755839561708349
P12,1,0.4159051943352408
P12,1,0.33051997086102947
P12,1,0.4875383809717347
P12,1,0.6086786000089347
P12,1,0.68009114975298
P12,1,0.2750050877507997
P12,1,0.2522186744343698
P12,1,0.3106353807449721
P12,1,0.5988242313375991
P12,1,0.30669927825169546
P12,1,0.5544429287792245
P12,1,0.45091405104897797
P12,1,0.5673364385222489
P12,1,0.3494541815228506
P12,1,0.6126052614462696
P12,1,0.6006203339404622
P12,1,0.4533845633056761
P12,1,0.552349886893149
P12,1,0.47071010289501364
P12,1,0.32835616391435535
P12,1,0.34518287240016876
P12,1,0.5685401175630974
P12,1,0.495288706257101
P12,0,0.40224575216360414
P12,0,0.3547067407605886
P12,0,0.27418063440393053
P12,0,0.4180724214107579
P12,0,0.35874135880094804
P12,0,0.3146029437150351
P12,0,0.31918879684877755
P12,0,0.3769680264830368
P12,0,0.37020071748712713
P12,0,0.2967619542457011
P12,0,0.31099063213120615
P12,0,0.2547611231259258
P12,0,0.3383325548365238
P12,0,0.306229756059972
P12,0,0.31576456809361975
P12,0,0.3509965715478103
P12,0,0.36938973753458937
P12,0,0.37386905191657693
P12,0,0.4016698070028871
P12,0,0.2973937885581874
P12,0,0.3102952189908147
P12,0,0.36845075187105875
P12,0,0.42884577901335325
P12,0,0.29889232913450225
P12,0,0.39514707090456147
P12,0,0.3609902146129736
P12,0,0.3407203929602731
P12,0,0.33284412683467524
P12,0,0.46696529784784013
P12,0,0.3543396333041452
P12,0,0.2537646588643905
P12,0,0.3369746929822033
P12,0,0.34199260381796726
P12,0,0.3128839724472967
P12,0,0.34672530486623665
P12,0,0.39963437229261817
P12,0,0.3901078579578986
P12,0,0.3533878116020654
P12,0,0.33054794118034453
P12,0,0.26382380251672505
P12,0,0.3531204972719641
P12,0,0.2118876839248863
P12,0,0.31256523722164997
P12,0,0.24739574230870806
P12,0,0.30657221872535645
P12,0,0.33877312899308837
P12,0,0.3134248854637964
P12,0,0.35581259058475473
P12,0,0.30325787885972766
P12,0,0.3099864020460299
P12,0,0.25775384743791524
P12,0,0.3324409097395273
P12,0,0.257011904419809
P12,0,0.572532126248808
P12,0,0.34321658675429684
P12,0,0.3533911754491088
P12,0,0.25728691141670695
P12,0,0.36417971342604627
P12,0,0.3234198936249033
P12,0,0.37506399817908626
P12,0,0.2931278495045466
P12,0,0.4402602743778632
P12,0,0.27749506836216753
P12,0,0.2559186725137012
P12,0,0.23853419399330475
P12,0,0.33009953325496744
P12,0,0.38820114796389615
P12,0,0.44706628573307094
P12,0,0.3013512669454683
P12,0,0.4198548129502885
P12,0,0.2985019714218675
P12,0,0.32601157394548463
P12,0,0.3317561811097894
P12,0,0.5473631856876131
P12,0,0.3106452114747413
P12,0,0.33731779469076906
P12,0,0.33521541524174564
P12,0,0.4777224136445712
P12,0,0.3849003838480209
P12,0,0.33585915049895926
P12,0,0.2779129599294613
P12,0,0.2630582005056603
P12,0,0.38482958206352297
P12,0,0.3106873761601326
P12,0,0.2911889542410232
P12,0,0.3703152474061858
P12,0,0.37293495517641057
P12,0,0.310534583124938
P12,0,0.27595286352745463
P12,0,0.2557911838856979
P12,0,0.35253999895747606
P12,0,0.29993686172247636
P12,0,0.42229895907975595
P12,0,0.27350560745373215
P12,0,0.3031510796415278
P12,0,0.2980157480351494
P12,0,0.31421922250762735
P12,0,0.22176925213646587
P12,0,0.3524599095151812
P12,0,0.2960495561669529
P12,0,0.2311727983382828
P12,0,0.3116191526598482
P12,0,0.29380802698933967
P12,0,0.3451609092422511
P12,0,0.36464177668577463
P12,0,0.4530610072698899
P12,0,0.354679410887898
P12,0,0.26044379455682026
P12,0,0.34249635620444074
P12,0,0.3081112786121591
P12,0,0.4075957478996379
P12,0,0.3603972001600607
P12,0,0.36919200979390443
P12,0,0.3924774444182953
P12,0,0.27841147030565366
P12,0,0.30736844236883654
P12,0,0.39396696624274874
P12,0,0.3499229046530285
P12,0,0.38565145435739395
P12,0,0.4576933976194786
P12,0,0.32803339669454395
P12,0,0.3292167365993191
P12,0,0.30467728716422027
P12,0,0.3609767205350576
P12,0,0.28775076615357004
P12,0,0.3806407903991511
P12,0,0.2789860305168132
P12,0,0.3888215351478063
P12,0,0.38393499556117894
P12,0,0.2687587732052337
P12,0,0.36099748250822283
P12,0,0.3757253492517189
P12,0,0.32319424372763306
P12,0,0.26964707498217927
P12,0,0.3216298000988342
P12,0,0.3417864846848969
P12,0,0.2261059439730847
P12,0,0.3134680083979964
P12,0,0.4395401118132787
P12,0,0.3140292024012491
P12,0,0.3549010686737726
P12,0,0.35979001307577063
P12,0,0.401243879817427
P12,0,0.22221122602124918
P12,0,0.33142186222948267
P12,0,0.30365509699979737
P12,0,0.3059988487918695
P12,0,0.30948743812736285
P12,0,0.33447475755751016
P12,1,0.49265082337624183
P12,1,0.41159764684673417
P12,1,0.49813502966093687
P12,1,0.43522380168046354
P12,1,0.34188128153057024
P12,1,0.45096228477814543
P12,1,0.42715564835491393
P12,1,0.4039059789628672
P12,1,0.3121369612922952
P12,1,0.4551491604005888
P12,1,0.3934184496897667
P12,1,0.3171610905903227
P12,1,0.3658359416018086
P12,1,0.3769573387673358
P12,1,0.3670717428137021
P12,1,0.3631123389147567
P12,1,0.36117176420805536
P12,1,0.40884419086800716
P12,1,0.31298852417053125
P12,1,0.36628711963353466
P12,1,0.542381669259323
P12,1,0.3489727505624497
P12,1,0.32711493546795833
P12,1,0.4981581614344262
P12,1,0.32001291634540263
P12,1,0.4561317063227119
P12,1,0.23217154100366053
P12,1,0.4676759396886402
P12,1,0.3594343759392546
P12,1,0.4276995835154231
P12,1,0.34299864177913353
P12,1,0.3073663744674197
P12,1,0.4247262805597564
P12,1,0.4335717940921386
P12,1,0.3444618381829376
P12,1,0.30670971800542296
P12,1,0.4218932342506563
P12,1,0.29650731936400165
P12,1,0.27625683176565935
P12,1,0.3219480562834999
P12,1,0.3421924550444221
P12,1,0.3607241039100451
P12,1,0.26418419338251053
P12,1,0.34996307761732803
P12,1,0.42072427899330717
P12,1,0.28170772029212376
P12,1,0.38380148412566284
P12,1,0.37851281803855796
P12,1,0.36635871162346023
P12,1,0.3382673256044043
P12,1,0.39374234889732934
P12,1,0.28903889861289994
P12,1,0.38356467771693054
P12,1,0.32764339252494934
P12,1,0.39700416882493605
P12,1,0.4673397051211557
P12,1,0.3804456825021889
P12,1,0.3974864350646548
P12,1,0.4601443384553728
P12,1,0.4081028547816075
P12,1,0.4286072610522066
P12,1,0.3626948990678087
P12,1,0.33391780056654735
P12,1,0.44567818716715585
P12,1,0.3821494065232792
P12,1,0.3193938163970165
P12,1,0.47229640387205185
P12,1,0.3845649765053161
P12,1,0.36629838885053784
P12,1,0.40543204502100444
P12,1,0.4612321809058506
P12,1,0.3957581807442331
P12,1,0.272773371236456
P12,1,0.37268647113716186
P12,1,0.41284677553928306
P12,1,0.28981519251187576
P12,1,0.37306958323305417
P12,1,0.39469943101627647
P12,1,0.3840975205756549
P12,1,0.3555946941133836
P12,1,0.3197043065121074
P12,1,0.41204209866896857
P12,1,0.2624410721620943
P12,1,0.33797768384688875
P12,1,0.2987886971547573
P12,1,0.35363635413943045
P12,1,0.41990348907535907
P12,1,0.27882811434166804
P12,1,0.45607260184691495
P12,1,0.27216659023713263
P12,1,0.39693986503301776
P12,1,0.29253488604021566
P12,1,0.25245342784213265
P12,1,0.23260917056713493
P12,1,0.23722367610641895
P12,1,0.21388990074595535
P12,1,0.28891309383071845
P12,1,0.2940678968025562
P12,1,0.28328821843698365
P12,1,0.3634545260429344
P12,1,0.32586256034218825
P12,1,0.3076817707704371
P12,1,0.23690558604565193
P12,1,0.38780962953805315
P12,1,0.38088969373371395
P12,1,0.42657711511625285
P12,1,0.23407856396731383
P12,1,0.38915869034199224
P12,1,0.369353532645653
P12,1,0.41653808668628994
P12,1,0.3495760304164806
P12,1,0.2702111094020706
P12,1,0.3061010141605327
P12,1,0.36542735969867485
P12,1,0.27217283276683724
P12,1,0.34562898328510017
P12,1,0.4260276743952296
P12,1,0.48632207253371723
P12,1,0.3515706065427001
P12,1,0.3201285284258764
P12,1,0.23342833358501008
P12,1,0.256291066460785
P12,1,0.44032791634395674
P12,1,0.282224259943747
P12,1,0.3638711672791107
P12,1,0.2298921477409959
P12,1,0.24446496868354056
P12,1,0.3008295052891387
P12,1,0.35732444515495376
P12,1,0.3039532589140555
P12,1,0.27956078804273216
P12,1,0.2572796933567656
P12,1,0.46027327440235294
P12,1,0.4176950879259945
P12,1,0.2340920510499019
P12,1,0.34474435859189334
P12,1,0.3401023596376771
P12,1,0.43391231273181535
P12,1,0.26516462665034696
P12,1,0.3314463701375878
P12,1,0.43546489975366093
P12,1,0.3171459075906024
P12,1,0.4900220345972245
P12,1,0.2731882931589234
P12,1,0.3083621572706024
P12,1,0.3579461177504014
P12,1,0.40369659701530847
P12,1,0.340985508536867
P12,1,0.2783447301335552
P13,0,0.4719345121255613
P13,0,0.48331353401823707
P13,0,0.5172596114346015
P13,0,0.4508878657924384
P13,0,0.4741325832817194
P13,0,0.44877693074508856
P13,0,0.5140227558056047
P13,0,0.4690818832426449
P13,0,0.5010325383826973
P13,0,0.5633790967310671
P13,0,0.5532001584757167
P13,0,0.39403634893138584
P13,0,0.37944551388202663
P13,0,0.48729973580458447
P13,0,0.4554917799242049
P13,0,0.5827674804786609
P13,0,0.610842990137694
P13,0,0.5735348805474747
P13,0,0.4669597203778251
P13,0,0.5335820108682703
P13,0,0.5448043075241275
P13,0,0.44616180337657835
P13,0,0.37242391526455787
P13,0,0.4658152117747828
P13,0,0.48999367158866103
P13,0,0.415782437229167
P13,0,0.30173225260442144
P13,0,0.5170431696658218
P13,0,0.5118587273494147
P13,0,0.398880543574226
P13,0,0.4737541784890757
P13,0,0.5592646411282375
P13,0,0.5520508355137175
P13,0,0.491453076736753
P13,0,0.4838324471295425
P13,0,0.30539876905088675
P13,0,0.4372630915008828
P13,0,0.5215256101036033
P13,0,0.47262107093353245
P13,0,0.5824084694396993
P13,0,0.3612367965976873
P13,0,0.43844211225425195
P13,0,0.48263642346979413
P13,0,0.39611022368532883
P13,0,0.47552014310504315
P13,0,0.5497216645738042
P13,0,0.39868287761077703
P13,0,0.3254990305753973
P13,0,0.468733570073424
P13,0,0.4585626219577867
P13,0,0.5154098139982722
P13,0,0.5334311936732007
P13,0,0.3534487930360326
P13,0,0.6052806338027811
P13,0,0.4876354643875818
P13,0,0.4900600982298121
P13,0,0.48625567023904853
P13,0,0.5045186542379652
P13,0,0.5532105424390505
P13,0,0.3858143177596382
P13,0,0.40396943291877657
P13,0,0.47951509457831337
P13,0,0.5053895339457954
P13,0,0.4313394241304821
P13,0,0.4336539163960965
P13,0,0.424490939529365
P13,0,0.468353361875438
P13,0,0.44231468471056856
P13,0,0.3688972120591418
P13,0,0.2881010925367065
P13,0,0.5110146456618527
P13,0,0.4487044124086462
P13,0,0.5040087779706102
P13,0,0.5015752700564264
P13,0,0.5571091427810183
P13,0,0.45023666861962147
P13,0,0.44963770808170367
P13,0,0.4597020307660866
P13,0,0.5291284491824403
P13,0,0.4445922254603523
P13,0,0.49171609922302917
P13,0,0.49673217577097156
P13,0,0.5267008435669855
P13,0,0.342593916425112
P13,0,0.4764227196986954
P13,0,0.41557043807396565
P13,0,0.3564845364706018
P13,0,0.36191563195581977
P13,0,0.518066469196526
P13,0,0.27256490489284524
P13,0,0.4961566307317401
P13,0,0.5488618204973508
P13,0,0.475204371164791
P13,0,0.4513295207365924
P13,0,0.5264415273283757
P13,0,0.435508481089149
P13,0,0.4183745243186811
P13,0,0.45006462208375214
P13,0,0.4552228515438148
P13,0,0.4405411592031193
P13,0,0.3976417697040038
P13,0,0.607675891590421
P13,0,0.5571500904964862
P13,0,0.524955950283395
P13,0,0.4772403747177171
P13,0,0.4800661708158212
P13,0,0.4782779958311538
P13,0,0.4694626536293377
P13,0,0.496510618029637
P13,0,0.4016941528455067
P13,0,0.26507995714830035
P13,0,0.4528207287754918
P13,0,0.5152690125054743
P13,0,0.4124928010529129
P13,0,0.2639262525012558
P13,0,0.49138924852045585
P13,0,0.43609084554719874
P13,0,0.5244836798449795
P13,0,0.3638854007365825
P13,0,0.5077536945266146
P13,0,0.49322198276413426
P13,0,0.45893045334491106
P13,0,0.4245176585827563
P13,0,0.35442989910038897
P13,0,0.4565447013567356
P13,0,0.508742003397716
P13,0,0.4853342212158083
P13,0,0.4384127809646243
P13,0,0.49498558394015507
P13,0,0.38048807286647196
P13,0,0.4383251517757909
P13,0,0.43012705410625857
P13,0,0.42398430317177366
P13,0,0.31098348843472384
P13,0,0.41108360506305536
P13,0,0.3950502340517149
P13,0,0.506546595845333
P13,0,0.5113495007391514
P13,0,0.4998277959471665
P13,0,0.4494614233314345
P13,0,0.4660939149099099
P13,0,0.4227132231119607
P13,0,0.5079154441510348
P13,0,0.5280158704901946
P13,0,0.38542914635154224
P13,0,0.49888676150497613
P13,0,0.3129084103253507
P13,0,0.49628793925450204
P13,0,0.4094788954780387
P13,1,0.4491148767303133
P13,1,0.5594880792125708
P13,1,0.5854463088830929
P13,1,0.5460327639140024
P13,1,0.5742475786475236
P13,1,0.5248891271325693
P13,1,0.6747575071719569
P13,1,0.4682116805112515
P13,1,0.6786822346119777
P13,1,0.4684788662192188
P13,1,0.6432262300860593
P13,1,0.39661167247374984
P13,1,0.5279175073413294
P13,1,0.4786210393458768
P13,1,0.5066158384679128
P13,1,0.6031126038027131
P13,1,0.42478959326120574
P13,1,0.5471297670457563
P13,1,0.46487043320826477
P13,1,0.6527995372803084
P13,1,0.48975094217170007
P13,1,0.4930747365738985
P13,1,0.39744229682805887
P13,1,0.5502275503545382
P13,1,0.5646647985330757
P13,1,0.6059351664429504
P13,1,0.4323418361002642
P13,1,0.43160573821423315
P13,1,0.45410649248739665
P13,1,0.508832901247065
P13,1,0.6405732349490932
P13,1,0.46667952824874387
P13,1,0.5200252741153741
P13,1,0.5741178228532599
P13,1,0.5929648429902751
P13,1,0.4897156445413221
P13,1,0.5855541439550503
P13,1,0.46766820857186886
P13,1,0.5287890769771415
P13,1,0.5288315239738639
P13,1,0.4564831995026995
P13,1,0.5170024942802384
P13,1,0.5330148314963196
P13,1,0.4527228312709952
P13,1,0.5050119235166073
P13,1,0.46506389648430935
P13,1,0.45545577817439353
P13,1,0.4830712923734465
P13,1,0.4586329465592711
P13,1,0.44593304075060736
P13,1,0.4474519447444368
P13,1,0.4683378394822453
P13,1,0.4402301779873898
P13,1,0.39061603946954887
P13,1,0.36746048094592904
P13,1,0.31609485481988314
P13,1,0.44506673294700655
P13,1,0.4251083276968486
P13,1,0.5651868608817149
P13,1,0.4852413962425886
P13,1,0.5213442999524802
P13,1,0.5881371282709212
P13,1,0.3862172447901657
P13,1,0.5507782229628402
P13,1,0.4347113690454416
P13,1,0.5171668757550527
P13,1,0.4313446935996097
P13,1,0.3700924592164013
P13,1,0.4704983651986875
P13,1,0.54371609061679
P13,1,0.5545263840476131
P13,1,0.6558414334243411
P13,1,0.5616106987820063
P13,1,0.3892471572615792
P13,1,0.4847559505746356
P13,1,0.4692526489236342
P13,1,0.5172955679387826
P13,1,0.6293006264116557
P13,1,0.44794746773588967
P13,1,0.6240671612617956
P13,1,0.5662099108068732
P13,1,0.4457354010597905
P13,1,0.46792353896806876
P13,1,0.5140570996806154
P13,1,0.36741866574145754
P13,1,0.39237405956495214
P13,1,0.5912271683903061
P13,1,0.36474288750075473
P13,1,0.5423446403192383
P13,1,0.5228537470302546
P13,1,0.37177855745872207
P13,1,0.40390089232103954
P13,1,0.515190280459539
P13,1,0.5457402634057249
P13,1,0.4929509748471981
P13,1,0.5720001467149919
P13,1,0.5407180414366131
P13,1,0.5277182601658477
P13,1,0.46658876196087967
P13,1,0.44187181856932606
P13,1,0.45242281643711557
P13,1,0.3249344750047855
P13,1,0.37426787900093655
P13,1,0.40587139222148805
P13,1,0.5464130752385935
P13,1,0.5243486867028063
P13,1,0.41311678461443907
P13,1,0.4370714202990291
P13,1,0.4227915666319563
P13,1,0.3871091473730423
P13,1,0.3299962400710547
P13,1,0.37765784685263676
P13,1,0.3953751888175927
P13,1,0.5138129893665931
P13,1,0.5038025030907384
P13,1,0.4103882692886228
P13,1,0.5474231381291338
P13,1,0.5836986882671504
P13,1,0.5388988512150596
P13,1,0.40929723738471774
P13,1,0.427741884882713
P13,1,0.4180007812799442
P13,1,0.43821804032815503
P13,1,0.47987204747861195
P13,1,0.5175791093835447
P13,1,0.5021040575212571
P13,1,0.42144068320065403
P13,1,0.4359969918238475
P13,1,0.3761270822915138
P13,1,0.5452547373381268
P13,1,0.4529750034648153
P13,1,0.5436562089108617
P13,1,0.45894509338341355
P13,1,0.5520177381730542
P13,1,0.4668034738332658
P13,1,0.5083376222900501
P13,1,0.42917508334204096
P13,1,0.4758437200324686
P13,1,0.44974180828299126
P13,1,0.4436162769912404
P13,1,0.5468216096706184
P13,1,0.5054694864721615
P13,1,0.4465437033410496
P13,1,0.5157971969163924
P13,1,0.5960258233459725
P13,1,0.4513150867279702
P13,1,0.601770306340044
P13,1,0.4669593987840706
P13,1,0.5258829935564708
P13,0,0.9427006243006345
P13,0,0.7975745813324037
P13,0,0.6012889721215428
P13,0,0.6944041279916905
P13,0,0.6989262532515222
P13,0,0.7346894660585892
P13,0,0.7087733974804508
P13,0,0.6036561205224523
P13,0,0.6643664859973912
P13,0,0.4583754479291746
P13,0,0.7192127196647218
P13,0,0.7018944810952809
P13,0,0.34132443420971226
P13,0,0.523705465349214
P13,0,0.6719086191981394
P13,0,0.48379837914641743
P13,0,0.599569264029989
P13,0,0.6119733612678321
P13,0,0.5022335172380168
P13,0,0.5523147822603298
P13,0,0.45084668259928207
P13,0,0.40366819384575725
P13,0,0.4371590496096811
P13,0,0.27360030258760093
P13,0,0.26052611924673047
P13,0,0.43689658353884225
P13,0,0.5320103644417621
P13,0,0.27385520227649446
P13,0,0.2597964186391519
P13,0,0.25416789973563153
P13,0,0.33846437090792175
P13,0,0.4025877907078319
P13,0,0.3514300044644855
P13,0,0.4193283805549465
P13,0,0.31370102008257966
P13,0,0.2908961777326218
P13,0,0.6041307532555262
P13,0,0.28013073995617505
P13,0,0.2819318091576313
P13,0,0.8811245470664316
P13,0,0.304692447576645
P13,0,0.3103314328593621
P13,0,0.35437122307959207
P13,0,0.11620168239414956
P13,0,0.31292645035504424
P13,0,0.27955290822182355
P13,0,0.19648080311606875
P13,0,0.2844441547127496
P13,0,0.2764146907057955
P13,0,0.41747307352308
P13,0,0.28434346170047003
P13,0,0.27629599705897406
P13,0,0.1698092705210022
P13,0,0.2227769716453729
P13,0,0.3100471333048965
P13,0,0.2651731633644882
P13,0,0.2544402087738292
P13,0,0.2526870436533943
P13,0,0.19655178832130069
P13,0,0.3706189704037241
P13,0,0.34701670869334994
P13,0,0.3539546206921146
P13,0,0.21507035085858922
P13,0,0.4419561155800987
P13,0,0.42921059603198525
P13,0,0.24741147701574515
P13,0,0.4324838610817032
P13,0,0.3330061755228666
P13,0,0.36397909308779197
P13,0,0.3548190570046738
P13,0,0.2374738392393973
P13,0,0.36635185274991755
P13,0,0.22434864590134707
P13,0,0.3349055209398309
P13,0,0.356304569061433
P13,0,0.3131001492336975
P13,0,0.28356783875805674
P13,0,0.2102341807282504
P13,0,0.35130919158890794
P13,0,0.17744678619901286
P13,0,0.40056037141611334
P13,0,0.15414386121637186
P13,0,0.2777106154056314
P13,0,0.2865761751750745
P13,0,0.23027118399457303
P13,0,0.2325301763985626
P13,0,0.26008344256807936
P13,0,0.24071911193391593
P13,0,0.35185938556286783
P13,0,0.44719184908366344
P13,0,0.8294025334774765
P13,0,0.6784607693131673
P13,0,0.354762269589315
P13,0,0.2863821529025949
P13,0,0.26691148141607834
P13,0,0.32833211304531684
P13,0,0.24897195800325503
P13,0,0.2853876002437921
P13,0,0.17578815952763585
P13,0,0.2703584274545375
P13,0,0.2868512313838207
P13,0,0.30121076944725045
P13,0,0.23426892456046666
P13,0,0.27354122603867936
P13,0,0.31297603028434917
P13,0,0.20476971107807088
P13,0,0.4747419209518987
P13,0,0.4529495851498988
P13,0,0.2644135071472488
P13,0,0.28239205990987404
P13,0,0.2416319638798187
P13,0,0.33909163223983974
P13,0,0.14419703647284593
P13,0,0.2951801372305927
P13,0,0.26410620973822335
P13,0,0.41100108728212476
P13,0,0.5316940981821309
P13,0,0.7061046564382799
P13,0,0.21450489688879606
P13,0,0.2706929264366204
P13,0,0.17246495457950606
P13,0,0.23585089633503803
P13,0,0.22534293111949905
P13,0,0.22949592756165288
P13,0,0.2212811871276572
P13,0,0.31303601937503245
P13,0,0.23585907169208684
P13,0,0.2175536723654993
P13,0,0.27590936215489453
P13,0,0.47468246698839134
P13,0,0.5213651302995007
P13,0,0.22452261718611882
P13,0,0.2666282397075401
P13,0,0.11946147829118739
P13,0,0.34597846119947445
P13,0,0.5208062902907056
P13,0,0.2405049892348713
P13,0,0.24547499293041794
P13,0,0.267240327536967
P13,0,0.23570558916274856
P13,0,0.3031923245875638
P13,0,0.34569963819533694
P13,0,0.14501618880958053
P13,0,0.33271399264200296
P13,0,0.25358995600895634
P13,0,0.321426595478941
P13,0,0.17574059140137044
P13,0,0.3123293481800343
P13,0,0.26757514710666136
P13,1,0.6348435114472416
P13,1,0.8439912014267504
P13,1,0.8301527098960275
P13,1,0.7663054432727208
P13,1,0.43364609649404645
P13,1,0.5568424090583898
P13,1,0.7647167362319919
P13,1,0.6943691169145304
P13,1,0.7096653597234422
P13,1,0.5567909146128439
P13,1,0.7150428543356179
P13,1,0.7517372777863573
P13,1,0.5555201941871472
P13,1,0.7345469505696468
P13,1,0.776657373530256
P13,1,0.620930411440392
P13,1,0.5623052155436501
P13,1,0.6318596441801091
P13,1,0.7551031685794425
P13,1,0.5757684649183298
P13,1,0.691065542021247
P13,1,0.649166883915184
P13,1,0.44017126610528556
P13,1,0.6665958865623887
P13,1,0.5197815742518802
P13,1,0.4912369235434549
P13,1,0.5136200300586431
P13,1,0.6934206216319081
P13,1,0.6417712473666216
P13,1,0.5694537490306686
P13,1,0.319612316523265
P13,1,0.5401350875403066
P13,1,0.7047820302970326
P13,1,0.23338772298464747
P13,1,0.3405673377331307
P13,1,0.5522810059227059
P13,1,0.6921448047906337
P13,1,0.4781627337623056
P13,1,0.5861137534126932
P13,1,0.5788688431985458
P13,1,0.5989610668064557
P13,1,0.4808971467483623
P13,1,0.6805155621717246
P13,1,0.5663272776131231
P13,1,0.5479293546057384
P13,1,0.5865301228967089
P13,1,0.721241080648549
P13,1,0.4377322910021806
P13,1,0.5349141080112005
P13,1,0.7975046238640957
P13,1,0.5828873613826491
P13,1,0.5717869005142925
P13,1,0.6720432487851274
P13,1,0.4867617278600097
P13,1,0.8569187888298891
P13,1,0.5181244259701375
P13,1,0.5000568450535322
P13,1,0.4396369350519259
P13,1,0.42237954075717876
P13,1,0.6155819481685725
P13,1,0.4124675694723386
P13,1,0.48317040763977664
P13,1,0.5863471441502446
P13,1,0.1965556266790952
P13,1,0.5951436918379311
P13,1,0.4451785082396122
P13,1,0.7465660201302494
P13,1,0.7348350965963723
P13,1,0.4741998599225974
P13,1,0.6174607001542877
P13,1,0.5584200198713299
P13,1,0.6221450972509875
P13,1,0.49931865435135375
P13,1,0.797370890666047
P13,1,0.7298090069380216
P13,1,0.6875966454392127
P13,1,0.7604460261288061
P13,1,0.3899604509825609
P13,1,0.5682357212823832
P13,1,0.4612580188727227
P13,1,0.5095947428462441
P13,1,0.6218557835129067
P13,1,0.5180008758535027
P13,1,0.7089488022382314
P13,1,0.7287853184480597
P13,1,0.7198330511824125
P13,1,0.6819690507623961
P13,1,0.6281819197714266
P13,1,0.3969298364574515
P13,1,0.6202643647264072
P13,1,0.3626741893154079
P13,1,0.47904232731505525
P13,1,0.5228970460631458
P13,1,0.39440981583961804
P13,1,0.6122089632564727
P13,1,0.5474138165236464
P13,1,0.3962899394114035
P13,1,0.8042348471288598
P13,1,0.5438352450116191
P13,1,0.6527673496947943
P13,1,0.7364413513588347
P13,1,0.7558832094279506
P13,1,0.5545239539877246
P13,1,0.7464900899585908
P13,1,0.6785424881989073
P13,1,0.5245774192639264
P13,1,0.6087000925781328
P13,1,0.7803280925367823
P13,1,0.6502312453213074
P13,1,0.7338363884365425
P13,1,0.6666095048962684
P13,1,0.8209508542577999
P13,1,0.6577313807478725
P13,1,0.6302995691995069
P13,1,0.6665184292761517
P13,1,0.6326192263546832
P13,1,0.6693959425457155
P13,1,0.5915468235517933
P13,1,0.532405679116603
P13,1,0.646212582015128
P13,1,0.7488478376448602
P13,1,0.4630789507907853
P13,1,0.4874706319303747
P13,1,0.7046249631750053
P13,1,0.29502374905103196
P13,1,0.6017924741634407
P13,1,0.7301853887610865
P13,1,0.4734767595384368
P13,1,0.7965436500447884
P13,1,0.5940986772866912
P13,1,0.6450874233282888
P13,1,0.6514450472895901
P13,1,0.6343586532102812
P13,1,0.6103968723965673
P13,1,0.7011326452848444
P13,1,0.6872383159520278
P13,1,0.518097406969295
P13,1,0.6783533976800407
P13,1,0.46068143919829535
P13,1,0.6062295600904828
P13,1,0.5446692282091883
P13,1,0.7570147037019882
P13,1,0.47765028197622195
P13,1,0.7198977817935065
P13,1,0.7037421085176032
P13,1,0.8250445773205977
P13,1,0.5855817555759828
P13,1,0.6586695705666928
P13,1,0.6667517820065382
P14,0,0.8646889825980836
P14,0,0.6896323080948182
P14,0,0.9409639740227363
P14,0,0.9306075328905913
P14,0,0.9127525861114822
P14,0,0.6303604653628094
P14,0,0.8473464968216381
P14,0,0.8886791545490037
P14,0,0.7543106720434077
P14,0,0.7329631232401569
P14,0,0.9154887675272372
P14,0,0.7852975975917128
P14,0,0.47286261082575987
P14,0,0.3978678765399467
P14,0,0.865315811473408
P14,0,0.9231571469262893
P14,0,0.8306482953939931
P14,0,0.42414750325854017
P14,0,0.8520564693846563
P14,0,0.87199298032558
P14,0,0.6133568250980698
P14,0,0.7392132020974748
P14,0,0.8808514893656162
P14,0,0.7921498715338464
P14,0,0.8750939628332468
P14,0,0.7125693213364613
P14,0,0.28021559085326564
P14,0,0.5237823809990777
P14,0,0.9108210351113043
P14,0,0.4014881406455443
P14,0,0.7361163023645206
P14,0,0.8195495500369007
P14,0,0.8003529539937518
P14,0,0.9020507808435396
P14,0,0.6453422224363918
P14,0,0.8809789632463637
P14,0,0.80253459353587
P14,0,0.7758484315810843
P14,0,0.5027818323708061
P14,0,0.8600948019609567
P14,0,0.5434582057060947
P14,0,0.6223743497039921
P14,0,0.7814187136276951
P14,0,0.7676818151976604
P14,0,0.7560664199031547
P14,0,0.4308471721738673
P14,0,0.5601613305359819
P14,0,0.607942134776774
P14,0,0.7927286495028506
P14,0,0.6883094639585995
P14,0,0.7784467115253284
P14,0,0.7981486299839945
P14,0,0.4265569754737846
P14,0,0.7948050666812504
P14,0,0.8146475319656968
P14,0,0.6984913154110132
P14,0,0.9087575028541675
P14,0,0.5569258412639289
P14,0,0.9352196063065756
P14,0,0.839112695174008
P14,0,0.7358523893593067
P14,0,0.8047622327777239
P14,0,0.8484332587011304
P14,0,0.8028225450791251
P14,0,0.6792015778468041
P14,0,0.729281422498727
P14,0,0.8983431797375008
P14,0,0.5498487074566444
P14,0,0.9161540652841201
P14,0,0.7873898261922457
P14,0,0.6016810106321525
P14,0,0.8588833446273302
P14,0,0.7855288127056291
P14,0,0.9331726898015795
P14,0,0.9284552083437619
P14,0,0.919780128427464
P14,0,0.9418127798970369
P14,0,0.8204751309679432
P14,0,0.592461390646976
P14,0,0.8427301374459931
P14,0,0.9025239192416862
P14,0,0.8683323071330291
P14,0,0.528763989108673
P14,0,0.9044729095857006
P14,0,0.6286330732504197
P14,0,0.7441260214098238
P14,0,0.8135894210597858
P14,0,0.44706125438460204
P14,0,0.8687559270411997
P14,0,0.624849575010919
P14,0,0.5460794997797258
P14,0,0.5617050655370321
P14,0,0.8981327203709664
P14,0,0.7015130159473105
P14,0,0.5043287369871828
P14,0,0.6972662844901952
P14,0,0.7587081652525051
P14,0,0.58309885250368
P14,0,0.8563685900648609
P14,0,0.7686839298572649
P14,0,0.5723029713857405
P14,0,0.5836002468984112
P14,0,0.8403917101509876
P14,0,0.609796889607503
P14,0,0.844837791307758
P14,0,0.5386785151682687
P14,0,0.8784113682720569
P14,0,0.7052970376793148
P14,0,0.7646502373036936
P14,0,0.8073987232670001
P14,0,0.8858579401136779
P14,0,0.8613333690910224
P14,0,0.9002650514887073
P14,0,0.6921185996236593
P14,0,0.9382330756959969
P14,0,0.9189004592360355
P14,0,0.7202870354738473
P14,0,0.8906553826029944
P14,0,0.883554399905664
P14,0,0.8965297458800416
P14,0,0.8998161124084374
P14,0,0.6432057506655788
P14,0,0.6791565209920593
P14,0,0.7846725584195638
P14,0,0.8856146674047846
P14,0,0.8995426717377605
P14,0,0.8715365734790397
P14,0,0.6948634247197543
P14,0,0.8766650094081213
P14,0,0.46103975840871686
P14,0,0.2853702851853248
P14,0,0.42547428801292964
P14,0,0.5245519795582125
P14,0,0.5681170251203295
P14,0,0.5731496193940494
P14,0,0.468824788047544
P14,0,0.8177542364120957
P14,0,0.6985640915452093
P14,0,0.8744459869449759
P14,0,0.747175695675191
P14,0,0.9322222515968104
P14,0,0.8713994582303716
P14,0,0.5855254319462048
P14,0,0.7318822849162802
P14,0,0.9025867741172815
P14,0,0.900106990219184
P14,0,0.7241853593412653
P14,0,0.6022772752274074
P14,0,0.9115238805317238
P14,1,0.9083403139323495
P14,1,0.9382661013174068
P14,1,0.7781774673200176
P14,1,0.8652442251514417
P14,1,0.6894101919036139
P14,1,0.8677238468816052
P14,1,0.8453220484437051
P14,1,0.7985282292009714
P14,1,0.9027032847504983
P14,1,0.8659469033258491
P14,1,0.7758331057511182
P14,1,0.9162015480255802
P14,1,0.8345552407466341
P14,1,0.7856638166952653
P14,1,0.8291272408432847
P14,1,0.5206374975863675
P14,1,0.6534425218333936
P14,1,0.7693465309780664
P14,1,0.6358298878797826
P14,1,0.6780245912162971
P14,1,0.3673607894061695
P14,1,0.5906314104228981
P14,1,0.7320632632995727
P14,1,0.5660908205584391
P14,1,0.8924077064224485
P14,1,0.635244443017277
P14,1,0.5111064983083389
P14,1,0.7889548136902226
P14,1,0.7253739099410408
P14,1,0.4150238217733015
P14,1,0.5919496260260687
P14,1,0.418426171842333
P14,1,0.7683731997952594
P14,1,0.7226348139700675
P14,1,0.3504734384211584
P14,1,0.5873138540874927
P14,1,0.6077761545843476
P14,1,0.48709679769075165
P14,1,0.42710628064681777
P14,1,0.545306878739965
P14,1,0.2592543334840052
P14,1,0.7699876505497631
P14,1,0.5887005975876975
P14,1,0.8562496060856727
P14,1,0.74642130974781
P14,1,0.8015223597739244
P14,1,0.598922481052695
P14,1,0.6484628502926478
P14,1,0.5515065604970255
P14,1,0.5318366845099616
P14,1,0.7951888071766284
P14,1,0.6616092175781462
P14,1,0.38015682775370124
P14,1,0.6627416117295113
P14,1,0.610594829826897
P14,1,0.6178941678077766
P14,1,0.2514598196360117
P14,1,0.5972309869156509
P14,1,0.6029490380277222
P14,1,0.5489645800346629
P14,1,0.3865029181533705
P14,1,0.2137122036359276
P14,1,0.6364841305893083
P14,1,0.2892431507149467
P14,1,0.7852817481585029
P14,1,0.6383723682613217
P14,1,0.5635402353368767
P14,1,0.8317820618592796
P14,1,0.7144259698183759
P14,1,0.7989778842706687
P14,1,0.6739894337522027
P14,1,0.6446654698303809
P14,1,0.8235549947141042
P14,1,0.8940124187353404
P14,1,0.3292749594065471
P14,1,0.5869222713196304
P14,1,0.6348800473529076
P14,1,0.4533736499437504
P14,1,0.7890420612774173
P14,1,0.6989664540352472
P14,1,0.8307806474091151
P14,1,0.6905744530927413
P14,1,0.7672604406831469
P14,1,0.7555973487951346
P14,1,0.7981345530869349
P14,1,0.8543995410032985
P14,1,0.7546788880322254
P14,1,0.6708866956834179
P14,1,0.7724134045693389
P14,1,0.4677138762760608
P14,1,0.8012391820608937
P14,1,0.42789501682728415
P14,1,0.8533982783515016
P14,1,0.3456910103669816
P14,1,0.6239736859629639
P14,1,0.5431164208071635
P14,1,0.6304444055840569
P14,1,0.3352766874714576
P14,1,0.8625350897330366
P14,1,0.7542214791180327
P14,1,0.8365408665571765
P14,1,0.5561638466285145
P14,1,0.7528531927110294
P14,1,0.9215058741840976
P14,1,0.807846025014576
P14,1,0.7725688113098028
P14,1,0.5530280527005843
P14,1,0.5351877341314346
P14,1,0.7954107609201292
P14,1,0.45169531662258444
P14,1,0.5610173791870858
P14,1,0.4885979789350988
P14,1,0.25953483299402197
P14,1,0.5130660649505724
P14,1,0.6466050601903804
P14,1,0.7922543277515196
P14,1,0.6752652303512747
P14,1,0.8934976250568283
P14,1,0.827146293666378
P14,1,0.8987385317169594
P14,1,0.5622533507049778
P14,1,0.5160521441760713
P14,1,0.2441059201671033
P14,1,0.6371841495466048
P14,1,0.6825094280687738
P14,1,0.716510347842475
P14,1,0.7965043802332306
P14,1,0.8714431077771156
P14,1,0.667797345198979
P14,1,0.880206381614761
P14,1,0.4468585829202765
P14,1,0.5708585422073592
P14,1,0.7752666634402435
P14,1,0.6265992933685406
P14,1,0.7686312932483752
P14,1,0.41519081982856315
P14,1,0.609669617356382
P14,1,0.6961668933344449
P14,1,0.6577745858247774
P14,1,0.6178630345921725
P14,1,0.7508522528178047
P14,1,0.6899411523912846
P14,1,0.6313266755435646
P14,1,0.5322543503457862
P14,1,0.5069169416977416
P14,1,0.8088583631680958
P14,1,0.5626110816800386
P14,1,0.7689881040306547
P14,1,0.48125777567019856
P14,0,0.9566774876710171
P14,0,0.5614189116685484
P14,0,0.7125371900840333
P14,0,0.9475279623428521
P14,0,0.9165504518776744
P14,0,0.9554968608219009
P14,0,0.8324118669670314
P14,0,0.8718839864226064
P14,0,0.9220999807243915
P14,0,0.661283924516142
P14,0,0.6376886284871743
P14,0,0.8941134560622168
P14,0,0.9030681951026616
P14,0,0.9432822397130921
P14,0,0.825319835213637
P14,0,0.9350014386811455
P14,0,0.8405949128913783
P14,0,0.9314949341469199
P14,0,0.813101353271189
P14,0,0.8504733560688319
P14,0,0.8869325240278089
P14,0,0.8320186021003172
P14,0,0.9131478351125613
P14,0,0.8845234424299879
P14,0,0.8917458854278054
P14,0,0.9332936807881551
P14,0,0.8533478078876774
P14,0,0.8531405037693234
P14,0,0.8378466450565796
P14,0,0.8070074562059062
P14,0,0.9430479695287718
P14,0,0.8597971710702703
P14,0,0.9534663741592755
P14,0,0.9445177671850774
P14,0,0.8454470793430872
P14,0,0.811405104872649
P14,0,0.9735385813070841
P14,0,0.7203019857654144
P14,0,0.9266703433713255
P14,0,0.8874412522654881
P14,0,0.8839198322801388
P14,0,0.843599732299097
P14,0,0.8767479297494721
P14,0,0.8213421887004723
P14,0,0.657284100027804
P14,0,0.8622252229554894
P14,0,0.8783543342629916
P14,0,0.9378426068393837
P14,0,0.8950613194494361
P14,0,0.8102230964157854
P14,0,0.9249134332704849
P14,0,0.9105169075902527
P14,0,0.9223696108649795
P14,0,0.929868693025443
P14,0,0.9448137904463815
P14,0,0.9066235957980517
P14,0,0.9473025077589647
P14,0,0.9476413228967328
P14,0,0.8684261392177597
P14,0,0.9053689243867079
P14,0,0.9444342713039393
P14,0,0.9158622546226752
P14,0,0.965055864659216
P14,0,0.9584885169963918
P14,0,0.9364050856443387
P14,0,0.9613947174545874
P14,0,0.9383958310245646
P14,0,0.9352911433419143
P14,0,0.9127220149854066
P14,0,0.914484023493827
P14,0,0.9383618824746712
P14,0,0.8832582312652705
P14,0,0.9649301712760903
P14,0,0.9611817142526532
P14,0,0.8832238845893603
P14,0,0.9518879096529953
P14,0,0.9038505354558056
P14,0,0.9230612948716075
P14,0,0.871196662965771
P14,0,0.8499749691637141
P14,0,0.9431800821079199
P14,0,0.9566947350500069
P14,0,0.890803366982688
P14,0,0.9084027829998782
P14,0,0.9236178985633993
P14,0,0.8950365090940275
P14,0,0.8432584130098524
P14,0,0.9279971211911405
P14,0,0.817413009097915
P14,0,0.8767917998048643
P14,0,0.9343348300131658
P14,0,0.9513714925745523
P14,0,0.9143449560242312
P14,0,0.9675919895609841
P14,0,0.8258471750240792
P14,0,0.9656828183026506
P14,0,0.9167219272722619
P14,0,0.9523718627948087
P14,0,0.9575637921067182
P14,0,0.9421365037393505
P14,0,0.9538542021268078
P14,0,0.8989316623513539
P14,0,0.8857406739759539
P14,0,0.9557234469008005
P14,0,0.6635016465827159
P14,0,0.8463854459059568
P14,0,0.9221099350654179
P14,0,0.8412026053272067
P14,0,0.8872457450599579
P14,0,0.8392968882509234
P14,0,0.8992232057647765
P14,0,0.8736299167274614
P14,0,0.9176390973031786
P14,0,0.9243762623466446
P14,0,0.5361431921072334
P14,0,0.8655274486202055
P14,0,0.8420271250451987
P14,0,0.6363613746249087
P14,0,0.682232714519421
P14,0,0.7735058826605808
P14,0,0.8965598820203059
P14,0,0.8077483724588534
P14,0,0.8758231391737369
P14,0,0.838006388830684
P14,0,0.8559221235767319
P14,0,0.8300002199591532
P14,0,0.8247950410767594
P14,0,0.8439804733830361
P14,0,0.7930374090631246
P14,0,0.4703145486518048
P14,0,0.9597239608406708
P14,0,0.9284551753808422
P14,0,0.9520750138048554
P14,0,0.8719991001687504
P14,0,0.8361486326924209
P14,0,0.6847262486935529
P14,0,0.6429666878905177
P14,0,0.9308956185476452
P14,0,0.9089249118657204
P14,0,0.7725487584466737
P14,0,0.7976333905057231
P14,0,0.7653399684352099
P14,0,0.8142383264409992
P14,0,0.84673146368678
P14,0,0.8176483001942314
P14,0,0.897581053183489
P14,0,0.8409558085671632
P14,0,0.8968373883090955
P14,0,0.9162281873537867
P14,1,0.8836185790805283
P14,1,0.9141576878003779
P14,1,0.558086132203733
P14,1,0.7744416887846358
P14,1,0.8531666044777233
P14,1,0.420038896295788
P14,1,0.8350958021652579
P14,1,0.559467503589157
P14,1,0.7582913143016305
P14,1,0.8362167072421396
P14,1,0.8161898225793686
P14,1,0.6977485253142692
P14,1,0.8641663121805959
P14,1,0.7911640408481992
P14,1,0.6060503871167946
P14,1,0.8466877818169226
P14,1,0.9104733715696126
P14,1,0.8261776880980187
P14,1,0.6686923685528948
P14,1,0.6446215743354676
P14,1,0.7232253044949906
P14,1,0.8555019874306938
P14,1,0.6196953504555816
P14,1,0.7182700843485698
P14,1,0.9075382816783579
P14,1,0.3555195659389399
P14,1,0.6845953574623476
P14,1,0.5379022131918212
P14,1,0.7313891247476734
P14,1,0.66333908854222
P14,1,0.8029464495471832
P14,1,0.7839283122886399
P14,1,0.7941138350296382
P14,1,0.9388089264791954
P14,1,0.8675749100928362
P14,1,0.8967895083779384
P14,1,0.7673891838497917
P14,1,0.5691555952591358
P14,1,0.698736411040954
P14,1,0.842432260616673
P14,1,0.5588231466937171
P14,1,0.8933672578938523
P14,1,0.5730840335764066
P14,1,0.7521089428624207
P14,1,0.9028871569584035
P14,1,0.8909877854960528
P14,1,0.9045116205921139
P14,1,0.7006039168903948
P14,1,0.8767678200753504
P14,1,0.7045707176276574
P14,1,0.4402229143445433
P14,1,0.9131245856023491
P14,1,0.8104926933448039
P14,1,0.8138876267339545
P14,1,0.7992214093058029
P14,1,0.7592603969643449
P14,1,0.9101024603746612
P14,1,0.7202946802392051
P14,1,0.8041785217032972
P14,1,0.8498407988343671
P14,1,0.7075100231165188
P14,1,0.8261342432538836
P14,1,0.9249786027530363
P14,1,0.6828120604061734
P14,1,0.8384634103607683
P14,1,0.8496320779640645
P14,1,0.7098456256188931
P14,1,0.9293724882193628
P14,1,0.8057569061419069
P14,1,0.699608584320654
P14,1,0.8636149829826237
P14,1,0.9063880496073625
P14,1,0.8501390137073602
P14,1,0.8902932340978895
P14,1,0.8908000297545402
P14,1,0.8110734585689777
P14,1,0.8781000497860758
P14,1,0.17483235215500914
P14,1,0.8036577225853606
P14,1,0.714168045577333
P14,1,0.803311046432554
P14,1,0.5624737966368923
P14,1,0.8475898446916028
P14,1,0.633533514096657
P14,1,0.8943947817705182
P14,1,0.8125597905981906
P14,1,0.7752609113211805
P14,1,0.9260765619303538
P14,1,0.8200848280697671
P14,1,0.7738485976718333
P14,1,0.8914379087384717
P14,1,0.829873976515899
P14,1,0.755973191343632
P14,1,0.5647439916075426
P14,1,0.4494062833632306
P14,1,0.8093850701972503
P14,1,0.7816491400545689
P14,1,0.7579371266249518
P14,1,0.7942890323568208
P14,1,0.895265608103755
P14,1,0.8879218268664835
P14,1,0.5644467916376085
P14,1,0.8323169988295879
P14,1,0.9504512818592256
P14,1,0.9034009777189851
P14,1,0.7621775882085786
P14,1,0.9669743725869681
P14,1,0.7584678318189648
P14,1,0.9142250430448501
P14,1,0.7961011667157544
P14,1,0.8228576041903853
P14,1,0.8877135038173218
P14,1,0.8040506754250705
P14,1,0.8742963381442188
P14,1,0.39706316847525663
P14,1,0.7977203500908717
P14,1,0.7950260923781232
P14,1,0.7512733652750249
P14,1,0.791514533443277
P14,1,0.8418067440541167
P14,1,0.4471301339899058
P14,1,0.8774084947517664
P14,1,0.6459026687903039
P14,1,0.8662412521468437
P14,1,0.8426783567906462
P14,1,0.8543194120842506
P14,1,0.8726429714192345
P14,1,0.8183527028603047
P14,1,0.8389521612215567
P14,1,0.8471673506932076
P14,1,0.8614905807748335
P14,1,0.7543925203360026
P14,1,0.8533409717128279
P14,1,0.6371623714617524
P14,1,0.6671712184607304
P14,1,0.5690605215422324
P14,1,0.8830507771855899
P14,1,0.835139297701308
P14,1,0.6950355733924032
P14,1,0.8026576702400096
P14,1,0.8713418269738755
P14,1,0.8038896470288194
P14,1,0.8447688132246822
P14,1,0.6505259364376047
P14,1,0.6623876146278478
P14,1,0.8556515718291171
P14,1,0.8294316669041302
P14,1,0.7382378970353974
P14,1,0.8563441440871583
P15,0,0.6190746364147025
P15,0,0.39917126134412606
P15,0,0.40872618257801235
P15,0,0.47099306560939386
P15,0,0.6356401915844732
P15,0,0.5685473982091399
P15,0,0.30060960229879297
P15,0,0.633566909771456
P15,0,0.2547631745436463
P15,0,0.5583385606452222
P15,0,0.292928400111669
P15,0,0.5009043402483774
P15,0,0.3788270449853577
P15,0,0.27033214532715455
P15,0,0.2849401908411642
P15,0,0.36274258310200175
P15,0,0.7069609252552399
P15,0,0.2135060870671874
P15,0,0.5752916845444714
P15,0,0.6553565871267062
P15,0,0.6912977139601084
P15,0,0.5522028985968618
P15,0,0.27122936959790034
P15,0,0.3152383630491055
P15,0,0.5924688595102028
P15,0,0.41396078638887407
P15,0,0.4941306595678925
P15,0,0.5734579993757196
P15,0,0.17402191781956589
P15,0,0.46939499270838714
P15,0,0.4153471584943179
P15,0,0.26251569408234987
P15,0,0.3142151837505365
P15,0,0.28773780963213563
P15,0,0.5861151936774883
P15,0,0.41437777066363274
P15,0,0.5415894035752116
P15,0,0.4717036503832136
P15,0,0.2870019727134821
P15,0,0.4274404809235883
P15,0,0.4591899898436202
P15,0,0.29643087586462047
P15,0,0.27122587334269654
P15,0,0.48139202489093047
P15,0,0.19821828077087053
P15,0,0.27813698266654513
P15,0,0.5349229856276452
P15,0,0.2778978031951822
P15,0,0.11281117138908103
P15,0,0.5836733123442605
P15,0,0.3745048678539441
P15,0,0.3908275501847285
P15,0,0.2807940129638503
P15,0,0.5437861565286001
P15,0,0.23475720206239026
P15,0,0.36966745989224054
P15,0,0.2423782138437044
P15,0,0.24514259252602064
P15,0,0.3231180760926163
P15,0,0.6204558967276356
P15,0,0.5565125286149384
P15,0,0.3329662946196536
P15,0,0.30450415459972213
P15,0,0.44231629618529855
P15,0,0.6642944611993008
P15,0,0.5145481909476889
P15,0,0.28488339805906115
P15,0,0.3625572102966007
P15,0,0.4359010509404579
P15,0,0.3009662947802957
P15,0,0.5600898006076396
P15,0,0.7240372311177162
P15,0,0.8178800401727407
P15,0,0.60606259587705
P15,0,0.49749668588311635
P15,0,0.5729797484032481
P15,0,0.48930271898765215
P15,0,0.35579625681734506
P15,0,0.6658983496117562
P15,0,0.6243848345808136
P15,0,0.5830241257879476
P15,0,0.7539720700467235
P15,0,0.7586251930932337
P15,0,0.8718358614881961
P15,0,0.7320289298493937
P15,0,0.38107619671556253
P15,0,0.471105179010868
P15,0,0.6197293079125056
P15,0,0.5965923414156179
P15,0,0.7671966519730078
P15,0,0.3945522321990434
P15,0,0.43861087349079164
P15,0,0.4867588985885464
P15,0,0.5134072985309743
P15,0,0.6702499033380578
P15,0,0.3412656557117291
P15,0,0.46590508937614106
P15,0,0.5681282906495025
P15,0,0.30085683426440324
P15,0,0.40590636878397635
P15,0,0.1886691117669979
P15,0,0.5942944981991958
P15,0,0.4414046125984307
P15,0,0.36439376734130635
P15,0,0.4625460222022614
P15,0,0.3876974233543686
P15,0,0.7081289288819929
P15,0,0.33391911317497786
P15,0,0.595993577944534
P15,0,0.42373119109529706
P15,0,0.49609262030710743
P15,0,0.42340136797954675
P15,0,0.6025326062456731
P15,0,0.36896546787338985
P15,0,0.5177369592801202
P15,0,0.36187265670443575
P15,0,0.6807904041968891
P15,0,0.6956959090915358
P15,0,0.46970171209766487
P15,0,0.4390149110530415
P15,0,0.5613421477405497
P15,0,0.3990193334305397
P15,0,0.5255483794411125
P15,0,0.6278515955805377
P15,0,0.3783041605999718
P15,0,0.45363455960080873
P15,0,0.4193357986567784
P15,0,0.31049379429906776
P15,0,0.4544445123660573
P15,0,0.4008932462731896
P15,0,0.4284519788214517
P15,0,0.5795916026517524
P15,0,0.5778951318006529
P15,0,0.5218149041630036
P15,0,0.49443262977222974
P15,0,0.505553793833699
P15,0,0.3667519361219693
P15,0,0.5418358206697315
P15,0,0.42401920124062364
P15,0,0.47507030210320517
P15,0,0.3916797157992166
P15,0,0.5744352221950135
P15,0,0.6122107973084926
P15,0,0.6093295585486359
P15,0,0.3997842263692459
P15,0,0.4321353777435318
P15,0,0.4041903538242271
P15,0,0.5815547016626144
P15,0,0.6699370678427783
P15,1,0.7793195513992678
P15,1,0.7568922048374594
P15,1,0.6345218091631925
P15,1,0.7122231699477558
P15,1,0.7043022180665267
P15,1,0.6634438479374289
P15,1,0.5467665304703689
P15,1,0.7592854195056916
P15,1,0.4040372022647796
P15,1,0.3344331723251516
P15,1,0.6183021516564612
P15,1,0.38918722311883275
P15,1,0.33659687231522945
P15,1,0.5709899450261554
P15,1,0.3719483827875866
P15,1,0.39682910295759677
P15,1,0.4921980675359097
P15,1,0.5361150571743156
P15,1,0.4269795394966951
P15,1,0.33287911428263584
P15,1,0.4599493534355249
P15,1,0.6115958954932847
P15,1,0.23009693389877103
P15,1,0.8180438245795151
P15,1,0.5429987330357384
P15,1,0.4934596882910866
P15,1,0.5672874205511447
P15,1,0.4299131745767559
P15,1,0.3520623204151323
P15,1,0.5135281872337863
P15,1,0.5290491431615197
P15,1,0.3311089493166315
P15,1,0.47087385899943124
P15,1,0.35153637821872347
P15,1,0.5161213105380176
P15,1,0.4046334251000399
P15,1,0.31165817473487767
P15,1,0.3753563642075358
P15,1,0.7928162420180288
P15,1,0.5241709801605383
P15,1,0.3666760326540689
P15,1,0.3291855193699933
P15,1,0.49698368483757105
P15,1,0.5135364901650854
P15,1,0.6211154430094344
P15,1,0.6776640738841974
P15,1,0.44396733073777034
P15,1,0.6344427691751872
P15,1,0.33223835617995334
P15,1,0.29790339885551315
P15,1,0.6527490662802317
P15,1,0.6327751384860527
P15,1,0.5131273953582555
P15,1,0.5326829343533548
P15,1,0.5398798281409617
P15,1,0.6337999688867706
P15,1,0.4636643747011598
P15,1,0.781570837454573
P15,1,0.5768531105022063
P15,1,0.38598271192914085
P15,1,0.7382816699316533
P15,1,0.37101185353855604
P15,1,0.6136924139223274
P15,1,0.503696269174675
P15,1,0.4234142912697813
P15,1,0.7160397807683724
P15,1,0.5599661900990754
P15,1,0.32039329310909903
P15,1,0.5297715092321859
P15,1,0.6613106406485584
P15,1,0.7731189734195913
P15,1,0.7016896689303367
P15,1,0.5985079767310607
P15,1,0.3734361314735238
P15,1,0.4831063858247999
P15,1,0.6290018274384556
P15,1,0.47415023830531056
P15,1,0.6024723584213011
P15,1,0.511467706826405
P15,1,0.4538986050361452
P15,1,0.34707158766623103
P15,1,0.5633399864923571
P15,1,0.4720909477081564
P15,1,0.813803264532802
P15,1,0.8758056433162079
P15,1,0.5651168733360864
P15,1,0.4336969101238892
P15,1,0.48439051310458303
P15,1,0.6957844182119268
P15,1,0.5964780345591751
P15,1,0.42564755114353486
P15,1,0.6647624462287275
P15,1,0.6369085868615989
P15,1,0.4244989042855131
P15,1,0.4144553252643434
P15,1,0.6283550967278912
P15,1,0.6144490863913666
P15,1,0.5733665369824782
P15,1,0.5480319117464729
P15,1,0.7240472863786134
P15,1,0.7748113107883373
P15,1,0.28066059281309963
P15,1,0.6935395507430149
P15,1,0.5996552091532776
P15,1,0.5492974432757151
P15,1,0.6746002666445725
P15,1,0.6063389043040488
P15,1,0.5417640113233532
P15,1,0.619470300994703
P15,1,0.5776613768378916
P15,1,0.5238723190051146
P15,1,0.6930548649939404
P15,1,0.4729029115893009
P15,1,0.6288279545310561
P15,1,0.5984838212994905
P15,1,0.5139573179164507
P15,1,0.5349602126242504
P15,1,0.5851732634734449
P15,1,0.606528617612556
P15,1,0.4742511455441883
P15,1,0.5751880972328692
P15,1,0.7808906595099545
P15,1,0.6889666600165372
P15,1,0.6655917539358953
P15,1,0.6923381753175176
P15,1,0.7572130907302914
P15,1,0.6086847899055282
P15,1,0.5757248365851665
P15,1,0.601066729340211
P15,1,0.666019985118219
P15,1,0.7790043133192767
P15,1,0.6027699086435878
P15,1,0.6855487287898726
P15,1,0.6981489483564884
P15,1,0.49130613103226545
P15,1,0.600813060847858
P15,1,0.5711591311278768
P15,1,0.6823356501414717
P15,1,0.47908444763743874
P15,1,0.6221752281264735
P15,1,0.6932169650474592
P15,1,0.6881728505172454
P15,1,0.8151018927071482
P15,1,0.6491556616018803
P15,1,0.681164028509599
P15,1,0.40275030715556254
P15,1,0.4643100518188978
P15,1,0.5591778363042745
P15,1,0.3069759984570321
P15,0,0.7979599210087501
P15,0,0.4511396224080521
P15,0,0.5953098792537664
P15,0,0.32824121037520504
P15,0,0.5146341560757168
P15,0,0.45726438799062386
P15,0,0.5228352481238397
P15,0,0.8065200533929345
P15,0,0.3913387937762029
P15,0,0.4343635713236758
P15,0,0.2869507102347685
P15,0,0.4962539479319424
P15,0,0.4084448027053612
P15,0,0.5170084947505758
P15,0,0.39255788396697006
P15,0,0.5262185026422819
P15,0,0.31262642082814635
P15,0,0.41446665107695835
P15,0,0.18537065714262602
P15,0,0.8314682719851082
P15,0,0.4127979872875361
P15,0,0.4702921651866014
P15,0,0.26568684739535436
P15,0,0.2812675503026946
P15,0,0.41568051007929135
P15,0,0.26136478419428316
P15,0,0.48333972230970207
P15,0,0.3129493096291737
P15,0,0.19278277074930852
P15,0,0.38350101225748223
P15,0,0.5647987147905368
P15,0,0.39558748513279846
P15,0,0.3947977410250116
P15,0,0.48822496805598004
P15,0,0.6185758237442508
P15,0,0.27666561616750035
P15,0,0.33848771560060187
P15,0,0.6129226092040096
P15,0,0.11953663595787654
P15,0,0.46108205556030096
P15,0,0.305376856917821
P15,0,0.45947666160552947
P15,0,0.2737901005254099
P15,0,0.2078983787933127
P15,0,0.44178914105579614
P15,0,0.2313397964189811
P15,0,0.7799544583167664
P15,0,0.29828194308329486
P15,0,0.2572026494157952
P15,0,0.2928726806363701
P15,0,0.47846532328868446
P15,0,0.38425313914802284
P15,0,0.48868167997700235
P15,0,0.2772474593454259
P15,0,0.37449880921865986
P15,0,0.2635481631262272
P15,0,0.2800643418759397
P15,0,0.148080929936087
P15,0,0.6384297373748697
P15,0,0.6257120662893946
P15,0,0.2946401277297885
P15,0,0.3747964620894248
P15,0,0.31941325355780953
P15,0,0.4221232325005187
P15,0,0.1966805696369499
P15,0,0.3407206016933807
P15,0,0.5365778404667565
P15,0,0.4241806106417605
P15,0,0.42206603249066355
P15,0,0.5792097113595758
P15,0,0.45612453600338115
P15,0,0.3359309016922849
P15,0,0.5001045457002901
P15,0,0.3414486740361291
P15,0,0.4551386928200782
P15,0,0.382008386632609
P15,0,0.48643184369134995
P15,0,0.4545786973437839
P15,0,0.38346697650583395
P15,0,0.23591571274875303
P15,0,0.2776765360060438
P15,0,0.5651902035338725
P15,0,0.3787902842582733
P15,0,0.5459414387185322
P15,0,0.3059193127650059
P15,0,0.4089671396530814
P15,0,0.4511121343063971
P15,0,0.24873035635015284
P15,0,0.39421660074766485
P15,0,0.34920716269080593
P15,0,0.2724951678901253
P15,0,0.2949137143176808
P15,0,0.4501055768866085
P15,0,0.3095995956263919
P15,0,0.37675946574234526
P15,0,0.3935223865889931
P15,0,0.5526870896396714
P15,0,0.3006672391533366
P15,0,0.44055040857000294
P15,0,0.2530710949947164
P15,0,0.4574100603670912
P15,0,0.29175658755478406
P15,0,0.40157791394416203
P15,0,0.3638792179921012
P15,0,0.4226885032349564
P15,0,0.4914076719719867
P15,0,0.41050977792255705
P15,0,0.3133542956459173
P15,0,0.6006994486083607
P15,0,0.4846177405349187
P15,0,0.5900638646379205
P15,0,0.6883177302978429
P15,0,0.6164059541669601
P15,0,0.49720309356506437
P15,0,0.4218412535037119
P15,0,0.5214988600206556
P15,0,0.5801431848846023
P15,0,0.5023776883022609
P15,0,0.5823970886690282
P15,0,0.4493349242797644
P15,0,0.2930395750561321
P15,0,0.4412217140158758
P15,0,0.28758292086896825
P15,0,0.3712429109013108
P15,0,0.39521022403023903
P15,0,0.6085910628979416
P15,0,0.32400403435359354
P15,0,0.3478952436072369
P15,0,0.35785122903192934
P15,0,0.5687210031700334
P15,0,0.2799259517022193
P15,0,0.44087877686798416
P15,0,0.7479272169591434
P15,0,0.42683353924487255
P15,0,0.11581053553247984
P15,0,0.2658327492409889
P15,0,0.4791897492680137
P15,0,0.41421508705347415
P15,0,0.26660703088806614
P15,0,0.26935618193391575
P15,0,0.37726987763477005
P15,0,0.5777985838165463
P15,0,0.35788029628020074
P15,0,0.3824381785398807
P15,0,0.4114623932329375
P15,0,0.19480467197815968
P15,0,0.18723929713424722
P15,0,0.1630527105393451
P15,0,0.6021394947905254
P15,1,0.8396624118702598
P15,1,0.575418612867864
P15,1,0.5419439445470301
P15,1,0.5765189311738461
P15,1,0.40689018356278184
P15,1,0.7238562295698742
P15,1,0.6346016501260299
P15,1,0.4312115707726699
P15,1,0.47744425512017624
P15,1,0.2771546710131343
P15,1,0.1987175562391641
P15,1,0.20839683593896033
P15,1,0.2753030598250133
P15,1,0.46191811982291703
P15,1,0.1826235352593848
P15,1,0.4136511630804715
P15,1,0.19588295956884105
P15,1,0.34486912902757916
P15,1,0.4610856484408643
P15,1,0.5648108877563316
P15,1,0.2822992618820909
P15,1,0.37538989423493946
P15,1,0.5992115017744253
P15,1,0.4851502810439785
P15,1,0.5598389852794702
P15,1,0.2506679210840756
P15,1,0.35920602590708994
P15,1,0.7852358162522137
P15,1,0.6653840880767163
P15,1,0.3823096224085191
P15,1,0.40809829906890294
P15,1,0.7032307380560694
P15,1,0.7142163520612714
P15,1,0.6712683613502134
P15,1,0.6251250127296817
P15,1,0.4051680990283494
P15,1,0.5449628740344141
P15,1,0.3820087097479798
P15,1,0.27920491179755935
P15,1,0.25651951665336115
P15,1,0.5562556870664838
P15,1,0.3550986578434007
P15,1,0.42392593636189135
P15,1,0.4136004551942172
P15,1,0.6787581315792276
P15,1,0.25372996617379756
P15,1,0.40363867174021073
P15,1,0.3010873278273755
P15,1,0.733197516813541
P15,1,0.4831035053673842
P15,1,0.2275154798377766
P15,1,0.30755607005494695
P15,1,0.4881105672999062
P15,1,0.3954463256973355
P15,1,0.31802003575742765
P15,1,0.7611234373240477
P15,1,0.7459568140413849
P15,1,0.5162002869402544
P15,1,0.12411353156790164
P15,1,0.4837700941986201
P15,1,0.2042275102340862
P15,1,0.6132032831813254
P15,1,0.48064013514076337
P15,1,0.35035938749643375
P15,1,0.37883457152551797
P15,1,0.4654834747510445
P15,1,0.36899793194386377
P15,1,0.5691703677737419
P15,1,0.41908793122740257
P15,1,0.7088731204853299
P15,1,0.7992564313766632
P15,1,0.27220664925308596
P15,1,0.32367725308790707
P15,1,0.6937024457747085
P15,1,0.4888956141369608
P15,1,0.6465886961300592
P15,1,0.39690285108713635
P15,1,0.2432523308753821
P15,1,0.6247095863614716
P15,1,0.6899292425384762
P15,1,0.8153191042412035
P15,1,0.4645756112815767
P15,1,0.3994485608574837
P15,1,0.3173522333340313
P15,1,0.3465059277150222
P15,1,0.4609820018588956
P15,1,0.7505995281033937
P15,1,0.4691044225524049
P15,1,0.7506191588856282
P15,1,0.7244918433254532
P15,1,0.5473442916234875
P15,1,0.55772441881667
P15,1,0.4132948903589464
P15,1,0.29518264029145724
P15,1,0.8408279219824104
P15,1,0.33873432077558263
P15,1,0.3396250348869876
P15,1,0.5984874242260572
P15,1,0.5775720916674164
P15,1,0.4231704615711726
P15,1,0.46745492366213903
P15,1,0.3562961489937913
P15,1,0.7925365208117451
P15,1,0.4128113344425061
P15,1,0.31775416477738816
P15,1,0.4124607477139872
P15,1,0.6165324112078797
P15,1,0.4012772753803338
P15,1,0.5598307805340402
P15,1,0.3793442896051774
P15,1,0.40864078878049426
P15,1,0.3093450975479328
P15,1,0.7488573249151093
P15,1,0.6974365133634574
P15,1,0.5232273509782901
P15,1,0.47285563454805735
P15,1,0.5443950342106103
P15,1,0.5585118294855618
P15,1,0.3349071194093188
P15,1,0.32908853337584737
P15,1,0.6183863308305965
P15,1,0.6184347201559767
P15,1,0.5499278665983779
P15,1,0.5986530728070898
P15,1,0.2842933330333772
P15,1,0.344223247351472
P15,1,0.5750783002791746
P15,1,0.331504969881516
P15,1,0.37500639962031457
P15,1,0.32298336538925665
P15,1,0.34915807233556867
P15,1,0.5877101842088118
P15,1,0.660365463599544
P15,1,0.6091259874594068
P15,1,0.593308122965485
P15,1,0.7826084691632911
P15,1,0.5585302823717156
P15,1,0.5201645292083791
P15,1,0.7085961511615149
P15,1,0.46159884107035143
P15,1,0.3843612259793201
P15,1,0.6131532844060399
P15,1,0.551279242647056
P15,1,0.473359519564577
P15,1,0.49876721445120925
P15,1,0.41369153907252004
P15,1,0.3967112410274721
P15,1,0.46104961953995466
P15,1,0.5024820225277156
